日付,小売店名,店舗名,ブランド名,商品名,売上数量,売上金額,年月,登録日時
2026-04-28 00:00:00,PLAZA,三宮店,ラフドット,ラフドット インティメイトウォッシュ PM,1,3582,2026-04,2026-05-18 12:46:55
2026-04-28 00:00:00,PLAZA,三宮店,ラフドット,ラフドット インティメイトウォッシュ MV,1,3582,2026-04,2026-05-18 12:46:55
2026-04-28 00:00:00,PLAZA,玉川高島屋SC店,YOU TOKYO,YOU TOKYO ヘアミルク CW,1,2680,2026-04,2026-05-18 12:46:55
2026-04-28 00:00:00,PLAZA,玉川高島屋SC店,YOU TOKYO,YOU TOKYO ヘアオイル BS,1,2280,2026-04,2026-05-18 12:46:55
2026-04-28 00:00:00,PLAZA,ルミネ横浜店,ラフドット,ラフドット インティメイトFミスト SB,1,3132,2026-04,2026-05-18 12:46:55
2026-04-28 00:00:00,PLAZA,ルミネ大宮店,YOU TOKYO,YOU TOKYO ヘアミルク CW,2,5360,2026-04,2026-05-18 12:46:55
2026-04-28 00:00:00,PLAZA,ルミネ大宮店,YOU TOKYO,YOU TOKYO ヘアオイル BS,1,2280,2026-04,2026-05-18 12:46:55
2026-04-28 00:00:00,PLAZA,ルミネ新宿店,ラフドット,ラフドット インティメイトウォッシュ SB,1,3582,2026-04,2026-05-18 12:46:55
2026-04-28 00:00:00,PLAZA,ルミネ新宿店,ラフドット,ラフドット インティメイトウォッシュ PM,1,3582,2026-04,2026-05-18 12:46:55
2026-04-28 00:00:00,PLAZA,ルミネ新宿店,YOU TOKYO,YOU TOKYO ヘアミルク RR,2,5360,2026-04,2026-05-18 12:46:55
2026-04-28 00:00:00,PLAZA,ルミネ新宿店,YOU TOKYO,YOU TOKYO ヘアオイル RR,1,2280,2026-04,2026-05-18 12:46:55
2026-04-28 00:00:00,PLAZA,アミュプラザ小倉店,YOU TOKYO,YOU TOKYO ヘアオイル BS,1,2280,2026-04,2026-05-18 12:46:55
2026-04-28 00:00:00,PLAZA,汐留シオサイト店,ラフドット,ラフドット インティメイトFミスト SB,1,3132,2026-04,2026-05-18 12:46:55
2026-04-28 00:00:00,PLAZA,新越谷ヴァリエ店,YOU TOKYO,YOU TOKYO ヘアオイル BS,1,2280,2026-04,2026-05-18 12:46:55
2026-04-28 00:00:00,PLAZA,ルミネエスト新宿店,ラフドット,ラフドット インティメイトFミスト LV,1,3132,2026-04,2026-05-18 12:46:55
2026-04-28 00:00:00,PLAZA,ルミネエスト新宿店,YOU TOKYO,YOU TOKYO ヘアミルク RR,1,2680,2026-04,2026-05-18 12:46:55
2026-04-28 00:00:00,PLAZA,ルミネエスト新宿店,YOU TOKYO,YOU TOKYO ヘアオイル RR,1,2280,2026-04,2026-05-18 12:46:55
2026-04-28 00:00:00,PLAZA,アトレ恵比寿店,ラフドット,ラフドット インティメイトFミスト SB,1,3132,2026-04,2026-05-18 12:46:55
2026-04-28 00:00:00,PLAZA,アトレ恵比寿店,ラフドット,ラフドット インティメイトウォッシュ PM,1,3582,2026-04,2026-05-18 12:46:55
2026-04-28 00:00:00,PLAZA,ルミネ町田店,YOU TOKYO,YOU TOKYO ヘアミルク RR,1,2680,2026-04,2026-05-18 12:46:55
2026-04-28 00:00:00,PLAZA,池袋パルコ店,ラフドット,ラフドット インティメイトウォッシュ PM,1,3582,2026-04,2026-05-18 12:46:55
2026-04-28 00:00:00,PLAZA,ルミネ北千住店,ラフドット,ラフドット インティメイトウォッシュ PM,1,3582,2026-04,2026-05-18 12:46:55
2026-04-28 00:00:00,PLAZA,ルミネ北千住店,YOU TOKYO,YOU TOKYO ヘアミルク CW,1,2680,2026-04,2026-05-18 12:46:55
2026-04-28 00:00:00,PLAZA,ルミネ北千住店,YOU TOKYO,YOU TOKYO ヘアミルク RR,1,2680,2026-04,2026-05-18 12:46:55
2026-04-28 00:00:00,PLAZA,ルミネ北千住店,YOU TOKYO,YOU TOKYO ヘアオイル RR,1,2280,2026-04,2026-05-18 12:46:55
2026-04-28 00:00:00,PLAZA,札幌ステラプレイス店,YOU TOKYO,YOU TOKYO ヘアミルク RR,1,2680,2026-04,2026-05-18 12:46:55
2026-04-28 00:00:00,PLAZA,ルミネ荻窪店,YOU TOKYO,YOU TOKYO ヘアミルク CW,1,2680,2026-04,2026-05-18 12:46:55
2026-04-28 00:00:00,PLAZA,ルミネ池袋店,ラフドット,ラフドット インティメイトウォッシュ PM,1,3582,2026-04,2026-05-18 12:46:55
2026-04-28 00:00:00,PLAZA,ルミネ池袋店,ラフドット,ラフドット インティメイトウォッシュ MV,1,3582,2026-04,2026-05-18 12:46:55
2026-04-28 00:00:00,PLAZA,ルミネ池袋店,YOU TOKYO,YOU TOKYO ヘアオイル RR,2,4560,2026-04,2026-05-18 12:46:55
2026-04-28 00:00:00,PLAZA,舞浜イクスピアリ店,ラフドット,ラフドット インティメイトウォッシュ SB,1,3582,2026-04,2026-05-18 12:46:55
2026-04-28 00:00:00,PLAZA,たまプラーザテラス店,YOU TOKYO,YOU TOKYO ヘアミルク CW,1,2680,2026-04,2026-05-18 12:46:55
2026-04-28 00:00:00,PLAZA,たまプラーザテラス店,YOU TOKYO,YOU TOKYO ヘアミルク RR,2,5360,2026-04,2026-05-18 12:46:55
2026-04-28 00:00:00,PLAZA,ルクア大阪店,ラフドット,ラフドット インティメイトウォッシュ SB,1,3582,2026-04,2026-05-18 12:46:55
2026-04-28 00:00:00,PLAZA,ルクア大阪店,YOU TOKYO,YOU TOKYO ヘアミルク RR,1,2680,2026-04,2026-05-18 12:46:55
2026-04-28 00:00:00,PLAZA,ルクア大阪店,YOU TOKYO,YOU TOKYO ヘアオイル RR,1,2280,2026-04,2026-05-18 12:46:55
2026-04-28 00:00:00,PLAZA,ラスカ茅ケ崎店,ラフドット,ラフドット インティメイトFミスト SB,1,3132,2026-04,2026-05-18 12:46:55
2026-04-28 00:00:00,PLAZA,静岡パルシェ店,ラフドット,ラフドット インティメイトウォッシュ PM,1,3582,2026-04,2026-05-18 12:46:55
2026-04-28 00:00:00,PLAZA,東京店,ラフドット,ラフドット インティメイトウォッシュ PM,1,3582,2026-04,2026-05-18 12:46:55
2026-04-28 00:00:00,PLAZA,名古屋ユニモール店,ラフドット,ラフドット インティメイトウォッシュ SB,1,3582,2026-04,2026-05-18 12:46:55
2026-04-28 00:00:00,PLAZA,名古屋ユニモール店,ラフドット,ラフドット インティメイトFミスト SB,1,3132,2026-04,2026-05-18 12:46:55
2026-04-28 00:00:00,PLAZA,船橋東武店,ラフドット,ラフドット インティメイトウォッシュ LV,1,3582,2026-04,2026-05-18 12:46:55
2026-04-28 00:00:00,PLAZA,船橋東武店,YOU TOKYO,YOU TOKYO ヘアミルク CW,1,2680,2026-04,2026-05-18 12:46:55
2026-04-28 00:00:00,PLAZA,コクーンシティさいたま新都心店,ラフドット,ラフドット インティメイトウォッシュ LV,1,3582,2026-04,2026-05-18 12:46:55
2026-04-28 00:00:00,PLAZA,ららテラス川口店,ラフドット,ラフドット インティメイトウォッシュ SB,1,3582,2026-04,2026-05-18 12:46:55
2026-04-28 00:00:00,PLAZA,プラザイオンモール太田店,ラフドット,ラフドット インティメイトウォッシュ SB,1,3582,2026-04,2026-05-18 12:46:55
2026-04-28 00:00:00,PLAZA,プラザイオンモール宮崎店,ラフドット,ラフドット インティメイトウォッシュ SB,1,3582,2026-04,2026-05-18 12:46:55
2026-04-28 00:00:00,PLAZA,沖縄・浦添PARCOCITY店,ラフドット,ラフドット インティメイトウォッシュ PM,1,3582,2026-04,2026-05-18 12:46:55
2026-04-28 00:00:00,PLAZA,沖縄・浦添PARCOCITY店,ラフドット,ラフドット インティメイトFミスト PM,1,3132,2026-04,2026-05-18 12:46:55
2026-04-28 00:00:00,PLAZA,プラザイオンモール広島府中店,ラフドット,ラフドット インティメイトウォッシュ SB,1,3582,2026-04,2026-05-18 12:46:55
2026-04-28 00:00:00,PLAZA,プラザイオンモール四條畷店,ラフドット,ラフドット インティメイトウォッシュ PM,1,3582,2026-04,2026-05-18 12:46:55
2026-04-28 00:00:00,PLAZA,プラザイオンモール川口前川店,ラフドット,ラフドット インティメイトウォッシュ SB,1,3582,2026-04,2026-05-18 12:46:55
2026-04-28 00:00:00,PLAZA,プラザイオンモール川口前川店,ラフドット,ラフドット インティメイトウォッシュ MV,1,3582,2026-04,2026-05-18 12:46:55
2026-04-28 00:00:00,PLAZA,プラザイオンモール高岡店,ラフドット,ラフドット インティメイトウォッシュ SB,1,3582,2026-04,2026-05-18 12:46:55
2026-04-28 00:00:00,PLAZA,プラザイオンモール浜松市野店,ラフドット,ラフドット インティメイトウォッシュ SB,1,3582,2026-04,2026-05-18 12:46:55
2026-04-28 00:00:00,PLAZA,プラザイオンモール浜松市野店,ラフドット,ラフドット インティメイトウォッシュ PM,1,3582,2026-04,2026-05-18 12:46:55
2026-04-28 00:00:00,PLAZA,オンラインストア,ラフドット,ラフドット インティメイトウォッシュ SB,3,10746,2026-04,2026-05-18 12:46:55
2026-04-28 00:00:00,PLAZA,オンラインストア,YOU TOKYO,YOU TOKYO ヘアミルク CW,4,10720,2026-04,2026-05-18 12:46:55
2026-04-28 00:00:00,PLAZA,オンラインストア,YOU TOKYO,YOU TOKYO ヘアオイル RR,1,2280,2026-04,2026-05-18 12:46:55
2026-04-28 00:00:00,PLAZA,オンラインストア,TEABLESS,TEABLESS ボディローションLW,1,1500,2026-04,2026-05-18 12:46:55
2026-04-27 00:00:00,PLAZA,梅田ヘップファイブ店,YOU TOKYO,YOU TOKYO ヘアミルク CW,1,2680,2026-04,2026-05-18 12:46:55
2026-04-27 00:00:00,PLAZA,梅田ヘップファイブ店,YOU TOKYO,YOU TOKYO ヘアミルク RR,1,2680,2026-04,2026-05-18 12:46:55
2026-04-27 00:00:00,PLAZA,玉川高島屋SC店,YOU TOKYO,YOU TOKYO ヘアオイル RR,1,2280,2026-04,2026-05-18 12:46:55
2026-04-27 00:00:00,PLAZA,ルミネ横浜店,ラフドット,ラフドット インティメイトウォッシュ PM,1,3582,2026-04,2026-05-18 12:46:55
2026-04-27 00:00:00,PLAZA,ルミネ横浜店,YOU TOKYO,YOU TOKYO ヘアミルク CW,1,2680,2026-04,2026-05-18 12:46:55
2026-04-27 00:00:00,PLAZA,アトレ大井町店,ラフドット,ラフドット インティメイトウォッシュ PM,1,3582,2026-04,2026-05-18 12:46:55
2026-04-27 00:00:00,PLAZA,ルミネ新宿店,ラフドット,ラフドット インティメイトウォッシュ SB,1,3582,2026-04,2026-05-18 12:46:55
2026-04-27 00:00:00,PLAZA,ルミネ新宿店,ラフドット,ラフドット インティメイトミスト MV,1,3132,2026-04,2026-05-18 12:46:55
2026-04-27 00:00:00,PLAZA,ルミネ新宿店,YOU TOKYO,YOU TOKYO ヘアミルク RR,1,2680,2026-04,2026-05-18 12:46:55
2026-04-27 00:00:00,PLAZA,アミュプラザ小倉店,ラフドット,ラフドット インティメイトウォッシュ PM,1,3582,2026-04,2026-05-18 12:46:55
2026-04-27 00:00:00,PLAZA,アミュプラザ小倉店,YOU TOKYO,YOU TOKYO ヘアミルク RR,1,2680,2026-04,2026-05-18 12:46:55
2026-04-27 00:00:00,PLAZA,アミュプラザ小倉店,YOU TOKYO,YOU TOKYO ヘアオイル BS,1,2280,2026-04,2026-05-18 12:46:55
2026-04-27 00:00:00,PLAZA,横浜ジョイナス店,YOU TOKYO,YOU TOKYO ヘアミルク RR,2,5360,2026-04,2026-05-18 12:46:55
2026-04-27 00:00:00,PLAZA,横浜ジョイナス店,YOU TOKYO,YOU TOKYO ヘアオイル RR,1,2280,2026-04,2026-05-18 12:46:55
2026-04-27 00:00:00,PLAZA,京都ポルタ店,YOU TOKYO,YOU TOKYO ヘアミルク RR,1,2680,2026-04,2026-05-18 12:46:55
2026-04-27 00:00:00,PLAZA,京都ポルタ店,YOU TOKYO,YOU TOKYO ヘアオイル BS,1,2280,2026-04,2026-05-18 12:46:55
2026-04-27 00:00:00,PLAZA,イオンモール羽生店,YOU TOKYO,YOU TOKYO ヘアミルク RR,2,5360,2026-04,2026-05-18 12:46:55
2026-04-27 00:00:00,PLAZA,新越谷ヴァリエ店,YOU TOKYO,YOU TOKYO ヘアオイル RR,1,2280,2026-04,2026-05-18 12:46:55
2026-04-27 00:00:00,PLAZA,福岡ソラリアプラザ店,ラフドット,ラフドット インティメイトウォッシュ PM,1,3582,2026-04,2026-05-18 12:46:55
2026-04-27 00:00:00,PLAZA,柏高島屋ステーションモール店,ラフドット,ラフドット インティメイトウォッシュ SB,1,3582,2026-04,2026-05-18 12:46:55
2026-04-27 00:00:00,PLAZA,柏高島屋ステーションモール店,ラフドット,ラフドット インティメイトウォッシュ PM,1,3582,2026-04,2026-05-18 12:46:55
2026-04-27 00:00:00,PLAZA,ルミネエスト新宿店,ラフドット,ラフドット インティメイトウォッシュ SB,1,3582,2026-04,2026-05-18 12:46:55
2026-04-27 00:00:00,PLAZA,ルミネエスト新宿店,YOU TOKYO,YOU TOKYO ヘアミルク RR,1,2680,2026-04,2026-05-18 12:46:55
2026-04-27 00:00:00,PLAZA,天王寺ミオ店,ラフドット,ラフドット インティメイトウォッシュ SB,1,3582,2026-04,2026-05-18 12:46:55
2026-04-27 00:00:00,PLAZA,天王寺ミオ店,ラフドット,ラフドット ヤクヨウホワイトセラム,1,3237,2026-04,2026-05-18 12:46:55
2026-04-27 00:00:00,PLAZA,天王寺ミオ店,YOU TOKYO,YOU TOKYO ヘアオイル RR,1,2280,2026-04,2026-05-18 12:46:55
2026-04-27 00:00:00,PLAZA,ウイング上大岡店,YOU TOKYO,YOU TOKYO ヘアミルク RR,2,5360,2026-04,2026-05-18 12:46:55
2026-04-27 00:00:00,PLAZA,アトレ恵比寿店,ラフドット,ラフドット インティメイトウォッシュ PM,1,3582,2026-04,2026-05-18 12:46:55
2026-04-27 00:00:00,PLAZA,なんばシティ店,ラフドット,ラフドット インティメイトウォッシュ LV,1,3582,2026-04,2026-05-18 12:46:55
2026-04-27 00:00:00,PLAZA,ルミネ町田店,ラフドット,ラフドット インティメイトウォッシュ LV,1,3582,2026-04,2026-05-18 12:46:55
2026-04-27 00:00:00,PLAZA,ららぽーとTOKYO-BAY店,YOU TOKYO,YOU TOKYO ヘアミルク RR,2,5360,2026-04,2026-05-18 12:46:55
2026-04-27 00:00:00,PLAZA,ららぽーとTOKYO-BAY店,YOU TOKYO,YOU TOKYO ヘアオイル RR,1,2280,2026-04,2026-05-18 12:46:55
2026-04-27 00:00:00,PLAZA,京橋京阪モール店,YOU TOKYO,YOU TOKYO ヘアミルク RR,1,2680,2026-04,2026-05-18 12:46:55
2026-04-27 00:00:00,PLAZA,ルミネ北千住店,YOU TOKYO,YOU TOKYO ヘアミルク CW,1,2680,2026-04,2026-05-18 12:46:55
2026-04-27 00:00:00,PLAZA,札幌ステラプレイス店,ラフドット,ラフドット インティメイトウォッシュ PM,1,3582,2026-04,2026-05-18 12:46:55
2026-04-27 00:00:00,PLAZA,札幌ステラプレイス店,YOU TOKYO,YOU TOKYO ヘアオイル BS,1,2280,2026-04,2026-05-18 12:46:55
2026-04-27 00:00:00,PLAZA,岡山一番街店,ラフドット,ラフドット インティメイトウォッシュ PM,1,3582,2026-04,2026-05-18 12:46:55
2026-04-27 00:00:00,PLAZA,ルミネ池袋店,ラフドット,ラフドット インティメイトFミスト SB,1,3132,2026-04,2026-05-18 12:46:55
2026-04-27 00:00:00,PLAZA,舞浜イクスピアリ店,ラフドット,ラフドット インティメイトウォッシュ LV,1,3582,2026-04,2026-05-18 12:46:55
2026-04-27 00:00:00,PLAZA,三井アウトレットパーク入間店,ラフドット,ラフドット インティメイトウォッシュ SB,1,3582,2026-04,2026-05-18 12:46:55
2026-04-27 00:00:00,PLAZA,越谷イオンレイクタウン店,YOU TOKYO,YOU TOKYO ヘアミルク RR,1,2680,2026-04,2026-05-18 12:46:55
2026-04-27 00:00:00,PLAZA,たまプラーザテラス店,ラフドット,ラフドット ヤクヨウホワイトセラム,1,3237,2026-04,2026-05-18 12:46:55
2026-04-27 00:00:00,PLAZA,ルクア大阪店,YOU TOKYO,YOU TOKYO ヘアミルク RR,2,5360,2026-04,2026-05-18 12:46:55
2026-04-27 00:00:00,PLAZA,イーアスつくば店,ラフドット,ラフドット インティメイトウォッシュ SB,2,7164,2026-04,2026-05-18 12:46:55
2026-04-27 00:00:00,PLAZA,ペリエ千葉店,ラフドット,ラフドット インティメイトウォッシュ PM,1,3582,2026-04,2026-05-18 12:46:55
2026-04-27 00:00:00,PLAZA,名古屋ユニモール店,ラフドット,ラフドット インティメイトウォッシュ SB,1,3582,2026-04,2026-05-18 12:46:55
2026-04-27 00:00:00,PLAZA,船橋東武店,YOU TOKYO,YOU TOKYO ヘアミルク CW,1,2680,2026-04,2026-05-18 12:46:55
2026-04-27 00:00:00,PLAZA,錦糸町テルミナ2店,ラフドット,ラフドット インティメイトウォッシュ SB,1,3582,2026-04,2026-05-18 12:46:55
2026-04-27 00:00:00,PLAZA,ららぽーと門真店,ラフドット,ラフドット インティメイトウォッシュ SB,1,3582,2026-04,2026-05-18 12:46:55
2026-04-27 00:00:00,PLAZA,ルミネ有楽町店,YOU TOKYO,YOU TOKYO ヘアオイル BS,1,2280,2026-04,2026-05-18 12:46:55
2026-04-27 00:00:00,PLAZA,プラザ天神地下街店,ラフドット,ラフドット インティメイトウォッシュ SB,1,3582,2026-04,2026-05-18 12:46:55
2026-04-27 00:00:00,PLAZA,プラザイオンモールKYOTO店,ラフドット,ラフドット インティメイトウォッシュ SB,1,3582,2026-04,2026-05-18 12:46:55
2026-04-27 00:00:00,PLAZA,プラザイオンモール新居浜店,ラフドット,ラフドット インティメイトミスト MV,1,3132,2026-04,2026-05-18 12:46:55
2026-04-27 00:00:00,PLAZA,沖縄・浦添PARCOCITY店,ラフドット,ラフドット インティメイトウォッシュ SB,1,3582,2026-04,2026-05-18 12:46:55
2026-04-27 00:00:00,PLAZA,プラザイオンモール浜松志都呂店,ラフドット,ラフドット インティメイトウォッシュ SB,1,3582,2026-04,2026-05-18 12:46:55
2026-04-27 00:00:00,PLAZA,プラザイオンモール浜松志都呂店,ラフドット,ラフドット インティメイトウォッシュ PM,1,3582,2026-04,2026-05-18 12:46:55
2026-04-27 00:00:00,PLAZA,プラザイオンモール白山店,YOU TOKYO,YOU TOKYO ヘアオイル RR,1,2280,2026-04,2026-05-18 12:46:55
2026-04-27 00:00:00,PLAZA,オンラインストア,YOU TOKYO,YOU TOKYO ヘアミルク CW,4,10720,2026-04,2026-05-18 12:46:55
2026-04-27 00:00:00,PLAZA,オンラインストア,YOU TOKYO,YOU TOKYO ヘアオイル BS,1,2280,2026-04,2026-05-18 12:46:55
2026-04-26 00:00:00,PLAZA,梅田ヘップファイブ店,YOU TOKYO,YOU TOKYO ヘアミルク RR,2,5360,2026-04,2026-05-18 12:46:55
2026-04-26 00:00:00,PLAZA,梅田ヘップファイブ店,YOU TOKYO,YOU TOKYO ヘアオイル BS,1,2280,2026-04,2026-05-18 12:46:55
2026-04-26 00:00:00,PLAZA,玉川高島屋SC店,YOU TOKYO,YOU TOKYO ヘアミルク CW,2,5360,2026-04,2026-05-18 12:46:55
2026-04-26 00:00:00,PLAZA,玉川高島屋SC店,YOU TOKYO,YOU TOKYO ヘアミルク RR,1,2680,2026-04,2026-05-18 12:46:55
2026-04-26 00:00:00,PLAZA,玉川高島屋SC店,YOU TOKYO,YOU TOKYO ヘアオイル BS,1,2280,2026-04,2026-05-18 12:46:55
2026-04-26 00:00:00,PLAZA,渋谷109店,YOU TOKYO,YOU TOKYO ヘアオイル BS,1,2280,2026-04,2026-05-18 12:46:55
2026-04-26 00:00:00,PLAZA,ルミネ横浜店,ラフドット,ラフドット インティメイトウォッシュ SB,1,3582,2026-04,2026-05-18 12:46:55
2026-04-26 00:00:00,PLAZA,ルミネ横浜店,ラフドット,ラフドット インティメイトFミスト SB,1,3132,2026-04,2026-05-18 12:46:55
2026-04-26 00:00:00,PLAZA,ルミネ横浜店,ラフドット,ラフドット インティメイトFミスト PM,1,3132,2026-04,2026-05-18 12:46:55
2026-04-26 00:00:00,PLAZA,ルミネ横浜店,YOU TOKYO,YOU TOKYO ヘアミルク RR,1,2680,2026-04,2026-05-18 12:46:55
2026-04-26 00:00:00,PLAZA,ルミネ横浜店,YOU TOKYO,YOU TOKYO ヘアオイル BS,1,2280,2026-04,2026-05-18 12:46:55
2026-04-26 00:00:00,PLAZA,ルミネ大宮店,ラフドット,ラフドット インティメイトウォッシュ PM,1,3582,2026-04,2026-05-18 12:46:55
2026-04-26 00:00:00,PLAZA,ルミネ大宮店,YOU TOKYO,YOU TOKYO ヘアミルク CW,2,5360,2026-04,2026-05-18 12:46:55
2026-04-26 00:00:00,PLAZA,ルミネ新宿店,ラフドット,ラフドット インティメイトウォッシュ SB,1,3582,2026-04,2026-05-18 12:46:55
2026-04-26 00:00:00,PLAZA,ルミネ新宿店,ラフドット,ラフドット ヤクヨウホワイトセラム,1,3237,2026-04,2026-05-18 12:46:55
2026-04-26 00:00:00,PLAZA,ルミネ新宿店,YOU TOKYO,YOU TOKYO ヘアミルク RR,2,5360,2026-04,2026-05-18 12:46:55
2026-04-26 00:00:00,PLAZA,ルミネ新宿店,YOU TOKYO,YOU TOKYO ヘアオイル BS,1,2280,2026-04,2026-05-18 12:46:55
2026-04-26 00:00:00,PLAZA,アミュプラザ小倉店,YOU TOKYO,YOU TOKYO ヘアミルク RR,1,2680,2026-04,2026-05-18 12:46:55
2026-04-26 00:00:00,PLAZA,横浜ジョイナス店,ラフドット,ラフドット インティメイトウォッシュ PM,2,7164,2026-04,2026-05-18 12:46:55
2026-04-26 00:00:00,PLAZA,横浜ジョイナス店,YOU TOKYO,YOU TOKYO ヘアミルク RR,1,2680,2026-04,2026-05-18 12:46:55
2026-04-26 00:00:00,PLAZA,横浜ジョイナス店,TEABLESS,TEABLESS ボディローションPG,1,1500,2026-04,2026-05-18 12:46:55
2026-04-26 00:00:00,PLAZA,京都ポルタ店,ラフドット,ラフドット インティメイトウォッシュ SB,1,3582,2026-04,2026-05-18 12:46:55
2026-04-26 00:00:00,PLAZA,イオンモール羽生店,ラフドット,ラフドット インティメイトウォッシュ MV,1,3582,2026-04,2026-05-18 12:46:55
2026-04-26 00:00:00,PLAZA,イオンモール羽生店,ラフドット,ラフドット インティメイトミスト MV,1,3132,2026-04,2026-05-18 12:46:55
2026-04-26 00:00:00,PLAZA,イオンモール羽生店,YOU TOKYO,YOU TOKYO ヘアミルク RR,1,2680,2026-04,2026-05-18 12:46:55
2026-04-26 00:00:00,PLAZA,五反田東急スクエア店,ラフドット,ラフドット インティメイトウォッシュ LV,1,3582,2026-04,2026-05-18 12:46:55
2026-04-26 00:00:00,PLAZA,新越谷ヴァリエ店,YOU TOKYO,YOU TOKYO ヘアミルク CW,1,2680,2026-04,2026-05-18 12:46:55
2026-04-26 00:00:00,PLAZA,新越谷ヴァリエ店,YOU TOKYO,YOU TOKYO ヘアオイル BS,1,2280,2026-04,2026-05-18 12:46:55
2026-04-26 00:00:00,PLAZA,福岡ソラリアプラザ店,ラフドット,ラフドット インティメイトウォッシュ SB,3,10746,2026-04,2026-05-18 12:46:55
2026-04-26 00:00:00,PLAZA,イオンモール堺北花田店,ラフドット,ラフドット インティメイトウォッシュ PM,2,7164,2026-04,2026-05-18 12:46:55
2026-04-26 00:00:00,PLAZA,大船ルミネウイング店,ラフドット,ラフドット インティメイトウォッシュ SB,1,3582,2026-04,2026-05-18 12:46:55
2026-04-26 00:00:00,PLAZA,大船ルミネウイング店,ラフドット,ラフドット インティメイトウォッシュ PM,1,3582,2026-04,2026-05-18 12:46:55
2026-04-26 00:00:00,PLAZA,大船ルミネウイング店,ラフドット,ラフドット インティメイトウォッシュ MV,1,3582,2026-04,2026-05-18 12:46:55
2026-04-26 00:00:00,PLAZA,浜松メイワン店,ラフドット,ラフドット インティメイトウォッシュ SB,1,3582,2026-04,2026-05-18 12:46:55
2026-04-26 00:00:00,PLAZA,天王寺ミオ店,YOU TOKYO,YOU TOKYO ヘアミルク RR,1,2680,2026-04,2026-05-18 12:46:55
2026-04-26 00:00:00,PLAZA,天王寺ミオ店,YOU TOKYO,YOU TOKYO ヘアオイル BS,2,4560,2026-04,2026-05-18 12:46:55
2026-04-26 00:00:00,PLAZA,ウイング上大岡店,ラフドット,ラフドット インティメイトウォッシュ PM,1,3582,2026-04,2026-05-18 12:46:55
2026-04-26 00:00:00,PLAZA,ウイング上大岡店,YOU TOKYO,YOU TOKYO ヘアミルク RR,1,2680,2026-04,2026-05-18 12:46:55
2026-04-26 00:00:00,PLAZA,ウイング上大岡店,YOU TOKYO,YOU TOKYO ヘアオイル BS,1,2280,2026-04,2026-05-18 12:46:55
2026-04-26 00:00:00,PLAZA,アトレ恵比寿店,ラフドット,ラフドット インティメイトウォッシュ PM,1,3582,2026-04,2026-05-18 12:46:55
2026-04-26 00:00:00,PLAZA,アトレ恵比寿店,YOU TOKYO,YOU TOKYO ヘアミルク RR,1,2680,2026-04,2026-05-18 12:46:55
2026-04-26 00:00:00,PLAZA,ルミネ町田店,ラフドット,ラフドット インティメイトウォッシュ SB,1,3582,2026-04,2026-05-18 12:46:55
2026-04-26 00:00:00,PLAZA,ルミネ町田店,ラフドット,ラフドット インティメイトウォッシュ PM,1,3582,2026-04,2026-05-18 12:46:55
2026-04-26 00:00:00,PLAZA,ルミネ町田店,ラフドット,ラフドット インティメイトウォッシュ MV,1,3582,2026-04,2026-05-18 12:46:55
2026-04-26 00:00:00,PLAZA,ルミネ町田店,YOU TOKYO,YOU TOKYO ヘアミルク RR,1,2680,2026-04,2026-05-18 12:46:55
2026-04-26 00:00:00,PLAZA,池袋パルコ店,YOU TOKYO,YOU TOKYO ヘアミルク RR,1,2680,2026-04,2026-05-18 12:46:55
2026-04-26 00:00:00,PLAZA,ららぽーとTOKYO-BAY店,YOU TOKYO,YOU TOKYO ヘアオイル RR,1,2280,2026-04,2026-05-18 12:46:55
2026-04-26 00:00:00,PLAZA,京橋京阪モール店,YOU TOKYO,YOU TOKYO ヘアオイル RR,1,2280,2026-04,2026-05-18 12:46:55
2026-04-26 00:00:00,PLAZA,エスパル仙台店,YOU TOKYO,YOU TOKYO ヘアミルク RR,1,2680,2026-04,2026-05-18 12:46:55
2026-04-26 00:00:00,PLAZA,ルミネ北千住店,YOU TOKYO,YOU TOKYO ヘアミルク CW,1,2680,2026-04,2026-05-18 12:46:55
2026-04-26 00:00:00,PLAZA,水戸エクセル店,ラフドット,ラフドット インティメイトウォッシュ SB,1,3582,2026-04,2026-05-18 12:46:55
2026-04-26 00:00:00,PLAZA,イオンモールむさし村山店,YOU TOKYO,YOU TOKYO ヘアミルク RR,2,5360,2026-04,2026-05-18 12:46:55
2026-04-26 00:00:00,PLAZA,イオンモールむさし村山店,YOU TOKYO,YOU TOKYO ヘアオイル BS,1,2280,2026-04,2026-05-18 12:46:55
2026-04-26 00:00:00,PLAZA,イオンモールむさし村山店,TEABLESS,TEABLESS ボディローションMR,1,1500,2026-04,2026-05-18 12:46:55
2026-04-26 00:00:00,PLAZA,神戸三田プレミアムアウトレット,TEABLESS,TEABLESS ボディローションLW,1,1500,2026-04,2026-05-18 12:46:55
2026-04-26 00:00:00,PLAZA,舞浜イクスピアリ店,ラフドット,ラフドット インティメイトウォッシュ SB,1,3582,2026-04,2026-05-18 12:46:55
2026-04-26 00:00:00,PLAZA,三井アウトレットパーク入間店,ラフドット,ラフドット インティメイトウォッシュ PM,2,7164,2026-04,2026-05-18 12:46:55
2026-04-26 00:00:00,PLAZA,たまプラーザテラス店,ラフドット,ラフドット インティメイトウォッシュ LV,1,3582,2026-04,2026-05-18 12:46:55
2026-04-26 00:00:00,PLAZA,たまプラーザテラス店,YOU TOKYO,YOU TOKYO ヘアミルク CW,1,2680,2026-04,2026-05-18 12:46:55
2026-04-26 00:00:00,PLAZA,アトレ吉祥寺店,ラフドット,ラフドット インティメイトウォッシュ PM,1,3582,2026-04,2026-05-18 12:46:55
2026-04-26 00:00:00,PLAZA,三井アウトレットパーク木更津店,ラフドット,ラフドット インティメイトウォッシュ PM,2,7164,2026-04,2026-05-18 12:46:55
2026-04-26 00:00:00,PLAZA,三井アウトレットパーク木更津店,ラフドット,ラフドット インティメイトウォッシュ MV,1,3582,2026-04,2026-05-18 12:46:55
2026-04-26 00:00:00,PLAZA,三井アウトレットパーク木更津店,YOU TOKYO,YOU TOKYO ヘアミルク RR,1,2680,2026-04,2026-05-18 12:46:55
2026-04-26 00:00:00,PLAZA,ららぽーと富士見店,ラフドット,ラフドット インティメイトウォッシュ SB,1,3582,2026-04,2026-05-18 12:46:55
2026-04-26 00:00:00,PLAZA,ラスカ茅ケ崎店,ラフドット,ラフドット インティメイトウォッシュ PM,1,3582,2026-04,2026-05-18 12:46:55
2026-04-26 00:00:00,PLAZA,ラスカ茅ケ崎店,ラフドット,ラフドット インティメイトFミスト PM,1,3132,2026-04,2026-05-18 12:46:55
2026-04-26 00:00:00,PLAZA,ラスカ茅ケ崎店,YOU TOKYO,YOU TOKYO ヘアオイル RR,1,2280,2026-04,2026-05-18 12:46:55
2026-04-26 00:00:00,PLAZA,金沢フォーラス店,ラフドット,ラフドット インティメイトウォッシュ PM,1,3582,2026-04,2026-05-18 12:46:55
2026-04-26 00:00:00,PLAZA,金沢フォーラス店,ラフドット,ラフドット インティメイトウォッシュ MV,1,3582,2026-04,2026-05-18 12:46:55
2026-04-26 00:00:00,PLAZA,名古屋ユニモール店,ラフドット,ラフドット インティメイトウォッシュ SB,1,3582,2026-04,2026-05-18 12:46:55
2026-04-26 00:00:00,PLAZA,名古屋ユニモール店,ラフドット,ラフドット インティメイトウォッシュ MV,1,3582,2026-04,2026-05-18 12:46:55
2026-04-26 00:00:00,PLAZA,アトレ松戸店,ラフドット,ラフドット インティメイトウォッシュ MV,2,7164,2026-04,2026-05-18 12:46:55
2026-04-26 00:00:00,PLAZA,アトレ松戸店,ラフドット,ラフドット インティメイトミスト MV,1,3132,2026-04,2026-05-18 12:46:55
2026-04-26 00:00:00,PLAZA,ペリエ稲毛店,ラフドット,ラフドット インティメイトウォッシュ PM,1,3582,2026-04,2026-05-18 12:46:55
2026-04-26 00:00:00,PLAZA,船橋東武店,YOU TOKYO,YOU TOKYO ヘアミルク CW,1,2680,2026-04,2026-05-18 12:46:55
2026-04-26 00:00:00,PLAZA,池袋サンシャインシティアルパ店,YOU TOKYO,YOU TOKYO ヘアミルク RR,1,2680,2026-04,2026-05-18 12:46:55
2026-04-26 00:00:00,PLAZA,池袋サンシャインシティアルパ店,YOU TOKYO,YOU TOKYO ヘアオイル RR,1,2280,2026-04,2026-05-18 12:46:55
2026-04-26 00:00:00,PLAZA,三井アウトレットパーク岡崎店,ラフドット,ラフドット インティメイトウォッシュ SB,1,3582,2026-04,2026-05-18 12:46:55
2026-04-26 00:00:00,PLAZA,シャポー本八幡,ラフドット,ラフドット インティメイトウォッシュ SB,1,3582,2026-04,2026-05-18 12:46:55
2026-04-26 00:00:00,PLAZA,プラザ盛岡フェザン店,ラフドット,ラフドット インティメイトウォッシュ SB,1,3582,2026-04,2026-05-18 12:46:55
2026-04-26 00:00:00,PLAZA,プラザイオンモール新小松店,ラフドット,ラフドット インティメイトウォッシュ PM,1,3582,2026-04,2026-05-18 12:46:55
2026-04-26 00:00:00,PLAZA,プラザイオンモール新居浜店,ラフドット,ラフドット インティメイトウォッシュ SB,1,3582,2026-04,2026-05-18 12:46:55
2026-04-26 00:00:00,PLAZA,プラザイオンモール新居浜店,ラフドット,ラフドット インティメイトミスト MV,1,3132,2026-04,2026-05-18 12:46:55
2026-04-26 00:00:00,PLAZA,プラザミナモア広島店,ラフドット,ラフドット インティメイトFミスト SB,1,3132,2026-04,2026-05-18 12:46:55
2026-04-26 00:00:00,PLAZA,プラザミナモア広島店,YOU TOKYO,YOU TOKYO ヘアオイル RR,1,2280,2026-04,2026-05-18 12:46:55
2026-04-26 00:00:00,PLAZA,プラザイオンモール宮崎店,ラフドット,ラフドット インティメイトウォッシュ PM,1,3582,2026-04,2026-05-18 12:46:55
2026-04-26 00:00:00,PLAZA,プラザららぽーと湘南平塚店,ラフドット,ラフドット インティメイトウォッシュ SB,1,3582,2026-04,2026-05-18 12:46:55
2026-04-26 00:00:00,PLAZA,プラザららぽーと湘南平塚店,ラフドット,ラフドット インティメイトウォッシュ PM,1,3582,2026-04,2026-05-18 12:46:55
2026-04-26 00:00:00,PLAZA,プラザイオンモール浜松志都呂店,ラフドット,ラフドット インティメイトウォッシュ SB,1,3582,2026-04,2026-05-18 12:46:55
2026-04-26 00:00:00,PLAZA,プラザイオンモール広島府中店,ラフドット,ラフドット インティメイトウォッシュ PM,1,3582,2026-04,2026-05-18 12:46:55
2026-04-26 00:00:00,PLAZA,プラザイオンモール広島府中店,ラフドット,ラフドット インティメイトミスト MV,1,3132,2026-04,2026-05-18 12:46:55
2026-04-26 00:00:00,PLAZA,プラザイオンモール岡崎店,ラフドット,ラフドット インティメイトウォッシュ SB,1,3582,2026-04,2026-05-18 12:46:55
2026-04-26 00:00:00,PLAZA,プラザイオンモール四條畷店,ラフドット,ラフドット インティメイトウォッシュ PM,1,3582,2026-04,2026-05-18 12:46:55
2026-04-26 00:00:00,PLAZA,プラザイオンモール四條畷店,ラフドット,ラフドット インティメイトFミスト PM,1,3132,2026-04,2026-05-18 12:46:55
2026-04-26 00:00:00,PLAZA,プラザイオンモール福岡店,TEABLESS,TEABLESS ボディローションPG,1,1500,2026-04,2026-05-18 12:46:55
2026-04-26 00:00:00,PLAZA,プラザイオンモール豊川店,ラフドット,ラフドット インティメイトウォッシュ SB,1,3582,2026-04,2026-05-18 12:46:55
2026-04-26 00:00:00,PLAZA,プラザイオンモール豊川店,ラフドット,ラフドット インティメイトウォッシュ MV,1,3582,2026-04,2026-05-18 12:46:55
2026-04-26 00:00:00,PLAZA,青森&LOVINA店,ラフドット,ラフドット インティメイトミスト MV,1,3132,2026-04,2026-05-18 12:46:55
2026-04-26 00:00:00,PLAZA,プラザイオンモール浜松市野店,ラフドット,ラフドット インティメイトウォッシュ PM,1,3582,2026-04,2026-05-18 12:46:55
2026-04-26 00:00:00,PLAZA,プラザイオンモール浜松市野店,YOU TOKYO,YOU TOKYO ヘアミルク RR,4,10720,2026-04,2026-05-18 12:46:55
2026-04-26 00:00:00,PLAZA,ファッションクルーズひたちなか,ラフドット,ラフドット インティメイトウォッシュ SB,1,3582,2026-04,2026-05-18 12:46:55
2026-04-26 00:00:00,PLAZA,ファッションクルーズひたちなか,ラフドット,ラフドット ヤクヨウホワイトセラム,1,3237,2026-04,2026-05-18 12:46:55
2026-04-26 00:00:00,PLAZA,プラザシャミネ鳥取店,ラフドット,ラフドット インティメイトウォッシュ PM,1,3582,2026-04,2026-05-18 12:46:55
2026-04-26 00:00:00,PLAZA,プラザイオンモール津南店,YOU TOKYO,YOU TOKYO ヘアミルク RR,1,2680,2026-04,2026-05-18 12:46:55
2026-04-26 00:00:00,PLAZA,プラザイオンモール津南店,YOU TOKYO,YOU TOKYO ヘアオイル RR,1,2280,2026-04,2026-05-18 12:46:55
2026-04-25 00:00:00,PLAZA,梅田ヘップファイブ店,YOU TOKYO,YOU TOKYO ヘアミルク CW,1,2680,2026-04,2026-05-18 12:46:55
2026-04-25 00:00:00,PLAZA,玉川高島屋SC店,YOU TOKYO,YOU TOKYO ヘアミルク CW,2,5360,2026-04,2026-05-18 12:46:55
2026-04-25 00:00:00,PLAZA,玉川高島屋SC店,YOU TOKYO,YOU TOKYO ヘアオイル BS,1,2280,2026-04,2026-05-18 12:46:55
2026-04-25 00:00:00,PLAZA,渋谷109店,YOU TOKYO,YOU TOKYO ヘアミルク RR,1,2680,2026-04,2026-05-18 12:46:55
2026-04-25 00:00:00,PLAZA,渋谷109店,YOU TOKYO,YOU TOKYO ヘアオイル BS,2,4560,2026-04,2026-05-18 12:46:55
2026-04-25 00:00:00,PLAZA,ルミネ横浜店,YOU TOKYO,YOU TOKYO ヘアミルク CW,3,8040,2026-04,2026-05-18 12:46:55
2026-04-25 00:00:00,PLAZA,ルミネ横浜店,YOU TOKYO,YOU TOKYO ヘアミルク RR,1,2680,2026-04,2026-05-18 12:46:55
2026-04-25 00:00:00,PLAZA,ルミネ横浜店,YOU TOKYO,YOU TOKYO ヘアオイル BS,1,2280,2026-04,2026-05-18 12:46:55
2026-04-25 00:00:00,PLAZA,ルミネ大宮店,ラフドット,ラフドット インティメイトウォッシュ SB,1,3582,2026-04,2026-05-18 12:46:55
2026-04-25 00:00:00,PLAZA,ルミネ大宮店,YOU TOKYO,YOU TOKYO ヘアミルク CW,1,2680,2026-04,2026-05-18 12:46:55
2026-04-25 00:00:00,PLAZA,ルミネ新宿店,ラフドット,ラフドット インティメイトウォッシュ PM,1,3582,2026-04,2026-05-18 12:46:55
2026-04-25 00:00:00,PLAZA,アミュプラザ小倉店,ラフドット,ラフドット インティメイトウォッシュ SB,1,3582,2026-04,2026-05-18 12:46:55
2026-04-25 00:00:00,PLAZA,アミュプラザ小倉店,ラフドット,ラフドット インティメイトウォッシュ PM,1,3582,2026-04,2026-05-18 12:46:55
2026-04-25 00:00:00,PLAZA,アミュプラザ小倉店,YOU TOKYO,YOU TOKYO ヘアミルク RR,2,5360,2026-04,2026-05-18 12:46:55
2026-04-25 00:00:00,PLAZA,アミュプラザ小倉店,YOU TOKYO,YOU TOKYO ヘアオイル BS,1,2280,2026-04,2026-05-18 12:46:55
2026-04-25 00:00:00,PLAZA,京都ポルタ店,ラフドット,ラフドット インティメイトウォッシュ SB,1,3582,2026-04,2026-05-18 12:46:55
2026-04-25 00:00:00,PLAZA,京都ポルタ店,YOU TOKYO,YOU TOKYO ヘアミルク CW,2,5360,2026-04,2026-05-18 12:46:55
2026-04-25 00:00:00,PLAZA,イオンモール羽生店,ラフドット,ラフドット インティメイトFミスト SB,1,3132,2026-04,2026-05-18 12:46:55
2026-04-25 00:00:00,PLAZA,イオンモール羽生店,ラフドット,ラフドット インティメイトFミスト PM,1,3132,2026-04,2026-05-18 12:46:55
2026-04-25 00:00:00,PLAZA,五反田東急スクエア店,ラフドット,ラフドット インティメイトウォッシュ PM,2,7164,2026-04,2026-05-18 12:46:55
2026-04-25 00:00:00,PLAZA,新越谷ヴァリエ店,ラフドット,ラフドット インティメイトウォッシュ SB,1,3582,2026-04,2026-05-18 12:46:55
2026-04-25 00:00:00,PLAZA,新越谷ヴァリエ店,ラフドット,ラフドット ヘアリムーバー,1,3400,2026-04,2026-05-18 12:46:55
2026-04-25 00:00:00,PLAZA,新越谷ヴァリエ店,ラフドット,ラフドット インティメイトウォッシュ MV,2,7164,2026-04,2026-05-18 12:46:55
2026-04-25 00:00:00,PLAZA,新越谷ヴァリエ店,ラフドット,ラフドット インティメイトミスト MV,1,3132,2026-04,2026-05-18 12:46:55
2026-04-25 00:00:00,PLAZA,新越谷ヴァリエ店,YOU TOKYO,YOU TOKYO ヘアミルク CW,1,2680,2026-04,2026-05-18 12:46:55
2026-04-25 00:00:00,PLAZA,新越谷ヴァリエ店,YOU TOKYO,YOU TOKYO ヘアミルク RR,1,2680,2026-04,2026-05-18 12:46:55
2026-04-25 00:00:00,PLAZA,イオンモール堺北花田店,ラフドット,ラフドット インティメイトウォッシュ SB,1,3582,2026-04,2026-05-18 12:46:55
2026-04-25 00:00:00,PLAZA,イオンモール堺北花田店,ラフドット,ラフドット インティメイトミスト MV,1,3132,2026-04,2026-05-18 12:46:55
2026-04-25 00:00:00,PLAZA,柏高島屋ステーションモール店,YOU TOKYO,YOU TOKYO ヘアオイル BS,2,4560,2026-04,2026-05-18 12:46:55
2026-04-25 00:00:00,PLAZA,大船ルミネウイング店,ラフドット,ラフドット インティメイトウォッシュ PM,1,3582,2026-04,2026-05-18 12:46:55
2026-04-25 00:00:00,PLAZA,大船ルミネウイング店,YOU TOKYO,YOU TOKYO ヘアミルク RR,1,2680,2026-04,2026-05-18 12:46:55
2026-04-25 00:00:00,PLAZA,浜松メイワン店,ラフドット,ラフドット インティメイトウォッシュ SB,1,3582,2026-04,2026-05-18 12:46:55
2026-04-25 00:00:00,PLAZA,ルミネエスト新宿店,ラフドット,ラフドット インティメイトウォッシュ SB,1,3582,2026-04,2026-05-18 12:46:55
2026-04-25 00:00:00,PLAZA,ルミネエスト新宿店,YOU TOKYO,YOU TOKYO ヘアミルク RR,1,2680,2026-04,2026-05-18 12:46:55
2026-04-25 00:00:00,PLAZA,天王寺ミオ店,ラフドット,ラフドット インティメイトウォッシュ PM,2,7164,2026-04,2026-05-18 12:46:55
2026-04-25 00:00:00,PLAZA,天王寺ミオ店,YOU TOKYO,YOU TOKYO ヘアミルク RR,2,5360,2026-04,2026-05-18 12:46:55
2026-04-25 00:00:00,PLAZA,ルミネ立川店,ラフドット,ラフドット インティメイトウォッシュ PM,1,3582,2026-04,2026-05-18 12:46:55
2026-04-25 00:00:00,PLAZA,ルミネ立川店,YOU TOKYO,YOU TOKYO ヘアオイル BS,1,2280,2026-04,2026-05-18 12:46:55
2026-04-25 00:00:00,PLAZA,アトレ恵比寿店,ラフドット,ラフドット インティメイトFミスト SB,1,3132,2026-04,2026-05-18 12:46:55
2026-04-25 00:00:00,PLAZA,アトレ恵比寿店,ラフドット,ラフドット インティメイトウォッシュ PM,1,3582,2026-04,2026-05-18 12:46:55
2026-04-25 00:00:00,PLAZA,アトレ恵比寿店,YOU TOKYO,YOU TOKYO ヘアミルク CW,1,2680,2026-04,2026-05-18 12:46:55
2026-04-25 00:00:00,PLAZA,アトレ恵比寿店,YOU TOKYO,YOU TOKYO ヘアミルク RR,2,5360,2026-04,2026-05-18 12:46:55
2026-04-25 00:00:00,PLAZA,なんばシティ店,YOU TOKYO,YOU TOKYO ヘアミルク CW,1,2680,2026-04,2026-05-18 12:46:55
2026-04-25 00:00:00,PLAZA,ルミネ町田店,ラフドット,ラフドット インティメイトウォッシュ MV,1,3582,2026-04,2026-05-18 12:46:55
2026-04-25 00:00:00,PLAZA,ルミネ町田店,YOU TOKYO,YOU TOKYO ヘアミルク RR,1,2680,2026-04,2026-05-18 12:46:55
2026-04-25 00:00:00,PLAZA,ららぽーとTOKYO-BAY店,ラフドット,ラフドット インティメイトウォッシュ PM,1,3582,2026-04,2026-05-18 12:46:55
2026-04-25 00:00:00,PLAZA,ららぽーとTOKYO-BAY店,YOU TOKYO,YOU TOKYO ヘアミルク RR,1,2680,2026-04,2026-05-18 12:46:55
2026-04-25 00:00:00,PLAZA,京橋京阪モール店,YOU TOKYO,YOU TOKYO ヘアミルク RR,1,2680,2026-04,2026-05-18 12:46:55
2026-04-25 00:00:00,PLAZA,ルミネ北千住店,YOU TOKYO,YOU TOKYO ヘアミルク CW,1,2680,2026-04,2026-05-18 12:46:55
2026-04-25 00:00:00,PLAZA,ルミネ北千住店,YOU TOKYO,YOU TOKYO ヘアミルク RR,2,5360,2026-04,2026-05-18 12:46:55
2026-04-25 00:00:00,PLAZA,ルミネ北千住店,YOU TOKYO,YOU TOKYO ヘアオイル RR,1,2280,2026-04,2026-05-18 12:46:55
2026-04-25 00:00:00,PLAZA,札幌ステラプレイス店,ラフドット,ラフドット インティメイトウォッシュ PM,1,3582,2026-04,2026-05-18 12:46:55
2026-04-25 00:00:00,PLAZA,札幌ステラプレイス店,YOU TOKYO,YOU TOKYO ヘアミルク RR,2,5360,2026-04,2026-05-18 12:46:55
2026-04-25 00:00:00,PLAZA,札幌ステラプレイス店,YOU TOKYO,YOU TOKYO ヘアオイル BS,1,2280,2026-04,2026-05-18 12:46:55
2026-04-25 00:00:00,PLAZA,水戸エクセル店,ラフドット,ラフドット インティメイトウォッシュ SB,1,3582,2026-04,2026-05-18 12:46:55
2026-04-25 00:00:00,PLAZA,ルミネ荻窪店,YOU TOKYO,YOU TOKYO ヘアミルク RR,3,8040,2026-04,2026-05-18 12:46:55
2026-04-25 00:00:00,PLAZA,ルミネ荻窪店,YOU TOKYO,YOU TOKYO ヘアオイル BS,1,2280,2026-04,2026-05-18 12:46:55
2026-04-25 00:00:00,PLAZA,岡山一番街店,ラフドット,ラフドット インティメイトウォッシュ PM,1,3582,2026-04,2026-05-18 12:46:55
2026-04-25 00:00:00,PLAZA,ルミネ池袋店,ラフドット,ラフドット インティメイトウォッシュ PM,1,3582,2026-04,2026-05-18 12:46:55
2026-04-25 00:00:00,PLAZA,ルミネ池袋店,YOU TOKYO,YOU TOKYO ヘアオイル RR,1,2280,2026-04,2026-05-18 12:46:55
2026-04-25 00:00:00,PLAZA,イオンモールむさし村山店,YOU TOKYO,YOU TOKYO ヘアミルク RR,1,2680,2026-04,2026-05-18 12:46:55
2026-04-25 00:00:00,PLAZA,舞浜イクスピアリ店,ラフドット,ラフドット インティメイトウォッシュ PM,1,3582,2026-04,2026-05-18 12:46:55
2026-04-25 00:00:00,PLAZA,舞浜イクスピアリ店,ラフドット,ラフドット インティメイトウォッシュ MV,1,3582,2026-04,2026-05-18 12:46:55
2026-04-25 00:00:00,PLAZA,越谷イオンレイクタウン店,ラフドット,ラフドット インティメイトウォッシュ SB,1,3582,2026-04,2026-05-18 12:46:55
2026-04-25 00:00:00,PLAZA,越谷イオンレイクタウン店,ラフドット,ラフドット インティメイトウォッシュ PM,2,7164,2026-04,2026-05-18 12:46:55
2026-04-25 00:00:00,PLAZA,越谷イオンレイクタウン店,YOU TOKYO,YOU TOKYO ヘアミルク CW,1,2680,2026-04,2026-05-18 12:46:55
2026-04-25 00:00:00,PLAZA,たまプラーザテラス店,YOU TOKYO,YOU TOKYO ヘアミルク CW,3,8040,2026-04,2026-05-18 12:46:55
2026-04-25 00:00:00,PLAZA,たまプラーザテラス店,YOU TOKYO,YOU TOKYO ヘアミルク RR,1,2680,2026-04,2026-05-18 12:46:55
2026-04-25 00:00:00,PLAZA,たまプラーザテラス店,YOU TOKYO,YOU TOKYO ヘアオイル BS,1,2280,2026-04,2026-05-18 12:46:55
2026-04-25 00:00:00,PLAZA,たまプラーザテラス店,YOU TOKYO,YOU TOKYO ヘアオイル RR,1,2280,2026-04,2026-05-18 12:46:55
2026-04-25 00:00:00,PLAZA,ルクア大阪店,YOU TOKYO,YOU TOKYO ヘアミルク RR,1,2680,2026-04,2026-05-18 12:46:55
2026-04-25 00:00:00,PLAZA,三井アウトレットパーク木更津店,ラフドット,ラフドット インティメイトウォッシュ PM,1,3582,2026-04,2026-05-18 12:46:55
2026-04-25 00:00:00,PLAZA,イオンモール幕張新都心店,ラフドット,ラフドット インティメイトウォッシュ SB,1,3582,2026-04,2026-05-18 12:46:55
2026-04-25 00:00:00,PLAZA,イーアスつくば店,ラフドット,ラフドット インティメイトウォッシュ MV,1,3582,2026-04,2026-05-18 12:46:55
2026-04-25 00:00:00,PLAZA,ラスカ茅ケ崎店,YOU TOKYO,YOU TOKYO ヘアミルク CW,1,2680,2026-04,2026-05-18 12:46:55
2026-04-25 00:00:00,PLAZA,ラスカ茅ケ崎店,YOU TOKYO,YOU TOKYO ヘアオイル BS,1,2280,2026-04,2026-05-18 12:46:55
2026-04-25 00:00:00,PLAZA,銀座店,ラフドット,ラフドット インティメイトウォッシュ PM,1,3582,2026-04,2026-05-18 12:46:55
2026-04-25 00:00:00,PLAZA,ペリエ千葉店,ラフドット,ラフドット インティメイトウォッシュ SB,1,3582,2026-04,2026-05-18 12:46:55
2026-04-25 00:00:00,PLAZA,ペリエ千葉店,TEABLESS,TEABLESS ボディローションPG,1,1500,2026-04,2026-05-18 12:46:55
2026-04-25 00:00:00,PLAZA,アトレ松戸店,ラフドット,ラフドット インティメイトウォッシュ SB,1,3582,2026-04,2026-05-18 12:46:55
2026-04-25 00:00:00,PLAZA,ペリエ稲毛店,ラフドット,ラフドット インティメイトウォッシュ SB,2,7164,2026-04,2026-05-18 12:46:55
2026-04-25 00:00:00,PLAZA,池袋サンシャインシティアルパ店,YOU TOKYO,YOU TOKYO ヘアミルク RR,1,2680,2026-04,2026-05-18 12:46:55
2026-04-25 00:00:00,PLAZA,コクーンシティさいたま新都心店,ラフドット,ラフドット インティメイトFミスト PM,1,3132,2026-04,2026-05-18 12:46:55
2026-04-25 00:00:00,PLAZA,ららテラス川口店,ラフドット,ラフドット インティメイトウォッシュ PM,1,3582,2026-04,2026-05-18 12:46:55
2026-04-25 00:00:00,PLAZA,ららテラス川口店,ラフドット,ラフドット インティメイトFミスト LV,1,3132,2026-04,2026-05-18 12:46:55
2026-04-25 00:00:00,PLAZA,プラザイオンモールKYOTO店,ラフドット,ラフドット インティメイトウォッシュ PM,1,3582,2026-04,2026-05-18 12:46:55
2026-04-25 00:00:00,PLAZA,プラザイオンモール新居浜店,ラフドット,ラフドット インティメイトウォッシュ SB,1,3582,2026-04,2026-05-18 12:46:55
2026-04-25 00:00:00,PLAZA,プラザイオンモール新居浜店,ラフドット,ラフドット インティメイトウォッシュ MV,1,3582,2026-04,2026-05-18 12:46:55
2026-04-25 00:00:00,PLAZA,沖縄・浦添PARCOCITY店,ラフドット,ラフドット インティメイトFミスト PM,1,3132,2026-04,2026-05-18 12:46:55
2026-04-25 00:00:00,PLAZA,プラザイオンモール高知店,ラフドット,ラフドット インティメイトウォッシュ PM,2,7164,2026-04,2026-05-18 12:46:55
2026-04-25 00:00:00,PLAZA,プラザイオンモール高知店,ラフドット,ラフドット インティメイトウォッシュ MV,1,3582,2026-04,2026-05-18 12:46:55
2026-04-25 00:00:00,PLAZA,イオンモール各務原インター店,ラフドット,ラフドット インティメイトウォッシュ SB,1,3582,2026-04,2026-05-18 12:46:55
2026-04-25 00:00:00,PLAZA,プラザ宇都宮パセオ店,ラフドット,ラフドット インティメイトウォッシュ PM,1,3582,2026-04,2026-05-18 12:46:55
2026-04-25 00:00:00,PLAZA,プラザイオンモール高岡店,ラフドット,ラフドット インティメイトウォッシュ PM,2,7164,2026-04,2026-05-18 12:46:55
2026-04-25 00:00:00,PLAZA,プラザイオンモール福岡店,ラフドット,ラフドット インティメイトウォッシュ PM,1,3582,2026-04,2026-05-18 12:46:55
2026-04-25 00:00:00,PLAZA,イオンモール沖縄ライカム店,ラフドット,ラフドット インティメイトウォッシュ MV,1,3582,2026-04,2026-05-18 12:46:55
2026-04-25 00:00:00,PLAZA,プラザイオンモール豊川店,ラフドット,ラフドット インティメイトウォッシュ LV,1,3582,2026-04,2026-05-18 12:46:55
2026-04-25 00:00:00,PLAZA,プラザイオンモール豊川店,バイワンシー,バイワンシー SP/TRサシェ,1,270,2026-04,2026-05-18 12:46:55
2026-04-25 00:00:00,PLAZA,青森&LOVINA店,ラフドット,ラフドット インティメイトウォッシュ MV,1,3582,2026-04,2026-05-18 12:46:55
2026-04-25 00:00:00,PLAZA,プラザイオンモール浜松市野店,バイワンシー,バイワンシー SP/TRサシェ,2,540,2026-04,2026-05-18 12:46:55
2026-04-25 00:00:00,PLAZA,ファッションクルーズひたちなか,ラフドット,ラフドット インティメイトウォッシュ SB,1,3582,2026-04,2026-05-18 12:46:55
2026-04-25 00:00:00,PLAZA,プラザシャミネ鳥取店,ラフドット,ラフドット インティメイトウォッシュ PM,1,3582,2026-04,2026-05-18 12:46:55
2026-04-25 00:00:00,PLAZA,プラザイオンモール津南店,ラフドット,ラフドット インティメイトウォッシュ PM,1,3582,2026-04,2026-05-18 12:46:55
2026-04-25 00:00:00,PLAZA,プラザイオンモール津南店,YOU TOKYO,YOU TOKYO ヘアミルク RR,2,5360,2026-04,2026-05-18 12:46:55
2026-04-25 00:00:00,PLAZA,プラザイオンモール津南店,YOU TOKYO,YOU TOKYO ヘアオイル BS,1,2280,2026-04,2026-05-18 12:46:55
2026-04-25 00:00:00,PLAZA,プラザイオンモール八幡東店,ラフドット,ラフドット インティメイトウォッシュ SB,1,3582,2026-04,2026-05-18 12:46:55
2026-04-24 00:00:00,PLAZA,三宮店,ラフドット,ラフドット インティメイトミスト MV,1,3132,2026-04,2026-05-18 12:46:55
2026-04-24 00:00:00,PLAZA,玉川高島屋SC店,YOU TOKYO,YOU TOKYO ヘアミルク CW,1,2680,2026-04,2026-05-18 12:46:55
2026-04-24 00:00:00,PLAZA,玉川高島屋SC店,YOU TOKYO,YOU TOKYO ヘアミルク RR,2,5360,2026-04,2026-05-18 12:46:55
2026-04-24 00:00:00,PLAZA,ルミネ横浜店,YOU TOKYO,YOU TOKYO ヘアミルク CW,2,5360,2026-04,2026-05-18 12:46:55
2026-04-24 00:00:00,PLAZA,ルミネ横浜店,YOU TOKYO,YOU TOKYO ヘアオイル BS,1,2280,2026-04,2026-05-18 12:46:55
2026-04-24 00:00:00,PLAZA,ルミネ横浜店,YOU TOKYO,YOU TOKYO ヘアオイル RR,1,2280,2026-04,2026-05-18 12:46:55
2026-04-24 00:00:00,PLAZA,ルミネ大宮店,ラフドット,ラフドット インティメイトウォッシュ SB,1,3582,2026-04,2026-05-18 12:46:55
2026-04-24 00:00:00,PLAZA,ルミネ大宮店,YOU TOKYO,YOU TOKYO ヘアミルク CW,1,2680,2026-04,2026-05-18 12:46:55
2026-04-24 00:00:00,PLAZA,ルミネ大宮店,YOU TOKYO,YOU TOKYO ヘアオイル BS,1,2280,2026-04,2026-05-18 12:46:55
2026-04-24 00:00:00,PLAZA,ルミネ新宿店,YOU TOKYO,YOU TOKYO ヘアミルク RR,1,2680,2026-04,2026-05-18 12:46:55
2026-04-24 00:00:00,PLAZA,汐留シオサイト店,ラフドット,ラフドット インティメイトウォッシュ SB,1,3582,2026-04,2026-05-18 12:46:55
2026-04-24 00:00:00,PLAZA,横浜ジョイナス店,YOU TOKYO,YOU TOKYO ヘアミルク RR,1,2680,2026-04,2026-05-18 12:46:55
2026-04-24 00:00:00,PLAZA,京都ポルタ店,YOU TOKYO,YOU TOKYO ヘアミルク CW,1,2680,2026-04,2026-05-18 12:46:55
2026-04-24 00:00:00,PLAZA,イオンモール羽生店,ラフドット,ラフドット インティメイトウォッシュ PM,1,3582,2026-04,2026-05-18 12:46:55
2026-04-24 00:00:00,PLAZA,新越谷ヴァリエ店,YOU TOKYO,YOU TOKYO ヘアミルク CW,1,2680,2026-04,2026-05-18 12:46:55
2026-04-24 00:00:00,PLAZA,新越谷ヴァリエ店,YOU TOKYO,YOU TOKYO ヘアミルク RR,1,2680,2026-04,2026-05-18 12:46:55
2026-04-24 00:00:00,PLAZA,イオンモール堺北花田店,ラフドット,ラフドット インティメイトウォッシュ PM,1,3582,2026-04,2026-05-18 12:46:55
2026-04-24 00:00:00,PLAZA,柏高島屋ステーションモール店,YOU TOKYO,YOU TOKYO ヘアミルク RR,2,5360,2026-04,2026-05-18 12:46:55
2026-04-24 00:00:00,PLAZA,大船ルミネウイング店,ラフドット,ラフドット インティメイトウォッシュ PM,1,3582,2026-04,2026-05-18 12:46:55
2026-04-24 00:00:00,PLAZA,大船ルミネウイング店,YOU TOKYO,YOU TOKYO ヘアミルク RR,1,2680,2026-04,2026-05-18 12:46:55
2026-04-24 00:00:00,PLAZA,ルミネエスト新宿店,YOU TOKYO,YOU TOKYO ヘアミルク RR,2,5360,2026-04,2026-05-18 12:46:55
2026-04-24 00:00:00,PLAZA,天王寺ミオ店,ラフドット,ラフドット インティメイトウォッシュ SB,1,3582,2026-04,2026-05-18 12:46:55
2026-04-24 00:00:00,PLAZA,天王寺ミオ店,YOU TOKYO,YOU TOKYO ヘアミルク RR,3,8040,2026-04,2026-05-18 12:46:55
2026-04-24 00:00:00,PLAZA,アトレ川越店,YOU TOKYO,YOU TOKYO ヘアミルク CW,1,2680,2026-04,2026-05-18 12:46:55
2026-04-24 00:00:00,PLAZA,ウイング上大岡店,YOU TOKYO,YOU TOKYO ヘアミルク RR,1,2680,2026-04,2026-05-18 12:46:55
2026-04-24 00:00:00,PLAZA,ウイング上大岡店,YOU TOKYO,YOU TOKYO ヘアオイル BS,1,2280,2026-04,2026-05-18 12:46:55
2026-04-24 00:00:00,PLAZA,アトレ恵比寿店,YOU TOKYO,YOU TOKYO ヘアミルク CW,1,2680,2026-04,2026-05-18 12:46:55
2026-04-24 00:00:00,PLAZA,アトレ恵比寿店,YOU TOKYO,YOU TOKYO ヘアミルク RR,1,2680,2026-04,2026-05-18 12:46:55
2026-04-24 00:00:00,PLAZA,アトレ恵比寿店,TEABLESS,TEABLESS ボディローションMR,1,1500,2026-04,2026-05-18 12:46:55
2026-04-24 00:00:00,PLAZA,アトレ川崎店,YOU TOKYO,YOU TOKYO ヘアミルク CW,1,2680,2026-04,2026-05-18 12:46:55
2026-04-24 00:00:00,PLAZA,なんばシティ店,YOU TOKYO,YOU TOKYO ヘアオイル RR,1,2280,2026-04,2026-05-18 12:46:55
2026-04-24 00:00:00,PLAZA,ららぽーとTOKYO-BAY店,TEABLESS,TEABLESS ボディローションLW,1,1500,2026-04,2026-05-18 12:46:55
2026-04-24 00:00:00,PLAZA,京橋京阪モール店,ラフドット,ラフドット インティメイトウォッシュ SB,2,7164,2026-04,2026-05-18 12:46:55
2026-04-24 00:00:00,PLAZA,京橋京阪モール店,ラフドット,ラフドット インティメイトウォッシュ PM,1,3582,2026-04,2026-05-18 12:46:55
2026-04-24 00:00:00,PLAZA,ルミネ北千住店,ラフドット,ラフドット インティメイトウォッシュ MV,1,3582,2026-04,2026-05-18 12:46:55
2026-04-24 00:00:00,PLAZA,ルミネ北千住店,YOU TOKYO,YOU TOKYO ヘアオイル BS,1,2280,2026-04,2026-05-18 12:46:55
2026-04-24 00:00:00,PLAZA,札幌ステラプレイス店,ラフドット,ラフドット インティメイトウォッシュ SB,1,3582,2026-04,2026-05-18 12:46:55
2026-04-24 00:00:00,PLAZA,札幌ステラプレイス店,YOU TOKYO,YOU TOKYO ヘアミルク RR,1,2680,2026-04,2026-05-18 12:46:55
2026-04-24 00:00:00,PLAZA,水戸エクセル店,ラフドット,ラフドット インティメイトウォッシュ PM,2,7164,2026-04,2026-05-18 12:46:55
2026-04-24 00:00:00,PLAZA,ルミネ荻窪店,YOU TOKYO,YOU TOKYO ヘアミルク RR,1,2680,2026-04,2026-05-18 12:46:55
2026-04-24 00:00:00,PLAZA,ルミネ池袋店,ラフドット,ラフドット インティメイトウォッシュ LV,1,3582,2026-04,2026-05-18 12:46:55
2026-04-24 00:00:00,PLAZA,イオンモールむさし村山店,ラフドット,ラフドット インティメイトウォッシュ SB,1,3582,2026-04,2026-05-18 12:46:55
2026-04-24 00:00:00,PLAZA,イオンモールむさし村山店,YOU TOKYO,YOU TOKYO ヘアミルク RR,1,2680,2026-04,2026-05-18 12:46:55
2026-04-24 00:00:00,PLAZA,舞浜イクスピアリ店,YOU TOKYO,YOU TOKYO ヘアオイル BS,1,2280,2026-04,2026-05-18 12:46:55
2026-04-24 00:00:00,PLAZA,越谷イオンレイクタウン店,YOU TOKYO,YOU TOKYO ヘアミルク CW,1,2680,2026-04,2026-05-18 12:46:55
2026-04-24 00:00:00,PLAZA,越谷イオンレイクタウン店,YOU TOKYO,YOU TOKYO ヘアオイル BS,2,4560,2026-04,2026-05-18 12:46:55
2026-04-24 00:00:00,PLAZA,たまプラーザテラス店,YOU TOKYO,YOU TOKYO ヘアミルク CW,1,2680,2026-04,2026-05-18 12:46:55
2026-04-24 00:00:00,PLAZA,たまプラーザテラス店,YOU TOKYO,YOU TOKYO ヘアミルク RR,2,5360,2026-04,2026-05-18 12:46:55
2026-04-24 00:00:00,PLAZA,ルクア大阪店,YOU TOKYO,YOU TOKYO ヘアミルク RR,2,5360,2026-04,2026-05-18 12:46:55
2026-04-24 00:00:00,PLAZA,金沢フォーラス店,ラフドット,ラフドット インティメイトFミスト PM,1,3132,2026-04,2026-05-18 12:46:55
2026-04-24 00:00:00,PLAZA,ペリエ千葉店,ラフドット,ラフドット インティメイトウォッシュ MV,1,3582,2026-04,2026-05-18 12:46:55
2026-04-24 00:00:00,PLAZA,ペリエ千葉店,YOU TOKYO,YOU TOKYO ヘアミルク CW,1,2680,2026-04,2026-05-18 12:46:55
2026-04-24 00:00:00,PLAZA,ペリエ千葉店,YOU TOKYO,YOU TOKYO ヘアミルク RR,1,2680,2026-04,2026-05-18 12:46:55
2026-04-24 00:00:00,PLAZA,名古屋ユニモール店,ラフドット,ラフドット インティメイトウォッシュ PM,1,3582,2026-04,2026-05-18 12:46:55
2026-04-24 00:00:00,PLAZA,名古屋ユニモール店,ラフドット,ラフドット インティメイトFミスト PM,1,3132,2026-04,2026-05-18 12:46:55
2026-04-24 00:00:00,PLAZA,心斎橋パルコ店,YOU TOKYO,YOU TOKYO ヘアミルク CW,1,2680,2026-04,2026-05-18 12:46:55
2026-04-24 00:00:00,PLAZA,船橋東武店,YOU TOKYO,YOU TOKYO ヘアミルク CW,1,2680,2026-04,2026-05-18 12:46:55
2026-04-24 00:00:00,PLAZA,船橋東武店,YOU TOKYO,YOU TOKYO ヘアオイル BS,1,2280,2026-04,2026-05-18 12:46:55
2026-04-24 00:00:00,PLAZA,錦糸町テルミナ2店,ラフドット,ラフドット インティメイトウォッシュ MV,1,3582,2026-04,2026-05-18 12:46:55
2026-04-24 00:00:00,PLAZA,ルミネ有楽町店,ラフドット,ラフドット インティメイトウォッシュ PM,1,3582,2026-04,2026-05-18 12:46:55
2026-04-24 00:00:00,PLAZA,三井アウトレットマリンピア神戸,ラフドット,ラフドット インティメイトFミスト PM,1,3132,2026-04,2026-05-18 12:46:55
2026-04-24 00:00:00,PLAZA,コクーンシティさいたま新都心店,ラフドット,ラフドット インティメイトウォッシュ SB,1,3582,2026-04,2026-05-18 12:46:55
2026-04-24 00:00:00,PLAZA,コクーンシティさいたま新都心店,ラフドット,ラフドット インティメイトウォッシュ MV,1,3582,2026-04,2026-05-18 12:46:55
2026-04-24 00:00:00,PLAZA,プラザイオンモール橿原店,ラフドット,ラフドット インティメイトウォッシュ SB,1,3582,2026-04,2026-05-18 12:46:55
2026-04-24 00:00:00,PLAZA,プラザイオンモール橿原店,ラフドット,ラフドット インティメイトウォッシュ PM,1,3582,2026-04,2026-05-18 12:46:55
2026-04-24 00:00:00,PLAZA,プラザイオンモール太田店,ラフドット,ラフドット インティメイトウォッシュ PM,1,3582,2026-04,2026-05-18 12:46:55
2026-04-24 00:00:00,PLAZA,プラザミナモア広島店,ラフドット,ラフドット インティメイトウォッシュ PM,1,3582,2026-04,2026-05-18 12:46:55
2026-04-24 00:00:00,PLAZA,プラザミナモア広島店,ラフドット,ラフドット インティメイトウォッシュ LV,1,3582,2026-04,2026-05-18 12:46:55
2026-04-24 00:00:00,PLAZA,プラザミナモア広島店,YOU TOKYO,YOU TOKYO ヘアミルク RR,3,8040,2026-04,2026-05-18 12:46:55
2026-04-24 00:00:00,PLAZA,プラザららぽーと磐田店,ラフドット,ラフドット インティメイトウォッシュ PM,1,3582,2026-04,2026-05-18 12:46:55
2026-04-24 00:00:00,PLAZA,プラザららぽーと磐田店,ラフドット,ラフドット インティメイトウォッシュ MV,1,3582,2026-04,2026-05-18 12:46:55
2026-04-24 00:00:00,PLAZA,プラザイオンモール岡崎店,ラフドット,ラフドット インティメイトウォッシュ PM,1,3582,2026-04,2026-05-18 12:46:55
2026-04-24 00:00:00,PLAZA,プラザイオンモール川口前川店,ラフドット,ラフドット インティメイトウォッシュ LV,1,3582,2026-04,2026-05-18 12:46:55
2026-04-24 00:00:00,PLAZA,青森&LOVINA店,ラフドット,ラフドット インティメイトウォッシュ PM,1,3582,2026-04,2026-05-18 12:46:55
2026-04-24 00:00:00,PLAZA,プラザイオンモール浜松市野店,ラフドット,ラフドット インティメイトウォッシュ PM,1,3582,2026-04,2026-05-18 12:46:55
2026-04-24 00:00:00,PLAZA,プラザイオンモール浜松市野店,YOU TOKYO,YOU TOKYO ヘアミルク RR,2,5360,2026-04,2026-05-18 12:46:55
2026-04-24 00:00:00,PLAZA,プラザイオンモール浜松市野店,YOU TOKYO,YOU TOKYO ヘアオイル RR,1,2280,2026-04,2026-05-18 12:46:55
2026-04-24 00:00:00,PLAZA,ファッションクルーズひたちなか,ラフドット,ラフドット インティメイトウォッシュ PM,1,3582,2026-04,2026-05-18 12:46:55
2026-04-24 00:00:00,PLAZA,プラザイオンモール八幡東店,ラフドット,ラフドット インティメイトウォッシュ PM,1,3582,2026-04,2026-05-18 12:46:55
2026-04-24 00:00:00,PLAZA,オンラインストア,YOU TOKYO,YOU TOKYO ヘアミルク CW,2,5360,2026-04,2026-05-18 12:46:55
2026-04-23 00:00:00,PLAZA,三宮店,レチスパ,レチスパ ヘアオイル,1,2400,2026-04,2026-05-18 12:46:55
2026-04-23 00:00:00,PLAZA,玉川高島屋SC店,YOU TOKYO,YOU TOKYO ヘアオイル BS,1,2280,2026-04,2026-05-18 12:46:55
2026-04-23 00:00:00,PLAZA,渋谷109店,ラフドット,ラフドット インティメイトウォッシュ LV,1,3582,2026-04,2026-05-18 12:46:55
2026-04-23 00:00:00,PLAZA,渋谷109店,YOU TOKYO,YOU TOKYO ヘアオイル RR,1,2280,2026-04,2026-05-18 12:46:55
2026-04-23 00:00:00,PLAZA,ルミネ横浜店,YOU TOKYO,YOU TOKYO ヘアミルク CW,3,8040,2026-04,2026-05-18 12:46:55
2026-04-23 00:00:00,PLAZA,ルミネ大宮店,ラフドット,ラフドット インティメイトウォッシュ PM,2,7164,2026-04,2026-05-18 12:46:55
2026-04-23 00:00:00,PLAZA,ルミネ新宿店,ラフドット,ラフドット インティメイトウォッシュ PM,1,3582,2026-04,2026-05-18 12:46:55
2026-04-23 00:00:00,PLAZA,ルミネ新宿店,ラフドット,ラフドット ヘアリムーバー,2,6800,2026-04,2026-05-18 12:46:55
2026-04-23 00:00:00,PLAZA,ルミネ新宿店,ラフドット,ラフドット インティメイトウォッシュ MV,1,3582,2026-04,2026-05-18 12:46:55
2026-04-23 00:00:00,PLAZA,アミュプラザ小倉店,レチスパ,レチスパ ヘアオイル,1,2400,2026-04,2026-05-18 12:46:55
2026-04-23 00:00:00,PLAZA,横浜ジョイナス店,ラフドット,ラフドット インティメイトミスト MV,1,3132,2026-04,2026-05-18 12:46:55
2026-04-23 00:00:00,PLAZA,柏高島屋ステーションモール店,ラフドット,ラフドット インティメイトウォッシュ SB,1,3582,2026-04,2026-05-18 12:46:55
2026-04-23 00:00:00,PLAZA,柏高島屋ステーションモール店,YOU TOKYO,YOU TOKYO ヘアミルク RR,2,5360,2026-04,2026-05-18 12:46:55
2026-04-23 00:00:00,PLAZA,ルミネエスト新宿店,YOU TOKYO,YOU TOKYO ヘアオイル BS,1,2280,2026-04,2026-05-18 12:46:55
2026-04-23 00:00:00,PLAZA,ルミネエスト新宿店,YOU TOKYO,YOU TOKYO ヘアオイル RR,1,2280,2026-04,2026-05-18 12:46:55
2026-04-23 00:00:00,PLAZA,天王寺ミオ店,ラフドット,ラフドット インティメイトウォッシュ MV,1,3582,2026-04,2026-05-18 12:46:55
2026-04-23 00:00:00,PLAZA,天王寺ミオ店,YOU TOKYO,YOU TOKYO ヘアミルク RR,1,2680,2026-04,2026-05-18 12:46:55
2026-04-23 00:00:00,PLAZA,アトレ恵比寿店,YOU TOKYO,YOU TOKYO ヘアオイル RR,1,2280,2026-04,2026-05-18 12:46:55
2026-04-23 00:00:00,PLAZA,なんばシティ店,ラフドット,ラフドット インティメイトウォッシュ PM,1,3582,2026-04,2026-05-18 12:46:55
2026-04-23 00:00:00,PLAZA,ルミネ町田店,ラフドット,ラフドット インティメイトウォッシュ PM,1,3582,2026-04,2026-05-18 12:46:55
2026-04-23 00:00:00,PLAZA,ららぽーとTOKYO-BAY店,YOU TOKYO,YOU TOKYO ヘアミルク RR,1,2680,2026-04,2026-05-18 12:46:55
2026-04-23 00:00:00,PLAZA,ルミネ北千住店,YOU TOKYO,YOU TOKYO ヘアミルク CW,1,2680,2026-04,2026-05-18 12:46:55
2026-04-23 00:00:00,PLAZA,水戸エクセル店,ラフドット,ラフドット インティメイトウォッシュ SB,1,3582,2026-04,2026-05-18 12:46:55
2026-04-23 00:00:00,PLAZA,ルミネ荻窪店,YOU TOKYO,YOU TOKYO ヘアミルク RR,2,5360,2026-04,2026-05-18 12:46:55
2026-04-23 00:00:00,PLAZA,ルミネ池袋店,ラフドット,ラフドット インティメイトウォッシュ SB,1,3582,2026-04,2026-05-18 12:46:55
2026-04-23 00:00:00,PLAZA,ルミネ池袋店,YOU TOKYO,YOU TOKYO ヘアミルク RR,1,2680,2026-04,2026-05-18 12:46:55
2026-04-23 00:00:00,PLAZA,イオンモールむさし村山店,YOU TOKYO,YOU TOKYO ヘアミルク RR,2,5360,2026-04,2026-05-18 12:46:55
2026-04-23 00:00:00,PLAZA,舞浜イクスピアリ店,YOU TOKYO,YOU TOKYO ヘアオイル BS,1,2280,2026-04,2026-05-18 12:46:55
2026-04-23 00:00:00,PLAZA,三井アウトレットパーク入間店,ラフドット,ラフドット インティメイトウォッシュ PM,1,3582,2026-04,2026-05-18 12:46:55
2026-04-23 00:00:00,PLAZA,越谷イオンレイクタウン店,ラフドット,ラフドット インティメイトウォッシュ MV,1,3582,2026-04,2026-05-18 12:46:55
2026-04-23 00:00:00,PLAZA,越谷イオンレイクタウン店,YOU TOKYO,YOU TOKYO ヘアミルク CW,1,2680,2026-04,2026-05-18 12:46:55
2026-04-23 00:00:00,PLAZA,たまプラーザテラス店,YOU TOKYO,YOU TOKYO ヘアミルク CW,2,5360,2026-04,2026-05-18 12:46:55
2026-04-23 00:00:00,PLAZA,ルクア大阪店,YOU TOKYO,YOU TOKYO ヘアミルク RR,1,2680,2026-04,2026-05-18 12:46:55
2026-04-23 00:00:00,PLAZA,三井アウトレットパーク木更津店,ラフドット,ラフドット インティメイトウォッシュ MV,1,3582,2026-04,2026-05-18 12:46:55
2026-04-23 00:00:00,PLAZA,三井アウトレットパーク木更津店,YOU TOKYO,YOU TOKYO ヘアミルク RR,2,5360,2026-04,2026-05-18 12:46:55
2026-04-23 00:00:00,PLAZA,上野マルイ店,ラフドット,ラフドット インティメイトウォッシュ SB,1,3582,2026-04,2026-05-18 12:46:55
2026-04-23 00:00:00,PLAZA,金沢フォーラス店,ラフドット,ラフドット インティメイトウォッシュ PM,1,3582,2026-04,2026-05-18 12:46:55
2026-04-23 00:00:00,PLAZA,静岡パルシェ店,ラフドット,ラフドット インティメイトウォッシュ SB,1,3582,2026-04,2026-05-18 12:46:55
2026-04-23 00:00:00,PLAZA,ルミネ有楽町店,ラフドット,ラフドット インティメイトウォッシュ SB,1,3582,2026-04,2026-05-18 12:46:55
2026-04-23 00:00:00,PLAZA,池袋サンシャインシティアルパ店,ラフドット,ラフドット インティメイトウォッシュ PM,1,3582,2026-04,2026-05-18 12:46:55
2026-04-23 00:00:00,PLAZA,コクーンシティさいたま新都心店,ラフドット,ラフドット インティメイトウォッシュ SB,1,3582,2026-04,2026-05-18 12:46:55
2026-04-23 00:00:00,PLAZA,プラザイオンモール筑紫野店,ラフドット,ラフドット インティメイトウォッシュ PM,1,3582,2026-04,2026-05-18 12:46:55
2026-04-23 00:00:00,PLAZA,プラザイオンモール筑紫野店,ラフドット,ラフドット インティメイトFミスト PM,1,3132,2026-04,2026-05-18 12:46:55
2026-04-23 00:00:00,PLAZA,プラザイオンモール新居浜店,ラフドット,ラフドット インティメイトウォッシュ MV,1,3582,2026-04,2026-05-18 12:46:55
2026-04-23 00:00:00,PLAZA,プラザミナモア広島店,ラフドット,ラフドット インティメイトウォッシュ PM,1,3582,2026-04,2026-05-18 12:46:55
2026-04-23 00:00:00,PLAZA,プラザイオンモール宮崎店,ラフドット,ラフドット インティメイトウォッシュ PM,1,3582,2026-04,2026-05-18 12:46:55
2026-04-23 00:00:00,PLAZA,プラザららぽーと湘南平塚店,ラフドット,ラフドット インティメイトウォッシュ PM,1,3582,2026-04,2026-05-18 12:46:55
2026-04-23 00:00:00,PLAZA,プラザららぽーと磐田店,ラフドット,ラフドット インティメイトウォッシュ PM,1,3582,2026-04,2026-05-18 12:46:55
2026-04-23 00:00:00,PLAZA,プラザイオンモール高知店,ラフドット,ラフドット インティメイトウォッシュ PM,1,3582,2026-04,2026-05-18 12:46:55
2026-04-23 00:00:00,PLAZA,イオンモール各務原インター店,ラフドット,ラフドット インティメイトウォッシュ SB,1,3582,2026-04,2026-05-18 12:46:55
2026-04-23 00:00:00,PLAZA,イオンモール各務原インター店,ラフドット,ラフドット インティメイトウォッシュ PM,2,7164,2026-04,2026-05-18 12:46:55
2026-04-23 00:00:00,PLAZA,プラザイオンモール白山店,YOU TOKYO,YOU TOKYO ヘアミルク RR,1,2680,2026-04,2026-05-18 12:46:55
2026-04-23 00:00:00,PLAZA,プラザイオンモール岡崎店,ラフドット,ラフドット インティメイトウォッシュ PM,1,3582,2026-04,2026-05-18 12:46:55
2026-04-23 00:00:00,PLAZA,プラザイオンモール岡崎店,ラフドット,ラフドット インティメイトウォッシュ MV,1,3582,2026-04,2026-05-18 12:46:55
2026-04-23 00:00:00,PLAZA,プラザイオンモール高岡店,ラフドット,ラフドット インティメイトウォッシュ PM,2,7164,2026-04,2026-05-18 12:46:55
2026-04-23 00:00:00,PLAZA,CoCoLo新潟店,ラフドット,ラフドット インティメイトFミスト PM,1,3132,2026-04,2026-05-18 12:46:55
2026-04-23 00:00:00,PLAZA,オンラインストア,YOU TOKYO,YOU TOKYO ヘアオイル RR,2,4560,2026-04,2026-05-18 12:46:55
2026-04-22 00:00:00,PLAZA,玉川高島屋SC店,YOU TOKYO,YOU TOKYO ヘアミルク CW,1,2680,2026-04,2026-05-18 12:46:55
2026-04-22 00:00:00,PLAZA,ルミネ横浜店,ラフドット,ラフドット インティメイトウォッシュ PM,1,3582,2026-04,2026-05-18 12:46:55
2026-04-22 00:00:00,PLAZA,ルミネ横浜店,YOU TOKYO,YOU TOKYO ヘアミルク CW,1,2680,2026-04,2026-05-18 12:46:55
2026-04-22 00:00:00,PLAZA,ルミネ横浜店,YOU TOKYO,YOU TOKYO ヘアオイル BS,1,2280,2026-04,2026-05-18 12:46:55
2026-04-22 00:00:00,PLAZA,ルミネ横浜店,YOU TOKYO,YOU TOKYO ヘアオイル RR,1,2280,2026-04,2026-05-18 12:46:55
2026-04-22 00:00:00,PLAZA,アトレ大井町店,ラフドット,ラフドット インティメイトウォッシュ PM,1,3582,2026-04,2026-05-18 12:46:55
2026-04-22 00:00:00,PLAZA,ルミネ大宮店,YOU TOKYO,YOU TOKYO ヘアミルク CW,1,2680,2026-04,2026-05-18 12:46:55
2026-04-22 00:00:00,PLAZA,ルミネ新宿店,ラフドット,ラフドット インティメイトFミスト LV,1,3132,2026-04,2026-05-18 12:46:55
2026-04-22 00:00:00,PLAZA,ルミネ新宿店,YOU TOKYO,YOU TOKYO ヘアオイル BS,1,2280,2026-04,2026-05-18 12:46:55
2026-04-22 00:00:00,PLAZA,イオンモール羽生店,ラフドット,ラフドット インティメイトウォッシュ SB,1,3582,2026-04,2026-05-18 12:46:55
2026-04-22 00:00:00,PLAZA,新越谷ヴァリエ店,YOU TOKYO,YOU TOKYO ヘアミルク CW,1,2680,2026-04,2026-05-18 12:46:55
2026-04-22 00:00:00,PLAZA,柏高島屋ステーションモール店,YOU TOKYO,YOU TOKYO ヘアミルク RR,1,2680,2026-04,2026-05-18 12:46:55
2026-04-22 00:00:00,PLAZA,大船ルミネウイング店,ラフドット,ラフドット インティメイトウォッシュ SB,1,3582,2026-04,2026-05-18 12:46:55
2026-04-22 00:00:00,PLAZA,浜松メイワン店,ラフドット,ラフドット インティメイトウォッシュ MV,1,3582,2026-04,2026-05-18 12:46:55
2026-04-22 00:00:00,PLAZA,天王寺ミオ店,YOU TOKYO,YOU TOKYO ヘアオイル BS,1,2280,2026-04,2026-05-18 12:46:55
2026-04-22 00:00:00,PLAZA,アトレ川越店,YOU TOKYO,YOU TOKYO ヘアミルク RR,1,2680,2026-04,2026-05-18 12:46:55
2026-04-22 00:00:00,PLAZA,アトレ恵比寿店,YOU TOKYO,YOU TOKYO ヘアミルク CW,1,2680,2026-04,2026-05-18 12:46:55
2026-04-22 00:00:00,PLAZA,アトレ恵比寿店,YOU TOKYO,YOU TOKYO ヘアミルク RR,1,2680,2026-04,2026-05-18 12:46:55
2026-04-22 00:00:00,PLAZA,アトレ川崎店,ラフドット,ラフドット インティメイトウォッシュ SB,1,3582,2026-04,2026-05-18 12:46:55
2026-04-22 00:00:00,PLAZA,アトレ川崎店,YOU TOKYO,YOU TOKYO ヘアミルク CW,1,2680,2026-04,2026-05-18 12:46:55
2026-04-22 00:00:00,PLAZA,アトレ川崎店,YOU TOKYO,YOU TOKYO ヘアミルク RR,1,2680,2026-04,2026-05-18 12:46:55
2026-04-22 00:00:00,PLAZA,なんばシティ店,ラフドット,ラフドット インティメイトウォッシュ SB,1,3582,2026-04,2026-05-18 12:46:55
2026-04-22 00:00:00,PLAZA,なんばシティ店,ラフドット,ラフドット インティメイトウォッシュ PM,1,3582,2026-04,2026-05-18 12:46:55
2026-04-22 00:00:00,PLAZA,ルミネ町田店,YOU TOKYO,YOU TOKYO ヘアミルク RR,1,2680,2026-04,2026-05-18 12:46:55
2026-04-22 00:00:00,PLAZA,池袋パルコ店,YOU TOKYO,YOU TOKYO ヘアミルク CW,2,5360,2026-04,2026-05-18 12:46:55
2026-04-22 00:00:00,PLAZA,ららぽーとTOKYO-BAY店,YOU TOKYO,YOU TOKYO ヘアミルク RR,1,2680,2026-04,2026-05-18 12:46:55
2026-04-22 00:00:00,PLAZA,京橋京阪モール店,ラフドット,ラフドット インティメイトウォッシュ SB,1,3582,2026-04,2026-05-18 12:46:55
2026-04-22 00:00:00,PLAZA,札幌ステラプレイス店,YOU TOKYO,YOU TOKYO ヘアミルク RR,2,5360,2026-04,2026-05-18 12:46:55
2026-04-22 00:00:00,PLAZA,ルミネ荻窪店,ラフドット,ラフドット ヤクヨウホワイトセラム,1,3237,2026-04,2026-05-18 12:46:55
2026-04-22 00:00:00,PLAZA,ルミネ荻窪店,YOU TOKYO,YOU TOKYO ヘアミルク RR,1,2680,2026-04,2026-05-18 12:46:55
2026-04-22 00:00:00,PLAZA,ルミネ池袋店,YOU TOKYO,YOU TOKYO ヘアオイル RR,2,4560,2026-04,2026-05-18 12:46:55
2026-04-22 00:00:00,PLAZA,イオンモールむさし村山店,ラフドット,ラフドット インティメイトウォッシュ SB,1,3582,2026-04,2026-05-18 12:46:55
2026-04-22 00:00:00,PLAZA,イオンモールむさし村山店,YOU TOKYO,YOU TOKYO ヘアオイル BS,1,2280,2026-04,2026-05-18 12:46:55
2026-04-22 00:00:00,PLAZA,神戸三田プレミアムアウトレット,TEABLESS,TEABLESS ボディローションLW,1,1500,2026-04,2026-05-18 12:46:55
2026-04-22 00:00:00,PLAZA,越谷イオンレイクタウン店,YOU TOKYO,YOU TOKYO ヘアミルク RR,1,2680,2026-04,2026-05-18 12:46:55
2026-04-22 00:00:00,PLAZA,たまプラーザテラス店,YOU TOKYO,YOU TOKYO ヘアミルク RR,2,5360,2026-04,2026-05-18 12:46:55
2026-04-22 00:00:00,PLAZA,三井アウトレットパーク木更津店,YOU TOKYO,YOU TOKYO ヘアミルク CW,1,2680,2026-04,2026-05-18 12:46:55
2026-04-22 00:00:00,PLAZA,上野マルイ店,ラフドット,ラフドット インティメイトウォッシュ SB,1,3582,2026-04,2026-05-18 12:46:55
2026-04-22 00:00:00,PLAZA,上野マルイ店,ラフドット,ラフドット ヤクヨウホワイトセラム,1,3237,2026-04,2026-05-18 12:46:55
2026-04-22 00:00:00,PLAZA,軽井沢プリンスショッピングP店,ラフドット,ラフドット インティメイトウォッシュ PM,1,3582,2026-04,2026-05-18 12:46:55
2026-04-22 00:00:00,PLAZA,軽井沢プリンスショッピングP店,YOU TOKYO,YOU TOKYO ヘアオイル BS,1,2280,2026-04,2026-05-18 12:46:55
2026-04-22 00:00:00,PLAZA,ららぽーとEXPOCITY店,バイワンシー,バイワンシー ヒートケアトリートメント,1,2700,2026-04,2026-05-18 12:46:55
2026-04-22 00:00:00,PLAZA,ラスカ茅ケ崎店,ラフドット,ラフドット インティメイトウォッシュ PM,1,3582,2026-04,2026-05-18 12:46:55
2026-04-22 00:00:00,PLAZA,ラスカ茅ケ崎店,YOU TOKYO,YOU TOKYO ヘアミルク CW,1,2680,2026-04,2026-05-18 12:46:55
2026-04-22 00:00:00,PLAZA,ラスカ茅ケ崎店,TEABLESS,TEABLESS ボディローションMR,1,1500,2026-04,2026-05-18 12:46:55
2026-04-22 00:00:00,PLAZA,京都四条店,TEABLESS,TEABLESS ボディローションAE,1,1500,2026-04,2026-05-18 12:46:55
2026-04-22 00:00:00,PLAZA,ペリエ千葉店,YOU TOKYO,YOU TOKYO ヘアミルク CW,1,2680,2026-04,2026-05-18 12:46:55
2026-04-22 00:00:00,PLAZA,ペリエ千葉店,YOU TOKYO,YOU TOKYO ヘアミルク RR,1,2680,2026-04,2026-05-18 12:46:55
2026-04-22 00:00:00,PLAZA,アミュプラザくまもと店,ラフドット,ラフドット インティメイトウォッシュ SB,1,3582,2026-04,2026-05-18 12:46:55
2026-04-22 00:00:00,PLAZA,アトレ松戸店,ラフドット,ラフドット インティメイトウォッシュ PM,1,3582,2026-04,2026-05-18 12:46:55
2026-04-22 00:00:00,PLAZA,船橋東武店,YOU TOKYO,YOU TOKYO ヘアミルク CW,1,2680,2026-04,2026-05-18 12:46:55
2026-04-22 00:00:00,PLAZA,船橋東武店,YOU TOKYO,YOU TOKYO ヘアミルク RR,2,5360,2026-04,2026-05-18 12:46:55
2026-04-22 00:00:00,PLAZA,ルミネ有楽町店,ラフドット,ラフドット インティメイトウォッシュ PM,1,3582,2026-04,2026-05-18 12:46:55
2026-04-22 00:00:00,PLAZA,ルミネ有楽町店,YOU TOKYO,YOU TOKYO ヘアミルク RR,1,2680,2026-04,2026-05-18 12:46:55
2026-04-22 00:00:00,PLAZA,コクーンシティさいたま新都心店,ラフドット,ラフドット インティメイトウォッシュ SB,1,3582,2026-04,2026-05-18 12:46:55
2026-04-22 00:00:00,PLAZA,ららテラス川口店,ラフドット,ラフドット インティメイトウォッシュ PM,1,3582,2026-04,2026-05-18 12:46:55
2026-04-22 00:00:00,PLAZA,ららテラス川口店,ラフドット,ラフドット インティメイトウォッシュ LV,1,3582,2026-04,2026-05-18 12:46:55
2026-04-22 00:00:00,PLAZA,プラザイオンモール日の出店,ラフドット,ラフドット インティメイトウォッシュ SB,1,3582,2026-04,2026-05-18 12:46:55
2026-04-22 00:00:00,PLAZA,プラザイオンモール日の出店,ラフドット,ラフドット インティメイトウォッシュ PM,1,3582,2026-04,2026-05-18 12:46:55
2026-04-22 00:00:00,PLAZA,プラザミナモア広島店,YOU TOKYO,YOU TOKYO ヘアミルク RR,2,5360,2026-04,2026-05-18 12:46:55
2026-04-22 00:00:00,PLAZA,プラザイオンモール高知店,ラフドット,ラフドット インティメイトウォッシュ PM,1,3582,2026-04,2026-05-18 12:46:55
2026-04-22 00:00:00,PLAZA,イオンモール各務原インター店,ラフドット,ラフドット インティメイトウォッシュ PM,1,3582,2026-04,2026-05-18 12:46:55
2026-04-22 00:00:00,PLAZA,プラザイオンモール白山店,ラフドット,ラフドット インティメイトウォッシュ SB,1,3582,2026-04,2026-05-18 12:46:55
2026-04-22 00:00:00,PLAZA,プラザイオンモール豊川店,ラフドット,ラフドット インティメイトウォッシュ PM,2,7164,2026-04,2026-05-18 12:46:55
2026-04-22 00:00:00,PLAZA,プラザイオンモール浜松市野店,YOU TOKYO,YOU TOKYO ヘアミルク RR,1,2680,2026-04,2026-05-18 12:46:55
2026-04-22 00:00:00,PLAZA,ファッションクルーズひたちなか,ラフドット,ラフドット インティメイトウォッシュ MV,1,3582,2026-04,2026-05-18 12:46:55
2026-04-22 00:00:00,PLAZA,プラザイオンモール津南店,ラフドット,ラフドット インティメイトウォッシュ PM,1,3582,2026-04,2026-05-18 12:46:55
2026-04-22 00:00:00,PLAZA,プラザイオンモール名取店,ラフドット,ラフドット インティメイトFミスト PM,1,3132,2026-04,2026-05-18 12:46:55
2026-04-22 00:00:00,PLAZA,オンラインストア,YOU TOKYO,YOU TOKYO ヘアミルク RR,1,2680,2026-04,2026-05-18 12:46:55
2026-04-21 00:00:00,PLAZA,三宮店,ラフドット,ラフドット ヘアリムーバー,1,3400,2026-04,2026-05-18 12:46:55
2026-04-21 00:00:00,PLAZA,玉川高島屋SC店,YOU TOKYO,YOU TOKYO ヘアミルク CW,2,5360,2026-04,2026-05-18 12:46:55
2026-04-21 00:00:00,PLAZA,玉川高島屋SC店,YOU TOKYO,YOU TOKYO ヘアオイル BS,1,2280,2026-04,2026-05-18 12:46:55
2026-04-21 00:00:00,PLAZA,渋谷109店,TEABLESS,TEABLESS ボディローションMR,2,3000,2026-04,2026-05-18 12:46:55
2026-04-21 00:00:00,PLAZA,ルミネ横浜店,YOU TOKYO,YOU TOKYO ヘアオイル BS,1,2280,2026-04,2026-05-18 12:46:55
2026-04-21 00:00:00,PLAZA,ルミネ大宮店,YOU TOKYO,YOU TOKYO ヘアミルク CW,1,2680,2026-04,2026-05-18 12:46:55
2026-04-21 00:00:00,PLAZA,アミュプラザ小倉店,YOU TOKYO,YOU TOKYO ヘアミルク RR,1,2680,2026-04,2026-05-18 12:46:55
2026-04-21 00:00:00,PLAZA,横浜ジョイナス店,ラフドット,ラフドット インティメイトウォッシュ PM,1,3582,2026-04,2026-05-18 12:46:55
2026-04-21 00:00:00,PLAZA,横浜ジョイナス店,YOU TOKYO,YOU TOKYO ヘアミルク RR,1,2680,2026-04,2026-05-18 12:46:55
2026-04-21 00:00:00,PLAZA,京都ポルタ店,ラフドット,ラフドット インティメイトウォッシュ PM,1,3582,2026-04,2026-05-18 12:46:55
2026-04-21 00:00:00,PLAZA,京都ポルタ店,YOU TOKYO,YOU TOKYO ヘアミルク CW,3,8040,2026-04,2026-05-18 12:46:55
2026-04-21 00:00:00,PLAZA,京都ポルタ店,YOU TOKYO,YOU TOKYO ヘアオイル BS,1,2280,2026-04,2026-05-18 12:46:55
2026-04-21 00:00:00,PLAZA,イオンモール羽生店,ラフドット,ラフドット インティメイトウォッシュ PM,1,3582,2026-04,2026-05-18 12:46:55
2026-04-21 00:00:00,PLAZA,新越谷ヴァリエ店,ラフドット,ラフドット インティメイトウォッシュ SB,1,3582,2026-04,2026-05-18 12:46:55
2026-04-21 00:00:00,PLAZA,新越谷ヴァリエ店,ラフドット,ラフドット インティメイトウォッシュ PM,1,3582,2026-04,2026-05-18 12:46:55
2026-04-21 00:00:00,PLAZA,新越谷ヴァリエ店,YOU TOKYO,YOU TOKYO ヘアミルク RR,1,2680,2026-04,2026-05-18 12:46:55
2026-04-21 00:00:00,PLAZA,新越谷ヴァリエ店,YOU TOKYO,YOU TOKYO ヘアオイル BS,1,2280,2026-04,2026-05-18 12:46:55
2026-04-21 00:00:00,PLAZA,新越谷ヴァリエ店,YOU TOKYO,YOU TOKYO ヘアオイル RR,1,2280,2026-04,2026-05-18 12:46:55
2026-04-21 00:00:00,PLAZA,柏高島屋ステーションモール店,ラフドット,ラフドット インティメイトウォッシュ PM,1,3582,2026-04,2026-05-18 12:46:55
2026-04-21 00:00:00,PLAZA,大船ルミネウイング店,YOU TOKYO,YOU TOKYO ヘアミルク RR,1,2680,2026-04,2026-05-18 12:46:55
2026-04-21 00:00:00,PLAZA,アトレ川崎店,YOU TOKYO,YOU TOKYO ヘアミルク CW,1,2680,2026-04,2026-05-18 12:46:55
2026-04-21 00:00:00,PLAZA,なんばシティ店,ラフドット,ラフドット インティメイトウォッシュ PM,1,3582,2026-04,2026-05-18 12:46:55
2026-04-21 00:00:00,PLAZA,なんばシティ店,YOU TOKYO,YOU TOKYO ヘアミルク RR,1,2680,2026-04,2026-05-18 12:46:55
2026-04-21 00:00:00,PLAZA,ららぽーとTOKYO-BAY店,ラフドット,ラフドット インティメイトFミスト SB,1,3132,2026-04,2026-05-18 12:46:55
2026-04-21 00:00:00,PLAZA,ららぽーとTOKYO-BAY店,YOU TOKYO,YOU TOKYO ヘアミルク RR,1,2680,2026-04,2026-05-18 12:46:55
2026-04-21 00:00:00,PLAZA,京橋京阪モール店,YOU TOKYO,YOU TOKYO ヘアオイル RR,1,2280,2026-04,2026-05-18 12:46:55
2026-04-21 00:00:00,PLAZA,エスパル仙台店,ラフドット,ラフドット インティメイトウォッシュ PM,1,3582,2026-04,2026-05-18 12:46:55
2026-04-21 00:00:00,PLAZA,エスパル仙台店,ラフドット,ラフドット インティメイトウォッシュ MV,1,3582,2026-04,2026-05-18 12:46:55
2026-04-21 00:00:00,PLAZA,エスパル仙台店,YOU TOKYO,YOU TOKYO ヘアミルク CW,1,2680,2026-04,2026-05-18 12:46:55
2026-04-21 00:00:00,PLAZA,ルミネ北千住店,ラフドット,ラフドット インティメイトウォッシュ SB,1,3582,2026-04,2026-05-18 12:46:55
2026-04-21 00:00:00,PLAZA,札幌ステラプレイス店,YOU TOKYO,YOU TOKYO ヘアミルク CW,1,2680,2026-04,2026-05-18 12:46:55
2026-04-21 00:00:00,PLAZA,札幌ステラプレイス店,YOU TOKYO,YOU TOKYO ヘアオイル BS,1,2280,2026-04,2026-05-18 12:46:55
2026-04-21 00:00:00,PLAZA,札幌ステラプレイス店,YOU TOKYO,YOU TOKYO ヘアオイル RR,1,2280,2026-04,2026-05-18 12:46:55
2026-04-21 00:00:00,PLAZA,ルミネ荻窪店,YOU TOKYO,YOU TOKYO ヘアミルク CW,1,2680,2026-04,2026-05-18 12:46:55
2026-04-21 00:00:00,PLAZA,岡山一番街店,レチスパ,レチスパ クリームシャンプー,1,3200,2026-04,2026-05-18 12:46:55
2026-04-21 00:00:00,PLAZA,ルミネ池袋店,YOU TOKYO,YOU TOKYO ヘアオイル BS,1,2280,2026-04,2026-05-18 12:46:55
2026-04-21 00:00:00,PLAZA,越谷イオンレイクタウン店,ラフドット,ラフドット インティメイトウォッシュ MV,1,3582,2026-04,2026-05-18 12:46:55
2026-04-21 00:00:00,PLAZA,越谷イオンレイクタウン店,YOU TOKYO,YOU TOKYO ヘアミルク RR,1,2680,2026-04,2026-05-18 12:46:55
2026-04-21 00:00:00,PLAZA,越谷イオンレイクタウン店,YOU TOKYO,YOU TOKYO ヘアオイル BS,1,2280,2026-04,2026-05-18 12:46:55
2026-04-21 00:00:00,PLAZA,ルクア大阪店,YOU TOKYO,YOU TOKYO ヘアミルク RR,1,2680,2026-04,2026-05-18 12:46:55
2026-04-21 00:00:00,PLAZA,ルクア大阪店,YOU TOKYO,YOU TOKYO ヘアオイル BS,1,2280,2026-04,2026-05-18 12:46:55
2026-04-21 00:00:00,PLAZA,三井アウトレットパーク木更津店,YOU TOKYO,YOU TOKYO ヘアミルク CW,1,2680,2026-04,2026-05-18 12:46:55
2026-04-21 00:00:00,PLAZA,イオンモール幕張新都心店,ラフドット,ラフドット インティメイトウォッシュ SB,1,3582,2026-04,2026-05-18 12:46:55
2026-04-21 00:00:00,PLAZA,軽井沢プリンスショッピングP店,YOU TOKYO,YOU TOKYO ヘアミルク CW,1,2680,2026-04,2026-05-18 12:46:55
2026-04-21 00:00:00,PLAZA,ラスカ茅ケ崎店,ラフドット,ラフドット インティメイトFミスト PM,1,3132,2026-04,2026-05-18 12:46:55
2026-04-21 00:00:00,PLAZA,ラスカ茅ケ崎店,YOU TOKYO,YOU TOKYO ヘアオイル BS,1,2280,2026-04,2026-05-18 12:46:55
2026-04-21 00:00:00,PLAZA,静岡パルシェ店,YOU TOKYO,YOU TOKYO ヘアミルク RR,1,2680,2026-04,2026-05-18 12:46:55
2026-04-21 00:00:00,PLAZA,ペリエ千葉店,TEABLESS,TEABLESS ボディローションAE,1,1500,2026-04,2026-05-18 12:46:55
2026-04-21 00:00:00,PLAZA,名古屋ユニモール店,ラフドット,ラフドット インティメイトウォッシュ PM,1,3582,2026-04,2026-05-18 12:46:55
2026-04-21 00:00:00,PLAZA,心斎橋パルコ店,YOU TOKYO,YOU TOKYO ヘアミルク CW,1,2680,2026-04,2026-05-18 12:46:55
2026-04-21 00:00:00,PLAZA,アミュプラザくまもと店,ラフドット,ラフドット インティメイトウォッシュ PM,1,3582,2026-04,2026-05-18 12:46:55
2026-04-21 00:00:00,PLAZA,アミュプラザくまもと店,ラフドット,ラフドット インティメイトウォッシュ LV,1,3582,2026-04,2026-05-18 12:46:55
2026-04-21 00:00:00,PLAZA,船橋東武店,YOU TOKYO,YOU TOKYO ヘアミルク CW,1,2680,2026-04,2026-05-18 12:46:55
2026-04-21 00:00:00,PLAZA,船橋東武店,YOU TOKYO,YOU TOKYO ヘアミルク RR,1,2680,2026-04,2026-05-18 12:46:55
2026-04-21 00:00:00,PLAZA,錦糸町テルミナ2店,ラフドット,ラフドット インティメイトウォッシュ MV,1,3582,2026-04,2026-05-18 12:46:55
2026-04-21 00:00:00,PLAZA,コクーンシティさいたま新都心店,ラフドット,ラフドット インティメイトウォッシュ PM,1,3582,2026-04,2026-05-18 12:46:55
2026-04-21 00:00:00,PLAZA,プラザイオンモール橿原店,ラフドット,ラフドット インティメイトウォッシュ PM,1,3582,2026-04,2026-05-18 12:46:55
2026-04-21 00:00:00,PLAZA,プラザミナモア広島店,YOU TOKYO,YOU TOKYO ヘアミルク RR,1,2680,2026-04,2026-05-18 12:46:55
2026-04-21 00:00:00,PLAZA,プラザミナモア広島店,YOU TOKYO,YOU TOKYO ヘアオイル RR,1,2280,2026-04,2026-05-18 12:46:55
2026-04-21 00:00:00,PLAZA,プラザららぽーと磐田店,ラフドット,ラフドット インティメイトウォッシュ SB,1,3582,2026-04,2026-05-18 12:46:55
2026-04-21 00:00:00,PLAZA,プラザイオンモール川口前川店,ラフドット,ラフドット インティメイトミスト MV,1,3132,2026-04,2026-05-18 12:46:55
2026-04-21 00:00:00,PLAZA,プラザイオンモール福岡店,ラフドット,ラフドット インティメイトウォッシュ PM,1,3582,2026-04,2026-05-18 12:46:55
2026-04-21 00:00:00,PLAZA,プラザイオンモール浜松市野店,ラフドット,ラフドット インティメイトウォッシュ SB,1,3582,2026-04,2026-05-18 12:46:55
2026-04-21 00:00:00,PLAZA,プラザイオンモール須坂店,ラフドット,ラフドット インティメイトウォッシュ MV,2,7164,2026-04,2026-05-18 12:46:55
2026-04-21 00:00:00,PLAZA,オンラインストア,YOU TOKYO,YOU TOKYO ヘアミルク RR,3,8040,2026-04,2026-05-18 12:46:55
2026-04-21 00:00:00,PLAZA,オンラインストア,YOU TOKYO,YOU TOKYO ヘアオイル RR,1,2280,2026-04,2026-05-18 12:46:55
2026-04-20 00:00:00,PLAZA,三宮店,レチスパ,レチスパ ヘアオイル,1,2400,2026-04,2026-05-18 12:46:55
2026-04-20 00:00:00,PLAZA,梅田ヘップファイブ店,ラフドット,ラフドット インティメイトウォッシュ LV,1,3582,2026-04,2026-05-18 12:46:55
2026-04-20 00:00:00,PLAZA,玉川高島屋SC店,ラフドット,ラフドット インティメイトウォッシュ PM,1,3582,2026-04,2026-05-18 12:46:55
2026-04-20 00:00:00,PLAZA,玉川高島屋SC店,YOU TOKYO,YOU TOKYO ヘアミルク RR,1,2680,2026-04,2026-05-18 12:46:55
2026-04-20 00:00:00,PLAZA,玉川高島屋SC店,YOU TOKYO,YOU TOKYO ヘアオイル BS,2,4560,2026-04,2026-05-18 12:46:55
2026-04-20 00:00:00,PLAZA,ルミネ横浜店,ラフドット,ラフドット インティメイトウォッシュ SB,1,3582,2026-04,2026-05-18 12:46:55
2026-04-20 00:00:00,PLAZA,ルミネ横浜店,ラフドット,ラフドット インティメイトウォッシュ PM,1,3582,2026-04,2026-05-18 12:46:55
2026-04-20 00:00:00,PLAZA,ルミネ横浜店,YOU TOKYO,YOU TOKYO ヘアミルク RR,1,2680,2026-04,2026-05-18 12:46:55
2026-04-20 00:00:00,PLAZA,ルミネ横浜店,YOU TOKYO,YOU TOKYO ヘアオイル BS,1,2280,2026-04,2026-05-18 12:46:55
2026-04-20 00:00:00,PLAZA,ルミネ横浜店,YOU TOKYO,YOU TOKYO ヘアオイル RR,2,4560,2026-04,2026-05-18 12:46:55
2026-04-20 00:00:00,PLAZA,アトレ大井町店,TEABLESS,TEABLESS ボディローションMR,1,1500,2026-04,2026-05-18 12:46:55
2026-04-20 00:00:00,PLAZA,ルミネ大宮店,ラフドット,ラフドット インティメイトウォッシュ PM,1,3582,2026-04,2026-05-18 12:46:55
2026-04-20 00:00:00,PLAZA,ルミネ大宮店,ラフドット,ラフドット インティメイトウォッシュ MV,1,3582,2026-04,2026-05-18 12:46:55
2026-04-20 00:00:00,PLAZA,ルミネ新宿店,YOU TOKYO,YOU TOKYO ヘアオイル BS,2,4560,2026-04,2026-05-18 12:46:55
2026-04-20 00:00:00,PLAZA,アミュプラザ小倉店,ラフドット,ラフドット インティメイトウォッシュ PM,1,3582,2026-04,2026-05-18 12:46:55
2026-04-20 00:00:00,PLAZA,横浜ジョイナス店,YOU TOKYO,YOU TOKYO ヘアミルク RR,2,5360,2026-04,2026-05-18 12:46:55
2026-04-20 00:00:00,PLAZA,横浜ジョイナス店,YOU TOKYO,YOU TOKYO ヘアオイル BS,1,2280,2026-04,2026-05-18 12:46:55
2026-04-20 00:00:00,PLAZA,京都ポルタ店,ラフドット,ラフドット インティメイトウォッシュ SB,1,3582,2026-04,2026-05-18 12:46:55
2026-04-20 00:00:00,PLAZA,京都ポルタ店,ラフドット,ラフドット インティメイトFミスト SB,1,3132,2026-04,2026-05-18 12:46:55
2026-04-20 00:00:00,PLAZA,京都ポルタ店,YOU TOKYO,YOU TOKYO ヘアオイル BS,1,2280,2026-04,2026-05-18 12:46:55
2026-04-20 00:00:00,PLAZA,イオンモール羽生店,ラフドット,ラフドット インティメイトウォッシュ SB,1,3582,2026-04,2026-05-18 12:46:55
2026-04-20 00:00:00,PLAZA,イオンモール羽生店,YOU TOKYO,YOU TOKYO ヘアミルク RR,1,2680,2026-04,2026-05-18 12:46:55
2026-04-20 00:00:00,PLAZA,新越谷ヴァリエ店,ラフドット,ラフドット インティメイトウォッシュ PM,1,3582,2026-04,2026-05-18 12:46:55
2026-04-20 00:00:00,PLAZA,柏高島屋ステーションモール店,YOU TOKYO,YOU TOKYO ヘアミルク RR,1,2680,2026-04,2026-05-18 12:46:55
2026-04-20 00:00:00,PLAZA,大船ルミネウイング店,YOU TOKYO,YOU TOKYO ヘアオイル RR,1,2280,2026-04,2026-05-18 12:46:55
2026-04-20 00:00:00,PLAZA,ルミネエスト新宿店,ラフドット,ラフドット インティメイトウォッシュ PM,1,3582,2026-04,2026-05-18 12:46:55
2026-04-20 00:00:00,PLAZA,天王寺ミオ店,YOU TOKYO,YOU TOKYO ヘアミルク CW,2,5360,2026-04,2026-05-18 12:46:55
2026-04-20 00:00:00,PLAZA,アトレ恵比寿店,ラフドット,ラフドット インティメイトウォッシュ SB,1,3582,2026-04,2026-05-18 12:46:55
2026-04-20 00:00:00,PLAZA,アトレ恵比寿店,ラフドット,ラフドット インティメイトウォッシュ PM,1,3582,2026-04,2026-05-18 12:46:55
2026-04-20 00:00:00,PLAZA,アトレ川崎店,ラフドット,ラフドット インティメイトウォッシュ PM,1,3582,2026-04,2026-05-18 12:46:55
2026-04-20 00:00:00,PLAZA,なんばシティ店,ラフドット,ラフドット インティメイトウォッシュ LV,1,3582,2026-04,2026-05-18 12:46:55
2026-04-20 00:00:00,PLAZA,なんばシティ店,ラフドット,ラフドット インティメイトミスト MV,2,6264,2026-04,2026-05-18 12:46:55
2026-04-20 00:00:00,PLAZA,なんばシティ店,YOU TOKYO,YOU TOKYO ヘアミルク RR,2,5360,2026-04,2026-05-18 12:46:55
2026-04-20 00:00:00,PLAZA,京橋京阪モール店,YOU TOKYO,YOU TOKYO ヘアミルク RR,1,2680,2026-04,2026-05-18 12:46:55
2026-04-20 00:00:00,PLAZA,エスパル仙台店,YOU TOKYO,YOU TOKYO ヘアミルク CW,1,2680,2026-04,2026-05-18 12:46:55
2026-04-20 00:00:00,PLAZA,エスパル仙台店,YOU TOKYO,YOU TOKYO ヘアミルク RR,1,2680,2026-04,2026-05-18 12:46:55
2026-04-20 00:00:00,PLAZA,エスパル仙台店,YOU TOKYO,YOU TOKYO ヘアオイル RR,1,2280,2026-04,2026-05-18 12:46:55
2026-04-20 00:00:00,PLAZA,ルミネ北千住店,YOU TOKYO,YOU TOKYO ヘアミルク CW,2,5360,2026-04,2026-05-18 12:46:55
2026-04-20 00:00:00,PLAZA,ルミネ北千住店,YOU TOKYO,YOU TOKYO ヘアミルク RR,1,2680,2026-04,2026-05-18 12:46:55
2026-04-20 00:00:00,PLAZA,ルミネ北千住店,YOU TOKYO,YOU TOKYO ヘアオイル BS,1,2280,2026-04,2026-05-18 12:46:55
2026-04-20 00:00:00,PLAZA,ルミネ北千住店,YOU TOKYO,YOU TOKYO ヘアオイル RR,1,2280,2026-04,2026-05-18 12:46:55
2026-04-20 00:00:00,PLAZA,水戸エクセル店,ラフドット,ラフドット インティメイトウォッシュ SB,1,3582,2026-04,2026-05-18 12:46:55
2026-04-20 00:00:00,PLAZA,ルミネ荻窪店,YOU TOKYO,YOU TOKYO ヘアミルク CW,1,2680,2026-04,2026-05-18 12:46:55
2026-04-20 00:00:00,PLAZA,ルミネ池袋店,ラフドット,ラフドット インティメイトウォッシュ SB,1,3582,2026-04,2026-05-18 12:46:55
2026-04-20 00:00:00,PLAZA,ルミネ池袋店,YOU TOKYO,YOU TOKYO ヘアオイル RR,1,2280,2026-04,2026-05-18 12:46:55
2026-04-20 00:00:00,PLAZA,ルミネ池袋店,TEABLESS,TEABLESS ボディローションAE,1,1500,2026-04,2026-05-18 12:46:55
2026-04-20 00:00:00,PLAZA,イオンモールむさし村山店,ラフドット,ラフドット インティメイトウォッシュ PM,1,3582,2026-04,2026-05-18 12:46:55
2026-04-20 00:00:00,PLAZA,イオンモールむさし村山店,YOU TOKYO,YOU TOKYO ヘアミルク RR,1,2680,2026-04,2026-05-18 12:46:55
2026-04-20 00:00:00,PLAZA,舞浜イクスピアリ店,ラフドット,ラフドット インティメイトウォッシュ SB,1,3582,2026-04,2026-05-18 12:46:55
2026-04-20 00:00:00,PLAZA,越谷イオンレイクタウン店,YOU TOKYO,YOU TOKYO ヘアミルク RR,1,2680,2026-04,2026-05-18 12:46:55
2026-04-20 00:00:00,PLAZA,ルクア大阪店,ラフドット,ラフドット インティメイトウォッシュ PM,1,3582,2026-04,2026-05-18 12:46:55
2026-04-20 00:00:00,PLAZA,ルクア大阪店,YOU TOKYO,YOU TOKYO ヘアミルク CW,1,2680,2026-04,2026-05-18 12:46:55
2026-04-20 00:00:00,PLAZA,ルクア大阪店,YOU TOKYO,YOU TOKYO ヘアミルク RR,2,5360,2026-04,2026-05-18 12:46:55
2026-04-20 00:00:00,PLAZA,三井アウトレットパーク木更津店,ラフドット,ラフドット インティメイトウォッシュ SB,1,3582,2026-04,2026-05-18 12:46:55
2026-04-20 00:00:00,PLAZA,三井アウトレットパーク木更津店,ラフドット,ラフドット インティメイトウォッシュ PM,1,3582,2026-04,2026-05-18 12:46:55
2026-04-20 00:00:00,PLAZA,三井アウトレットパーク木更津店,ラフドット,ラフドット インティメイトウォッシュ MV,1,3582,2026-04,2026-05-18 12:46:55
2026-04-20 00:00:00,PLAZA,三井アウトレットパーク木更津店,YOU TOKYO,YOU TOKYO ヘアミルク CW,1,2680,2026-04,2026-05-18 12:46:55
2026-04-20 00:00:00,PLAZA,静岡パルシェ店,ラフドット,ラフドット インティメイトウォッシュ PM,1,3582,2026-04,2026-05-18 12:46:55
2026-04-20 00:00:00,PLAZA,ペリエ千葉店,ラフドット,ラフドット インティメイトウォッシュ PM,1,3582,2026-04,2026-05-18 12:46:55
2026-04-20 00:00:00,PLAZA,ペリエ千葉店,ラフドット,ラフドット インティメイトFミスト PM,1,3132,2026-04,2026-05-18 12:46:55
2026-04-20 00:00:00,PLAZA,ペリエ千葉店,YOU TOKYO,YOU TOKYO ヘアミルク RR,1,2680,2026-04,2026-05-18 12:46:55
2026-04-20 00:00:00,PLAZA,名古屋ユニモール店,ラフドット,ラフドット インティメイトウォッシュ PM,1,3582,2026-04,2026-05-18 12:46:55
2026-04-20 00:00:00,PLAZA,アミュプラザくまもと店,ラフドット,ラフドット インティメイトウォッシュ PM,3,10746,2026-04,2026-05-18 12:46:55
2026-04-20 00:00:00,PLAZA,ルミネ有楽町店,YOU TOKYO,YOU TOKYO ヘアミルク RR,1,2680,2026-04,2026-05-18 12:46:55
2026-04-20 00:00:00,PLAZA,ルミネ有楽町店,TEABLESS,TEABLESS ボディローションAE,1,1500,2026-04,2026-05-18 12:46:55
2026-04-20 00:00:00,PLAZA,池袋サンシャインシティアルパ店,ラフドット,ラフドット インティメイトウォッシュ PM,1,3582,2026-04,2026-05-18 12:46:55
2026-04-20 00:00:00,PLAZA,池袋サンシャインシティアルパ店,YOU TOKYO,YOU TOKYO ヘアミルク CW,1,2680,2026-04,2026-05-18 12:46:55
2026-04-20 00:00:00,PLAZA,コクーンシティさいたま新都心店,ラフドット,ラフドット インティメイトウォッシュ PM,1,3582,2026-04,2026-05-18 12:46:55
2026-04-20 00:00:00,PLAZA,コクーンシティさいたま新都心店,ラフドット,ラフドット インティメイトウォッシュ MV,1,3582,2026-04,2026-05-18 12:46:55
2026-04-20 00:00:00,PLAZA,シャポー本八幡,レチスパ,レチスパ クリームシャンプー,1,3200,2026-04,2026-05-18 12:46:55
2026-04-20 00:00:00,PLAZA,プラザイオンモール筑紫野店,バイワンシー,バイワンシー SP/TRサシェ,1,270,2026-04,2026-05-18 12:46:55
2026-04-20 00:00:00,PLAZA,プラザイオンモール新小松店,ラフドット,ラフドット インティメイトウォッシュ PM,1,3582,2026-04,2026-05-18 12:46:55
2026-04-20 00:00:00,PLAZA,プラザ高崎オーパ店,ラフドット,ラフドット インティメイトウォッシュ SB,1,3582,2026-04,2026-05-18 12:46:55
2026-04-20 00:00:00,PLAZA,プラザミナモア広島店,YOU TOKYO,YOU TOKYO ヘアオイル RR,1,2280,2026-04,2026-05-18 12:46:55
2026-04-20 00:00:00,PLAZA,プラザイオンモール高知店,ラフドット,ラフドット インティメイトウォッシュ MV,1,3582,2026-04,2026-05-18 12:46:55
2026-04-20 00:00:00,PLAZA,プラザイオンモール浜松志都呂店,ラフドット,ラフドット インティメイトウォッシュ MV,1,3582,2026-04,2026-05-18 12:46:55
2026-04-20 00:00:00,PLAZA,プラザイオンモール広島府中店,ラフドット,ラフドット インティメイトウォッシュ PM,2,7164,2026-04,2026-05-18 12:46:55
2026-04-20 00:00:00,PLAZA,イオンモール各務原インター店,ラフドット,ラフドット インティメイトウォッシュ SB,2,7164,2026-04,2026-05-18 12:46:55
2026-04-20 00:00:00,PLAZA,プラザイオンモール白山店,YOU TOKYO,YOU TOKYO ヘアオイル RR,1,2280,2026-04,2026-05-18 12:46:55
2026-04-20 00:00:00,PLAZA,プラザイオンモール川口前川店,バイワンシー,バイワンシー ピュアアミノシャンプー,1,2700,2026-04,2026-05-18 12:46:55
2026-04-20 00:00:00,PLAZA,プラザイオンモール川口前川店,バイワンシー,バイワンシー ヒートケアトリートメント,1,2700,2026-04,2026-05-18 12:46:55
2026-04-20 00:00:00,PLAZA,イオンモール沖縄ライカム店,ラフドット,ラフドット インティメイトウォッシュ LV,1,3582,2026-04,2026-05-18 12:46:55
2026-04-20 00:00:00,PLAZA,青森&LOVINA店,ラフドット,ラフドット インティメイトウォッシュ SB,1,3582,2026-04,2026-05-18 12:46:55
2026-04-20 00:00:00,PLAZA,青森&LOVINA店,ラフドット,ラフドット インティメイトFミスト SB,1,3132,2026-04,2026-05-18 12:46:55
2026-04-20 00:00:00,PLAZA,ファッションクルーズひたちなか,ラフドット,ラフドット インティメイトミスト MV,1,3132,2026-04,2026-05-18 12:46:55
2026-04-20 00:00:00,PLAZA,プラザ鶴岡エスモール店,ラフドット,ラフドット インティメイトウォッシュ PM,1,3582,2026-04,2026-05-18 12:46:55
2026-04-20 00:00:00,PLAZA,プラザイオンモール須坂店,ラフドット,ラフドット インティメイトミスト MV,1,3132,2026-04,2026-05-18 12:46:55
2026-04-20 00:00:00,PLAZA,プラザながの東急店,ラフドット,ラフドット インティメイトウォッシュ PM,1,3582,2026-04,2026-05-18 12:46:55
2026-04-20 00:00:00,PLAZA,オンラインストア,ラフドット,ラフドット インティメイトウォッシュ SB,1,3582,2026-04,2026-05-18 12:46:55
2026-04-20 00:00:00,PLAZA,オンラインストア,YOU TOKYO,YOU TOKYO ヘアミルク RR,14,37520,2026-04,2026-05-18 12:46:55
2026-04-20 00:00:00,PLAZA,オンラインストア,YOU TOKYO,YOU TOKYO ヘアオイル RR,1,2280,2026-04,2026-05-18 12:46:55
2026-04-19 00:00:00,PLAZA,三宮店,ラフドット,ラフドット インティメイトウォッシュ SB,1,3582,2026-04,2026-05-18 12:46:55
2026-04-19 00:00:00,PLAZA,三宮店,ラフドット,ラフドット インティメイトウォッシュ PM,1,3582,2026-04,2026-05-18 12:46:55
2026-04-19 00:00:00,PLAZA,梅田ヘップファイブ店,YOU TOKYO,YOU TOKYO ヘアミルク RR,1,2680,2026-04,2026-05-18 12:46:55
2026-04-19 00:00:00,PLAZA,玉川高島屋SC店,YOU TOKYO,YOU TOKYO ヘアミルク RR,1,2680,2026-04,2026-05-18 12:46:55
2026-04-19 00:00:00,PLAZA,渋谷109店,YOU TOKYO,YOU TOKYO ヘアミルク CW,1,2680,2026-04,2026-05-18 12:46:55
2026-04-19 00:00:00,PLAZA,渋谷109店,YOU TOKYO,YOU TOKYO ヘアオイル BS,1,2280,2026-04,2026-05-18 12:46:55
2026-04-19 00:00:00,PLAZA,ルミネ横浜店,YOU TOKYO,YOU TOKYO ヘアオイル BS,1,2280,2026-04,2026-05-18 12:46:55
2026-04-19 00:00:00,PLAZA,ルミネ横浜店,TEABLESS,TEABLESS ボディローションPG,1,1500,2026-04,2026-05-18 12:46:55
2026-04-19 00:00:00,PLAZA,ルミネ横浜店,TEABLESS,TEABLESS ボディローションMR,1,1500,2026-04,2026-05-18 12:46:55
2026-04-19 00:00:00,PLAZA,ルミネ大宮店,ラフドット,ラフドット インティメイトウォッシュ PM,1,3582,2026-04,2026-05-18 12:46:55
2026-04-19 00:00:00,PLAZA,ルミネ新宿店,ラフドット,ラフドット インティメイトウォッシュ SB,1,3582,2026-04,2026-05-18 12:46:55
2026-04-19 00:00:00,PLAZA,ルミネ新宿店,YOU TOKYO,YOU TOKYO ヘアミルク CW,2,5360,2026-04,2026-05-18 12:46:55
2026-04-19 00:00:00,PLAZA,ルミネ新宿店,YOU TOKYO,YOU TOKYO ヘアミルク RR,4,10720,2026-04,2026-05-18 12:46:55
2026-04-19 00:00:00,PLAZA,ルミネ新宿店,YOU TOKYO,YOU TOKYO ヘアオイル BS,1,2280,2026-04,2026-05-18 12:46:55
2026-04-19 00:00:00,PLAZA,アミュプラザ小倉店,ラフドット,ラフドット インティメイトウォッシュ SB,2,7164,2026-04,2026-05-18 12:46:55
2026-04-19 00:00:00,PLAZA,アミュプラザ小倉店,ラフドット,ラフドット インティメイトウォッシュ PM,1,3582,2026-04,2026-05-18 12:46:55
2026-04-19 00:00:00,PLAZA,アミュプラザ小倉店,YOU TOKYO,YOU TOKYO ヘアオイル BS,1,2280,2026-04,2026-05-18 12:46:55
2026-04-19 00:00:00,PLAZA,アミュプラザ小倉店,YOU TOKYO,YOU TOKYO ヘアオイル RR,1,2280,2026-04,2026-05-18 12:46:55
2026-04-19 00:00:00,PLAZA,京都ポルタ店,YOU TOKYO,YOU TOKYO ヘアミルク RR,1,2680,2026-04,2026-05-18 12:46:55
2026-04-19 00:00:00,PLAZA,イオンモール羽生店,ラフドット,ラフドット インティメイトウォッシュ MV,1,3582,2026-04,2026-05-18 12:46:55
2026-04-19 00:00:00,PLAZA,イオンモール羽生店,YOU TOKYO,YOU TOKYO ヘアミルク CW,2,5360,2026-04,2026-05-18 12:46:55
2026-04-19 00:00:00,PLAZA,福岡ソラリアプラザ店,ラフドット,ラフドット インティメイトウォッシュ PM,1,3582,2026-04,2026-05-18 12:46:55
2026-04-19 00:00:00,PLAZA,大船ルミネウイング店,YOU TOKYO,YOU TOKYO ヘアオイル RR,1,2280,2026-04,2026-05-18 12:46:55
2026-04-19 00:00:00,PLAZA,浜松メイワン店,ラフドット,ラフドット インティメイトウォッシュ PM,1,3582,2026-04,2026-05-18 12:46:55
2026-04-19 00:00:00,PLAZA,天王寺ミオ店,ラフドット,ラフドット インティメイトウォッシュ PM,1,3582,2026-04,2026-05-18 12:46:55
2026-04-19 00:00:00,PLAZA,天王寺ミオ店,YOU TOKYO,YOU TOKYO ヘアミルク CW,1,2680,2026-04,2026-05-18 12:46:55
2026-04-19 00:00:00,PLAZA,天王寺ミオ店,YOU TOKYO,YOU TOKYO ヘアオイル BS,1,2280,2026-04,2026-05-18 12:46:55
2026-04-19 00:00:00,PLAZA,ルミネ立川店,ラフドット,ラフドット インティメイトウォッシュ SB,1,3582,2026-04,2026-05-18 12:46:55
2026-04-19 00:00:00,PLAZA,ルミネ立川店,ラフドット,ラフドット インティメイトウォッシュ PM,1,3582,2026-04,2026-05-18 12:46:55
2026-04-19 00:00:00,PLAZA,ルミネ立川店,YOU TOKYO,YOU TOKYO ヘアミルク RR,1,2680,2026-04,2026-05-18 12:46:55
2026-04-19 00:00:00,PLAZA,アトレ恵比寿店,YOU TOKYO,YOU TOKYO ヘアミルク CW,2,5360,2026-04,2026-05-18 12:46:55
2026-04-19 00:00:00,PLAZA,アトレ恵比寿店,YOU TOKYO,YOU TOKYO ヘアミルク RR,1,2680,2026-04,2026-05-18 12:46:55
2026-04-19 00:00:00,PLAZA,アトレ川崎店,YOU TOKYO,YOU TOKYO ヘアミルク CW,1,2680,2026-04,2026-05-18 12:46:55
2026-04-19 00:00:00,PLAZA,アトレ川崎店,YOU TOKYO,YOU TOKYO ヘアミルク RR,1,2680,2026-04,2026-05-18 12:46:55
2026-04-19 00:00:00,PLAZA,なんばシティ店,YOU TOKYO,YOU TOKYO ヘアミルク RR,3,8040,2026-04,2026-05-18 12:46:55
2026-04-19 00:00:00,PLAZA,ルミネ町田店,ラフドット,ラフドット インティメイトウォッシュ MV,1,3582,2026-04,2026-05-18 12:46:55
2026-04-19 00:00:00,PLAZA,ルミネ町田店,YOU TOKYO,YOU TOKYO ヘアミルク CW,2,5360,2026-04,2026-05-18 12:46:55
2026-04-19 00:00:00,PLAZA,京橋京阪モール店,ラフドット,ラフドット インティメイトウォッシュ PM,1,3582,2026-04,2026-05-18 12:46:55
2026-04-19 00:00:00,PLAZA,京橋京阪モール店,YOU TOKYO,YOU TOKYO ヘアミルク RR,1,2680,2026-04,2026-05-18 12:46:55
2026-04-19 00:00:00,PLAZA,エスパル仙台店,ラフドット,ラフドット インティメイトウォッシュ PM,1,3582,2026-04,2026-05-18 12:46:55
2026-04-19 00:00:00,PLAZA,札幌ステラプレイス店,ラフドット,ラフドット インティメイトウォッシュ PM,1,3582,2026-04,2026-05-18 12:46:55
2026-04-19 00:00:00,PLAZA,札幌ステラプレイス店,YOU TOKYO,YOU TOKYO ヘアミルク CW,2,5360,2026-04,2026-05-18 12:46:55
2026-04-19 00:00:00,PLAZA,ルミネ荻窪店,YOU TOKYO,YOU TOKYO ヘアミルク CW,1,2680,2026-04,2026-05-18 12:46:55
2026-04-19 00:00:00,PLAZA,ルミネ荻窪店,YOU TOKYO,YOU TOKYO ヘアオイル BS,1,2280,2026-04,2026-05-18 12:46:55
2026-04-19 00:00:00,PLAZA,ルミネ荻窪店,YOU TOKYO,YOU TOKYO ヘアオイル RR,1,2280,2026-04,2026-05-18 12:46:55
2026-04-19 00:00:00,PLAZA,岡山一番街店,ラフドット,ラフドット インティメイトウォッシュ MV,1,3582,2026-04,2026-05-18 12:46:55
2026-04-19 00:00:00,PLAZA,ルミネ池袋店,ラフドット,ラフドット インティメイトウォッシュ PM,1,3582,2026-04,2026-05-18 12:46:55
2026-04-19 00:00:00,PLAZA,ルミネ池袋店,YOU TOKYO,YOU TOKYO ヘアミルク RR,1,2680,2026-04,2026-05-18 12:46:55
2026-04-19 00:00:00,PLAZA,ルミネ池袋店,YOU TOKYO,YOU TOKYO ヘアオイル RR,1,2280,2026-04,2026-05-18 12:46:55
2026-04-19 00:00:00,PLAZA,ルミネ池袋店,TEABLESS,TEABLESS ボディローションPG,1,1500,2026-04,2026-05-18 12:46:55
2026-04-19 00:00:00,PLAZA,イオンモールむさし村山店,ラフドット,ラフドット インティメイトウォッシュ PM,1,3582,2026-04,2026-05-18 12:46:55
2026-04-19 00:00:00,PLAZA,越谷イオンレイクタウン店,ラフドット,ラフドット インティメイトウォッシュ MV,1,3582,2026-04,2026-05-18 12:46:55
2026-04-19 00:00:00,PLAZA,越谷イオンレイクタウン店,YOU TOKYO,YOU TOKYO ヘアミルク CW,1,2680,2026-04,2026-05-18 12:46:55
2026-04-19 00:00:00,PLAZA,たまプラーザテラス店,ラフドット,ラフドット インティメイトウォッシュ LV,1,3582,2026-04,2026-05-18 12:46:55
2026-04-19 00:00:00,PLAZA,たまプラーザテラス店,YOU TOKYO,YOU TOKYO ヘアミルク RR,1,2680,2026-04,2026-05-18 12:46:55
2026-04-19 00:00:00,PLAZA,アトレ吉祥寺店,ラフドット,ラフドット インティメイトウォッシュ PM,1,3582,2026-04,2026-05-18 12:46:55
2026-04-19 00:00:00,PLAZA,ルクア大阪店,ラフドット,ラフドット インティメイトウォッシュ SB,1,3582,2026-04,2026-05-18 12:46:55
2026-04-19 00:00:00,PLAZA,ルクア大阪店,YOU TOKYO,YOU TOKYO ヘアオイル BS,1,2280,2026-04,2026-05-18 12:46:55
2026-04-19 00:00:00,PLAZA,三井アウトレットパーク木更津店,YOU TOKYO,YOU TOKYO ヘアミルク CW,1,2680,2026-04,2026-05-18 12:46:55
2026-04-19 00:00:00,PLAZA,上野マルイ店,ラフドット,ラフドット インティメイトウォッシュ PM,1,3582,2026-04,2026-05-18 12:46:55
2026-04-19 00:00:00,PLAZA,上野マルイ店,TEABLESS,TEABLESS ボディローションLW,1,1500,2026-04,2026-05-18 12:46:55
2026-04-19 00:00:00,PLAZA,ららテラス武蔵小杉店,ラフドット,ラフドット インティメイトウォッシュ PM,1,3582,2026-04,2026-05-18 12:46:55
2026-04-19 00:00:00,PLAZA,軽井沢プリンスショッピングP店,YOU TOKYO,YOU TOKYO ヘアミルク RR,1,2680,2026-04,2026-05-18 12:46:55
2026-04-19 00:00:00,PLAZA,軽井沢プリンスショッピングP店,YOU TOKYO,YOU TOKYO ヘアオイル BS,1,2280,2026-04,2026-05-18 12:46:55
2026-04-19 00:00:00,PLAZA,ラスカ茅ケ崎店,YOU TOKYO,YOU TOKYO ヘアミルク RR,1,2680,2026-04,2026-05-18 12:46:55
2026-04-19 00:00:00,PLAZA,金沢フォーラス店,ラフドット,ラフドット インティメイトウォッシュ MV,1,3582,2026-04,2026-05-18 12:46:55
2026-04-19 00:00:00,PLAZA,ペリエ千葉店,YOU TOKYO,YOU TOKYO ヘアミルク CW,1,2680,2026-04,2026-05-18 12:46:55
2026-04-19 00:00:00,PLAZA,ペリエ千葉店,YOU TOKYO,YOU TOKYO ヘアミルク RR,1,2680,2026-04,2026-05-18 12:46:55
2026-04-19 00:00:00,PLAZA,名古屋ユニモール店,ラフドット,ラフドット インティメイトウォッシュ SB,1,3582,2026-04,2026-05-18 12:46:55
2026-04-19 00:00:00,PLAZA,名古屋ユニモール店,ラフドット,ラフドット インティメイトウォッシュ MV,1,3582,2026-04,2026-05-18 12:46:55
2026-04-19 00:00:00,PLAZA,心斎橋パルコ店,YOU TOKYO,YOU TOKYO ヘアミルク CW,1,2680,2026-04,2026-05-18 12:46:55
2026-04-19 00:00:00,PLAZA,アミュプラザくまもと店,ラフドット,ラフドット インティメイトウォッシュ SB,1,3582,2026-04,2026-05-18 12:46:55
2026-04-19 00:00:00,PLAZA,アミュプラザくまもと店,ラフドット,ラフドット インティメイトウォッシュ MV,1,3582,2026-04,2026-05-18 12:46:55
2026-04-19 00:00:00,PLAZA,アトレ松戸店,ラフドット,ラフドット インティメイトウォッシュ SB,1,3582,2026-04,2026-05-18 12:46:55
2026-04-19 00:00:00,PLAZA,池袋サンシャインシティアルパ店,ラフドット,ラフドット インティメイトウォッシュ SB,1,3582,2026-04,2026-05-18 12:46:55
2026-04-19 00:00:00,PLAZA,プラザ盛岡フェザン店,ラフドット,ラフドット インティメイトウォッシュ SB,1,3582,2026-04,2026-05-18 12:46:55
2026-04-19 00:00:00,PLAZA,プラザイオンモールKYOTO店,ラフドット,ラフドット インティメイトウォッシュ SB,1,3582,2026-04,2026-05-18 12:46:55
2026-04-19 00:00:00,PLAZA,プラザイオンモール倉敷店,ラフドット,ラフドット インティメイトウォッシュ PM,1,3582,2026-04,2026-05-18 12:46:55
2026-04-19 00:00:00,PLAZA,プラザイオンモール新居浜店,ラフドット,ラフドット インティメイトウォッシュ MV,1,3582,2026-04,2026-05-18 12:46:55
2026-04-19 00:00:00,PLAZA,プラザミナモア広島店,ラフドット,ラフドット インティメイトウォッシュ MV,1,3582,2026-04,2026-05-18 12:46:55
2026-04-19 00:00:00,PLAZA,プラザミナモア広島店,YOU TOKYO,YOU TOKYO ヘアミルク RR,1,2680,2026-04,2026-05-18 12:46:55
2026-04-19 00:00:00,PLAZA,プラザイオンモール高知店,ラフドット,ラフドット インティメイトウォッシュ SB,2,7164,2026-04,2026-05-18 12:46:55
2026-04-19 00:00:00,PLAZA,プラザイオンモール広島府中店,ラフドット,ラフドット インティメイトウォッシュ SB,1,3582,2026-04,2026-05-18 12:46:55
2026-04-19 00:00:00,PLAZA,プラザイオンモール広島府中店,バイワンシー,バイワンシー SP/TRサシェ,1,270,2026-04,2026-05-18 12:46:55
2026-04-19 00:00:00,PLAZA,イオンモール各務原インター店,ラフドット,ラフドット インティメイトウォッシュ MV,1,3582,2026-04,2026-05-18 12:46:55
2026-04-19 00:00:00,PLAZA,プラザイオンモール白山店,YOU TOKYO,YOU TOKYO ヘアミルク CW,1,2680,2026-04,2026-05-18 12:46:55
2026-04-19 00:00:00,PLAZA,プラザイオンモール白山店,YOU TOKYO,YOU TOKYO ヘアミルク RR,1,2680,2026-04,2026-05-18 12:46:55
2026-04-19 00:00:00,PLAZA,プラザイオンモール岡崎店,ラフドット,ラフドット インティメイトウォッシュ LV,1,3582,2026-04,2026-05-18 12:46:55
2026-04-19 00:00:00,PLAZA,神戸ハーバーランドumie店,ラフドット,ラフドット インティメイトウォッシュ SB,1,3582,2026-04,2026-05-18 12:46:55
2026-04-19 00:00:00,PLAZA,プラザイオンモール豊川店,ラフドット,ラフドット インティメイトウォッシュ SB,1,3582,2026-04,2026-05-18 12:46:55
2026-04-19 00:00:00,PLAZA,プラザイオンモール豊川店,ラフドット,ラフドット インティメイトウォッシュ MV,1,3582,2026-04,2026-05-18 12:46:55
2026-04-19 00:00:00,PLAZA,CoCoLo新潟店,ラフドット,ラフドット インティメイトウォッシュ MV,1,3582,2026-04,2026-05-18 12:46:55
2026-04-19 00:00:00,PLAZA,プラザイオンモール浜松市野店,ラフドット,ラフドット インティメイトウォッシュ SB,1,3582,2026-04,2026-05-18 12:46:55
2026-04-19 00:00:00,PLAZA,プラザイオンモール浜松市野店,ラフドット,ラフドット インティメイトウォッシュ PM,1,3582,2026-04,2026-05-18 12:46:55
2026-04-19 00:00:00,PLAZA,プラザイオンモール浜松市野店,YOU TOKYO,YOU TOKYO ヘアミルク RR,1,2680,2026-04,2026-05-18 12:46:55
2026-04-19 00:00:00,PLAZA,プラザイオンモール浜松市野店,YOU TOKYO,YOU TOKYO ヘアオイル RR,1,2280,2026-04,2026-05-18 12:46:55
2026-04-19 00:00:00,PLAZA,ファッションクルーズひたちなか,ラフドット,ラフドット インティメイトウォッシュ MV,1,3582,2026-04,2026-05-18 12:46:55
2026-04-19 00:00:00,PLAZA,プラザイオンモール津南店,YOU TOKYO,YOU TOKYO ヘアミルク CW,1,2680,2026-04,2026-05-18 12:46:55
2026-04-19 00:00:00,PLAZA,プラザイオンモール津南店,YOU TOKYO,YOU TOKYO ヘアオイル BS,1,2280,2026-04,2026-05-18 12:46:55
2026-04-19 00:00:00,PLAZA,プラザイオンモール須坂店,ラフドット,ラフドット インティメイトウォッシュ PM,1,3582,2026-04,2026-05-18 12:46:55
2026-04-18 00:00:00,PLAZA,三宮店,ラフドット,ラフドット インティメイトウォッシュ PM,1,3582,2026-04,2026-05-18 12:46:55
2026-04-18 00:00:00,PLAZA,三宮店,TEABLESS,TEABLESS ボディローションLW,1,1500,2026-04,2026-05-18 12:46:55
2026-04-18 00:00:00,PLAZA,玉川高島屋SC店,YOU TOKYO,YOU TOKYO ヘアミルク RR,1,2680,2026-04,2026-05-18 12:46:55
2026-04-18 00:00:00,PLAZA,玉川高島屋SC店,YOU TOKYO,YOU TOKYO ヘアオイル BS,3,6840,2026-04,2026-05-18 12:46:55
2026-04-18 00:00:00,PLAZA,ルミネ横浜店,ラフドット,ラフドット インティメイトウォッシュ SB,1,3582,2026-04,2026-05-18 12:46:55
2026-04-18 00:00:00,PLAZA,ルミネ横浜店,YOU TOKYO,YOU TOKYO ヘアミルク RR,1,2680,2026-04,2026-05-18 12:46:55
2026-04-18 00:00:00,PLAZA,ルミネ横浜店,YOU TOKYO,YOU TOKYO ヘアオイル BS,3,6840,2026-04,2026-05-18 12:46:55
2026-04-18 00:00:00,PLAZA,ルミネ大宮店,ラフドット,ラフドット インティメイトウォッシュ PM,1,3582,2026-04,2026-05-18 12:46:55
2026-04-18 00:00:00,PLAZA,ルミネ新宿店,ラフドット,ラフドット インティメイトウォッシュ PM,1,3582,2026-04,2026-05-18 12:46:55
2026-04-18 00:00:00,PLAZA,ルミネ新宿店,YOU TOKYO,YOU TOKYO ヘアミルク CW,1,2680,2026-04,2026-05-18 12:46:55
2026-04-18 00:00:00,PLAZA,ルミネ新宿店,YOU TOKYO,YOU TOKYO ヘアオイル RR,1,2280,2026-04,2026-05-18 12:46:55
2026-04-18 00:00:00,PLAZA,アミュプラザ小倉店,ラフドット,ラフドット インティメイトウォッシュ PM,1,3582,2026-04,2026-05-18 12:46:55
2026-04-18 00:00:00,PLAZA,アミュプラザ小倉店,YOU TOKYO,YOU TOKYO ヘアミルク RR,1,2680,2026-04,2026-05-18 12:46:55
2026-04-18 00:00:00,PLAZA,横浜ジョイナス店,YOU TOKYO,YOU TOKYO ヘアミルク RR,1,2680,2026-04,2026-05-18 12:46:55
2026-04-18 00:00:00,PLAZA,横浜ジョイナス店,YOU TOKYO,YOU TOKYO ヘアオイル RR,1,2280,2026-04,2026-05-18 12:46:55
2026-04-18 00:00:00,PLAZA,京都ポルタ店,YOU TOKYO,YOU TOKYO ヘアミルク RR,1,2680,2026-04,2026-05-18 12:46:55
2026-04-18 00:00:00,PLAZA,京都ポルタ店,YOU TOKYO,YOU TOKYO ヘアオイル BS,1,2280,2026-04,2026-05-18 12:46:55
2026-04-18 00:00:00,PLAZA,イオンモール羽生店,ラフドット,ラフドット インティメイトウォッシュ PM,1,3582,2026-04,2026-05-18 12:46:55
2026-04-18 00:00:00,PLAZA,イオンモール羽生店,YOU TOKYO,YOU TOKYO ヘアミルク CW,3,8040,2026-04,2026-05-18 12:46:55
2026-04-18 00:00:00,PLAZA,五反田東急スクエア店,ラフドット,ラフドット インティメイトウォッシュ SB,1,3582,2026-04,2026-05-18 12:46:55
2026-04-18 00:00:00,PLAZA,福岡ソラリアプラザ店,ラフドット,ラフドット インティメイトウォッシュ PM,2,7164,2026-04,2026-05-18 12:46:55
2026-04-18 00:00:00,PLAZA,福岡ソラリアプラザ店,ラフドット,ラフドット インティメイトFミスト PM,1,3132,2026-04,2026-05-18 12:46:55
2026-04-18 00:00:00,PLAZA,イオンモール堺北花田店,ラフドット,ラフドット インティメイトウォッシュ MV,2,7164,2026-04,2026-05-18 12:46:55
2026-04-18 00:00:00,PLAZA,柏高島屋ステーションモール店,YOU TOKYO,YOU TOKYO ヘアミルク RR,1,2680,2026-04,2026-05-18 12:46:55
2026-04-18 00:00:00,PLAZA,大船ルミネウイング店,YOU TOKYO,YOU TOKYO ヘアミルク RR,3,8040,2026-04,2026-05-18 12:46:55
2026-04-18 00:00:00,PLAZA,ルミネエスト新宿店,YOU TOKYO,YOU TOKYO ヘアミルク CW,1,2680,2026-04,2026-05-18 12:46:55
2026-04-18 00:00:00,PLAZA,ルミネエスト新宿店,YOU TOKYO,YOU TOKYO ヘアミルク RR,1,2680,2026-04,2026-05-18 12:46:55
2026-04-18 00:00:00,PLAZA,ルミネエスト新宿店,YOU TOKYO,YOU TOKYO ヘアオイル RR,1,2280,2026-04,2026-05-18 12:46:55
2026-04-18 00:00:00,PLAZA,天王寺ミオ店,ラフドット,ラフドット インティメイトウォッシュ SB,1,3582,2026-04,2026-05-18 12:46:55
2026-04-18 00:00:00,PLAZA,天王寺ミオ店,YOU TOKYO,YOU TOKYO ヘアミルク CW,2,5360,2026-04,2026-05-18 12:46:55
2026-04-18 00:00:00,PLAZA,ルミネ立川店,ラフドット,ラフドット インティメイトウォッシュ PM,1,3582,2026-04,2026-05-18 12:46:55
2026-04-18 00:00:00,PLAZA,ルミネ立川店,YOU TOKYO,YOU TOKYO ヘアミルク CW,2,5360,2026-04,2026-05-18 12:46:55
2026-04-18 00:00:00,PLAZA,ルミネ立川店,YOU TOKYO,YOU TOKYO ヘアオイル BS,2,4560,2026-04,2026-05-18 12:46:55
2026-04-18 00:00:00,PLAZA,ウイング上大岡店,YOU TOKYO,YOU TOKYO ヘアミルク RR,1,2680,2026-04,2026-05-18 12:46:55
2026-04-18 00:00:00,PLAZA,アトレ恵比寿店,ラフドット,ラフドット インティメイトFミスト PM,1,3132,2026-04,2026-05-18 12:46:55
2026-04-18 00:00:00,PLAZA,アトレ恵比寿店,YOU TOKYO,YOU TOKYO ヘアミルク CW,1,2680,2026-04,2026-05-18 12:46:55
2026-04-18 00:00:00,PLAZA,ルミネ町田店,YOU TOKYO,YOU TOKYO ヘアオイル RR,1,2280,2026-04,2026-05-18 12:46:55
2026-04-18 00:00:00,PLAZA,池袋パルコ店,YOU TOKYO,YOU TOKYO ヘアオイル BS,1,2280,2026-04,2026-05-18 12:46:55
2026-04-18 00:00:00,PLAZA,ららぽーとTOKYO-BAY店,ラフドット,ラフドット インティメイトウォッシュ SB,3,10746,2026-04,2026-05-18 12:46:55
2026-04-18 00:00:00,PLAZA,ららぽーとTOKYO-BAY店,ラフドット,ラフドット インティメイトウォッシュ LV,1,3582,2026-04,2026-05-18 12:46:55
2026-04-18 00:00:00,PLAZA,京橋京阪モール店,ラフドット,ラフドット インティメイトウォッシュ SB,1,3582,2026-04,2026-05-18 12:46:55
2026-04-18 00:00:00,PLAZA,エスパル仙台店,ラフドット,ラフドット インティメイトウォッシュ MV,1,3582,2026-04,2026-05-18 12:46:55
2026-04-18 00:00:00,PLAZA,エスパル仙台店,YOU TOKYO,YOU TOKYO ヘアミルク CW,1,2680,2026-04,2026-05-18 12:46:55
2026-04-18 00:00:00,PLAZA,エスパル仙台店,YOU TOKYO,YOU TOKYO ヘアミルク RR,1,2680,2026-04,2026-05-18 12:46:55
2026-04-18 00:00:00,PLAZA,エスパル仙台店,YOU TOKYO,YOU TOKYO ヘアオイル BS,1,2280,2026-04,2026-05-18 12:46:55
2026-04-18 00:00:00,PLAZA,ルミネ北千住店,ラフドット,ラフドット インティメイトウォッシュ SB,1,3582,2026-04,2026-05-18 12:46:55
2026-04-18 00:00:00,PLAZA,ルミネ北千住店,ラフドット,ラフドット インティメイトウォッシュ MV,1,3582,2026-04,2026-05-18 12:46:55
2026-04-18 00:00:00,PLAZA,札幌ステラプレイス店,ラフドット,ラフドット インティメイトウォッシュ PM,1,3582,2026-04,2026-05-18 12:46:55
2026-04-18 00:00:00,PLAZA,札幌ステラプレイス店,YOU TOKYO,YOU TOKYO ヘアミルク CW,2,5360,2026-04,2026-05-18 12:46:55
2026-04-18 00:00:00,PLAZA,ルミネ荻窪店,YOU TOKYO,YOU TOKYO ヘアミルク RR,1,2680,2026-04,2026-05-18 12:46:55
2026-04-18 00:00:00,PLAZA,ルミネ池袋店,ラフドット,ラフドット インティメイトウォッシュ SB,1,3582,2026-04,2026-05-18 12:46:55
2026-04-18 00:00:00,PLAZA,ルミネ池袋店,ラフドット,ラフドット インティメイトウォッシュ PM,1,3582,2026-04,2026-05-18 12:46:55
2026-04-18 00:00:00,PLAZA,ルミネ池袋店,YOU TOKYO,YOU TOKYO ヘアミルク RR,2,5360,2026-04,2026-05-18 12:46:55
2026-04-18 00:00:00,PLAZA,イオンモールむさし村山店,ラフドット,ラフドット インティメイトウォッシュ MV,1,3582,2026-04,2026-05-18 12:46:55
2026-04-18 00:00:00,PLAZA,イオンモールむさし村山店,YOU TOKYO,YOU TOKYO ヘアミルク RR,1,2680,2026-04,2026-05-18 12:46:55
2026-04-18 00:00:00,PLAZA,神戸三田プレミアムアウトレット,TEABLESS,TEABLESS ボディローションAE,1,1500,2026-04,2026-05-18 12:46:55
2026-04-18 00:00:00,PLAZA,舞浜イクスピアリ店,YOU TOKYO,YOU TOKYO ヘアオイル RR,1,2280,2026-04,2026-05-18 12:46:55
2026-04-18 00:00:00,PLAZA,越谷イオンレイクタウン店,ラフドット,ラフドット インティメイトウォッシュ SB,1,3582,2026-04,2026-05-18 12:46:55
2026-04-18 00:00:00,PLAZA,越谷イオンレイクタウン店,ラフドット,ラフドット インティメイトウォッシュ PM,1,3582,2026-04,2026-05-18 12:46:55
2026-04-18 00:00:00,PLAZA,越谷イオンレイクタウン店,YOU TOKYO,YOU TOKYO ヘアミルク CW,1,2680,2026-04,2026-05-18 12:46:55
2026-04-18 00:00:00,PLAZA,阪急西宮ガーデンズ店,ラフドット,ラフドット インティメイトウォッシュ SB,1,3582,2026-04,2026-05-18 12:46:55
2026-04-18 00:00:00,PLAZA,阪急西宮ガーデンズ店,ラフドット,ラフドット インティメイトウォッシュ PM,1,3582,2026-04,2026-05-18 12:46:55
2026-04-18 00:00:00,PLAZA,たまプラーザテラス店,YOU TOKYO,YOU TOKYO ヘアオイル BS,1,2280,2026-04,2026-05-18 12:46:55
2026-04-18 00:00:00,PLAZA,ルクア大阪店,ラフドット,ラフドット インティメイトウォッシュ PM,1,3582,2026-04,2026-05-18 12:46:55
2026-04-18 00:00:00,PLAZA,ルクア大阪店,YOU TOKYO,YOU TOKYO ヘアミルク CW,4,10720,2026-04,2026-05-18 12:46:55
2026-04-18 00:00:00,PLAZA,ルクア大阪店,YOU TOKYO,YOU TOKYO ヘアミルク RR,2,5360,2026-04,2026-05-18 12:46:55
2026-04-18 00:00:00,PLAZA,ルクア大阪店,YOU TOKYO,YOU TOKYO ヘアオイル BS,1,2280,2026-04,2026-05-18 12:46:55
2026-04-18 00:00:00,PLAZA,三井アウトレットパーク木更津店,ラフドット,ラフドット インティメイトFミスト SB,1,3132,2026-04,2026-05-18 12:46:55
2026-04-18 00:00:00,PLAZA,三井アウトレットパーク木更津店,YOU TOKYO,YOU TOKYO ヘアミルク CW,1,2680,2026-04,2026-05-18 12:46:55
2026-04-18 00:00:00,PLAZA,イオンモール幕張新都心店,ラフドット,ラフドット インティメイトウォッシュ MV,1,3582,2026-04,2026-05-18 12:46:55
2026-04-18 00:00:00,PLAZA,軽井沢プリンスショッピングP店,YOU TOKYO,YOU TOKYO ヘアオイル BS,1,2280,2026-04,2026-05-18 12:46:55
2026-04-18 00:00:00,PLAZA,軽井沢プリンスショッピングP店,YOU TOKYO,YOU TOKYO ヘアオイル RR,1,2280,2026-04,2026-05-18 12:46:55
2026-04-18 00:00:00,PLAZA,ラスカ茅ケ崎店,ラフドット,ラフドット インティメイトウォッシュ SB,1,3582,2026-04,2026-05-18 12:46:55
2026-04-18 00:00:00,PLAZA,ラスカ茅ケ崎店,ラフドット,ラフドット インティメイトウォッシュ MV,1,3582,2026-04,2026-05-18 12:46:55
2026-04-18 00:00:00,PLAZA,ラスカ茅ケ崎店,YOU TOKYO,YOU TOKYO ヘアミルク RR,2,5360,2026-04,2026-05-18 12:46:55
2026-04-18 00:00:00,PLAZA,金沢フォーラス店,ラフドット,ラフドット インティメイトウォッシュ SB,1,3582,2026-04,2026-05-18 12:46:55
2026-04-18 00:00:00,PLAZA,静岡パルシェ店,ラフドット,ラフドット インティメイトFミスト SB,1,3132,2026-04,2026-05-18 12:46:55
2026-04-18 00:00:00,PLAZA,ペリエ千葉店,YOU TOKYO,YOU TOKYO ヘアミルク CW,2,5360,2026-04,2026-05-18 12:46:55
2026-04-18 00:00:00,PLAZA,ペリエ千葉店,YOU TOKYO,YOU TOKYO ヘアミルク RR,2,5360,2026-04,2026-05-18 12:46:55
2026-04-18 00:00:00,PLAZA,ペリエ千葉店,YOU TOKYO,YOU TOKYO ヘアオイル BS,1,2280,2026-04,2026-05-18 12:46:55
2026-04-18 00:00:00,PLAZA,名古屋ユニモール店,ラフドット,ラフドット インティメイトウォッシュ MV,1,3582,2026-04,2026-05-18 12:46:55
2026-04-18 00:00:00,PLAZA,心斎橋パルコ店,YOU TOKYO,YOU TOKYO ヘアミルク CW,1,2680,2026-04,2026-05-18 12:46:55
2026-04-18 00:00:00,PLAZA,船橋東武店,ラフドット,ラフドット インティメイトウォッシュ SB,1,3582,2026-04,2026-05-18 12:46:55
2026-04-18 00:00:00,PLAZA,船橋東武店,YOU TOKYO,YOU TOKYO ヘアミルク RR,1,2680,2026-04,2026-05-18 12:46:55
2026-04-18 00:00:00,PLAZA,船橋東武店,YOU TOKYO,YOU TOKYO ヘアオイル BS,1,2280,2026-04,2026-05-18 12:46:55
2026-04-18 00:00:00,PLAZA,ららぽーと門真店,ラフドット,ラフドット インティメイトウォッシュ PM,1,3582,2026-04,2026-05-18 12:46:55
2026-04-18 00:00:00,PLAZA,池袋サンシャインシティアルパ店,YOU TOKYO,YOU TOKYO ヘアミルク CW,1,2680,2026-04,2026-05-18 12:46:55
2026-04-18 00:00:00,PLAZA,コクーンシティさいたま新都心店,ラフドット,ラフドット インティメイトウォッシュ PM,2,7164,2026-04,2026-05-18 12:46:55
2026-04-18 00:00:00,PLAZA,プラザイオンモール筑紫野店,ラフドット,ラフドット インティメイトウォッシュ SB,1,3582,2026-04,2026-05-18 12:46:55
2026-04-18 00:00:00,PLAZA,プラザイオンモール筑紫野店,ラフドット,ラフドット インティメイトウォッシュ PM,1,3582,2026-04,2026-05-18 12:46:55
2026-04-18 00:00:00,PLAZA,プラザイオンモール太田店,ラフドット,ラフドット インティメイトウォッシュ SB,1,3582,2026-04,2026-05-18 12:46:55
2026-04-18 00:00:00,PLAZA,プラザイオンモール太田店,ラフドット,ラフドット インティメイトウォッシュ PM,1,3582,2026-04,2026-05-18 12:46:55
2026-04-18 00:00:00,PLAZA,プラザミナモア広島店,ラフドット,ラフドット インティメイトウォッシュ PM,1,3582,2026-04,2026-05-18 12:46:55
2026-04-18 00:00:00,PLAZA,プラザミナモア広島店,YOU TOKYO,YOU TOKYO ヘアミルク RR,1,2680,2026-04,2026-05-18 12:46:55
2026-04-18 00:00:00,PLAZA,プラザミナモア広島店,YOU TOKYO,YOU TOKYO ヘアオイル BS,1,2280,2026-04,2026-05-18 12:46:55
2026-04-18 00:00:00,PLAZA,プラザららぽーと湘南平塚店,ラフドット,ラフドット インティメイトウォッシュ SB,1,3582,2026-04,2026-05-18 12:46:55
2026-04-18 00:00:00,PLAZA,プラザららぽーと磐田店,ラフドット,ラフドット インティメイトウォッシュ PM,1,3582,2026-04,2026-05-18 12:46:55
2026-04-18 00:00:00,PLAZA,プラザイオンモール高知店,ラフドット,ラフドット インティメイトウォッシュ SB,1,3582,2026-04,2026-05-18 12:46:55
2026-04-18 00:00:00,PLAZA,プラザイオンモール浜松志都呂店,ラフドット,ラフドット インティメイトFミスト SB,1,3132,2026-04,2026-05-18 12:46:55
2026-04-18 00:00:00,PLAZA,プラザ宇都宮パセオ店,ラフドット,ラフドット インティメイトウォッシュ SB,1,3582,2026-04,2026-05-18 12:46:55
2026-04-18 00:00:00,PLAZA,プラザイオンモール白山店,YOU TOKYO,YOU TOKYO ヘアミルク CW,1,2680,2026-04,2026-05-18 12:46:55
2026-04-18 00:00:00,PLAZA,プラザイオンモール福岡店,ラフドット,ラフドット インティメイトウォッシュ PM,1,3582,2026-04,2026-05-18 12:46:55
2026-04-18 00:00:00,PLAZA,プラザイオンモール浜松市野店,ラフドット,ラフドット インティメイトウォッシュ PM,1,3582,2026-04,2026-05-18 12:46:55
2026-04-18 00:00:00,PLAZA,プラザイオンモール浜松市野店,TEABLESS,TEABLESS ボディローションAE,1,1500,2026-04,2026-05-18 12:46:55
2026-04-18 00:00:00,PLAZA,プラザイオンモール津南店,YOU TOKYO,YOU TOKYO ヘアミルク CW,1,2680,2026-04,2026-05-18 12:46:55
2026-04-18 00:00:00,PLAZA,プラザイオンモール津南店,YOU TOKYO,YOU TOKYO ヘアオイル BS,1,2280,2026-04,2026-05-18 12:46:55
2026-04-18 00:00:00,PLAZA,プラザイオンモール盛岡南店,ラフドット,ラフドット インティメイトウォッシュ PM,1,3582,2026-04,2026-05-18 12:46:55
2026-04-18 00:00:00,PLAZA,プラザイオンモール盛岡南店,ラフドット,ラフドット インティメイトウォッシュ LV,1,3582,2026-04,2026-05-18 12:46:55
2026-04-18 00:00:00,PLAZA,プラザイオンモール須坂店,YOU TOKYO,YOU TOKYO ヘアオイル RR,1,2280,2026-04,2026-05-18 12:46:55
2026-04-17 00:00:00,PLAZA,梅田ヘップファイブ店,ラフドット,ラフドット インティメイトウォッシュ SB,1,3582,2026-04,2026-05-18 12:46:55
2026-04-17 00:00:00,PLAZA,梅田ヘップファイブ店,ラフドット,ラフドット インティメイトウォッシュ PM,1,3582,2026-04,2026-05-18 12:46:55
2026-04-17 00:00:00,PLAZA,梅田ヘップファイブ店,YOU TOKYO,YOU TOKYO ヘアオイル RR,1,2280,2026-04,2026-05-18 12:46:55
2026-04-17 00:00:00,PLAZA,玉川高島屋SC店,YOU TOKYO,YOU TOKYO ヘアミルク CW,2,5360,2026-04,2026-05-18 12:46:55
2026-04-17 00:00:00,PLAZA,玉川高島屋SC店,YOU TOKYO,YOU TOKYO ヘアミルク RR,1,2680,2026-04,2026-05-18 12:46:55
2026-04-17 00:00:00,PLAZA,ルミネ横浜店,ラフドット,ラフドット インティメイトウォッシュ PM,1,3582,2026-04,2026-05-18 12:46:55
2026-04-17 00:00:00,PLAZA,ルミネ横浜店,YOU TOKYO,YOU TOKYO ヘアミルク RR,1,2680,2026-04,2026-05-18 12:46:55
2026-04-17 00:00:00,PLAZA,ルミネ横浜店,YOU TOKYO,YOU TOKYO ヘアオイル BS,1,2280,2026-04,2026-05-18 12:46:55
2026-04-17 00:00:00,PLAZA,アトレ大井町店,YOU TOKYO,YOU TOKYO ヘアミルク RR,1,2680,2026-04,2026-05-18 12:46:55
2026-04-17 00:00:00,PLAZA,ルミネ大宮店,YOU TOKYO,YOU TOKYO ヘアミルク RR,2,5360,2026-04,2026-05-18 12:46:55
2026-04-17 00:00:00,PLAZA,ルミネ新宿店,YOU TOKYO,YOU TOKYO ヘアミルク CW,1,2680,2026-04,2026-05-18 12:46:55
2026-04-17 00:00:00,PLAZA,ルミネ新宿店,YOU TOKYO,YOU TOKYO ヘアミルク RR,3,8040,2026-04,2026-05-18 12:46:55
2026-04-17 00:00:00,PLAZA,ルミネ新宿店,YOU TOKYO,YOU TOKYO ヘアオイル RR,1,2280,2026-04,2026-05-18 12:46:55
2026-04-17 00:00:00,PLAZA,ルミネ新宿店,TEABLESS,TEABLESS ボディローションLW,1,1500,2026-04,2026-05-18 12:46:55
2026-04-17 00:00:00,PLAZA,アミュプラザ小倉店,YOU TOKYO,YOU TOKYO ヘアオイル RR,1,2280,2026-04,2026-05-18 12:46:55
2026-04-17 00:00:00,PLAZA,横浜ジョイナス店,ラフドット,ラフドット インティメイトウォッシュ LV,1,3582,2026-04,2026-05-18 12:46:55
2026-04-17 00:00:00,PLAZA,御殿場プレミアムアウトレット店,TEABLESS,TEABLESS ボディローションPG,1,1500,2026-04,2026-05-18 12:46:55
2026-04-17 00:00:00,PLAZA,京都ポルタ店,YOU TOKYO,YOU TOKYO ヘアミルク CW,1,2680,2026-04,2026-05-18 12:46:55
2026-04-17 00:00:00,PLAZA,京都ポルタ店,YOU TOKYO,YOU TOKYO ヘアミルク RR,1,2680,2026-04,2026-05-18 12:46:55
2026-04-17 00:00:00,PLAZA,イオンモール羽生店,YOU TOKYO,YOU TOKYO ヘアミルク RR,2,5360,2026-04,2026-05-18 12:46:55
2026-04-17 00:00:00,PLAZA,イオンモール羽生店,YOU TOKYO,YOU TOKYO ヘアオイル RR,1,2280,2026-04,2026-05-18 12:46:55
2026-04-17 00:00:00,PLAZA,五反田東急スクエア店,ラフドット,ラフドット インティメイトウォッシュ PM,1,3582,2026-04,2026-05-18 12:46:55
2026-04-17 00:00:00,PLAZA,新越谷ヴァリエ店,YOU TOKYO,YOU TOKYO ヘアミルク CW,1,2680,2026-04,2026-05-18 12:46:55
2026-04-17 00:00:00,PLAZA,福岡ソラリアプラザ店,ラフドット,ラフドット インティメイトウォッシュ PM,1,3582,2026-04,2026-05-18 12:46:55
2026-04-17 00:00:00,PLAZA,柏高島屋ステーションモール店,ラフドット,ラフドット インティメイトウォッシュ MV,2,7164,2026-04,2026-05-18 12:46:55
2026-04-17 00:00:00,PLAZA,柏高島屋ステーションモール店,ラフドット,ラフドット インティメイトミスト MV,1,3132,2026-04,2026-05-18 12:46:55
2026-04-17 00:00:00,PLAZA,柏高島屋ステーションモール店,YOU TOKYO,YOU TOKYO ヘアミルク CW,2,5360,2026-04,2026-05-18 12:46:55
2026-04-17 00:00:00,PLAZA,柏高島屋ステーションモール店,YOU TOKYO,YOU TOKYO ヘアミルク RR,1,2680,2026-04,2026-05-18 12:46:55
2026-04-17 00:00:00,PLAZA,大船ルミネウイング店,YOU TOKYO,YOU TOKYO ヘアミルク CW,1,2680,2026-04,2026-05-18 12:46:55
2026-04-17 00:00:00,PLAZA,浜松メイワン店,ラフドット,ラフドット インティメイトウォッシュ PM,1,3582,2026-04,2026-05-18 12:46:55
2026-04-17 00:00:00,PLAZA,ルミネエスト新宿店,YOU TOKYO,YOU TOKYO ヘアミルク RR,2,5360,2026-04,2026-05-18 12:46:55
2026-04-17 00:00:00,PLAZA,ルミネエスト新宿店,YOU TOKYO,YOU TOKYO ヘアオイル RR,1,2280,2026-04,2026-05-18 12:46:55
2026-04-17 00:00:00,PLAZA,天王寺ミオ店,ラフドット,ラフドット インティメイトウォッシュ SB,1,3582,2026-04,2026-05-18 12:46:55
2026-04-17 00:00:00,PLAZA,天王寺ミオ店,YOU TOKYO,YOU TOKYO ヘアミルク RR,1,2680,2026-04,2026-05-18 12:46:55
2026-04-17 00:00:00,PLAZA,アトレ川越店,YOU TOKYO,YOU TOKYO ヘアミルク CW,1,2680,2026-04,2026-05-18 12:46:55
2026-04-17 00:00:00,PLAZA,アトレ川越店,YOU TOKYO,YOU TOKYO ヘアオイル BS,1,2280,2026-04,2026-05-18 12:46:55
2026-04-17 00:00:00,PLAZA,ルミネ立川店,ラフドット,ラフドット インティメイトウォッシュ MV,1,3582,2026-04,2026-05-18 12:46:55
2026-04-17 00:00:00,PLAZA,アトレ恵比寿店,ラフドット,ラフドット インティメイトウォッシュ MV,1,3582,2026-04,2026-05-18 12:46:55
2026-04-17 00:00:00,PLAZA,アトレ川崎店,YOU TOKYO,YOU TOKYO ヘアミルク RR,1,2680,2026-04,2026-05-18 12:46:55
2026-04-17 00:00:00,PLAZA,アトレ川崎店,YOU TOKYO,YOU TOKYO ヘアオイル BS,1,2280,2026-04,2026-05-18 12:46:55
2026-04-17 00:00:00,PLAZA,なんばシティ店,YOU TOKYO,YOU TOKYO ヘアミルク RR,1,2680,2026-04,2026-05-18 12:46:55
2026-04-17 00:00:00,PLAZA,ルミネ町田店,YOU TOKYO,YOU TOKYO ヘアミルク CW,2,5360,2026-04,2026-05-18 12:46:55
2026-04-17 00:00:00,PLAZA,ルミネ町田店,YOU TOKYO,YOU TOKYO ヘアオイル BS,1,2280,2026-04,2026-05-18 12:46:55
2026-04-17 00:00:00,PLAZA,池袋パルコ店,YOU TOKYO,YOU TOKYO ヘアミルク CW,1,2680,2026-04,2026-05-18 12:46:55
2026-04-17 00:00:00,PLAZA,池袋パルコ店,YOU TOKYO,YOU TOKYO ヘアミルク RR,1,2680,2026-04,2026-05-18 12:46:55
2026-04-17 00:00:00,PLAZA,池袋パルコ店,YOU TOKYO,YOU TOKYO ヘアオイル BS,1,2280,2026-04,2026-05-18 12:46:55
2026-04-17 00:00:00,PLAZA,池袋パルコ店,YOU TOKYO,YOU TOKYO ヘアオイル RR,1,2280,2026-04,2026-05-18 12:46:55
2026-04-17 00:00:00,PLAZA,ららぽーとTOKYO-BAY店,ラフドット,ラフドット インティメイトウォッシュ SB,1,3582,2026-04,2026-05-18 12:46:55
2026-04-17 00:00:00,PLAZA,ららぽーとTOKYO-BAY店,ラフドット,ラフドット ヤクヨウホワイトセラム,1,3237,2026-04,2026-05-18 12:46:55
2026-04-17 00:00:00,PLAZA,京橋京阪モール店,YOU TOKYO,YOU TOKYO ヘアミルク RR,2,5360,2026-04,2026-05-18 12:46:55
2026-04-17 00:00:00,PLAZA,京橋京阪モール店,YOU TOKYO,YOU TOKYO ヘアオイル RR,1,2280,2026-04,2026-05-18 12:46:55
2026-04-17 00:00:00,PLAZA,京橋京阪モール店,TEABLESS,TEABLESS ボディローションMR,1,1500,2026-04,2026-05-18 12:46:55
2026-04-17 00:00:00,PLAZA,エスパル仙台店,ラフドット,ラフドット インティメイトウォッシュ SB,1,3582,2026-04,2026-05-18 12:46:55
2026-04-17 00:00:00,PLAZA,エスパル仙台店,YOU TOKYO,YOU TOKYO ヘアミルク CW,2,5360,2026-04,2026-05-18 12:46:55
2026-04-17 00:00:00,PLAZA,札幌ステラプレイス店,ラフドット,ラフドット インティメイトウォッシュ SB,1,3582,2026-04,2026-05-18 12:46:55
2026-04-17 00:00:00,PLAZA,札幌ステラプレイス店,YOU TOKYO,YOU TOKYO ヘアオイル BS,1,2280,2026-04,2026-05-18 12:46:55
2026-04-17 00:00:00,PLAZA,水戸エクセル店,ラフドット,ラフドット インティメイトウォッシュ SB,1,3582,2026-04,2026-05-18 12:46:55
2026-04-17 00:00:00,PLAZA,ルミネ荻窪店,YOU TOKYO,YOU TOKYO ヘアオイル RR,1,2280,2026-04,2026-05-18 12:46:55
2026-04-17 00:00:00,PLAZA,ルミネ池袋店,YOU TOKYO,YOU TOKYO ヘアオイル RR,1,2280,2026-04,2026-05-18 12:46:55
2026-04-17 00:00:00,PLAZA,イオンモールむさし村山店,ラフドット,ラフドット インティメイトウォッシュ PM,1,3582,2026-04,2026-05-18 12:46:55
2026-04-17 00:00:00,PLAZA,越谷イオンレイクタウン店,ラフドット,ラフドット インティメイトFミスト PM,1,3132,2026-04,2026-05-18 12:46:55
2026-04-17 00:00:00,PLAZA,越谷イオンレイクタウン店,ラフドット,ラフドット インティメイトウォッシュ MV,1,3582,2026-04,2026-05-18 12:46:55
2026-04-17 00:00:00,PLAZA,たまプラーザテラス店,YOU TOKYO,YOU TOKYO ヘアミルク RR,1,2680,2026-04,2026-05-18 12:46:55
2026-04-17 00:00:00,PLAZA,たまプラーザテラス店,YOU TOKYO,YOU TOKYO ヘアオイル BS,1,2280,2026-04,2026-05-18 12:46:55
2026-04-17 00:00:00,PLAZA,ルクア大阪店,YOU TOKYO,YOU TOKYO ヘアミルク RR,2,5360,2026-04,2026-05-18 12:46:55
2026-04-17 00:00:00,PLAZA,ルクア大阪店,YOU TOKYO,YOU TOKYO ヘアオイル RR,1,2280,2026-04,2026-05-18 12:46:55
2026-04-17 00:00:00,PLAZA,三井アウトレットパーク木更津店,YOU TOKYO,YOU TOKYO ヘアミルク RR,1,2680,2026-04,2026-05-18 12:46:55
2026-04-17 00:00:00,PLAZA,三井アウトレットパーク木更津店,YOU TOKYO,YOU TOKYO ヘアオイル RR,1,2280,2026-04,2026-05-18 12:46:55
2026-04-17 00:00:00,PLAZA,イーアスつくば店,ラフドット,ラフドット インティメイトウォッシュ MV,1,3582,2026-04,2026-05-18 12:46:55
2026-04-17 00:00:00,PLAZA,イーアスつくば店,ラフドット,ラフドット インティメイトミスト MV,1,3132,2026-04,2026-05-18 12:46:55
2026-04-17 00:00:00,PLAZA,ららテラス武蔵小杉店,ラフドット,ラフドット インティメイトウォッシュ SB,1,3582,2026-04,2026-05-18 12:46:55
2026-04-17 00:00:00,PLAZA,ららテラス武蔵小杉店,ラフドット,ラフドット インティメイトウォッシュ PM,2,7164,2026-04,2026-05-18 12:46:55
2026-04-17 00:00:00,PLAZA,ラスカ茅ケ崎店,YOU TOKYO,YOU TOKYO ヘアミルク RR,1,2680,2026-04,2026-05-18 12:46:55
2026-04-17 00:00:00,PLAZA,静岡パルシェ店,ラフドット,ラフドット インティメイトFミスト SB,1,3132,2026-04,2026-05-18 12:46:55
2026-04-17 00:00:00,PLAZA,京都四条店,ラフドット,ラフドット インティメイトウォッシュ SB,1,3582,2026-04,2026-05-18 12:46:55
2026-04-17 00:00:00,PLAZA,京都四条店,TEABLESS,TEABLESS ボディローションLW,1,1500,2026-04,2026-05-18 12:46:55
2026-04-17 00:00:00,PLAZA,名古屋ユニモール店,ラフドット,ラフドット インティメイトウォッシュ SB,1,3582,2026-04,2026-05-18 12:46:55
2026-04-17 00:00:00,PLAZA,名古屋ユニモール店,ラフドット,ラフドット インティメイトFミスト PM,1,3132,2026-04,2026-05-18 12:46:55
2026-04-17 00:00:00,PLAZA,船橋東武店,ラフドット,ラフドット インティメイトウォッシュ PM,1,3582,2026-04,2026-05-18 12:46:55
2026-04-17 00:00:00,PLAZA,船橋東武店,YOU TOKYO,YOU TOKYO ヘアオイル BS,1,2280,2026-04,2026-05-18 12:46:55
2026-04-17 00:00:00,PLAZA,ららぽーと門真店,YOU TOKYO,YOU TOKYO ヘアミルク RR,1,2680,2026-04,2026-05-18 12:46:55
2026-04-17 00:00:00,PLAZA,ルミネ有楽町店,TEABLESS,TEABLESS ボディローションAE,1,1500,2026-04,2026-05-18 12:46:55
2026-04-17 00:00:00,PLAZA,池袋サンシャインシティアルパ店,YOU TOKYO,YOU TOKYO ヘアミルク CW,1,2680,2026-04,2026-05-18 12:46:55
2026-04-17 00:00:00,PLAZA,池袋サンシャインシティアルパ店,YOU TOKYO,YOU TOKYO ヘアミルク RR,1,2680,2026-04,2026-05-18 12:46:55
2026-04-17 00:00:00,PLAZA,コクーンシティさいたま新都心店,ラフドット,ラフドット インティメイトウォッシュ PM,1,3582,2026-04,2026-05-18 12:46:55
2026-04-17 00:00:00,PLAZA,プラザイオンモール日の出店,ラフドット,ラフドット インティメイトウォッシュ PM,2,7164,2026-04,2026-05-18 12:46:55
2026-04-17 00:00:00,PLAZA,プラザ高崎オーパ店,ラフドット,ラフドット インティメイトウォッシュ SB,1,3582,2026-04,2026-05-18 12:46:55
2026-04-17 00:00:00,PLAZA,プラザ高崎オーパ店,ラフドット,ラフドット インティメイトウォッシュ PM,1,3582,2026-04,2026-05-18 12:46:55
2026-04-17 00:00:00,PLAZA,プラザミナモア広島店,YOU TOKYO,YOU TOKYO ヘアミルク RR,1,2680,2026-04,2026-05-18 12:46:55
2026-04-17 00:00:00,PLAZA,プラザミナモア広島店,YOU TOKYO,YOU TOKYO ヘアオイル BS,1,2280,2026-04,2026-05-18 12:46:55
2026-04-17 00:00:00,PLAZA,プラザミナモア広島店,TEABLESS,TEABLESS ボディローションPG,1,1500,2026-04,2026-05-18 12:46:55
2026-04-17 00:00:00,PLAZA,プラザイオンモール甲府昭和店,レチスパ,レチスパ ヘアオイル,1,2400,2026-04,2026-05-18 12:46:55
2026-04-17 00:00:00,PLAZA,沖縄・浦添PARCOCITY店,ラフドット,ラフドット インティメイトウォッシュ SB,1,3582,2026-04,2026-05-18 12:46:55
2026-04-17 00:00:00,PLAZA,プラザららぽーと磐田店,ラフドット,ラフドット インティメイトウォッシュ SB,2,7164,2026-04,2026-05-18 12:46:55
2026-04-17 00:00:00,PLAZA,プラザイオンモール広島府中店,ラフドット,ラフドット インティメイトFミスト SB,1,3132,2026-04,2026-05-18 12:46:55
2026-04-17 00:00:00,PLAZA,プラザイオンモール広島府中店,ラフドット,ラフドット インティメイトウォッシュ PM,1,3582,2026-04,2026-05-18 12:46:55
2026-04-17 00:00:00,PLAZA,プラザ宇都宮パセオ店,ラフドット,ラフドット インティメイトウォッシュ SB,1,3582,2026-04,2026-05-18 12:46:55
2026-04-17 00:00:00,PLAZA,プラザイオンモール白山店,ラフドット,ラフドット インティメイトウォッシュ SB,1,3582,2026-04,2026-05-18 12:46:55
2026-04-17 00:00:00,PLAZA,プラザイオンモール白山店,YOU TOKYO,YOU TOKYO ヘアオイル RR,1,2280,2026-04,2026-05-18 12:46:55
2026-04-17 00:00:00,PLAZA,プラザイオンモール浜松市野店,ラフドット,ラフドット インティメイトウォッシュ PM,1,3582,2026-04,2026-05-18 12:46:55
2026-04-17 00:00:00,PLAZA,プラザイオンモール浜松市野店,YOU TOKYO,YOU TOKYO ヘアオイル BS,1,2280,2026-04,2026-05-18 12:46:55
2026-04-17 00:00:00,PLAZA,プラザイオンモール須坂店,YOU TOKYO,YOU TOKYO ヘアミルク RR,2,5360,2026-04,2026-05-18 12:46:55
2026-04-17 00:00:00,PLAZA,オンラインストア,レチスパ,レチスパ クリームシャンプー,1,3200,2026-04,2026-05-18 12:46:55
2026-04-17 00:00:00,PLAZA,オンラインストア,レチスパ,レチスパ ヘアオイル,1,2400,2026-04,2026-05-18 12:46:55
2026-04-17 00:00:00,PLAZA,オンラインストア,YOU TOKYO,YOU TOKYO ヘアミルク RR,1,2680,2026-04,2026-05-18 12:46:55
2026-04-17 00:00:00,PLAZA,オンラインストア,YOU TOKYO,YOU TOKYO ヘアオイル RR,2,4560,2026-04,2026-05-18 12:46:55
2026-04-16 00:00:00,PLAZA,三宮店,ラフドット,ラフドット インティメイトウォッシュ PM,1,3582,2026-04,2026-05-18 12:46:55
2026-04-16 00:00:00,PLAZA,梅田ヘップファイブ店,ラフドット,ラフドット インティメイトFミスト PM,1,3132,2026-04,2026-05-18 12:46:55
2026-04-16 00:00:00,PLAZA,玉川高島屋SC店,YOU TOKYO,YOU TOKYO ヘアミルク CW,1,2680,2026-04,2026-05-18 12:46:55
2026-04-16 00:00:00,PLAZA,渋谷109店,YOU TOKYO,YOU TOKYO ヘアミルク RR,1,2680,2026-04,2026-05-18 12:46:55
2026-04-16 00:00:00,PLAZA,ルミネ横浜店,ラフドット,ラフドット インティメイトウォッシュ PM,1,3582,2026-04,2026-05-18 12:46:55
2026-04-16 00:00:00,PLAZA,ルミネ横浜店,YOU TOKYO,YOU TOKYO ヘアミルク RR,2,5360,2026-04,2026-05-18 12:46:55
2026-04-16 00:00:00,PLAZA,アトレ大井町店,YOU TOKYO,YOU TOKYO ヘアオイル RR,1,2280,2026-04,2026-05-18 12:46:55
2026-04-16 00:00:00,PLAZA,ルミネ大宮店,YOU TOKYO,YOU TOKYO ヘアミルク RR,1,2680,2026-04,2026-05-18 12:46:55
2026-04-16 00:00:00,PLAZA,ルミネ大宮店,YOU TOKYO,YOU TOKYO ヘアオイル BS,2,4560,2026-04,2026-05-18 12:46:55
2026-04-16 00:00:00,PLAZA,ルミネ新宿店,ラフドット,ラフドット インティメイトウォッシュ SB,2,7164,2026-04,2026-05-18 12:46:55
2026-04-16 00:00:00,PLAZA,ルミネ新宿店,YOU TOKYO,YOU TOKYO ヘアミルク CW,1,2680,2026-04,2026-05-18 12:46:55
2026-04-16 00:00:00,PLAZA,ルミネ新宿店,YOU TOKYO,YOU TOKYO ヘアオイル RR,1,2280,2026-04,2026-05-18 12:46:55
2026-04-16 00:00:00,PLAZA,アミュプラザ小倉店,ラフドット,ラフドット インティメイトウォッシュ SB,1,3582,2026-04,2026-05-18 12:46:55
2026-04-16 00:00:00,PLAZA,アミュプラザ小倉店,ラフドット,ラフドット インティメイトFミスト PM,2,6264,2026-04,2026-05-18 12:46:55
2026-04-16 00:00:00,PLAZA,アミュプラザ小倉店,YOU TOKYO,YOU TOKYO ヘアミルク RR,2,5360,2026-04,2026-05-18 12:46:55
2026-04-16 00:00:00,PLAZA,汐留シオサイト店,ラフドット,ラフドット インティメイトウォッシュ PM,1,3582,2026-04,2026-05-18 12:46:55
2026-04-16 00:00:00,PLAZA,横浜ジョイナス店,YOU TOKYO,YOU TOKYO ヘアミルク RR,1,2680,2026-04,2026-05-18 12:46:55
2026-04-16 00:00:00,PLAZA,京都ポルタ店,ラフドット,ラフドット インティメイトウォッシュ SB,1,3582,2026-04,2026-05-18 12:46:55
2026-04-16 00:00:00,PLAZA,京都ポルタ店,ラフドット,ラフドット インティメイトウォッシュ PM,1,3582,2026-04,2026-05-18 12:46:55
2026-04-16 00:00:00,PLAZA,京都ポルタ店,YOU TOKYO,YOU TOKYO ヘアミルク CW,2,5360,2026-04,2026-05-18 12:46:55
2026-04-16 00:00:00,PLAZA,京都ポルタ店,YOU TOKYO,YOU TOKYO ヘアオイル BS,1,2280,2026-04,2026-05-18 12:46:55
2026-04-16 00:00:00,PLAZA,イオンモール羽生店,YOU TOKYO,YOU TOKYO ヘアミルク CW,1,2680,2026-04,2026-05-18 12:46:55
2026-04-16 00:00:00,PLAZA,イオンモール羽生店,YOU TOKYO,YOU TOKYO ヘアミルク RR,1,2680,2026-04,2026-05-18 12:46:55
2026-04-16 00:00:00,PLAZA,新越谷ヴァリエ店,ラフドット,ラフドット インティメイトFミスト SB,1,3132,2026-04,2026-05-18 12:46:55
2026-04-16 00:00:00,PLAZA,福岡ソラリアプラザ店,ラフドット,ラフドット インティメイトウォッシュ PM,1,3582,2026-04,2026-05-18 12:46:55
2026-04-16 00:00:00,PLAZA,大船ルミネウイング店,YOU TOKYO,YOU TOKYO ヘアミルク RR,2,5360,2026-04,2026-05-18 12:46:55
2026-04-16 00:00:00,PLAZA,大船ルミネウイング店,YOU TOKYO,YOU TOKYO ヘアオイル RR,1,2280,2026-04,2026-05-18 12:46:55
2026-04-16 00:00:00,PLAZA,ルミネエスト新宿店,ラフドット,ラフドット インティメイトウォッシュ PM,1,3582,2026-04,2026-05-18 12:46:55
2026-04-16 00:00:00,PLAZA,アトレ川越店,YOU TOKYO,YOU TOKYO ヘアミルク RR,1,2680,2026-04,2026-05-18 12:46:55
2026-04-16 00:00:00,PLAZA,ルミネ立川店,ラフドット,ラフドット インティメイトウォッシュ SB,1,3582,2026-04,2026-05-18 12:46:55
2026-04-16 00:00:00,PLAZA,ルミネ立川店,YOU TOKYO,YOU TOKYO ヘアミルク CW,1,2680,2026-04,2026-05-18 12:46:55
2026-04-16 00:00:00,PLAZA,ルミネ立川店,YOU TOKYO,YOU TOKYO ヘアミルク RR,1,2680,2026-04,2026-05-18 12:46:55
2026-04-16 00:00:00,PLAZA,ウイング上大岡店,ラフドット,ラフドット インティメイトウォッシュ PM,1,3582,2026-04,2026-05-18 12:46:55
2026-04-16 00:00:00,PLAZA,アトレ川崎店,YOU TOKYO,YOU TOKYO ヘアミルク RR,1,2680,2026-04,2026-05-18 12:46:55
2026-04-16 00:00:00,PLAZA,ルミネ町田店,YOU TOKYO,YOU TOKYO ヘアミルク CW,1,2680,2026-04,2026-05-18 12:46:55
2026-04-16 00:00:00,PLAZA,ルミネ町田店,YOU TOKYO,YOU TOKYO ヘアオイル BS,1,2280,2026-04,2026-05-18 12:46:55
2026-04-16 00:00:00,PLAZA,池袋パルコ店,ラフドット,ラフドット インティメイトFミスト LV,1,3132,2026-04,2026-05-18 12:46:55
2026-04-16 00:00:00,PLAZA,池袋パルコ店,YOU TOKYO,YOU TOKYO ヘアミルク RR,1,2680,2026-04,2026-05-18 12:46:55
2026-04-16 00:00:00,PLAZA,ららぽーとTOKYO-BAY店,YOU TOKYO,YOU TOKYO ヘアミルク RR,2,5360,2026-04,2026-05-18 12:46:55
2026-04-16 00:00:00,PLAZA,京橋京阪モール店,ラフドット,ラフドット インティメイトウォッシュ MV,1,3582,2026-04,2026-05-18 12:46:55
2026-04-16 00:00:00,PLAZA,エスパル仙台店,ラフドット,ラフドット インティメイトFミスト SB,1,3132,2026-04,2026-05-18 12:46:55
2026-04-16 00:00:00,PLAZA,札幌ステラプレイス店,ラフドット,ラフドット インティメイトウォッシュ PM,1,3582,2026-04,2026-05-18 12:46:55
2026-04-16 00:00:00,PLAZA,札幌ステラプレイス店,YOU TOKYO,YOU TOKYO ヘアミルク CW,1,2680,2026-04,2026-05-18 12:46:55
2026-04-16 00:00:00,PLAZA,札幌ステラプレイス店,YOU TOKYO,YOU TOKYO ヘアミルク RR,1,2680,2026-04,2026-05-18 12:46:55
2026-04-16 00:00:00,PLAZA,札幌ステラプレイス店,YOU TOKYO,YOU TOKYO ヘアオイル BS,2,4560,2026-04,2026-05-18 12:46:55
2026-04-16 00:00:00,PLAZA,ルミネ荻窪店,YOU TOKYO,YOU TOKYO ヘアミルク RR,1,2680,2026-04,2026-05-18 12:46:55
2026-04-16 00:00:00,PLAZA,ルミネ荻窪店,YOU TOKYO,YOU TOKYO ヘアオイル RR,1,2280,2026-04,2026-05-18 12:46:55
2026-04-16 00:00:00,PLAZA,ルミネ池袋店,ラフドット,ラフドット インティメイトウォッシュ PM,1,3582,2026-04,2026-05-18 12:46:55
2026-04-16 00:00:00,PLAZA,ルミネ池袋店,YOU TOKYO,YOU TOKYO ヘアミルク RR,1,2680,2026-04,2026-05-18 12:46:55
2026-04-16 00:00:00,PLAZA,ルミネ池袋店,YOU TOKYO,YOU TOKYO ヘアオイル RR,1,2280,2026-04,2026-05-18 12:46:55
2026-04-16 00:00:00,PLAZA,イオンモールむさし村山店,YOU TOKYO,YOU TOKYO ヘアミルク CW,1,2680,2026-04,2026-05-18 12:46:55
2026-04-16 00:00:00,PLAZA,神戸三田プレミアムアウトレット,TEABLESS,TEABLESS ボディローションLW,1,1500,2026-04,2026-05-18 12:46:55
2026-04-16 00:00:00,PLAZA,神戸三田プレミアムアウトレット,TEABLESS,TEABLESS ボディローションMR,1,1500,2026-04,2026-05-18 12:46:55
2026-04-16 00:00:00,PLAZA,舞浜イクスピアリ店,YOU TOKYO,YOU TOKYO ヘアミルク RR,2,5360,2026-04,2026-05-18 12:46:55
2026-04-16 00:00:00,PLAZA,三井アウトレットパーク入間店,ラフドット,ラフドット インティメイトウォッシュ SB,1,3582,2026-04,2026-05-18 12:46:55
2026-04-16 00:00:00,PLAZA,たまプラーザテラス店,ラフドット,ラフドット ヤクヨウホワイトセラム,1,3237,2026-04,2026-05-18 12:46:55
2026-04-16 00:00:00,PLAZA,ルクア大阪店,ラフドット,ラフドット インティメイトウォッシュ SB,1,3582,2026-04,2026-05-18 12:46:55
2026-04-16 00:00:00,PLAZA,ルクア大阪店,YOU TOKYO,YOU TOKYO ヘアミルク RR,2,5360,2026-04,2026-05-18 12:46:55
2026-04-16 00:00:00,PLAZA,軽井沢プリンスショッピングP店,YOU TOKYO,YOU TOKYO ヘアミルク CW,1,2680,2026-04,2026-05-18 12:46:55
2026-04-16 00:00:00,PLAZA,ラスカ茅ケ崎店,YOU TOKYO,YOU TOKYO ヘアミルク CW,2,5360,2026-04,2026-05-18 12:46:55
2026-04-16 00:00:00,PLAZA,静岡パルシェ店,ラフドット,ラフドット インティメイトウォッシュ SB,1,3582,2026-04,2026-05-18 12:46:55
2026-04-16 00:00:00,PLAZA,ペリエ千葉店,ラフドット,ラフドット インティメイトウォッシュ SB,1,3582,2026-04,2026-05-18 12:46:55
2026-04-16 00:00:00,PLAZA,ペリエ千葉店,ラフドット,ラフドット インティメイトウォッシュ PM,2,7164,2026-04,2026-05-18 12:46:55
2026-04-16 00:00:00,PLAZA,ペリエ千葉店,ラフドット,ラフドット インティメイトFミスト PM,1,3132,2026-04,2026-05-18 12:46:55
2026-04-16 00:00:00,PLAZA,名古屋ユニモール店,ラフドット,ラフドット インティメイトウォッシュ PM,1,3582,2026-04,2026-05-18 12:46:55
2026-04-16 00:00:00,PLAZA,名古屋ユニモール店,ラフドット,ラフドット インティメイトFミスト PM,1,3132,2026-04,2026-05-18 12:46:55
2026-04-16 00:00:00,PLAZA,アトレ松戸店,ラフドット,ラフドット インティメイトウォッシュ SB,1,3582,2026-04,2026-05-18 12:46:55
2026-04-16 00:00:00,PLAZA,アトレ松戸店,ラフドット,ラフドット インティメイトウォッシュ MV,1,3582,2026-04,2026-05-18 12:46:55
2026-04-16 00:00:00,PLAZA,船橋東武店,ラフドット,ラフドット インティメイトウォッシュ SB,1,3582,2026-04,2026-05-18 12:46:55
2026-04-16 00:00:00,PLAZA,船橋東武店,YOU TOKYO,YOU TOKYO ヘアオイル BS,2,4560,2026-04,2026-05-18 12:46:55
2026-04-16 00:00:00,PLAZA,ルミネ有楽町店,YOU TOKYO,YOU TOKYO ヘアミルク RR,1,2680,2026-04,2026-05-18 12:46:55
2026-04-16 00:00:00,PLAZA,三井アウトレットパーク岡崎店,ラフドット,ラフドット インティメイトウォッシュ SB,1,3582,2026-04,2026-05-18 12:46:55
2026-04-16 00:00:00,PLAZA,プラザ盛岡フェザン店,ラフドット,ラフドット インティメイトウォッシュ SB,1,3582,2026-04,2026-05-18 12:46:55
2026-04-16 00:00:00,PLAZA,プラザイオンモール筑紫野店,ラフドット,ラフドット インティメイトウォッシュ SB,1,3582,2026-04,2026-05-18 12:46:55
2026-04-16 00:00:00,PLAZA,プラザイオンモール倉敷店,ラフドット,ラフドット インティメイトウォッシュ PM,1,3582,2026-04,2026-05-18 12:46:55
2026-04-16 00:00:00,PLAZA,プラザイオンモール新居浜店,ラフドット,ラフドット インティメイトウォッシュ SB,2,7164,2026-04,2026-05-18 12:46:55
2026-04-16 00:00:00,PLAZA,プラザイオンモール新居浜店,ラフドット,ラフドット インティメイトウォッシュ PM,1,3582,2026-04,2026-05-18 12:46:55
2026-04-16 00:00:00,PLAZA,プラザミナモア広島店,ラフドット,ラフドット インティメイトウォッシュ PM,1,3582,2026-04,2026-05-18 12:46:55
2026-04-16 00:00:00,PLAZA,プラザミナモア広島店,YOU TOKYO,YOU TOKYO ヘアミルク CW,1,2680,2026-04,2026-05-18 12:46:55
2026-04-16 00:00:00,PLAZA,プラザミナモア広島店,YOU TOKYO,YOU TOKYO ヘアオイル BS,1,2280,2026-04,2026-05-18 12:46:55
2026-04-16 00:00:00,PLAZA,プラザイオンモール宮崎店,ラフドット,ラフドット インティメイトウォッシュ PM,1,3582,2026-04,2026-05-18 12:46:55
2026-04-16 00:00:00,PLAZA,プラザイオンモール高知店,ラフドット,ラフドット インティメイトウォッシュ PM,1,3582,2026-04,2026-05-18 12:46:55
2026-04-16 00:00:00,PLAZA,プラザイオンモール広島府中店,ラフドット,ラフドット インティメイトミスト MV,1,3132,2026-04,2026-05-18 12:46:55
2026-04-16 00:00:00,PLAZA,プラザイオンモール福岡店,ラフドット,ラフドット インティメイトウォッシュ PM,1,3582,2026-04,2026-05-18 12:46:55
2026-04-16 00:00:00,PLAZA,イオンモール沖縄ライカム店,ラフドット,ラフドット インティメイトミスト MV,1,3132,2026-04,2026-05-18 12:46:55
2026-04-16 00:00:00,PLAZA,神戸ハーバーランドumie店,ラフドット,ラフドット インティメイトウォッシュ SB,1,3582,2026-04,2026-05-18 12:46:55
2026-04-16 00:00:00,PLAZA,プラザイオンモール豊川店,ラフドット,ラフドット インティメイトウォッシュ SB,1,3582,2026-04,2026-05-18 12:46:55
2026-04-16 00:00:00,PLAZA,プラザイオンモール豊川店,ラフドット,ラフドット インティメイトFミスト SB,1,3132,2026-04,2026-05-18 12:46:55
2026-04-16 00:00:00,PLAZA,プラザイオンモール豊川店,ラフドット,ラフドット インティメイトウォッシュ MV,1,3582,2026-04,2026-05-18 12:46:55
2026-04-16 00:00:00,PLAZA,プラザイオンモール名取店,ラフドット,ラフドット インティメイトウォッシュ SB,1,3582,2026-04,2026-05-18 12:46:55
2026-04-16 00:00:00,PLAZA,プラザイオンモール名取店,ラフドット,ラフドット インティメイトFミスト SB,1,3132,2026-04,2026-05-18 12:46:55
2026-04-16 00:00:00,PLAZA,プラザイオンモール盛岡南店,ラフドット,ラフドット インティメイトウォッシュ SB,1,3582,2026-04,2026-05-18 12:46:55
2026-04-16 00:00:00,PLAZA,プラザイオンモール須坂店,YOU TOKYO,YOU TOKYO ヘアオイル BS,1,2280,2026-04,2026-05-18 12:46:55
2026-04-16 00:00:00,PLAZA,オンラインストア,ラフドット,ラフドット インティメイトFミスト SB,1,3132,2026-04,2026-05-18 12:46:55
2026-04-16 00:00:00,PLAZA,オンラインストア,ラフドット,ラフドット インティメイトウォッシュ PM,1,3582,2026-04,2026-05-18 12:46:55
2026-04-16 00:00:00,PLAZA,オンラインストア,YOU TOKYO,YOU TOKYO ヘアミルク RR,1,2680,2026-04,2026-05-18 12:46:55
2026-04-15 00:00:00,PLAZA,三宮店,ラフドット,ラフドット インティメイトウォッシュ PM,1,3582,2026-04,2026-05-18 12:46:55
2026-04-15 00:00:00,PLAZA,三宮店,TEABLESS,TEABLESS ボディローションLW,1,1500,2026-04,2026-05-18 12:46:55
2026-04-15 00:00:00,PLAZA,三宮店,TEABLESS,TEABLESS ボディローションMR,1,1500,2026-04,2026-05-18 12:46:55
2026-04-15 00:00:00,PLAZA,玉川高島屋SC店,YOU TOKYO,YOU TOKYO ヘアミルク CW,2,5360,2026-04,2026-05-18 12:46:55
2026-04-15 00:00:00,PLAZA,玉川高島屋SC店,YOU TOKYO,YOU TOKYO ヘアミルク RR,1,2680,2026-04,2026-05-18 12:46:55
2026-04-15 00:00:00,PLAZA,ルミネ横浜店,YOU TOKYO,YOU TOKYO ヘアミルク CW,1,2680,2026-04,2026-05-18 12:46:55
2026-04-15 00:00:00,PLAZA,ルミネ横浜店,YOU TOKYO,YOU TOKYO ヘアミルク RR,3,8040,2026-04,2026-05-18 12:46:55
2026-04-15 00:00:00,PLAZA,ルミネ横浜店,YOU TOKYO,YOU TOKYO ヘアオイル RR,1,2280,2026-04,2026-05-18 12:46:55
2026-04-15 00:00:00,PLAZA,ルミネ大宮店,ラフドット,ラフドット インティメイトウォッシュ PM,3,10746,2026-04,2026-05-18 12:46:55
2026-04-15 00:00:00,PLAZA,ルミネ大宮店,YOU TOKYO,YOU TOKYO ヘアオイル RR,1,2280,2026-04,2026-05-18 12:46:55
2026-04-15 00:00:00,PLAZA,ルミネ大宮店,TEABLESS,TEABLESS ボディローションMR,1,1500,2026-04,2026-05-18 12:46:55
2026-04-15 00:00:00,PLAZA,ルミネ新宿店,ラフドット,ラフドット インティメイトFミスト SB,1,3132,2026-04,2026-05-18 12:46:55
2026-04-15 00:00:00,PLAZA,ルミネ新宿店,YOU TOKYO,YOU TOKYO ヘアオイル BS,1,2280,2026-04,2026-05-18 12:46:55
2026-04-15 00:00:00,PLAZA,横浜ジョイナス店,ラフドット,ラフドット インティメイトウォッシュ LV,1,3582,2026-04,2026-05-18 12:46:55
2026-04-15 00:00:00,PLAZA,横浜ジョイナス店,YOU TOKYO,YOU TOKYO ヘアミルク RR,1,2680,2026-04,2026-05-18 12:46:55
2026-04-15 00:00:00,PLAZA,横浜ジョイナス店,YOU TOKYO,YOU TOKYO ヘアオイル BS,2,4560,2026-04,2026-05-18 12:46:55
2026-04-15 00:00:00,PLAZA,京都ポルタ店,ラフドット,ラフドット インティメイトウォッシュ SB,1,3582,2026-04,2026-05-18 12:46:55
2026-04-15 00:00:00,PLAZA,新越谷ヴァリエ店,ラフドット,ラフドット インティメイトウォッシュ SB,1,3582,2026-04,2026-05-18 12:46:55
2026-04-15 00:00:00,PLAZA,新越谷ヴァリエ店,ラフドット,ラフドット インティメイトウォッシュ PM,1,3582,2026-04,2026-05-18 12:46:55
2026-04-15 00:00:00,PLAZA,新越谷ヴァリエ店,YOU TOKYO,YOU TOKYO ヘアオイル RR,1,2280,2026-04,2026-05-18 12:46:55
2026-04-15 00:00:00,PLAZA,福岡ソラリアプラザ店,ラフドット,ラフドット インティメイトウォッシュ PM,1,3582,2026-04,2026-05-18 12:46:55
2026-04-15 00:00:00,PLAZA,イオンモール堺北花田店,TEABLESS,TEABLESS ボディローションPG,1,1500,2026-04,2026-05-18 12:46:55
2026-04-15 00:00:00,PLAZA,柏高島屋ステーションモール店,YOU TOKYO,YOU TOKYO ヘアオイル RR,1,2280,2026-04,2026-05-18 12:46:55
2026-04-15 00:00:00,PLAZA,大船ルミネウイング店,YOU TOKYO,YOU TOKYO ヘアミルク RR,1,2680,2026-04,2026-05-18 12:46:55
2026-04-15 00:00:00,PLAZA,大船ルミネウイング店,YOU TOKYO,YOU TOKYO ヘアオイル BS,1,2280,2026-04,2026-05-18 12:46:55
2026-04-15 00:00:00,PLAZA,天王寺ミオ店,YOU TOKYO,YOU TOKYO ヘアミルク CW,1,2680,2026-04,2026-05-18 12:46:55
2026-04-15 00:00:00,PLAZA,天王寺ミオ店,YOU TOKYO,YOU TOKYO ヘアミルク RR,1,2680,2026-04,2026-05-18 12:46:55
2026-04-15 00:00:00,PLAZA,天王寺ミオ店,TEABLESS,TEABLESS ボディローションAE,2,3000,2026-04,2026-05-18 12:46:55
2026-04-15 00:00:00,PLAZA,天王寺ミオ店,TEABLESS,TEABLESS ボディローションPG,2,3000,2026-04,2026-05-18 12:46:55
2026-04-15 00:00:00,PLAZA,天王寺ミオ店,TEABLESS,TEABLESS ボディローションMR,2,3000,2026-04,2026-05-18 12:46:55
2026-04-15 00:00:00,PLAZA,アトレ川越店,レチスパ,レチスパ ヘアオイル,1,2400,2026-04,2026-05-18 12:46:55
2026-04-15 00:00:00,PLAZA,アトレ川越店,YOU TOKYO,YOU TOKYO ヘアミルク CW,1,2680,2026-04,2026-05-18 12:46:55
2026-04-15 00:00:00,PLAZA,アトレ川越店,YOU TOKYO,YOU TOKYO ヘアミルク RR,1,2680,2026-04,2026-05-18 12:46:55
2026-04-15 00:00:00,PLAZA,アトレ川越店,TEABLESS,TEABLESS ボディローションAE,1,1500,2026-04,2026-05-18 12:46:55
2026-04-15 00:00:00,PLAZA,ルミネ立川店,YOU TOKYO,YOU TOKYO ヘアミルク CW,1,2680,2026-04,2026-05-18 12:46:55
2026-04-15 00:00:00,PLAZA,アトレ川崎店,YOU TOKYO,YOU TOKYO ヘアミルク CW,1,2680,2026-04,2026-05-18 12:46:55
2026-04-15 00:00:00,PLAZA,アトレ川崎店,YOU TOKYO,YOU TOKYO ヘアオイル BS,1,2280,2026-04,2026-05-18 12:46:55
2026-04-15 00:00:00,PLAZA,池袋パルコ店,YOU TOKYO,YOU TOKYO ヘアオイル BS,1,2280,2026-04,2026-05-18 12:46:55
2026-04-15 00:00:00,PLAZA,ららぽーとTOKYO-BAY店,YOU TOKYO,YOU TOKYO ヘアミルク CW,1,2680,2026-04,2026-05-18 12:46:55
2026-04-15 00:00:00,PLAZA,ルミネ北千住店,ラフドット,ラフドット ゲンテイギフトBOX SB,1,3582,2026-04,2026-05-18 12:46:55
2026-04-15 00:00:00,PLAZA,ルミネ池袋店,ラフドット,ラフドット インティメイトFミスト PM,1,3132,2026-04,2026-05-18 12:46:55
2026-04-15 00:00:00,PLAZA,ルミネ池袋店,YOU TOKYO,YOU TOKYO ヘアミルク RR,1,2680,2026-04,2026-05-18 12:46:55
2026-04-15 00:00:00,PLAZA,ルミネ池袋店,YOU TOKYO,YOU TOKYO ヘアオイル RR,1,2280,2026-04,2026-05-18 12:46:55
2026-04-15 00:00:00,PLAZA,イオンモールむさし村山店,ラフドット,ラフドット インティメイトウォッシュ SB,1,3582,2026-04,2026-05-18 12:46:55
2026-04-15 00:00:00,PLAZA,舞浜イクスピアリ店,YOU TOKYO,YOU TOKYO ヘアミルク RR,3,8040,2026-04,2026-05-18 12:46:55
2026-04-15 00:00:00,PLAZA,三井アウトレットパーク入間店,ラフドット,ラフドット インティメイトウォッシュ SB,1,3582,2026-04,2026-05-18 12:46:55
2026-04-15 00:00:00,PLAZA,たまプラーザテラス店,YOU TOKYO,YOU TOKYO ヘアミルク RR,1,2680,2026-04,2026-05-18 12:46:55
2026-04-15 00:00:00,PLAZA,ルクア大阪店,YOU TOKYO,YOU TOKYO ヘアミルク CW,1,2680,2026-04,2026-05-18 12:46:55
2026-04-15 00:00:00,PLAZA,ルクア大阪店,YOU TOKYO,YOU TOKYO ヘアミルク RR,1,2680,2026-04,2026-05-18 12:46:55
2026-04-15 00:00:00,PLAZA,シャポー市川店,ラフドット,ラフドット インティメイトウォッシュ LV,1,3582,2026-04,2026-05-18 12:46:55
2026-04-15 00:00:00,PLAZA,イーアスつくば店,ラフドット,ラフドット インティメイトウォッシュ PM,1,3582,2026-04,2026-05-18 12:46:55
2026-04-15 00:00:00,PLAZA,ラスカ茅ケ崎店,ラフドット,ラフドット インティメイトウォッシュ MV,1,3582,2026-04,2026-05-18 12:46:55
2026-04-15 00:00:00,PLAZA,静岡パルシェ店,ラフドット,ラフドット インティメイトウォッシュ SB,1,3582,2026-04,2026-05-18 12:46:55
2026-04-15 00:00:00,PLAZA,ペリエ千葉店,YOU TOKYO,YOU TOKYO ヘアオイル BS,1,2280,2026-04,2026-05-18 12:46:55
2026-04-15 00:00:00,PLAZA,心斎橋パルコ店,YOU TOKYO,YOU TOKYO ヘアミルク CW,1,2680,2026-04,2026-05-18 12:46:55
2026-04-15 00:00:00,PLAZA,アミュプラザくまもと店,ラフドット,ラフドット インティメイトウォッシュ MV,1,3582,2026-04,2026-05-18 12:46:55
2026-04-15 00:00:00,PLAZA,錦糸町テルミナ2店,レチスパ,レチスパ クリームシャンプー,1,3200,2026-04,2026-05-18 12:46:55
2026-04-15 00:00:00,PLAZA,ルミネ有楽町店,ラフドット,ラフドット インティメイトウォッシュ SB,1,3582,2026-04,2026-05-18 12:46:55
2026-04-15 00:00:00,PLAZA,ルミネ有楽町店,ラフドット,ラフドット インティメイトFミスト LV,1,3132,2026-04,2026-05-18 12:46:55
2026-04-15 00:00:00,PLAZA,池袋サンシャインシティアルパ店,YOU TOKYO,YOU TOKYO ヘアミルク CW,1,2680,2026-04,2026-05-18 12:46:55
2026-04-15 00:00:00,PLAZA,池袋サンシャインシティアルパ店,YOU TOKYO,YOU TOKYO ヘアミルク RR,1,2680,2026-04,2026-05-18 12:46:55
2026-04-15 00:00:00,PLAZA,三井アウトレットマリンピア神戸,ラフドット,ラフドット インティメイトウォッシュ PM,1,3582,2026-04,2026-05-18 12:46:55
2026-04-15 00:00:00,PLAZA,三井アウトレットマリンピア神戸,TEABLESS,TEABLESS ボディローションAE,1,1500,2026-04,2026-05-18 12:46:55
2026-04-15 00:00:00,PLAZA,三井アウトレットマリンピア神戸,TEABLESS,TEABLESS ボディローションPG,1,1500,2026-04,2026-05-18 12:46:55
2026-04-15 00:00:00,PLAZA,プラザ盛岡フェザン店,ラフドット,ラフドット インティメイトFミスト SB,1,3132,2026-04,2026-05-18 12:46:55
2026-04-15 00:00:00,PLAZA,プラザイオンモール橿原店,ラフドット,ラフドット インティメイトウォッシュ SB,1,3582,2026-04,2026-05-18 12:46:55
2026-04-15 00:00:00,PLAZA,プラザイオンモール橿原店,ラフドット,ラフドット インティメイトウォッシュ PM,1,3582,2026-04,2026-05-18 12:46:55
2026-04-15 00:00:00,PLAZA,プラザイオンモール浦和美園店,ラフドット,ラフドット インティメイトウォッシュ PM,1,3582,2026-04,2026-05-18 12:46:55
2026-04-15 00:00:00,PLAZA,プラザイオンモール浦和美園店,ラフドット,ラフドット インティメイトFミスト PM,1,3132,2026-04,2026-05-18 12:46:55
2026-04-15 00:00:00,PLAZA,プラザイオンモール浦和美園店,ラフドット,ラフドット インティメイトミスト MV,1,3132,2026-04,2026-05-18 12:46:55
2026-04-15 00:00:00,PLAZA,プラザららぽーと湘南平塚店,ラフドット,ラフドット インティメイトウォッシュ PM,1,3582,2026-04,2026-05-18 12:46:55
2026-04-15 00:00:00,PLAZA,プラザららぽーと湘南平塚店,ラフドット,ラフドット インティメイトFミスト PM,1,3132,2026-04,2026-05-18 12:46:55
2026-04-15 00:00:00,PLAZA,沖縄・浦添PARCOCITY店,ラフドット,ラフドット インティメイトウォッシュ MV,1,3582,2026-04,2026-05-18 12:46:55
2026-04-15 00:00:00,PLAZA,プラザイオンモール浜松志都呂店,ラフドット,ラフドット インティメイトウォッシュ PM,1,3582,2026-04,2026-05-18 12:46:55
2026-04-15 00:00:00,PLAZA,プラザイオンモール豊川店,ラフドット,ラフドット インティメイトウォッシュ MV,1,3582,2026-04,2026-05-18 12:46:55
2026-04-15 00:00:00,PLAZA,CoCoLo新潟店,ラフドット,ラフドット インティメイトミスト MV,1,3132,2026-04,2026-05-18 12:46:55
2026-04-15 00:00:00,PLAZA,プラザイオンモール浜松市野店,ラフドット,ラフドット インティメイトウォッシュ SB,2,7164,2026-04,2026-05-18 12:46:55
2026-04-15 00:00:00,PLAZA,ファッションクルーズひたちなか,ラフドット,ラフドット インティメイトウォッシュ LV,1,3582,2026-04,2026-05-18 12:46:55
2026-04-15 00:00:00,PLAZA,プラザイオンモール津南店,YOU TOKYO,YOU TOKYO ヘアミルク CW,1,2680,2026-04,2026-05-18 12:46:55
2026-04-15 00:00:00,PLAZA,プラザイオンモール津南店,YOU TOKYO,YOU TOKYO ヘアオイル BS,1,2280,2026-04,2026-05-18 12:46:55
2026-04-15 00:00:00,PLAZA,プラザイオンモール須坂店,YOU TOKYO,YOU TOKYO ヘアオイル BS,1,2280,2026-04,2026-05-18 12:46:55
2026-04-15 00:00:00,PLAZA,プラザイオンモール須坂店,YOU TOKYO,YOU TOKYO ヘアオイル RR,1,2280,2026-04,2026-05-18 12:46:55
2026-04-15 00:00:00,PLAZA,オンラインストア,YOU TOKYO,YOU TOKYO ヘアミルク CW,1,2680,2026-04,2026-05-18 12:46:55
2026-04-15 00:00:00,PLAZA,オンラインストア,YOU TOKYO,YOU TOKYO ヘアミルク RR,1,2680,2026-04,2026-05-18 12:46:55
2026-04-14 00:00:00,PLAZA,玉川高島屋SC店,YOU TOKYO,YOU TOKYO ヘアオイル BS,2,4560,2026-04,2026-05-18 12:46:55
2026-04-14 00:00:00,PLAZA,ルミネ横浜店,ラフドット,ラフドット ヘアリムーバー,1,3400,2026-04,2026-05-18 12:46:55
2026-04-14 00:00:00,PLAZA,アトレ大井町店,YOU TOKYO,YOU TOKYO ヘアミルク CW,1,2680,2026-04,2026-05-18 12:46:55
2026-04-14 00:00:00,PLAZA,ルミネ大宮店,ラフドット,ラフドット インティメイトウォッシュ SB,2,7164,2026-04,2026-05-18 12:46:55
2026-04-14 00:00:00,PLAZA,ルミネ大宮店,YOU TOKYO,YOU TOKYO ヘアミルク RR,1,2680,2026-04,2026-05-18 12:46:55
2026-04-14 00:00:00,PLAZA,ルミネ新宿店,YOU TOKYO,YOU TOKYO ヘアミルク CW,1,2680,2026-04,2026-05-18 12:46:55
2026-04-14 00:00:00,PLAZA,ルミネ新宿店,YOU TOKYO,YOU TOKYO ヘアミルク RR,1,2680,2026-04,2026-05-18 12:46:55
2026-04-14 00:00:00,PLAZA,アミュプラザ小倉店,ラフドット,ラフドット インティメイトウォッシュ SB,1,3582,2026-04,2026-05-18 12:46:55
2026-04-14 00:00:00,PLAZA,汐留シオサイト店,ラフドット,ラフドット インティメイトミスト MV,1,3132,2026-04,2026-05-18 12:46:55
2026-04-14 00:00:00,PLAZA,横浜ジョイナス店,ラフドット,ラフドット インティメイトウォッシュ MV,1,3582,2026-04,2026-05-18 12:46:55
2026-04-14 00:00:00,PLAZA,横浜ジョイナス店,YOU TOKYO,YOU TOKYO ヘアオイル RR,1,2280,2026-04,2026-05-18 12:46:55
2026-04-14 00:00:00,PLAZA,イオンモール羽生店,ラフドット,ラフドット インティメイトウォッシュ SB,1,3582,2026-04,2026-05-18 12:46:55
2026-04-14 00:00:00,PLAZA,イオンモール羽生店,ラフドット,ラフドット インティメイトウォッシュ PM,1,3582,2026-04,2026-05-18 12:46:55
2026-04-14 00:00:00,PLAZA,新越谷ヴァリエ店,ラフドット,ラフドット インティメイトFミスト SB,1,3132,2026-04,2026-05-18 12:46:55
2026-04-14 00:00:00,PLAZA,大船ルミネウイング店,ラフドット,ラフドット インティメイトウォッシュ LV,2,7164,2026-04,2026-05-18 12:46:55
2026-04-14 00:00:00,PLAZA,大船ルミネウイング店,YOU TOKYO,YOU TOKYO ヘアミルク CW,1,2680,2026-04,2026-05-18 12:46:55
2026-04-14 00:00:00,PLAZA,ルミネエスト新宿店,YOU TOKYO,YOU TOKYO ヘアミルク CW,1,2680,2026-04,2026-05-18 12:46:55
2026-04-14 00:00:00,PLAZA,ルミネエスト新宿店,YOU TOKYO,YOU TOKYO ヘアオイル BS,2,4560,2026-04,2026-05-18 12:46:55
2026-04-14 00:00:00,PLAZA,天王寺ミオ店,YOU TOKYO,YOU TOKYO ヘアミルク RR,1,2680,2026-04,2026-05-18 12:46:55
2026-04-14 00:00:00,PLAZA,アトレ川越店,YOU TOKYO,YOU TOKYO ヘアミルク CW,1,2680,2026-04,2026-05-18 12:46:55
2026-04-14 00:00:00,PLAZA,ルミネ立川店,YOU TOKYO,YOU TOKYO ヘアミルク CW,1,2680,2026-04,2026-05-18 12:46:55
2026-04-14 00:00:00,PLAZA,ルミネ立川店,YOU TOKYO,YOU TOKYO ヘアミルク RR,2,5360,2026-04,2026-05-18 12:46:55
2026-04-14 00:00:00,PLAZA,ウイング上大岡店,YOU TOKYO,YOU TOKYO ヘアミルク RR,3,8040,2026-04,2026-05-18 12:46:55
2026-04-14 00:00:00,PLAZA,アトレ恵比寿店,ラフドット,ラフドット インティメイトウォッシュ MV,1,3582,2026-04,2026-05-18 12:46:55
2026-04-14 00:00:00,PLAZA,アトレ川崎店,YOU TOKYO,YOU TOKYO ヘアミルク CW,1,2680,2026-04,2026-05-18 12:46:55
2026-04-14 00:00:00,PLAZA,アトレ川崎店,YOU TOKYO,YOU TOKYO ヘアミルク RR,3,8040,2026-04,2026-05-18 12:46:55
2026-04-14 00:00:00,PLAZA,なんばシティ店,ラフドット,ラフドット インティメイトウォッシュ SB,1,3582,2026-04,2026-05-18 12:46:55
2026-04-14 00:00:00,PLAZA,なんばシティ店,ラフドット,ラフドット インティメイトウォッシュ PM,1,3582,2026-04,2026-05-18 12:46:55
2026-04-14 00:00:00,PLAZA,なんばシティ店,YOU TOKYO,YOU TOKYO ヘアミルク RR,2,5360,2026-04,2026-05-18 12:46:55
2026-04-14 00:00:00,PLAZA,なんばシティ店,YOU TOKYO,YOU TOKYO ヘアオイル RR,1,2280,2026-04,2026-05-18 12:46:55
2026-04-14 00:00:00,PLAZA,ルミネ町田店,YOU TOKYO,YOU TOKYO ヘアミルク CW,1,2680,2026-04,2026-05-18 12:46:55
2026-04-14 00:00:00,PLAZA,ららぽーとTOKYO-BAY店,YOU TOKYO,YOU TOKYO ヘアミルク CW,1,2680,2026-04,2026-05-18 12:46:55
2026-04-14 00:00:00,PLAZA,ららぽーとTOKYO-BAY店,YOU TOKYO,YOU TOKYO ヘアオイル RR,1,2280,2026-04,2026-05-18 12:46:55
2026-04-14 00:00:00,PLAZA,ルミネ北千住店,ラフドット,ラフドット ヤクヨウホワイトセラム,1,3237,2026-04,2026-05-18 12:46:55
2026-04-14 00:00:00,PLAZA,ルミネ北千住店,ラフドット,ラフドット インティメイトウォッシュ MV,2,7164,2026-04,2026-05-18 12:46:55
2026-04-14 00:00:00,PLAZA,ルミネ北千住店,YOU TOKYO,YOU TOKYO ヘアミルク RR,1,2680,2026-04,2026-05-18 12:46:55
2026-04-14 00:00:00,PLAZA,イオンモールむさし村山店,YOU TOKYO,YOU TOKYO ヘアミルク CW,1,2680,2026-04,2026-05-18 12:46:55
2026-04-14 00:00:00,PLAZA,舞浜イクスピアリ店,YOU TOKYO,YOU TOKYO ヘアミルク RR,1,2680,2026-04,2026-05-18 12:46:55
2026-04-14 00:00:00,PLAZA,たまプラーザテラス店,YOU TOKYO,YOU TOKYO ヘアミルク CW,2,5360,2026-04,2026-05-18 12:46:55
2026-04-14 00:00:00,PLAZA,たまプラーザテラス店,YOU TOKYO,YOU TOKYO ヘアミルク RR,2,5360,2026-04,2026-05-18 12:46:55
2026-04-14 00:00:00,PLAZA,たまプラーザテラス店,YOU TOKYO,YOU TOKYO ヘアオイル BS,1,2280,2026-04,2026-05-18 12:46:55
2026-04-14 00:00:00,PLAZA,ルクア大阪店,YOU TOKYO,YOU TOKYO ヘアオイル BS,1,2280,2026-04,2026-05-18 12:46:55
2026-04-14 00:00:00,PLAZA,三井アウトレットパーク木更津店,ラフドット,ラフドット インティメイトウォッシュ SB,1,3582,2026-04,2026-05-18 12:46:55
2026-04-14 00:00:00,PLAZA,上野マルイ店,ラフドット,ラフドット インティメイトウォッシュ PM,1,3582,2026-04,2026-05-18 12:46:55
2026-04-14 00:00:00,PLAZA,イオンモール幕張新都心店,ラフドット,ラフドット インティメイトウォッシュ PM,1,3582,2026-04,2026-05-18 12:46:55
2026-04-14 00:00:00,PLAZA,ららテラス武蔵小杉店,ラフドット,ラフドット インティメイトウォッシュ SB,1,3582,2026-04,2026-05-18 12:46:55
2026-04-14 00:00:00,PLAZA,ららテラス武蔵小杉店,ラフドット,ラフドット インティメイトFミスト SB,1,3132,2026-04,2026-05-18 12:46:55
2026-04-14 00:00:00,PLAZA,ららテラス武蔵小杉店,ラフドット,ラフドット インティメイトウォッシュ MV,1,3582,2026-04,2026-05-18 12:46:55
2026-04-14 00:00:00,PLAZA,ららぽーと富士見店,ラフドット,ラフドット インティメイトFミスト PM,1,3132,2026-04,2026-05-18 12:46:55
2026-04-14 00:00:00,PLAZA,ラスカ茅ケ崎店,ラフドット,ラフドット インティメイトウォッシュ PM,1,3582,2026-04,2026-05-18 12:46:55
2026-04-14 00:00:00,PLAZA,ラスカ茅ケ崎店,ラフドット,ラフドット ヤクヨウホワイトセラム,1,3237,2026-04,2026-05-18 12:46:55
2026-04-14 00:00:00,PLAZA,名古屋ユニモール店,ラフドット,ラフドット インティメイトウォッシュ SB,2,7164,2026-04,2026-05-18 12:46:55
2026-04-14 00:00:00,PLAZA,船橋東武店,ラフドット,ラフドット インティメイトウォッシュ SB,1,3582,2026-04,2026-05-18 12:46:55
2026-04-14 00:00:00,PLAZA,錦糸町テルミナ2店,ラフドット,ラフドット インティメイトウォッシュ SB,1,3582,2026-04,2026-05-18 12:46:55
2026-04-14 00:00:00,PLAZA,コクーンシティさいたま新都心店,ラフドット,ラフドット インティメイトFミスト SB,1,3132,2026-04,2026-05-18 12:46:55
2026-04-14 00:00:00,PLAZA,コクーンシティさいたま新都心店,ラフドット,ラフドット インティメイトFミスト PM,1,3132,2026-04,2026-05-18 12:46:55
2026-04-14 00:00:00,PLAZA,シャポー本八幡,ラフドット,ラフドット インティメイトウォッシュ SB,1,3582,2026-04,2026-05-18 12:46:55
2026-04-14 00:00:00,PLAZA,プラザ盛岡フェザン店,ラフドット,ラフドット インティメイトウォッシュ SB,1,3582,2026-04,2026-05-18 12:46:55
2026-04-14 00:00:00,PLAZA,プラザ盛岡フェザン店,ラフドット,ラフドット インティメイトウォッシュ PM,1,3582,2026-04,2026-05-18 12:46:55
2026-04-14 00:00:00,PLAZA,プラザイオンモール日の出店,ラフドット,ラフドット インティメイトFミスト PM,1,3132,2026-04,2026-05-18 12:46:55
2026-04-14 00:00:00,PLAZA,プラザイオンモール新居浜店,ラフドット,ラフドット インティメイトウォッシュ SB,1,3582,2026-04,2026-05-18 12:46:55
2026-04-14 00:00:00,PLAZA,プラザミナモア広島店,YOU TOKYO,YOU TOKYO ヘアミルク CW,2,5360,2026-04,2026-05-18 12:46:55
2026-04-14 00:00:00,PLAZA,プラザミナモア広島店,YOU TOKYO,YOU TOKYO ヘアオイル RR,1,2280,2026-04,2026-05-18 12:46:55
2026-04-14 00:00:00,PLAZA,プラザイオンモール甲府昭和店,ラフドット,ラフドット インティメイトウォッシュ PM,1,3582,2026-04,2026-05-18 12:46:55
2026-04-14 00:00:00,PLAZA,プラザイオンモール甲府昭和店,ラフドット,ラフドット インティメイトFミスト PM,1,3132,2026-04,2026-05-18 12:46:55
2026-04-14 00:00:00,PLAZA,プラザららぽーと湘南平塚店,ラフドット,ラフドット インティメイトウォッシュ SB,1,3582,2026-04,2026-05-18 12:46:55
2026-04-14 00:00:00,PLAZA,沖縄・浦添PARCOCITY店,ラフドット,ラフドット インティメイトウォッシュ PM,1,3582,2026-04,2026-05-18 12:46:55
2026-04-14 00:00:00,PLAZA,プラザイオンモール高知店,ラフドット,ラフドット インティメイトウォッシュ PM,1,3582,2026-04,2026-05-18 12:46:55
2026-04-14 00:00:00,PLAZA,プラザイオンモール高知店,ラフドット,ラフドット インティメイトウォッシュ MV,1,3582,2026-04,2026-05-18 12:46:55
2026-04-14 00:00:00,PLAZA,プラザイオンモール浜松志都呂店,ラフドット,ラフドット インティメイトウォッシュ MV,1,3582,2026-04,2026-05-18 12:46:55
2026-04-14 00:00:00,PLAZA,プラザイオンモール白山店,YOU TOKYO,YOU TOKYO ヘアミルク CW,1,2680,2026-04,2026-05-18 12:46:55
2026-04-14 00:00:00,PLAZA,プラザイオンモール豊川店,ラフドット,ラフドット インティメイトウォッシュ PM,1,3582,2026-04,2026-05-18 12:46:55
2026-04-14 00:00:00,PLAZA,CoCoLo新潟店,レチスパ,レチスパ クリームシャンプー,1,3200,2026-04,2026-05-18 12:46:55
2026-04-14 00:00:00,PLAZA,プラザイオンモール浜松市野店,YOU TOKYO,YOU TOKYO ヘアミルク RR,1,2680,2026-04,2026-05-18 12:46:55
2026-04-14 00:00:00,PLAZA,プラザイオンモール浜松市野店,YOU TOKYO,YOU TOKYO ヘアオイル RR,1,2280,2026-04,2026-05-18 12:46:55
2026-04-14 00:00:00,PLAZA,プラザ鶴岡エスモール店,ラフドット,ラフドット インティメイトウォッシュ LV,1,3582,2026-04,2026-05-18 12:46:55
2026-04-14 00:00:00,PLAZA,プラザイオンモール須坂店,ラフドット,ラフドット インティメイトウォッシュ PM,1,3582,2026-04,2026-05-18 12:46:55
2026-04-14 00:00:00,PLAZA,プラザイオンモール須坂店,YOU TOKYO,YOU TOKYO ヘアミルク CW,1,2680,2026-04,2026-05-18 12:46:55
2026-04-13 00:00:00,PLAZA,玉川高島屋SC店,YOU TOKYO,YOU TOKYO ヘアミルク RR,2,5360,2026-04,2026-05-18 12:46:55
2026-04-13 00:00:00,PLAZA,玉川高島屋SC店,YOU TOKYO,YOU TOKYO ヘアオイル BS,1,2280,2026-04,2026-05-18 12:46:55
2026-04-13 00:00:00,PLAZA,ルミネ横浜店,ラフドット,ラフドット インティメイトウォッシュ PM,1,3582,2026-04,2026-05-18 12:46:55
2026-04-13 00:00:00,PLAZA,ルミネ横浜店,YOU TOKYO,YOU TOKYO ヘアミルク CW,2,5360,2026-04,2026-05-18 12:46:55
2026-04-13 00:00:00,PLAZA,ルミネ大宮店,YOU TOKYO,YOU TOKYO ヘアミルク RR,1,2680,2026-04,2026-05-18 12:46:55
2026-04-13 00:00:00,PLAZA,ルミネ新宿店,YOU TOKYO,YOU TOKYO ヘアミルク RR,1,2680,2026-04,2026-05-18 12:46:55
2026-04-13 00:00:00,PLAZA,ルミネ新宿店,YOU TOKYO,YOU TOKYO ヘアオイル RR,1,2280,2026-04,2026-05-18 12:46:55
2026-04-13 00:00:00,PLAZA,アミュプラザ小倉店,YOU TOKYO,YOU TOKYO ヘアミルク CW,1,2680,2026-04,2026-05-18 12:46:55
2026-04-13 00:00:00,PLAZA,汐留シオサイト店,ラフドット,ラフドット インティメイトウォッシュ SB,1,3582,2026-04,2026-05-18 12:46:55
2026-04-13 00:00:00,PLAZA,京都ポルタ店,ラフドット,ラフドット インティメイトミスト MV,1,3132,2026-04,2026-05-18 12:46:55
2026-04-13 00:00:00,PLAZA,京都ポルタ店,YOU TOKYO,YOU TOKYO ヘアオイル BS,2,4560,2026-04,2026-05-18 12:46:55
2026-04-13 00:00:00,PLAZA,イオンモール羽生店,ラフドット,ラフドット インティメイトウォッシュ SB,2,7164,2026-04,2026-05-18 12:46:55
2026-04-13 00:00:00,PLAZA,イオンモール羽生店,ラフドット,ラフドット ヘアリムーバー,1,3400,2026-04,2026-05-18 12:46:55
2026-04-13 00:00:00,PLAZA,新越谷ヴァリエ店,YOU TOKYO,YOU TOKYO ヘアミルク RR,1,2680,2026-04,2026-05-18 12:46:55
2026-04-13 00:00:00,PLAZA,イオンモール堺北花田店,ラフドット,ラフドット インティメイトミスト MV,1,3132,2026-04,2026-05-18 12:46:55
2026-04-13 00:00:00,PLAZA,柏高島屋ステーションモール店,YOU TOKYO,YOU TOKYO ヘアミルク RR,1,2680,2026-04,2026-05-18 12:46:55
2026-04-13 00:00:00,PLAZA,ルミネエスト新宿店,YOU TOKYO,YOU TOKYO ヘアミルク CW,3,8040,2026-04,2026-05-18 12:46:55
2026-04-13 00:00:00,PLAZA,ルミネエスト新宿店,YOU TOKYO,YOU TOKYO ヘアオイル BS,1,2280,2026-04,2026-05-18 12:46:55
2026-04-13 00:00:00,PLAZA,天王寺ミオ店,ラフドット,ラフドット インティメイトウォッシュ PM,1,3582,2026-04,2026-05-18 12:46:55
2026-04-13 00:00:00,PLAZA,アトレ川越店,YOU TOKYO,YOU TOKYO ヘアミルク RR,3,8040,2026-04,2026-05-18 12:46:55
2026-04-13 00:00:00,PLAZA,アトレ川越店,TEABLESS,TEABLESS ボディローションLW,1,1500,2026-04,2026-05-18 12:46:55
2026-04-13 00:00:00,PLAZA,ルミネ立川店,YOU TOKYO,YOU TOKYO ヘアミルク RR,1,2680,2026-04,2026-05-18 12:46:55
2026-04-13 00:00:00,PLAZA,ルミネ立川店,YOU TOKYO,YOU TOKYO ヘアオイル RR,1,2280,2026-04,2026-05-18 12:46:55
2026-04-13 00:00:00,PLAZA,ウイング上大岡店,ラフドット,ラフドット インティメイトFミスト PM,1,3132,2026-04,2026-05-18 12:46:55
2026-04-13 00:00:00,PLAZA,ウイング上大岡店,YOU TOKYO,YOU TOKYO ヘアミルク RR,1,2680,2026-04,2026-05-18 12:46:55
2026-04-13 00:00:00,PLAZA,アトレ川崎店,YOU TOKYO,YOU TOKYO ヘアミルク RR,1,2680,2026-04,2026-05-18 12:46:55
2026-04-13 00:00:00,PLAZA,なんばシティ店,ラフドット,ラフドット インティメイトFミスト SB,1,3132,2026-04,2026-05-18 12:46:55
2026-04-13 00:00:00,PLAZA,なんばシティ店,YOU TOKYO,YOU TOKYO ヘアミルク RR,3,8040,2026-04,2026-05-18 12:46:55
2026-04-13 00:00:00,PLAZA,ルミネ町田店,ラフドット,ラフドット インティメイトウォッシュ PM,1,3582,2026-04,2026-05-18 12:46:55
2026-04-13 00:00:00,PLAZA,池袋パルコ店,YOU TOKYO,YOU TOKYO ヘアミルク CW,2,5360,2026-04,2026-05-18 12:46:55
2026-04-13 00:00:00,PLAZA,池袋パルコ店,YOU TOKYO,YOU TOKYO ヘアミルク RR,3,8040,2026-04,2026-05-18 12:46:55
2026-04-13 00:00:00,PLAZA,池袋パルコ店,YOU TOKYO,YOU TOKYO ヘアオイル RR,2,4560,2026-04,2026-05-18 12:46:55
2026-04-13 00:00:00,PLAZA,ららぽーとTOKYO-BAY店,YOU TOKYO,YOU TOKYO ヘアオイル BS,1,2280,2026-04,2026-05-18 12:46:55
2026-04-13 00:00:00,PLAZA,ルミネ北千住店,ラフドット,ラフドット インティメイトウォッシュ PM,1,3582,2026-04,2026-05-18 12:46:55
2026-04-13 00:00:00,PLAZA,ルミネ北千住店,YOU TOKYO,YOU TOKYO ヘアミルク RR,1,2680,2026-04,2026-05-18 12:46:55
2026-04-13 00:00:00,PLAZA,札幌ステラプレイス店,YOU TOKYO,YOU TOKYO ヘアミルク CW,1,2680,2026-04,2026-05-18 12:46:55
2026-04-13 00:00:00,PLAZA,水戸エクセル店,ラフドット,ラフドット インティメイトウォッシュ SB,1,3582,2026-04,2026-05-18 12:46:55
2026-04-13 00:00:00,PLAZA,ルミネ池袋店,YOU TOKYO,YOU TOKYO ヘアミルク RR,2,5360,2026-04,2026-05-18 12:46:55
2026-04-13 00:00:00,PLAZA,ルミネ池袋店,YOU TOKYO,YOU TOKYO ヘアオイル RR,1,2280,2026-04,2026-05-18 12:46:55
2026-04-13 00:00:00,PLAZA,イオンモールむさし村山店,YOU TOKYO,YOU TOKYO ヘアミルク CW,1,2680,2026-04,2026-05-18 12:46:55
2026-04-13 00:00:00,PLAZA,舞浜イクスピアリ店,YOU TOKYO,YOU TOKYO ヘアオイル RR,1,2280,2026-04,2026-05-18 12:46:55
2026-04-13 00:00:00,PLAZA,越谷イオンレイクタウン店,ラフドット,ラフドット インティメイトウォッシュ PM,2,7164,2026-04,2026-05-18 12:46:55
2026-04-13 00:00:00,PLAZA,越谷イオンレイクタウン店,YOU TOKYO,YOU TOKYO ヘアミルク CW,2,5360,2026-04,2026-05-18 12:46:55
2026-04-13 00:00:00,PLAZA,越谷イオンレイクタウン店,YOU TOKYO,YOU TOKYO ヘアオイル BS,1,2280,2026-04,2026-05-18 12:46:55
2026-04-13 00:00:00,PLAZA,たまプラーザテラス店,ラフドット,ラフドット インティメイトウォッシュ PM,1,3582,2026-04,2026-05-18 12:46:55
2026-04-13 00:00:00,PLAZA,たまプラーザテラス店,YOU TOKYO,YOU TOKYO ヘアミルク CW,2,5360,2026-04,2026-05-18 12:46:55
2026-04-13 00:00:00,PLAZA,たまプラーザテラス店,YOU TOKYO,YOU TOKYO ヘアミルク RR,1,2680,2026-04,2026-05-18 12:46:55
2026-04-13 00:00:00,PLAZA,たまプラーザテラス店,YOU TOKYO,YOU TOKYO ヘアオイル BS,1,2280,2026-04,2026-05-18 12:46:55
2026-04-13 00:00:00,PLAZA,ルクア大阪店,YOU TOKYO,YOU TOKYO ヘアミルク RR,1,2680,2026-04,2026-05-18 12:46:55
2026-04-13 00:00:00,PLAZA,ルクア大阪店,YOU TOKYO,YOU TOKYO ヘアオイル BS,1,2280,2026-04,2026-05-18 12:46:55
2026-04-13 00:00:00,PLAZA,三井アウトレットパーク木更津店,ラフドット,ラフドット インティメイトウォッシュ SB,1,3582,2026-04,2026-05-18 12:46:55
2026-04-13 00:00:00,PLAZA,三井アウトレットパーク木更津店,ラフドット,ラフドット インティメイトFミスト SB,1,3132,2026-04,2026-05-18 12:46:55
2026-04-13 00:00:00,PLAZA,三井アウトレットパーク木更津店,ラフドット,ラフドット インティメイトウォッシュ MV,1,3582,2026-04,2026-05-18 12:46:55
2026-04-13 00:00:00,PLAZA,シャポー市川店,ラフドット,ラフドット インティメイトウォッシュ PM,1,3582,2026-04,2026-05-18 12:46:55
2026-04-13 00:00:00,PLAZA,ららテラス武蔵小杉店,ラフドット,ラフドット インティメイトウォッシュ SB,1,3582,2026-04,2026-05-18 12:46:55
2026-04-13 00:00:00,PLAZA,ららテラス武蔵小杉店,ラフドット,ラフドット インティメイトFミスト SB,1,3132,2026-04,2026-05-18 12:46:55
2026-04-13 00:00:00,PLAZA,ららテラス武蔵小杉店,ラフドット,ラフドット ヤクヨウホワイトセラム,1,3237,2026-04,2026-05-18 12:46:55
2026-04-13 00:00:00,PLAZA,ららテラス武蔵小杉店,ラフドット,ラフドット インティメイトウォッシュ MV,1,3582,2026-04,2026-05-18 12:46:55
2026-04-13 00:00:00,PLAZA,ららテラス武蔵小杉店,ラフドット,ラフドット インティメイトミスト MV,1,3132,2026-04,2026-05-18 12:46:55
2026-04-13 00:00:00,PLAZA,ラスカ茅ケ崎店,YOU TOKYO,YOU TOKYO ヘアミルク CW,2,5360,2026-04,2026-05-18 12:46:55
2026-04-13 00:00:00,PLAZA,金沢フォーラス店,ラフドット,ラフドット インティメイトウォッシュ SB,1,3582,2026-04,2026-05-18 12:46:55
2026-04-13 00:00:00,PLAZA,京都四条店,TEABLESS,TEABLESS ボディローションLW,1,1500,2026-04,2026-05-18 12:46:55
2026-04-13 00:00:00,PLAZA,ペリエ千葉店,ラフドット,ラフドット インティメイトウォッシュ SB,1,3582,2026-04,2026-05-18 12:46:55
2026-04-13 00:00:00,PLAZA,ペリエ千葉店,YOU TOKYO,YOU TOKYO ヘアミルク RR,3,8040,2026-04,2026-05-18 12:46:55
2026-04-13 00:00:00,PLAZA,ペリエ千葉店,YOU TOKYO,YOU TOKYO ヘアオイル BS,1,2280,2026-04,2026-05-18 12:46:55
2026-04-13 00:00:00,PLAZA,ペリエ千葉店,YOU TOKYO,YOU TOKYO ヘアオイル RR,1,2280,2026-04,2026-05-18 12:46:55
2026-04-13 00:00:00,PLAZA,名古屋ユニモール店,ラフドット,ラフドット インティメイトウォッシュ MV,1,3582,2026-04,2026-05-18 12:46:55
2026-04-13 00:00:00,PLAZA,名古屋ユニモール店,ラフドット,ラフドット インティメイトミスト MV,1,3132,2026-04,2026-05-18 12:46:55
2026-04-13 00:00:00,PLAZA,アミュプラザくまもと店,ラフドット,ラフドット インティメイトFミスト PM,1,3132,2026-04,2026-05-18 12:46:55
2026-04-13 00:00:00,PLAZA,船橋東武店,YOU TOKYO,YOU TOKYO ヘアミルク RR,1,2680,2026-04,2026-05-18 12:46:55
2026-04-13 00:00:00,PLAZA,錦糸町テルミナ2店,ラフドット,ラフドット インティメイトウォッシュ LV,1,3582,2026-04,2026-05-18 12:46:55
2026-04-13 00:00:00,PLAZA,ルミネ有楽町店,ラフドット,ラフドット インティメイトウォッシュ PM,1,3582,2026-04,2026-05-18 12:46:55
2026-04-13 00:00:00,PLAZA,ルミネ有楽町店,YOU TOKYO,YOU TOKYO ヘアオイル BS,1,2280,2026-04,2026-05-18 12:46:55
2026-04-13 00:00:00,PLAZA,池袋サンシャインシティアルパ店,YOU TOKYO,YOU TOKYO ヘアミルク RR,2,5360,2026-04,2026-05-18 12:46:55
2026-04-13 00:00:00,PLAZA,池袋サンシャインシティアルパ店,YOU TOKYO,YOU TOKYO ヘアオイル RR,2,4560,2026-04,2026-05-18 12:46:55
2026-04-13 00:00:00,PLAZA,ららテラス川口店,ラフドット,ラフドット インティメイトウォッシュ SB,1,3582,2026-04,2026-05-18 12:46:55
2026-04-13 00:00:00,PLAZA,三井アウトレットパーク岡崎店,ラフドット,ラフドット インティメイトウォッシュ SB,1,3582,2026-04,2026-05-18 12:46:55
2026-04-13 00:00:00,PLAZA,プラザイオンモール宮崎店,ラフドット,ラフドット インティメイトウォッシュ PM,1,3582,2026-04,2026-05-18 12:46:55
2026-04-13 00:00:00,PLAZA,沖縄・浦添PARCOCITY店,ラフドット,ラフドット インティメイトウォッシュ PM,1,3582,2026-04,2026-05-18 12:46:55
2026-04-13 00:00:00,PLAZA,プラザららぽーと磐田店,ラフドット,ラフドット インティメイトウォッシュ SB,1,3582,2026-04,2026-05-18 12:46:55
2026-04-13 00:00:00,PLAZA,プラザイオンモール広島府中店,バイワンシー,バイワンシー SP/TRサシェ,1,270,2026-04,2026-05-18 12:46:55
2026-04-13 00:00:00,PLAZA,プラザ宇都宮パセオ店,ラフドット,ラフドット インティメイトウォッシュ SB,1,3582,2026-04,2026-05-18 12:46:55
2026-04-13 00:00:00,PLAZA,プラザ宇都宮パセオ店,ラフドット,ラフドット インティメイトウォッシュ PM,1,3582,2026-04,2026-05-18 12:46:55
2026-04-13 00:00:00,PLAZA,神戸ハーバーランドumie店,レチスパ,レチスパ クリームシャンプー,1,3200,2026-04,2026-05-18 12:46:55
2026-04-13 00:00:00,PLAZA,プラザイオンモール津南店,YOU TOKYO,YOU TOKYO ヘアミルク RR,1,2680,2026-04,2026-05-18 12:46:55
2026-04-13 00:00:00,PLAZA,プラザ鶴岡エスモール店,ラフドット,ラフドット インティメイトウォッシュ PM,2,7164,2026-04,2026-05-18 12:46:55
2026-04-13 00:00:00,PLAZA,オンラインストア,ラフドット,ラフドット インティメイトウォッシュ SB,1,3582,2026-04,2026-05-18 12:46:55
2026-04-13 00:00:00,PLAZA,オンラインストア,YOU TOKYO,YOU TOKYO ヘアミルク CW,2,5360,2026-04,2026-05-18 12:46:55
2026-04-13 00:00:00,PLAZA,オンラインストア,YOU TOKYO,YOU TOKYO ヘアオイル BS,1,2280,2026-04,2026-05-18 12:46:55
2026-04-12 00:00:00,PLAZA,梅田ヘップファイブ店,YOU TOKYO,YOU TOKYO ヘアミルク CW,1,2680,2026-04,2026-05-18 12:46:55
2026-04-12 00:00:00,PLAZA,玉川高島屋SC店,YOU TOKYO,YOU TOKYO ヘアミルク RR,2,5360,2026-04,2026-05-18 12:46:55
2026-04-12 00:00:00,PLAZA,渋谷109店,ラフドット,ラフドット インティメイトウォッシュ SB,1,3582,2026-04,2026-05-18 12:46:55
2026-04-12 00:00:00,PLAZA,ルミネ横浜店,YOU TOKYO,YOU TOKYO ヘアミルク RR,1,2680,2026-04,2026-05-18 12:46:55
2026-04-12 00:00:00,PLAZA,ルミネ横浜店,YOU TOKYO,YOU TOKYO ヘアオイル RR,1,2280,2026-04,2026-05-18 12:46:55
2026-04-12 00:00:00,PLAZA,ルミネ大宮店,ラフドット,ラフドット インティメイトウォッシュ SB,2,7164,2026-04,2026-05-18 12:46:55
2026-04-12 00:00:00,PLAZA,ルミネ大宮店,ラフドット,ラフドット インティメイトウォッシュ PM,2,7164,2026-04,2026-05-18 12:46:55
2026-04-12 00:00:00,PLAZA,ルミネ大宮店,ラフドット,ラフドット ヘアリムーバー,1,3400,2026-04,2026-05-18 12:46:55
2026-04-12 00:00:00,PLAZA,ルミネ新宿店,YOU TOKYO,YOU TOKYO ヘアミルク RR,1,2680,2026-04,2026-05-18 12:46:55
2026-04-12 00:00:00,PLAZA,ルミネ新宿店,YOU TOKYO,YOU TOKYO ヘアオイル RR,1,2280,2026-04,2026-05-18 12:46:55
2026-04-12 00:00:00,PLAZA,アミュプラザ小倉店,YOU TOKYO,YOU TOKYO ヘアミルク CW,1,2680,2026-04,2026-05-18 12:46:55
2026-04-12 00:00:00,PLAZA,横浜ジョイナス店,ラフドット,ラフドット インティメイトウォッシュ SB,1,3582,2026-04,2026-05-18 12:46:55
2026-04-12 00:00:00,PLAZA,横浜ジョイナス店,YOU TOKYO,YOU TOKYO ヘアミルク CW,1,2680,2026-04,2026-05-18 12:46:55
2026-04-12 00:00:00,PLAZA,横浜ジョイナス店,YOU TOKYO,YOU TOKYO ヘアミルク RR,1,2680,2026-04,2026-05-18 12:46:55
2026-04-12 00:00:00,PLAZA,京都ポルタ店,ラフドット,ラフドット インティメイトウォッシュ SB,1,3582,2026-04,2026-05-18 12:46:55
2026-04-12 00:00:00,PLAZA,京都ポルタ店,ラフドット,ラフドット インティメイトFミスト SB,1,3132,2026-04,2026-05-18 12:46:55
2026-04-12 00:00:00,PLAZA,京都ポルタ店,YOU TOKYO,YOU TOKYO ヘアミルク CW,3,8040,2026-04,2026-05-18 12:46:55
2026-04-12 00:00:00,PLAZA,京都ポルタ店,YOU TOKYO,YOU TOKYO ヘアオイル BS,1,2280,2026-04,2026-05-18 12:46:55
2026-04-12 00:00:00,PLAZA,イオンモール羽生店,YOU TOKYO,YOU TOKYO ヘアオイル BS,1,2280,2026-04,2026-05-18 12:46:55
2026-04-12 00:00:00,PLAZA,新越谷ヴァリエ店,YOU TOKYO,YOU TOKYO ヘアオイル BS,1,2280,2026-04,2026-05-18 12:46:55
2026-04-12 00:00:00,PLAZA,イオンモール堺北花田店,ラフドット,ラフドット インティメイトウォッシュ PM,1,3582,2026-04,2026-05-18 12:46:55
2026-04-12 00:00:00,PLAZA,柏高島屋ステーションモール店,ラフドット,ラフドット インティメイトウォッシュ SB,1,3582,2026-04,2026-05-18 12:46:55
2026-04-12 00:00:00,PLAZA,柏高島屋ステーションモール店,YOU TOKYO,YOU TOKYO ヘアミルク CW,1,2680,2026-04,2026-05-18 12:46:55
2026-04-12 00:00:00,PLAZA,大船ルミネウイング店,YOU TOKYO,YOU TOKYO ヘアミルク CW,1,2680,2026-04,2026-05-18 12:46:55
2026-04-12 00:00:00,PLAZA,大船ルミネウイング店,YOU TOKYO,YOU TOKYO ヘアオイル RR,1,2280,2026-04,2026-05-18 12:46:55
2026-04-12 00:00:00,PLAZA,ルミネエスト新宿店,ラフドット,ラフドット インティメイトミスト MV,1,3132,2026-04,2026-05-18 12:46:55
2026-04-12 00:00:00,PLAZA,ルミネエスト新宿店,YOU TOKYO,YOU TOKYO ヘアミルク CW,1,2680,2026-04,2026-05-18 12:46:55
2026-04-12 00:00:00,PLAZA,ルミネエスト新宿店,YOU TOKYO,YOU TOKYO ヘアミルク RR,1,2680,2026-04,2026-05-18 12:46:55
2026-04-12 00:00:00,PLAZA,ルミネエスト新宿店,YOU TOKYO,YOU TOKYO ヘアオイル RR,1,2280,2026-04,2026-05-18 12:46:55
2026-04-12 00:00:00,PLAZA,天王寺ミオ店,ラフドット,ラフドット インティメイトウォッシュ LV,1,3582,2026-04,2026-05-18 12:46:55
2026-04-12 00:00:00,PLAZA,天王寺ミオ店,YOU TOKYO,YOU TOKYO ヘアミルク CW,1,2680,2026-04,2026-05-18 12:46:55
2026-04-12 00:00:00,PLAZA,アトレ川越店,YOU TOKYO,YOU TOKYO ヘアミルク CW,1,2680,2026-04,2026-05-18 12:46:55
2026-04-12 00:00:00,PLAZA,ルミネ立川店,YOU TOKYO,YOU TOKYO ヘアミルク CW,1,2680,2026-04,2026-05-18 12:46:55
2026-04-12 00:00:00,PLAZA,ルミネ立川店,YOU TOKYO,YOU TOKYO ヘアミルク RR,1,2680,2026-04,2026-05-18 12:46:55
2026-04-12 00:00:00,PLAZA,アトレ恵比寿店,ラフドット,ラフドット インティメイトウォッシュ PM,1,3582,2026-04,2026-05-18 12:46:55
2026-04-12 00:00:00,PLAZA,アトレ恵比寿店,YOU TOKYO,YOU TOKYO ヘアミルク CW,1,2680,2026-04,2026-05-18 12:46:55
2026-04-12 00:00:00,PLAZA,アトレ川崎店,YOU TOKYO,YOU TOKYO ヘアミルク RR,1,2680,2026-04,2026-05-18 12:46:55
2026-04-12 00:00:00,PLAZA,なんばシティ店,ラフドット,ラフドット インティメイトFミスト PM,1,3132,2026-04,2026-05-18 12:46:55
2026-04-12 00:00:00,PLAZA,なんばシティ店,ラフドット,ラフドット ヤクヨウホワイトセラム,1,3237,2026-04,2026-05-18 12:46:55
2026-04-12 00:00:00,PLAZA,なんばシティ店,YOU TOKYO,YOU TOKYO ヘアミルク CW,1,2680,2026-04,2026-05-18 12:46:55
2026-04-12 00:00:00,PLAZA,池袋パルコ店,ラフドット,ラフドット インティメイトウォッシュ PM,2,7164,2026-04,2026-05-18 12:46:55
2026-04-12 00:00:00,PLAZA,池袋パルコ店,ラフドット,ラフドット ヘアリムーバー,1,3400,2026-04,2026-05-18 12:46:55
2026-04-12 00:00:00,PLAZA,池袋パルコ店,YOU TOKYO,YOU TOKYO ヘアミルク CW,1,2680,2026-04,2026-05-18 12:46:55
2026-04-12 00:00:00,PLAZA,池袋パルコ店,YOU TOKYO,YOU TOKYO ヘアミルク RR,1,2680,2026-04,2026-05-18 12:46:55
2026-04-12 00:00:00,PLAZA,池袋パルコ店,バイワンシー,バイワンシー ピュアアミノシャンプー,1,2700,2026-04,2026-05-18 12:46:55
2026-04-12 00:00:00,PLAZA,ららぽーとTOKYO-BAY店,ラフドット,ラフドット インティメイトFミスト PM,1,3132,2026-04,2026-05-18 12:46:55
2026-04-12 00:00:00,PLAZA,ららぽーとTOKYO-BAY店,ラフドット,ラフドット インティメイトウォッシュ LV,1,3582,2026-04,2026-05-18 12:46:55
2026-04-12 00:00:00,PLAZA,京橋京阪モール店,ラフドット,ラフドット ヘアリムーバー,1,3400,2026-04,2026-05-18 12:46:55
2026-04-12 00:00:00,PLAZA,エスパル仙台店,ラフドット,ラフドット インティメイトウォッシュ PM,1,3582,2026-04,2026-05-18 12:46:55
2026-04-12 00:00:00,PLAZA,エスパル仙台店,YOU TOKYO,YOU TOKYO ヘアミルク CW,1,2680,2026-04,2026-05-18 12:46:55
2026-04-12 00:00:00,PLAZA,ルミネ北千住店,YOU TOKYO,YOU TOKYO ヘアオイル RR,2,4560,2026-04,2026-05-18 12:46:55
2026-04-12 00:00:00,PLAZA,札幌ステラプレイス店,ラフドット,ラフドット インティメイトウォッシュ PM,3,10746,2026-04,2026-05-18 12:46:55
2026-04-12 00:00:00,PLAZA,札幌ステラプレイス店,YOU TOKYO,YOU TOKYO ヘアオイル RR,1,2280,2026-04,2026-05-18 12:46:55
2026-04-12 00:00:00,PLAZA,水戸エクセル店,ラフドット,ラフドット インティメイトウォッシュ PM,1,3582,2026-04,2026-05-18 12:46:55
2026-04-12 00:00:00,PLAZA,イオンモールむさし村山店,ラフドット,ラフドット インティメイトウォッシュ LV,1,3582,2026-04,2026-05-18 12:46:55
2026-04-12 00:00:00,PLAZA,イオンモールむさし村山店,YOU TOKYO,YOU TOKYO ヘアミルク CW,2,5360,2026-04,2026-05-18 12:46:55
2026-04-12 00:00:00,PLAZA,イオンモールむさし村山店,YOU TOKYO,YOU TOKYO ヘアオイル BS,2,4560,2026-04,2026-05-18 12:46:55
2026-04-12 00:00:00,PLAZA,ららぽーと横浜店,ラフドット,ラフドット インティメイトウォッシュ PM,1,3582,2026-04,2026-05-18 12:46:55
2026-04-12 00:00:00,PLAZA,舞浜イクスピアリ店,ラフドット,ラフドット インティメイトウォッシュ SB,1,3582,2026-04,2026-05-18 12:46:55
2026-04-12 00:00:00,PLAZA,舞浜イクスピアリ店,YOU TOKYO,YOU TOKYO ヘアミルク CW,1,2680,2026-04,2026-05-18 12:46:55
2026-04-12 00:00:00,PLAZA,越谷イオンレイクタウン店,ラフドット,ラフドット インティメイトウォッシュ SB,1,3582,2026-04,2026-05-18 12:46:55
2026-04-12 00:00:00,PLAZA,たまプラーザテラス店,YOU TOKYO,YOU TOKYO ヘアミルク CW,1,2680,2026-04,2026-05-18 12:46:55
2026-04-12 00:00:00,PLAZA,たまプラーザテラス店,YOU TOKYO,YOU TOKYO ヘアミルク RR,1,2680,2026-04,2026-05-18 12:46:55
2026-04-12 00:00:00,PLAZA,たまプラーザテラス店,YOU TOKYO,YOU TOKYO ヘアオイル BS,1,2280,2026-04,2026-05-18 12:46:55
2026-04-12 00:00:00,PLAZA,三井アウトレットパーク木更津店,ラフドット,ラフドット インティメイトFミスト SB,1,3132,2026-04,2026-05-18 12:46:55
2026-04-12 00:00:00,PLAZA,三井アウトレットパーク木更津店,YOU TOKYO,YOU TOKYO ヘアミルク CW,1,2680,2026-04,2026-05-18 12:46:55
2026-04-12 00:00:00,PLAZA,上野マルイ店,TEABLESS,TEABLESS ボディローションPG,1,1500,2026-04,2026-05-18 12:46:55
2026-04-12 00:00:00,PLAZA,イオンモール幕張新都心店,ラフドット,ラフドット インティメイトウォッシュ PM,1,3582,2026-04,2026-05-18 12:46:55
2026-04-12 00:00:00,PLAZA,イーアスつくば店,ラフドット,ラフドット インティメイトウォッシュ PM,1,3582,2026-04,2026-05-18 12:46:55
2026-04-12 00:00:00,PLAZA,ららテラス武蔵小杉店,TEABLESS,TEABLESS ボディローションPG,1,1500,2026-04,2026-05-18 12:46:55
2026-04-12 00:00:00,PLAZA,軽井沢プリンスショッピングP店,YOU TOKYO,YOU TOKYO ヘアオイル RR,1,2280,2026-04,2026-05-18 12:46:55
2026-04-12 00:00:00,PLAZA,ららぽーと富士見店,ラフドット,ラフドット インティメイトウォッシュ SB,1,3582,2026-04,2026-05-18 12:46:55
2026-04-12 00:00:00,PLAZA,ららぽーと富士見店,ラフドット,ラフドット インティメイトFミスト SB,1,3132,2026-04,2026-05-18 12:46:55
2026-04-12 00:00:00,PLAZA,ラスカ茅ケ崎店,ラフドット,ラフドット インティメイトウォッシュ SB,1,3582,2026-04,2026-05-18 12:46:55
2026-04-12 00:00:00,PLAZA,ラスカ茅ケ崎店,ラフドット,ラフドット インティメイトFミスト SB,1,3132,2026-04,2026-05-18 12:46:55
2026-04-12 00:00:00,PLAZA,ラスカ茅ケ崎店,ラフドット,ラフドット インティメイトウォッシュ PM,1,3582,2026-04,2026-05-18 12:46:55
2026-04-12 00:00:00,PLAZA,ラスカ茅ケ崎店,YOU TOKYO,YOU TOKYO ヘアミルク CW,1,2680,2026-04,2026-05-18 12:46:55
2026-04-12 00:00:00,PLAZA,ラスカ茅ケ崎店,YOU TOKYO,YOU TOKYO ヘアオイル BS,1,2280,2026-04,2026-05-18 12:46:55
2026-04-12 00:00:00,PLAZA,京都四条店,ラフドット,ラフドット インティメイトウォッシュ PM,2,7164,2026-04,2026-05-18 12:46:55
2026-04-12 00:00:00,PLAZA,船橋東武店,YOU TOKYO,YOU TOKYO ヘアミルク RR,1,2680,2026-04,2026-05-18 12:46:55
2026-04-12 00:00:00,PLAZA,船橋東武店,YOU TOKYO,YOU TOKYO ヘアオイル RR,2,4560,2026-04,2026-05-18 12:46:55
2026-04-12 00:00:00,PLAZA,錦糸町テルミナ2店,ラフドット,ラフドット インティメイトウォッシュ PM,1,3582,2026-04,2026-05-18 12:46:55
2026-04-12 00:00:00,PLAZA,ルミネ有楽町店,ラフドット,ラフドット インティメイトウォッシュ SB,1,3582,2026-04,2026-05-18 12:46:55
2026-04-12 00:00:00,PLAZA,ルミネ有楽町店,YOU TOKYO,YOU TOKYO ヘアミルク CW,2,5360,2026-04,2026-05-18 12:46:55
2026-04-12 00:00:00,PLAZA,ルミネ有楽町店,YOU TOKYO,YOU TOKYO ヘアミルク RR,1,2680,2026-04,2026-05-18 12:46:55
2026-04-12 00:00:00,PLAZA,ルミネ有楽町店,YOU TOKYO,YOU TOKYO ヘアオイル RR,1,2280,2026-04,2026-05-18 12:46:55
2026-04-12 00:00:00,PLAZA,池袋サンシャインシティアルパ店,ラフドット,ラフドット インティメイトミスト MV,1,3132,2026-04,2026-05-18 12:46:55
2026-04-12 00:00:00,PLAZA,プラザりんくうアウトレット店,TEABLESS,TEABLESS ボディローションMR,1,1500,2026-04,2026-05-18 12:46:55
2026-04-12 00:00:00,PLAZA,コクーンシティさいたま新都心店,ラフドット,ラフドット インティメイトウォッシュ SB,1,3582,2026-04,2026-05-18 12:46:55
2026-04-12 00:00:00,PLAZA,コクーンシティさいたま新都心店,ラフドット,ラフドット インティメイトFミスト SB,1,3132,2026-04,2026-05-18 12:46:55
2026-04-12 00:00:00,PLAZA,シャポー本八幡,ラフドット,ラフドット インティメイトウォッシュ SB,1,3582,2026-04,2026-05-18 12:46:55
2026-04-12 00:00:00,PLAZA,プラザイオンモール筑紫野店,バイワンシー,バイワンシー SP/TRサシェ,1,270,2026-04,2026-05-18 12:46:55
2026-04-12 00:00:00,PLAZA,プラザイオンモール橿原店,ラフドット,ラフドット インティメイトウォッシュ PM,1,3582,2026-04,2026-05-18 12:46:55
2026-04-12 00:00:00,PLAZA,プラザイオンモール新居浜店,ラフドット,ラフドット ヤクヨウホワイトセラム,1,3237,2026-04,2026-05-18 12:46:55
2026-04-12 00:00:00,PLAZA,プラザイオンモール新居浜店,ラフドット,ラフドット インティメイトウォッシュ MV,1,3582,2026-04,2026-05-18 12:46:55
2026-04-12 00:00:00,PLAZA,プラザ高崎オーパ店,ラフドット,ラフドット インティメイトウォッシュ SB,1,3582,2026-04,2026-05-18 12:46:55
2026-04-12 00:00:00,PLAZA,沖縄・浦添PARCOCITY店,ラフドット,ラフドット インティメイトウォッシュ MV,1,3582,2026-04,2026-05-18 12:46:55
2026-04-12 00:00:00,PLAZA,プラザイオンモール高知店,ラフドット,ラフドット インティメイトFミスト SB,1,3132,2026-04,2026-05-18 12:46:55
2026-04-12 00:00:00,PLAZA,プラザイオンモール浜松志都呂店,ラフドット,ラフドット インティメイトウォッシュ LV,1,3582,2026-04,2026-05-18 12:46:55
2026-04-12 00:00:00,PLAZA,プラザイオンモール四條畷店,ラフドット,ラフドット インティメイトウォッシュ SB,1,3582,2026-04,2026-05-18 12:46:55
2026-04-12 00:00:00,PLAZA,プラザイオンモール豊川店,ラフドット,ラフドット インティメイトウォッシュ SB,1,3582,2026-04,2026-05-18 12:46:55
2026-04-12 00:00:00,PLAZA,プラザイオンモール豊川店,ラフドット,ラフドット インティメイトウォッシュ PM,1,3582,2026-04,2026-05-18 12:46:55
2026-04-12 00:00:00,PLAZA,CoCoLo新潟店,ラフドット,ラフドット インティメイトウォッシュ SB,1,3582,2026-04,2026-05-18 12:46:55
2026-04-12 00:00:00,PLAZA,CoCoLo新潟店,ラフドット,ラフドット インティメイトFミスト SB,1,3132,2026-04,2026-05-18 12:46:55
2026-04-12 00:00:00,PLAZA,青森&LOVINA店,ラフドット,ラフドット インティメイトウォッシュ PM,1,3582,2026-04,2026-05-18 12:46:55
2026-04-12 00:00:00,PLAZA,プラザイオンモール浜松市野店,ラフドット,ラフドット インティメイトウォッシュ MV,1,3582,2026-04,2026-05-18 12:46:55
2026-04-12 00:00:00,PLAZA,プラザイオンモール浜松市野店,YOU TOKYO,YOU TOKYO ヘアミルク CW,2,5360,2026-04,2026-05-18 12:46:55
2026-04-12 00:00:00,PLAZA,プラザイオンモール須坂店,YOU TOKYO,YOU TOKYO ヘアミルク CW,1,2680,2026-04,2026-05-18 12:46:55
2026-04-12 00:00:00,PLAZA,プラザイオンモール須坂店,YOU TOKYO,YOU TOKYO ヘアオイル BS,1,2280,2026-04,2026-05-18 12:46:55
2026-04-11 00:00:00,PLAZA,梅田ヘップファイブ店,ラフドット,ラフドット インティメイトウォッシュ SB,1,3582,2026-04,2026-05-18 12:46:55
2026-04-11 00:00:00,PLAZA,梅田ヘップファイブ店,ラフドット,ラフドット インティメイトFミスト SB,1,3132,2026-04,2026-05-18 12:46:55
2026-04-11 00:00:00,PLAZA,玉川高島屋SC店,YOU TOKYO,YOU TOKYO ヘアオイル BS,1,2280,2026-04,2026-05-18 12:46:55
2026-04-11 00:00:00,PLAZA,玉川高島屋SC店,TEABLESS,TEABLESS ボディローションPG,1,1500,2026-04,2026-05-18 12:46:55
2026-04-11 00:00:00,PLAZA,ルミネ横浜店,ラフドット,ラフドット インティメイトウォッシュ SB,1,3582,2026-04,2026-05-18 12:46:55
2026-04-11 00:00:00,PLAZA,ルミネ横浜店,ラフドット,ラフドット インティメイトウォッシュ PM,1,3582,2026-04,2026-05-18 12:46:55
2026-04-11 00:00:00,PLAZA,ルミネ大宮店,ラフドット,ラフドット インティメイトウォッシュ SB,1,3582,2026-04,2026-05-18 12:46:55
2026-04-11 00:00:00,PLAZA,ルミネ大宮店,YOU TOKYO,YOU TOKYO ヘアミルク CW,3,8040,2026-04,2026-05-18 12:46:55
2026-04-11 00:00:00,PLAZA,ルミネ新宿店,ラフドット,ラフドット インティメイトウォッシュ SB,1,3582,2026-04,2026-05-18 12:46:55
2026-04-11 00:00:00,PLAZA,ルミネ新宿店,ラフドット,ラフドット インティメイトウォッシュ MV,1,3582,2026-04,2026-05-18 12:46:55
2026-04-11 00:00:00,PLAZA,ルミネ新宿店,YOU TOKYO,YOU TOKYO ヘアミルク RR,1,2680,2026-04,2026-05-18 12:46:55
2026-04-11 00:00:00,PLAZA,ルミネ新宿店,YOU TOKYO,YOU TOKYO ヘアオイル RR,1,2280,2026-04,2026-05-18 12:46:55
2026-04-11 00:00:00,PLAZA,横浜ジョイナス店,ラフドット,ラフドット インティメイトウォッシュ LV,1,3582,2026-04,2026-05-18 12:46:55
2026-04-11 00:00:00,PLAZA,横浜ジョイナス店,YOU TOKYO,YOU TOKYO ヘアオイル RR,1,2280,2026-04,2026-05-18 12:46:55
2026-04-11 00:00:00,PLAZA,京都ポルタ店,YOU TOKYO,YOU TOKYO ヘアオイル BS,1,2280,2026-04,2026-05-18 12:46:55
2026-04-11 00:00:00,PLAZA,イオンモール羽生店,ラフドット,ラフドット インティメイトウォッシュ PM,1,3582,2026-04,2026-05-18 12:46:55
2026-04-11 00:00:00,PLAZA,イオンモール羽生店,TEABLESS,TEABLESS ボディローションAE,1,1500,2026-04,2026-05-18 12:46:55
2026-04-11 00:00:00,PLAZA,新越谷ヴァリエ店,YOU TOKYO,YOU TOKYO ヘアミルク CW,1,2680,2026-04,2026-05-18 12:46:55
2026-04-11 00:00:00,PLAZA,天王寺ミオ店,ラフドット,ラフドット インティメイトウォッシュ SB,1,3582,2026-04,2026-05-18 12:46:55
2026-04-11 00:00:00,PLAZA,天王寺ミオ店,ラフドット,ラフドット インティメイトウォッシュ PM,1,3582,2026-04,2026-05-18 12:46:55
2026-04-11 00:00:00,PLAZA,アトレ川越店,YOU TOKYO,YOU TOKYO ヘアミルク CW,1,2680,2026-04,2026-05-18 12:46:55
2026-04-11 00:00:00,PLAZA,アトレ川越店,YOU TOKYO,YOU TOKYO ヘアオイル BS,1,2280,2026-04,2026-05-18 12:46:55
2026-04-11 00:00:00,PLAZA,なんばシティ店,ラフドット,ラフドット インティメイトウォッシュ SB,1,3582,2026-04,2026-05-18 12:46:55
2026-04-11 00:00:00,PLAZA,なんばシティ店,ラフドット,ラフドット インティメイトウォッシュ PM,1,3582,2026-04,2026-05-18 12:46:55
2026-04-11 00:00:00,PLAZA,なんばシティ店,ラフドット,ラフドット インティメイトウォッシュ MV,1,3582,2026-04,2026-05-18 12:46:55
2026-04-11 00:00:00,PLAZA,なんばシティ店,YOU TOKYO,YOU TOKYO ヘアミルク RR,1,2680,2026-04,2026-05-18 12:46:55
2026-04-11 00:00:00,PLAZA,なんばシティ店,YOU TOKYO,YOU TOKYO ヘアオイル BS,1,2280,2026-04,2026-05-18 12:46:55
2026-04-11 00:00:00,PLAZA,ルミネ町田店,YOU TOKYO,YOU TOKYO ヘアオイル BS,1,2280,2026-04,2026-05-18 12:46:55
2026-04-11 00:00:00,PLAZA,ららぽーとTOKYO-BAY店,ラフドット,ラフドット インティメイトウォッシュ SB,1,3582,2026-04,2026-05-18 12:46:55
2026-04-11 00:00:00,PLAZA,ららぽーとTOKYO-BAY店,YOU TOKYO,YOU TOKYO ヘアミルク CW,2,5360,2026-04,2026-05-18 12:46:55
2026-04-11 00:00:00,PLAZA,ららぽーとTOKYO-BAY店,YOU TOKYO,YOU TOKYO ヘアオイル BS,2,4560,2026-04,2026-05-18 12:46:55
2026-04-11 00:00:00,PLAZA,エスパル仙台店,ラフドット,ラフドット インティメイトウォッシュ SB,1,3582,2026-04,2026-05-18 12:46:55
2026-04-11 00:00:00,PLAZA,エスパル仙台店,ラフドット,ラフドット インティメイトFミスト SB,1,3132,2026-04,2026-05-18 12:46:55
2026-04-11 00:00:00,PLAZA,エスパル仙台店,ラフドット,ラフドット インティメイトウォッシュ MV,2,7164,2026-04,2026-05-18 12:46:55
2026-04-11 00:00:00,PLAZA,ルミネ北千住店,ラフドット,ラフドット インティメイトウォッシュ PM,2,7164,2026-04,2026-05-18 12:46:55
2026-04-11 00:00:00,PLAZA,ルミネ北千住店,YOU TOKYO,YOU TOKYO ヘアミルク CW,2,5360,2026-04,2026-05-18 12:46:55
2026-04-11 00:00:00,PLAZA,ルミネ北千住店,YOU TOKYO,YOU TOKYO ヘアオイル BS,2,4560,2026-04,2026-05-18 12:46:55
2026-04-11 00:00:00,PLAZA,札幌ステラプレイス店,ラフドット,ラフドット インティメイトウォッシュ SB,1,3582,2026-04,2026-05-18 12:46:55
2026-04-11 00:00:00,PLAZA,札幌ステラプレイス店,ラフドット,ラフドット インティメイトウォッシュ MV,1,3582,2026-04,2026-05-18 12:46:55
2026-04-11 00:00:00,PLAZA,ルミネ池袋店,ラフドット,ラフドット インティメイトウォッシュ PM,1,3582,2026-04,2026-05-18 12:46:55
2026-04-11 00:00:00,PLAZA,イオンモールむさし村山店,ラフドット,ラフドット インティメイトウォッシュ PM,1,3582,2026-04,2026-05-18 12:46:55
2026-04-11 00:00:00,PLAZA,イオンモールむさし村山店,ラフドット,ラフドット インティメイトFミスト PM,1,3132,2026-04,2026-05-18 12:46:55
2026-04-11 00:00:00,PLAZA,イオンモールむさし村山店,ラフドット,ラフドット インティメイトウォッシュ MV,2,7164,2026-04,2026-05-18 12:46:55
2026-04-11 00:00:00,PLAZA,イオンモールむさし村山店,YOU TOKYO,YOU TOKYO ヘアミルク CW,1,2680,2026-04,2026-05-18 12:46:55
2026-04-11 00:00:00,PLAZA,イオンモールむさし村山店,YOU TOKYO,YOU TOKYO ヘアオイル BS,1,2280,2026-04,2026-05-18 12:46:55
2026-04-11 00:00:00,PLAZA,イオンモールむさし村山店,YOU TOKYO,YOU TOKYO ヘアオイル RR,1,2280,2026-04,2026-05-18 12:46:55
2026-04-11 00:00:00,PLAZA,神戸三田プレミアムアウトレット,TEABLESS,TEABLESS ボディローションAE,1,1500,2026-04,2026-05-18 12:46:55
2026-04-11 00:00:00,PLAZA,舞浜イクスピアリ店,ラフドット,ラフドット インティメイトFミスト SB,1,3132,2026-04,2026-05-18 12:46:55
2026-04-11 00:00:00,PLAZA,舞浜イクスピアリ店,ラフドット,ラフドット インティメイトウォッシュ PM,2,7164,2026-04,2026-05-18 12:46:55
2026-04-11 00:00:00,PLAZA,越谷イオンレイクタウン店,ラフドット,ラフドット インティメイトウォッシュ MV,1,3582,2026-04,2026-05-18 12:46:55
2026-04-11 00:00:00,PLAZA,たまプラーザテラス店,YOU TOKYO,YOU TOKYO ヘアミルク CW,1,2680,2026-04,2026-05-18 12:46:55
2026-04-11 00:00:00,PLAZA,ルクア大阪店,YOU TOKYO,YOU TOKYO ヘアオイル BS,1,2280,2026-04,2026-05-18 12:46:55
2026-04-11 00:00:00,PLAZA,三井アウトレットパーク木更津店,ラフドット,ラフドット インティメイトウォッシュ PM,1,3582,2026-04,2026-05-18 12:46:55
2026-04-11 00:00:00,PLAZA,イーアスつくば店,ラフドット,ラフドット インティメイトウォッシュ MV,1,3582,2026-04,2026-05-18 12:46:55
2026-04-11 00:00:00,PLAZA,ららテラス武蔵小杉店,TEABLESS,TEABLESS ボディローションPG,1,1500,2026-04,2026-05-18 12:46:55
2026-04-11 00:00:00,PLAZA,ららぽーとEXPOCITY店,ラフドット,ラフドット インティメイトウォッシュ SB,1,3582,2026-04,2026-05-18 12:46:55
2026-04-11 00:00:00,PLAZA,金沢フォーラス店,ラフドット,ラフドット インティメイトウォッシュ SB,1,3582,2026-04,2026-05-18 12:46:55
2026-04-11 00:00:00,PLAZA,静岡パルシェ店,ラフドット,ラフドット インティメイトウォッシュ SB,1,3582,2026-04,2026-05-18 12:46:55
2026-04-11 00:00:00,PLAZA,名古屋ユニモール店,ラフドット,ラフドット インティメイトミスト MV,1,3132,2026-04,2026-05-18 12:46:55
2026-04-11 00:00:00,PLAZA,船橋東武店,ラフドット,ラフドット インティメイトウォッシュ PM,1,3582,2026-04,2026-05-18 12:46:55
2026-04-11 00:00:00,PLAZA,船橋東武店,YOU TOKYO,YOU TOKYO ヘアミルク CW,1,2680,2026-04,2026-05-18 12:46:55
2026-04-11 00:00:00,PLAZA,錦糸町テルミナ2店,ラフドット,ラフドット インティメイトウォッシュ LV,1,3582,2026-04,2026-05-18 12:46:55
2026-04-11 00:00:00,PLAZA,ルミネ有楽町店,ラフドット,ラフドット インティメイトウォッシュ MV,1,3582,2026-04,2026-05-18 12:46:55
2026-04-11 00:00:00,PLAZA,ルミネ有楽町店,YOU TOKYO,YOU TOKYO ヘアオイル RR,1,2280,2026-04,2026-05-18 12:46:55
2026-04-11 00:00:00,PLAZA,ららテラス川口店,ラフドット,ラフドット インティメイトウォッシュ SB,1,3582,2026-04,2026-05-18 12:46:55
2026-04-11 00:00:00,PLAZA,名古屋サカエチカ店,ラフドット,ラフドット インティメイトウォッシュ PM,1,3582,2026-04,2026-05-18 12:46:55
2026-04-11 00:00:00,PLAZA,名古屋サカエチカ店,ラフドット,ラフドット インティメイトFミスト PM,1,3132,2026-04,2026-05-18 12:46:55
2026-04-11 00:00:00,PLAZA,プラザイオンモール筑紫野店,バイワンシー,バイワンシー SP/TRサシェ,1,270,2026-04,2026-05-18 12:46:55
2026-04-11 00:00:00,PLAZA,プラザイオンモール倉敷店,ラフドット,ラフドット インティメイトウォッシュ SB,1,3582,2026-04,2026-05-18 12:46:55
2026-04-11 00:00:00,PLAZA,沖縄・浦添PARCOCITY店,ラフドット,ラフドット インティメイトウォッシュ PM,1,3582,2026-04,2026-05-18 12:46:55
2026-04-11 00:00:00,PLAZA,プラザららぽーと磐田店,ラフドット,ラフドット インティメイトウォッシュ PM,1,3582,2026-04,2026-05-18 12:46:55
2026-04-11 00:00:00,PLAZA,プラザイオンモール浜松志都呂店,ラフドット,ラフドット インティメイトウォッシュ PM,1,3582,2026-04,2026-05-18 12:46:55
2026-04-11 00:00:00,PLAZA,プラザイオンモール浜松志都呂店,ラフドット,ラフドット ヤクヨウホワイトセラム,1,3237,2026-04,2026-05-18 12:46:55
2026-04-11 00:00:00,PLAZA,プラザイオンモール白山店,ラフドット,ラフドット インティメイトウォッシュ SB,1,3582,2026-04,2026-05-18 12:46:55
2026-04-11 00:00:00,PLAZA,プラザイオンモール福岡店,ラフドット,ラフドット インティメイトウォッシュ LV,1,3582,2026-04,2026-05-18 12:46:55
2026-04-11 00:00:00,PLAZA,プラザイオンモール豊川店,バイワンシー,バイワンシー Sリペアエッセンスサシェ,1,270,2026-04,2026-05-18 12:46:55
2026-04-11 00:00:00,PLAZA,プラザイオンモール豊川店,バイワンシー,バイワンシー SP/TRサシェ,3,810,2026-04,2026-05-18 12:46:55
2026-04-11 00:00:00,PLAZA,プラザイオンモール浜松市野店,YOU TOKYO,YOU TOKYO ヘアミルク CW,1,2680,2026-04,2026-05-18 12:46:55
2026-04-11 00:00:00,PLAZA,プラザイオンモール津南店,YOU TOKYO,YOU TOKYO ヘアミルク RR,2,5360,2026-04,2026-05-18 12:46:55
2026-04-11 00:00:00,PLAZA,プラザイオンモール盛岡南店,ラフドット,ラフドット インティメイトウォッシュ PM,1,3582,2026-04,2026-05-18 12:46:55
2026-04-11 00:00:00,PLAZA,プラザイオンモール須坂店,YOU TOKYO,YOU TOKYO ヘアミルク CW,1,2680,2026-04,2026-05-18 12:46:55
2026-04-10 00:00:00,PLAZA,梅田ヘップファイブ店,ラフドット,ラフドット インティメイトウォッシュ SB,1,3582,2026-04,2026-05-18 12:46:55
2026-04-10 00:00:00,PLAZA,ルミネ横浜店,ラフドット,ラフドット ヘアリムーバー,1,3400,2026-04,2026-05-18 12:46:55
2026-04-10 00:00:00,PLAZA,ルミネ横浜店,YOU TOKYO,YOU TOKYO ヘアオイル BS,1,2280,2026-04,2026-05-18 12:46:55
2026-04-10 00:00:00,PLAZA,アトレ大井町店,YOU TOKYO,YOU TOKYO ヘアミルク CW,1,2680,2026-04,2026-05-18 12:46:55
2026-04-10 00:00:00,PLAZA,ルミネ大宮店,ラフドット,ラフドット インティメイトウォッシュ SB,1,3582,2026-04,2026-05-18 12:46:55
2026-04-10 00:00:00,PLAZA,ルミネ大宮店,ラフドット,ラフドット インティメイトウォッシュ PM,1,3582,2026-04,2026-05-18 12:46:55
2026-04-10 00:00:00,PLAZA,ルミネ大宮店,ラフドット,ラフドット インティメイトウォッシュ MV,1,3582,2026-04,2026-05-18 12:46:55
2026-04-10 00:00:00,PLAZA,ルミネ新宿店,ラフドット,ラフドット インティメイトウォッシュ PM,1,3582,2026-04,2026-05-18 12:46:55
2026-04-10 00:00:00,PLAZA,アミュプラザ小倉店,ラフドット,ラフドット インティメイトウォッシュ PM,1,3582,2026-04,2026-05-18 12:46:55
2026-04-10 00:00:00,PLAZA,アミュプラザ小倉店,YOU TOKYO,YOU TOKYO ヘアミルク CW,1,2680,2026-04,2026-05-18 12:46:55
2026-04-10 00:00:00,PLAZA,イオンモール羽生店,ラフドット,ラフドット インティメイトウォッシュ PM,1,3582,2026-04,2026-05-18 12:46:55
2026-04-10 00:00:00,PLAZA,柏高島屋ステーションモール店,ラフドット,ラフドット インティメイトウォッシュ SB,1,3582,2026-04,2026-05-18 12:46:55
2026-04-10 00:00:00,PLAZA,柏高島屋ステーションモール店,YOU TOKYO,YOU TOKYO ヘアミルク CW,2,5360,2026-04,2026-05-18 12:46:55
2026-04-10 00:00:00,PLAZA,ルミネ立川店,YOU TOKYO,YOU TOKYO ヘアオイル BS,1,2280,2026-04,2026-05-18 12:46:55
2026-04-10 00:00:00,PLAZA,アトレ恵比寿店,ラフドット,ラフドット インティメイトウォッシュ LV,1,3582,2026-04,2026-05-18 12:46:55
2026-04-10 00:00:00,PLAZA,アトレ恵比寿店,ラフドット,ラフドット インティメイトウォッシュ MV,1,3582,2026-04,2026-05-18 12:46:55
2026-04-10 00:00:00,PLAZA,なんばシティ店,ラフドット,ラフドット インティメイトFミスト SB,1,3132,2026-04,2026-05-18 12:46:55
2026-04-10 00:00:00,PLAZA,池袋パルコ店,ラフドット,ラフドット ヘアリムーバー,1,3400,2026-04,2026-05-18 12:46:55
2026-04-10 00:00:00,PLAZA,ららぽーとTOKYO-BAY店,ラフドット,ラフドット インティメイトウォッシュ PM,1,3582,2026-04,2026-05-18 12:46:55
2026-04-10 00:00:00,PLAZA,ららぽーとTOKYO-BAY店,ラフドット,ラフドット インティメイトFミスト PM,1,3132,2026-04,2026-05-18 12:46:55
2026-04-10 00:00:00,PLAZA,札幌ステラプレイス店,ラフドット,ラフドット インティメイトウォッシュ PM,1,3582,2026-04,2026-05-18 12:46:55
2026-04-10 00:00:00,PLAZA,札幌ステラプレイス店,YOU TOKYO,YOU TOKYO ヘアミルク CW,1,2680,2026-04,2026-05-18 12:46:55
2026-04-10 00:00:00,PLAZA,水戸エクセル店,ラフドット,ラフドット インティメイトウォッシュ SB,1,3582,2026-04,2026-05-18 12:46:55
2026-04-10 00:00:00,PLAZA,水戸エクセル店,ラフドット,ラフドット インティメイトFミスト SB,1,3132,2026-04,2026-05-18 12:46:55
2026-04-10 00:00:00,PLAZA,ルミネ荻窪店,YOU TOKYO,YOU TOKYO ヘアミルク CW,1,2680,2026-04,2026-05-18 12:46:55
2026-04-10 00:00:00,PLAZA,舞浜イクスピアリ店,ラフドット,ラフドット インティメイトウォッシュ MV,1,3582,2026-04,2026-05-18 12:46:55
2026-04-10 00:00:00,PLAZA,アトレ吉祥寺店,バイワンシー,バイワンシー ピュアアミノシャンプー,1,2700,2026-04,2026-05-18 12:46:55
2026-04-10 00:00:00,PLAZA,金沢フォーラス店,ラフドット,ラフドット インティメイトウォッシュ SB,1,3582,2026-04,2026-05-18 12:46:55
2026-04-10 00:00:00,PLAZA,名古屋ユニモール店,ラフドット,ラフドット インティメイトウォッシュ SB,1,3582,2026-04,2026-05-18 12:46:55
2026-04-10 00:00:00,PLAZA,プラザ盛岡フェザン店,ラフドット,ラフドット インティメイトウォッシュ MV,1,3582,2026-04,2026-05-18 12:46:55
2026-04-10 00:00:00,PLAZA,プラザイオンモール橿原店,ラフドット,ラフドット インティメイトウォッシュ PM,1,3582,2026-04,2026-05-18 12:46:55
2026-04-10 00:00:00,PLAZA,プラザイオンモール橿原店,ラフドット,ラフドット インティメイトウォッシュ LV,1,3582,2026-04,2026-05-18 12:46:55
2026-04-10 00:00:00,PLAZA,プラザイオンモール甲府昭和店,ラフドット,ラフドット インティメイトウォッシュ LV,1,3582,2026-04,2026-05-18 12:46:55
2026-04-10 00:00:00,PLAZA,沖縄・浦添PARCOCITY店,ラフドット,ラフドット インティメイトウォッシュ MV,1,3582,2026-04,2026-05-18 12:46:55
2026-04-10 00:00:00,PLAZA,プラザららぽーと磐田店,ラフドット,ラフドット インティメイトウォッシュ MV,1,3582,2026-04,2026-05-18 12:46:55
2026-04-10 00:00:00,PLAZA,プラザイオンモール浜松志都呂店,ラフドット,ラフドット インティメイトウォッシュ PM,1,3582,2026-04,2026-05-18 12:46:55
2026-04-10 00:00:00,PLAZA,イオンモール各務原インター店,ラフドット,ラフドット インティメイトウォッシュ PM,1,3582,2026-04,2026-05-18 12:46:55
2026-04-10 00:00:00,PLAZA,イオンモール沖縄ライカム店,ラフドット,ラフドット インティメイトウォッシュ PM,1,3582,2026-04,2026-05-18 12:46:55
2026-04-10 00:00:00,PLAZA,神戸ハーバーランドumie店,ラフドット,ラフドット インティメイトウォッシュ PM,1,3582,2026-04,2026-05-18 12:46:55
2026-04-10 00:00:00,PLAZA,青森&LOVINA店,ラフドット,ラフドット インティメイトウォッシュ PM,1,3582,2026-04,2026-05-18 12:46:55
2026-04-10 00:00:00,PLAZA,プラザイオンモール浜松市野店,ラフドット,ラフドット インティメイトウォッシュ PM,1,3582,2026-04,2026-05-18 12:46:55
2026-04-10 00:00:00,PLAZA,プラザイオンモール浜松市野店,ラフドット,ラフドット インティメイトFミスト PM,2,6264,2026-04,2026-05-18 12:46:55
2026-04-10 00:00:00,PLAZA,プラザイオンモール盛岡南店,ラフドット,ラフドット インティメイトウォッシュ LV,1,3582,2026-04,2026-05-18 12:46:55
2026-04-10 00:00:00,PLAZA,オンラインストア,ラフドット,ラフドット インティメイトウォッシュ PM,1,3582,2026-04,2026-05-18 12:46:55
2026-04-10 00:00:00,PLAZA,オンラインストア,YOU TOKYO,YOU TOKYO ヘアミルク CW,2,5360,2026-04,2026-05-18 12:46:55
2026-04-09 00:00:00,PLAZA,佐野プレミアムアウトレット店,TEABLESS,TEABLESS ボディローションMR,1,1500,2026-04,2026-05-18 12:46:55
2026-04-09 00:00:00,PLAZA,アミュプラザ小倉店,ラフドット,ラフドット インティメイトFミスト SB,2,6264,2026-04,2026-05-18 12:46:55
2026-04-09 00:00:00,PLAZA,横浜ジョイナス店,YOU TOKYO,YOU TOKYO ヘアミルク CW,2,5360,2026-04,2026-05-18 12:46:55
2026-04-09 00:00:00,PLAZA,五反田東急スクエア店,ラフドット,ラフドット インティメイトウォッシュ MV,1,3582,2026-04,2026-05-18 12:46:55
2026-04-09 00:00:00,PLAZA,新越谷ヴァリエ店,ラフドット,ラフドット インティメイトウォッシュ SB,1,3582,2026-04,2026-05-18 12:46:55
2026-04-09 00:00:00,PLAZA,新越谷ヴァリエ店,ラフドット,ラフドット インティメイトウォッシュ PM,1,3582,2026-04,2026-05-18 12:46:55
2026-04-09 00:00:00,PLAZA,柏高島屋ステーションモール店,YOU TOKYO,YOU TOKYO ヘアミルク CW,1,2680,2026-04,2026-05-18 12:46:55
2026-04-09 00:00:00,PLAZA,大船ルミネウイング店,ラフドット,ラフドット インティメイトウォッシュ LV,1,3582,2026-04,2026-05-18 12:46:55
2026-04-09 00:00:00,PLAZA,大船ルミネウイング店,YOU TOKYO,YOU TOKYO ヘアミルク CW,1,2680,2026-04,2026-05-18 12:46:55
2026-04-09 00:00:00,PLAZA,浜松メイワン店,ラフドット,ラフドット インティメイトウォッシュ PM,1,3582,2026-04,2026-05-18 12:46:55
2026-04-09 00:00:00,PLAZA,浜松メイワン店,ラフドット,ラフドット インティメイトFミスト PM,1,3132,2026-04,2026-05-18 12:46:55
2026-04-09 00:00:00,PLAZA,天王寺ミオ店,ラフドット,ラフドット インティメイトウォッシュ SB,2,7164,2026-04,2026-05-18 12:46:55
2026-04-09 00:00:00,PLAZA,ルミネ立川店,ラフドット,ラフドット インティメイトウォッシュ PM,1,3582,2026-04,2026-05-18 12:46:55
2026-04-09 00:00:00,PLAZA,アトレ恵比寿店,ラフドット,ラフドット インティメイトウォッシュ PM,1,3582,2026-04,2026-05-18 12:46:55
2026-04-09 00:00:00,PLAZA,アトレ恵比寿店,ラフドット,ラフドット インティメイトウォッシュ MV,2,7164,2026-04,2026-05-18 12:46:55
2026-04-09 00:00:00,PLAZA,アトレ恵比寿店,YOU TOKYO,YOU TOKYO ヘアミルク CW,1,2680,2026-04,2026-05-18 12:46:55
2026-04-09 00:00:00,PLAZA,アトレ恵比寿店,TEABLESS,TEABLESS ボディローションLW,1,1500,2026-04,2026-05-18 12:46:55
2026-04-09 00:00:00,PLAZA,なんばシティ店,YOU TOKYO,YOU TOKYO ヘアミルク CW,1,2680,2026-04,2026-05-18 12:46:55
2026-04-09 00:00:00,PLAZA,エスパル仙台店,ラフドット,ラフドット インティメイトウォッシュ SB,1,3582,2026-04,2026-05-18 12:46:55
2026-04-09 00:00:00,PLAZA,ルミネ北千住店,YOU TOKYO,YOU TOKYO ヘアミルク CW,1,2680,2026-04,2026-05-18 12:46:55
2026-04-09 00:00:00,PLAZA,ルミネ荻窪店,YOU TOKYO,YOU TOKYO ヘアミルク CW,2,5360,2026-04,2026-05-18 12:46:55
2026-04-09 00:00:00,PLAZA,ルミネ荻窪店,TEABLESS,TEABLESS ボディローションAE,1,1500,2026-04,2026-05-18 12:46:55
2026-04-09 00:00:00,PLAZA,ラスカ小田原店,ラフドット,ラフドット インティメイトウォッシュ SB,1,3582,2026-04,2026-05-18 12:46:55
2026-04-09 00:00:00,PLAZA,ルミネ池袋店,ラフドット,ラフドット インティメイトウォッシュ PM,1,3582,2026-04,2026-05-18 12:46:55
2026-04-09 00:00:00,PLAZA,舞浜イクスピアリ店,YOU TOKYO,YOU TOKYO ヘアミルク CW,1,2680,2026-04,2026-05-18 12:46:55
2026-04-09 00:00:00,PLAZA,越谷イオンレイクタウン店,ラフドット,ラフドット インティメイトウォッシュ SB,1,3582,2026-04,2026-05-18 12:46:55
2026-04-09 00:00:00,PLAZA,越谷イオンレイクタウン店,ラフドット,ラフドット インティメイトFミスト PM,1,3132,2026-04,2026-05-18 12:46:55
2026-04-09 00:00:00,PLAZA,越谷イオンレイクタウン店,ラフドット,ラフドット インティメイトウォッシュ MV,1,3582,2026-04,2026-05-18 12:46:55
2026-04-09 00:00:00,PLAZA,たまプラーザテラス店,ラフドット,ラフドット インティメイトミスト MV,1,3132,2026-04,2026-05-18 12:46:55
2026-04-09 00:00:00,PLAZA,イーアスつくば店,レチスパ,レチスパ ヘアオイル,1,2400,2026-04,2026-05-18 12:46:55
2026-04-09 00:00:00,PLAZA,ペリエ千葉店,ラフドット,ラフドット インティメイトウォッシュ MV,1,3582,2026-04,2026-05-18 12:46:55
2026-04-09 00:00:00,PLAZA,アミュプラザくまもと店,ラフドット,ラフドット インティメイトウォッシュ SB,1,3582,2026-04,2026-05-18 12:46:55
2026-04-09 00:00:00,PLAZA,ペリエ稲毛店,ラフドット,ラフドット インティメイトウォッシュ PM,1,3582,2026-04,2026-05-18 12:46:55
2026-04-09 00:00:00,PLAZA,船橋東武店,ラフドット,ラフドット インティメイトウォッシュ SB,1,3582,2026-04,2026-05-18 12:46:55
2026-04-09 00:00:00,PLAZA,船橋東武店,ラフドット,ラフドット インティメイトウォッシュ PM,1,3582,2026-04,2026-05-18 12:46:55
2026-04-09 00:00:00,PLAZA,錦糸町テルミナ2店,ラフドット,ラフドット インティメイトFミスト SB,1,3132,2026-04,2026-05-18 12:46:55
2026-04-09 00:00:00,PLAZA,ルミネ有楽町店,ラフドット,ラフドット インティメイトウォッシュ PM,1,3582,2026-04,2026-05-18 12:46:55
2026-04-09 00:00:00,PLAZA,池袋サンシャインシティアルパ店,YOU TOKYO,YOU TOKYO ヘアミルク CW,1,2680,2026-04,2026-05-18 12:46:55
2026-04-09 00:00:00,PLAZA,プラザ高崎オーパ店,ラフドット,ラフドット インティメイトウォッシュ PM,1,3582,2026-04,2026-05-18 12:46:55
2026-04-09 00:00:00,PLAZA,プラザイオンモール宮崎店,ラフドット,ラフドット インティメイトウォッシュ MV,1,3582,2026-04,2026-05-18 12:46:55
2026-04-09 00:00:00,PLAZA,プラザイオンモール宮崎店,ラフドット,ラフドット インティメイトミスト MV,1,3132,2026-04,2026-05-18 12:46:55
2026-04-09 00:00:00,PLAZA,プラザららぽーと磐田店,ラフドット,ラフドット インティメイトFミスト SB,1,3132,2026-04,2026-05-18 12:46:55
2026-04-09 00:00:00,PLAZA,イオンモール各務原インター店,ラフドット,ラフドット インティメイトウォッシュ PM,1,3582,2026-04,2026-05-18 12:46:55
2026-04-09 00:00:00,PLAZA,プラザイオンモール岡崎店,ラフドット,ラフドット インティメイトウォッシュ PM,1,3582,2026-04,2026-05-18 12:46:55
2026-04-09 00:00:00,PLAZA,CoCoLo新潟店,ラフドット,ラフドット インティメイトウォッシュ MV,1,3582,2026-04,2026-05-18 12:46:55
2026-04-09 00:00:00,PLAZA,青森&LOVINA店,ラフドット,ラフドット インティメイトウォッシュ MV,1,3582,2026-04,2026-05-18 12:46:55
2026-04-09 00:00:00,PLAZA,プラザイオンモール浜松市野店,TEABLESS,TEABLESS ボディローションAE,1,1500,2026-04,2026-05-18 12:46:55
2026-04-09 00:00:00,PLAZA,オンラインストア,YOU TOKYO,YOU TOKYO ヘアミルク CW,4,10720,2026-04,2026-05-18 12:46:55
2026-04-09 00:00:00,PLAZA,オンラインストア,YOU TOKYO,YOU TOKYO ヘアオイル BS,1,2280,2026-04,2026-05-18 12:46:55
2026-04-08 00:00:00,PLAZA,玉川高島屋SC店,YOU TOKYO,YOU TOKYO ヘアミルク CW,3,8040,2026-04,2026-05-18 12:46:55
2026-04-08 00:00:00,PLAZA,ルミネ横浜店,ラフドット,ラフドット インティメイトウォッシュ PM,1,3582,2026-04,2026-05-18 12:46:55
2026-04-08 00:00:00,PLAZA,ルミネ大宮店,ラフドット,ラフドット インティメイトウォッシュ SB,1,3582,2026-04,2026-05-18 12:46:55
2026-04-08 00:00:00,PLAZA,アミュプラザ小倉店,ラフドット,ラフドット インティメイトウォッシュ PM,1,3582,2026-04,2026-05-18 12:46:55
2026-04-08 00:00:00,PLAZA,アミュプラザ小倉店,ラフドット,ラフドット インティメイトウォッシュ MV,1,3582,2026-04,2026-05-18 12:46:55
2026-04-08 00:00:00,PLAZA,横浜ジョイナス店,ラフドット,ラフドット インティメイトウォッシュ LV,1,3582,2026-04,2026-05-18 12:46:55
2026-04-08 00:00:00,PLAZA,イオンモール羽生店,ラフドット,ラフドット インティメイトFミスト LV,1,3132,2026-04,2026-05-18 12:46:55
2026-04-08 00:00:00,PLAZA,五反田東急スクエア店,レチスパ,レチスパ ヘアオイル,1,2400,2026-04,2026-05-18 12:46:55
2026-04-08 00:00:00,PLAZA,新越谷ヴァリエ店,YOU TOKYO,YOU TOKYO ヘアミルク CW,1,2680,2026-04,2026-05-18 12:46:55
2026-04-08 00:00:00,PLAZA,新越谷ヴァリエ店,YOU TOKYO,YOU TOKYO ヘアオイル BS,1,2280,2026-04,2026-05-18 12:46:55
2026-04-08 00:00:00,PLAZA,ルミネエスト新宿店,ラフドット,ラフドット インティメイトウォッシュ SB,1,3582,2026-04,2026-05-18 12:46:55
2026-04-08 00:00:00,PLAZA,天王寺ミオ店,ラフドット,ラフドット インティメイトウォッシュ SB,1,3582,2026-04,2026-05-18 12:46:55
2026-04-08 00:00:00,PLAZA,天王寺ミオ店,YOU TOKYO,YOU TOKYO ヘアミルク CW,1,2680,2026-04,2026-05-18 12:46:55
2026-04-08 00:00:00,PLAZA,ルミネ立川店,ラフドット,ラフドット インティメイトウォッシュ PM,1,3582,2026-04,2026-05-18 12:46:55
2026-04-08 00:00:00,PLAZA,ルミネ立川店,TEABLESS,TEABLESS ボディローションLW,1,1500,2026-04,2026-05-18 12:46:55
2026-04-08 00:00:00,PLAZA,ウイング上大岡店,YOU TOKYO,YOU TOKYO ヘアミルク CW,2,5360,2026-04,2026-05-18 12:46:55
2026-04-08 00:00:00,PLAZA,アトレ恵比寿店,ラフドット,ラフドット インティメイトウォッシュ MV,1,3582,2026-04,2026-05-18 12:46:55
2026-04-08 00:00:00,PLAZA,なんばシティ店,ラフドット,ラフドット インティメイトウォッシュ PM,1,3582,2026-04,2026-05-18 12:46:55
2026-04-08 00:00:00,PLAZA,エスパル仙台店,ラフドット,ラフドット インティメイトウォッシュ MV,1,3582,2026-04,2026-05-18 12:46:55
2026-04-08 00:00:00,PLAZA,ルミネ北千住店,YOU TOKYO,YOU TOKYO ヘアミルク CW,1,2680,2026-04,2026-05-18 12:46:55
2026-04-08 00:00:00,PLAZA,ルミネ北千住店,TEABLESS,TEABLESS ボディローションPG,1,1500,2026-04,2026-05-18 12:46:55
2026-04-08 00:00:00,PLAZA,札幌ステラプレイス店,ラフドット,ラフドット インティメイトウォッシュ SB,1,3582,2026-04,2026-05-18 12:46:55
2026-04-08 00:00:00,PLAZA,ルミネ池袋店,ラフドット,ラフドット インティメイトウォッシュ PM,1,3582,2026-04,2026-05-18 12:46:55
2026-04-08 00:00:00,PLAZA,阪急西宮ガーデンズ店,ラフドット,ラフドット インティメイトウォッシュ SB,1,3582,2026-04,2026-05-18 12:46:55
2026-04-08 00:00:00,PLAZA,イオンモール幕張新都心店,ラフドット,ラフドット インティメイトウォッシュ PM,1,3582,2026-04,2026-05-18 12:46:55
2026-04-08 00:00:00,PLAZA,ららテラス武蔵小杉店,ラフドット,ラフドット インティメイトウォッシュ SB,1,3582,2026-04,2026-05-18 12:46:55
2026-04-08 00:00:00,PLAZA,ららテラス武蔵小杉店,ラフドット,ラフドット インティメイトFミスト SB,1,3132,2026-04,2026-05-18 12:46:55
2026-04-08 00:00:00,PLAZA,ららテラス武蔵小杉店,ラフドット,ラフドット インティメイトウォッシュ PM,1,3582,2026-04,2026-05-18 12:46:55
2026-04-08 00:00:00,PLAZA,ららテラス武蔵小杉店,ラフドット,ラフドット インティメイトFミスト PM,1,3132,2026-04,2026-05-18 12:46:55
2026-04-08 00:00:00,PLAZA,ららテラス武蔵小杉店,ラフドット,ラフドット インティメイトミスト MV,1,3132,2026-04,2026-05-18 12:46:55
2026-04-08 00:00:00,PLAZA,ラスカ茅ケ崎店,YOU TOKYO,YOU TOKYO ヘアミルク CW,1,2680,2026-04,2026-05-18 12:46:55
2026-04-08 00:00:00,PLAZA,静岡パルシェ店,ラフドット,ラフドット インティメイトウォッシュ PM,1,3582,2026-04,2026-05-18 12:46:55
2026-04-08 00:00:00,PLAZA,京都四条店,ラフドット,ラフドット インティメイトウォッシュ PM,1,3582,2026-04,2026-05-18 12:46:55
2026-04-08 00:00:00,PLAZA,ペリエ千葉店,TEABLESS,TEABLESS ボディローションPG,1,1500,2026-04,2026-05-18 12:46:55
2026-04-08 00:00:00,PLAZA,池袋サンシャインシティアルパ店,YOU TOKYO,YOU TOKYO ヘアミルク CW,1,2680,2026-04,2026-05-18 12:46:55
2026-04-08 00:00:00,PLAZA,ららテラス川口店,ラフドット,ラフドット インティメイトウォッシュ MV,1,3582,2026-04,2026-05-18 12:46:55
2026-04-08 00:00:00,PLAZA,プラザ盛岡フェザン店,ラフドット,ラフドット インティメイトウォッシュ MV,1,3582,2026-04,2026-05-18 12:46:55
2026-04-08 00:00:00,PLAZA,プラザイオンモール筑紫野店,ラフドット,ラフドット インティメイトウォッシュ PM,1,3582,2026-04,2026-05-18 12:46:55
2026-04-08 00:00:00,PLAZA,プラザイオンモール倉敷店,ラフドット,ラフドット インティメイトFミスト PM,1,3132,2026-04,2026-05-18 12:46:55
2026-04-08 00:00:00,PLAZA,プラザイオンモール新居浜店,ラフドット,ラフドット インティメイトウォッシュ SB,1,3582,2026-04,2026-05-18 12:46:55
2026-04-08 00:00:00,PLAZA,プラザミナモア広島店,ラフドット,ラフドット インティメイトウォッシュ PM,1,3582,2026-04,2026-05-18 12:46:55
2026-04-08 00:00:00,PLAZA,プラザミナモア広島店,ラフドット,ラフドット インティメイトFミスト PM,1,3132,2026-04,2026-05-18 12:46:55
2026-04-08 00:00:00,PLAZA,沖縄・浦添PARCOCITY店,ラフドット,ラフドット インティメイトウォッシュ PM,1,3582,2026-04,2026-05-18 12:46:55
2026-04-08 00:00:00,PLAZA,プラザイオンモール浜松志都呂店,ラフドット,ラフドット インティメイトウォッシュ SB,1,3582,2026-04,2026-05-18 12:46:55
2026-04-08 00:00:00,PLAZA,オンラインストア,ラフドット,ラフドット インティメイトウォッシュ SB,1,3582,2026-04,2026-05-18 12:46:55
2026-04-08 00:00:00,PLAZA,オンラインストア,YOU TOKYO,YOU TOKYO ヘアミルク CW,2,5360,2026-04,2026-05-18 12:46:55
2026-04-07 00:00:00,PLAZA,三宮店,ラフドット,ラフドット インティメイトウォッシュ SB,1,3582,2026-04,2026-05-18 12:46:55
2026-04-07 00:00:00,PLAZA,梅田ヘップファイブ店,ラフドット,ラフドット インティメイトウォッシュ PM,1,3582,2026-04,2026-05-18 12:46:55
2026-04-07 00:00:00,PLAZA,梅田ヘップファイブ店,YOU TOKYO,YOU TOKYO ヘアミルク CW,1,2680,2026-04,2026-05-18 12:46:55
2026-04-07 00:00:00,PLAZA,玉川高島屋SC店,YOU TOKYO,YOU TOKYO ヘアミルク CW,1,2680,2026-04,2026-05-18 12:46:55
2026-04-07 00:00:00,PLAZA,渋谷109店,ラフドット,ラフドット インティメイトウォッシュ MV,1,3582,2026-04,2026-05-18 12:46:55
2026-04-07 00:00:00,PLAZA,ルミネ大宮店,ラフドット,ラフドット インティメイトFミスト SB,1,3132,2026-04,2026-05-18 12:46:55
2026-04-07 00:00:00,PLAZA,ルミネ新宿店,ラフドット,ラフドット インティメイトウォッシュ SB,2,7164,2026-04,2026-05-18 12:46:55
2026-04-07 00:00:00,PLAZA,アミュプラザ小倉店,YOU TOKYO,YOU TOKYO ヘアミルク CW,1,2680,2026-04,2026-05-18 12:46:55
2026-04-07 00:00:00,PLAZA,横浜ジョイナス店,YOU TOKYO,YOU TOKYO ヘアミルク CW,1,2680,2026-04,2026-05-18 12:46:55
2026-04-07 00:00:00,PLAZA,福岡ソラリアプラザ店,ラフドット,ラフドット インティメイトFミスト PM,1,3132,2026-04,2026-05-18 12:46:55
2026-04-07 00:00:00,PLAZA,イオンモール堺北花田店,ラフドット,ラフドット インティメイトウォッシュ PM,1,3582,2026-04,2026-05-18 12:46:55
2026-04-07 00:00:00,PLAZA,イオンモール堺北花田店,ラフドット,ラフドット インティメイトウォッシュ MV,1,3582,2026-04,2026-05-18 12:46:55
2026-04-07 00:00:00,PLAZA,天王寺ミオ店,ラフドット,ラフドット インティメイトウォッシュ PM,1,3582,2026-04,2026-05-18 12:46:55
2026-04-07 00:00:00,PLAZA,ルミネ町田店,ラフドット,ラフドット インティメイトウォッシュ MV,1,3582,2026-04,2026-05-18 12:46:55
2026-04-07 00:00:00,PLAZA,ららぽーとTOKYO-BAY店,ラフドット,ラフドット インティメイトウォッシュ MV,1,3582,2026-04,2026-05-18 12:46:55
2026-04-07 00:00:00,PLAZA,ららぽーとTOKYO-BAY店,YOU TOKYO,YOU TOKYO ヘアオイル BS,1,2280,2026-04,2026-05-18 12:46:55
2026-04-07 00:00:00,PLAZA,ルミネ北千住店,YOU TOKYO,YOU TOKYO ヘアミルク CW,1,2680,2026-04,2026-05-18 12:46:55
2026-04-07 00:00:00,PLAZA,水戸エクセル店,ラフドット,ラフドット インティメイトウォッシュ PM,1,3582,2026-04,2026-05-18 12:46:55
2026-04-07 00:00:00,PLAZA,ルミネ池袋店,ラフドット,ラフドット インティメイトウォッシュ SB,2,7164,2026-04,2026-05-18 12:46:55
2026-04-07 00:00:00,PLAZA,ルミネ池袋店,ラフドット,ラフドット インティメイトウォッシュ PM,1,3582,2026-04,2026-05-18 12:46:55
2026-04-07 00:00:00,PLAZA,舞浜イクスピアリ店,ラフドット,ラフドット インティメイトウォッシュ SB,1,3582,2026-04,2026-05-18 12:46:55
2026-04-07 00:00:00,PLAZA,越谷イオンレイクタウン店,ラフドット,ラフドット インティメイトウォッシュ LV,1,3582,2026-04,2026-05-18 12:46:55
2026-04-07 00:00:00,PLAZA,ららテラス武蔵小杉店,ラフドット,ラフドット インティメイトウォッシュ MV,1,3582,2026-04,2026-05-18 12:46:55
2026-04-07 00:00:00,PLAZA,ラスカ茅ケ崎店,YOU TOKYO,YOU TOKYO ヘアミルク CW,1,2680,2026-04,2026-05-18 12:46:55
2026-04-07 00:00:00,PLAZA,アトレ松戸店,ラフドット,ラフドット インティメイトウォッシュ SB,1,3582,2026-04,2026-05-18 12:46:55
2026-04-07 00:00:00,PLAZA,ルミネ有楽町店,ラフドット,ラフドット ヤクヨウホワイトセラム,1,3237,2026-04,2026-05-18 12:46:55
2026-04-07 00:00:00,PLAZA,池袋サンシャインシティアルパ店,ラフドット,ラフドット インティメイトウォッシュ PM,1,3582,2026-04,2026-05-18 12:46:55
2026-04-07 00:00:00,PLAZA,池袋サンシャインシティアルパ店,ラフドット,ラフドット インティメイトFミスト PM,1,3132,2026-04,2026-05-18 12:46:55
2026-04-07 00:00:00,PLAZA,池袋サンシャインシティアルパ店,YOU TOKYO,YOU TOKYO ヘアミルク CW,1,2680,2026-04,2026-05-18 12:46:55
2026-04-07 00:00:00,PLAZA,ららテラス川口店,ラフドット,ラフドット インティメイトウォッシュ SB,1,3582,2026-04,2026-05-18 12:46:55
2026-04-07 00:00:00,PLAZA,ららテラス川口店,ラフドット,ラフドット インティメイトウォッシュ PM,1,3582,2026-04,2026-05-18 12:46:55
2026-04-07 00:00:00,PLAZA,プラザイオンモール太田店,ラフドット,ラフドット インティメイトFミスト PM,1,3132,2026-04,2026-05-18 12:46:55
2026-04-07 00:00:00,PLAZA,プラザららぽーと磐田店,ラフドット,ラフドット インティメイトウォッシュ MV,1,3582,2026-04,2026-05-18 12:46:55
2026-04-07 00:00:00,PLAZA,プラザイオンモール広島府中店,バイワンシー,バイワンシー ピュアアミノシャンプー,1,2700,2026-04,2026-05-18 12:46:55
2026-04-07 00:00:00,PLAZA,プラザ宇都宮パセオ店,ラフドット,ラフドット インティメイトウォッシュ PM,1,3582,2026-04,2026-05-18 12:46:55
2026-04-07 00:00:00,PLAZA,イオンモール沖縄ライカム店,ラフドット,ラフドット インティメイトウォッシュ SB,1,3582,2026-04,2026-05-18 12:46:55
2026-04-07 00:00:00,PLAZA,プラザ鶴岡エスモール店,ラフドット,ラフドット インティメイトウォッシュ PM,1,3582,2026-04,2026-05-18 12:46:55
2026-04-07 00:00:00,PLAZA,オンラインストア,YOU TOKYO,YOU TOKYO ヘアミルク CW,1,2680,2026-04,2026-05-18 12:46:55
2026-04-06 00:00:00,PLAZA,三宮店,TEABLESS,TEABLESS ボディローションPG,1,1500,2026-04,2026-05-18 12:46:55
2026-04-06 00:00:00,PLAZA,玉川高島屋SC店,YOU TOKYO,YOU TOKYO ヘアミルク CW,1,2680,2026-04,2026-05-18 12:46:55
2026-04-06 00:00:00,PLAZA,玉川高島屋SC店,YOU TOKYO,YOU TOKYO ヘアオイル BS,1,2280,2026-04,2026-05-18 12:46:55
2026-04-06 00:00:00,PLAZA,ルミネ大宮店,YOU TOKYO,YOU TOKYO ヘアミルク CW,1,2680,2026-04,2026-05-18 12:46:55
2026-04-06 00:00:00,PLAZA,ルミネ新宿店,ラフドット,ラフドット インティメイトウォッシュ PM,2,7164,2026-04,2026-05-18 12:46:55
2026-04-06 00:00:00,PLAZA,横浜ジョイナス店,ラフドット,ラフドット インティメイトウォッシュ LV,1,3582,2026-04,2026-05-18 12:46:55
2026-04-06 00:00:00,PLAZA,新越谷ヴァリエ店,ラフドット,ラフドット ヘアリムーバー,1,3400,2026-04,2026-05-18 12:46:55
2026-04-06 00:00:00,PLAZA,福岡ソラリアプラザ店,ラフドット,ラフドット インティメイトウォッシュ SB,1,3582,2026-04,2026-05-18 12:46:55
2026-04-06 00:00:00,PLAZA,ルミネエスト新宿店,ラフドット,ラフドット インティメイトウォッシュ PM,1,3582,2026-04,2026-05-18 12:46:55
2026-04-06 00:00:00,PLAZA,アトレ恵比寿店,ラフドット,ラフドット インティメイトウォッシュ SB,1,3582,2026-04,2026-05-18 12:46:55
2026-04-06 00:00:00,PLAZA,池袋パルコ店,ラフドット,ラフドット ヘアリムーバー,1,3400,2026-04,2026-05-18 12:46:55
2026-04-06 00:00:00,PLAZA,京橋京阪モール店,ラフドット,ラフドット ヤクヨウホワイトセラム,1,3237,2026-04,2026-05-18 12:46:55
2026-04-06 00:00:00,PLAZA,エスパル仙台店,ラフドット,ラフドット インティメイトウォッシュ SB,1,3582,2026-04,2026-05-18 12:46:55
2026-04-06 00:00:00,PLAZA,札幌ステラプレイス店,ラフドット,ラフドット インティメイトウォッシュ SB,1,3582,2026-04,2026-05-18 12:46:55
2026-04-06 00:00:00,PLAZA,札幌ステラプレイス店,ラフドット,ラフドット インティメイトウォッシュ LV,1,3582,2026-04,2026-05-18 12:46:55
2026-04-06 00:00:00,PLAZA,札幌ステラプレイス店,ラフドット,ラフドット インティメイトウォッシュ MV,1,3582,2026-04,2026-05-18 12:46:55
2026-04-06 00:00:00,PLAZA,水戸エクセル店,ラフドット,ラフドット インティメイトFミスト SB,1,3132,2026-04,2026-05-18 12:46:55
2026-04-06 00:00:00,PLAZA,ルミネ荻窪店,ラフドット,ラフドット インティメイトウォッシュ SB,1,3582,2026-04,2026-05-18 12:46:55
2026-04-06 00:00:00,PLAZA,ルミネ荻窪店,ラフドット,ラフドット ヤクヨウホワイトセラム,1,3237,2026-04,2026-05-18 12:46:55
2026-04-06 00:00:00,PLAZA,ルミネ荻窪店,ラフドット,ラフドット インティメイトウォッシュ MV,1,3582,2026-04,2026-05-18 12:46:55
2026-04-06 00:00:00,PLAZA,舞浜イクスピアリ店,ラフドット,ラフドット インティメイトウォッシュ SB,1,3582,2026-04,2026-05-18 12:46:55
2026-04-06 00:00:00,PLAZA,舞浜イクスピアリ店,ラフドット,ラフドット インティメイトウォッシュ LV,1,3582,2026-04,2026-05-18 12:46:55
2026-04-06 00:00:00,PLAZA,ルクア大阪店,レチスパ,レチスパ ヘアオイル,1,2400,2026-04,2026-05-18 12:46:55
2026-04-06 00:00:00,PLAZA,ルクア大阪店,ラフドット,ラフドット インティメイトウォッシュ MV,1,3582,2026-04,2026-05-18 12:46:55
2026-04-06 00:00:00,PLAZA,上野マルイ店,ラフドット,ラフドット インティメイトウォッシュ PM,1,3582,2026-04,2026-05-18 12:46:55
2026-04-06 00:00:00,PLAZA,上野マルイ店,ラフドット,ラフドット インティメイトウォッシュ MV,1,3582,2026-04,2026-05-18 12:46:55
2026-04-06 00:00:00,PLAZA,ららぽーとEXPOCITY店,バイワンシー,バイワンシー ピュアアミノシャンプー,1,2700,2026-04,2026-05-18 12:46:55
2026-04-06 00:00:00,PLAZA,ららぽーとEXPOCITY店,バイワンシー,バイワンシー ヒートケアトリートメント,1,2700,2026-04,2026-05-18 12:46:55
2026-04-06 00:00:00,PLAZA,ラスカ茅ケ崎店,ラフドット,ラフドット インティメイトウォッシュ SB,1,3582,2026-04,2026-05-18 12:46:55
2026-04-06 00:00:00,PLAZA,ラスカ茅ケ崎店,ラフドット,ラフドット インティメイトウォッシュ PM,1,3582,2026-04,2026-05-18 12:46:55
2026-04-06 00:00:00,PLAZA,静岡パルシェ店,ラフドット,ラフドット インティメイトウォッシュ SB,2,7164,2026-04,2026-05-18 12:46:55
2026-04-06 00:00:00,PLAZA,静岡パルシェ店,ラフドット,ラフドット インティメイトFミスト SB,1,3132,2026-04,2026-05-18 12:46:55
2026-04-06 00:00:00,PLAZA,静岡パルシェ店,ラフドット,ラフドット インティメイトウォッシュ PM,2,7164,2026-04,2026-05-18 12:46:55
2026-04-06 00:00:00,PLAZA,船橋東武店,YOU TOKYO,YOU TOKYO ヘアミルク CW,3,8040,2026-04,2026-05-18 12:46:55
2026-04-06 00:00:00,PLAZA,プラザイオンモール倉敷店,ラフドット,ラフドット インティメイトウォッシュ SB,2,7164,2026-04,2026-05-18 12:46:55
2026-04-06 00:00:00,PLAZA,プラザイオンモール太田店,ラフドット,ラフドット インティメイトウォッシュ PM,1,3582,2026-04,2026-05-18 12:46:55
2026-04-06 00:00:00,PLAZA,プラザミナモア広島店,ラフドット,ラフドット インティメイトウォッシュ PM,1,3582,2026-04,2026-05-18 12:46:55
2026-04-06 00:00:00,PLAZA,プラザイオンモール甲府昭和店,ラフドット,ラフドット インティメイトウォッシュ PM,1,3582,2026-04,2026-05-18 12:46:55
2026-04-06 00:00:00,PLAZA,プラザイオンモール川口前川店,ラフドット,ラフドット インティメイトウォッシュ SB,1,3582,2026-04,2026-05-18 12:46:55
2026-04-06 00:00:00,PLAZA,プラザイオンモール浜松市野店,ラフドット,ラフドット インティメイトウォッシュ SB,1,3582,2026-04,2026-05-18 12:46:55
2026-04-06 00:00:00,PLAZA,プラザ鶴岡エスモール店,ラフドット,ラフドット インティメイトウォッシュ PM,1,3582,2026-04,2026-05-18 12:46:55
2026-04-06 00:00:00,PLAZA,プラザイオンモール盛岡南店,ラフドット,ラフドット インティメイトウォッシュ PM,1,3582,2026-04,2026-05-18 12:46:55
2026-04-06 00:00:00,PLAZA,プラザイオンモール須坂店,ラフドット,ラフドット インティメイトFミスト SB,1,3132,2026-04,2026-05-18 12:46:55
2026-04-06 00:00:00,PLAZA,オンラインストア,ラフドット,ラフドット インティメイトウォッシュ PM,1,3582,2026-04,2026-05-18 12:46:55
2026-04-06 00:00:00,PLAZA,オンラインストア,ラフドット,ラフドット インティメイトウォッシュ MV,1,3582,2026-04,2026-05-18 12:46:55
2026-04-06 00:00:00,PLAZA,オンラインストア,TEABLESS,TEABLESS ボディローションAE,1,1500,2026-04,2026-05-18 12:46:55
2026-04-06 00:00:00,PLAZA,オンラインストア,TEABLESS,TEABLESS ボディローションPG,1,1500,2026-04,2026-05-18 12:46:55
2026-04-06 00:00:00,PLAZA,オンラインストア,TEABLESS,TEABLESS ボディローションMR,1,1500,2026-04,2026-05-18 12:46:55
2026-04-05 00:00:00,PLAZA,アミュプラザ小倉店,ラフドット,ラフドット インティメイトウォッシュ PM,1,3582,2026-04,2026-05-18 12:46:55
2026-04-05 00:00:00,PLAZA,アミュプラザ小倉店,YOU TOKYO,YOU TOKYO ヘアミルク CW,1,2680,2026-04,2026-05-18 12:46:55
2026-04-05 00:00:00,PLAZA,イオンモール堺北花田店,ラフドット,ラフドット インティメイトウォッシュ MV,1,3582,2026-04,2026-05-18 12:46:55
2026-04-05 00:00:00,PLAZA,柏高島屋ステーションモール店,ラフドット,ラフドット インティメイトウォッシュ LV,1,3582,2026-04,2026-05-18 12:46:55
2026-04-05 00:00:00,PLAZA,大船ルミネウイング店,ラフドット,ラフドット インティメイトウォッシュ PM,1,3582,2026-04,2026-05-18 12:46:55
2026-04-05 00:00:00,PLAZA,大船ルミネウイング店,TEABLESS,TEABLESS ボディローションMR,1,1500,2026-04,2026-05-18 12:46:55
2026-04-05 00:00:00,PLAZA,ルミネエスト新宿店,ラフドット,ラフドット インティメイトウォッシュ PM,1,3582,2026-04,2026-05-18 12:46:55
2026-04-05 00:00:00,PLAZA,ルミネエスト新宿店,ラフドット,ラフドット ゲンテイギフトBOX SB,1,3582,2026-04,2026-05-18 12:46:55
2026-04-05 00:00:00,PLAZA,天王寺ミオ店,ラフドット,ラフドット インティメイトFミスト PM,1,3132,2026-04,2026-05-18 12:46:55
2026-04-05 00:00:00,PLAZA,天王寺ミオ店,ラフドット,ラフドット インティメイトウォッシュ MV,1,3582,2026-04,2026-05-18 12:46:55
2026-04-05 00:00:00,PLAZA,アトレ川越店,レチスパ,レチスパ ヘアオイル,1,2400,2026-04,2026-05-18 12:46:55
2026-04-05 00:00:00,PLAZA,アトレ恵比寿店,ラフドット,ラフドット インティメイトウォッシュ MV,1,3582,2026-04,2026-05-18 12:46:55
2026-04-05 00:00:00,PLAZA,アトレ川崎店,ラフドット,ラフドット インティメイトウォッシュ LV,1,3582,2026-04,2026-05-18 12:46:55
2026-04-05 00:00:00,PLAZA,ルミネ北千住店,ラフドット,ラフドット インティメイトウォッシュ PM,1,3582,2026-04,2026-05-18 12:46:55
2026-04-05 00:00:00,PLAZA,ルミネ北千住店,レチスパ,レチスパ ヘアオイル,1,2400,2026-04,2026-05-18 12:46:55
2026-04-05 00:00:00,PLAZA,ルミネ北千住店,バイワンシー,バイワンシー ピュアアミノシャンプー,1,2700,2026-04,2026-05-18 12:46:55
2026-04-05 00:00:00,PLAZA,札幌ステラプレイス店,ラフドット,ラフドット インティメイトウォッシュ SB,1,3582,2026-04,2026-05-18 12:46:55
2026-04-05 00:00:00,PLAZA,ルミネ池袋店,ラフドット,ラフドット インティメイトウォッシュ PM,2,7164,2026-04,2026-05-18 12:46:55
2026-04-05 00:00:00,PLAZA,ルミネ池袋店,YOU TOKYO,YOU TOKYO ヘアオイル BS,1,2280,2026-04,2026-05-18 12:46:55
2026-04-05 00:00:00,PLAZA,イオンモールむさし村山店,ラフドット,ラフドット インティメイトウォッシュ SB,2,7164,2026-04,2026-05-18 12:46:55
2026-04-05 00:00:00,PLAZA,イオンモールむさし村山店,YOU TOKYO,YOU TOKYO ヘアミルク CW,1,2680,2026-04,2026-05-18 12:46:55
2026-04-05 00:00:00,PLAZA,イオンモールむさし村山店,YOU TOKYO,YOU TOKYO ヘアオイル BS,1,2280,2026-04,2026-05-18 12:46:55
2026-04-05 00:00:00,PLAZA,ららぽーと横浜店,ラフドット,ラフドット インティメイトウォッシュ PM,1,3582,2026-04,2026-05-18 12:46:55
2026-04-05 00:00:00,PLAZA,舞浜イクスピアリ店,ラフドット,ラフドット インティメイトミスト MV,1,3132,2026-04,2026-05-18 12:46:55
2026-04-05 00:00:00,PLAZA,阪急西宮ガーデンズ店,ラフドット,ラフドット インティメイトウォッシュ PM,1,3582,2026-04,2026-05-18 12:46:55
2026-04-05 00:00:00,PLAZA,三井アウトレットパーク木更津店,ラフドット,ラフドット インティメイトFミスト SB,1,3132,2026-04,2026-05-18 12:46:55
2026-04-05 00:00:00,PLAZA,三井アウトレットパーク木更津店,ラフドット,ラフドット インティメイトウォッシュ PM,1,3582,2026-04,2026-05-18 12:46:55
2026-04-05 00:00:00,PLAZA,三井アウトレットパーク木更津店,ラフドット,ラフドット インティメイトウォッシュ MV,1,3582,2026-04,2026-05-18 12:46:55
2026-04-05 00:00:00,PLAZA,イーアスつくば店,ラフドット,ラフドット インティメイトウォッシュ MV,1,3582,2026-04,2026-05-18 12:46:55
2026-04-05 00:00:00,PLAZA,イーアスつくば店,ラフドット,ラフドット インティメイトミスト MV,1,3132,2026-04,2026-05-18 12:46:55
2026-04-05 00:00:00,PLAZA,イーアスつくば店,TEABLESS,TEABLESS ボディローションPG,1,1500,2026-04,2026-05-18 12:46:55
2026-04-05 00:00:00,PLAZA,ラスカ茅ケ崎店,ラフドット,ラフドット インティメイトウォッシュ SB,1,3582,2026-04,2026-05-18 12:46:55
2026-04-05 00:00:00,PLAZA,ラスカ茅ケ崎店,ラフドット,ラフドット ヤクヨウホワイトセラム,1,3237,2026-04,2026-05-18 12:46:55
2026-04-05 00:00:00,PLAZA,コクーンシティさいたま新都心店,ラフドット,ラフドット インティメイトFミスト SB,1,3132,2026-04,2026-05-18 12:46:55
2026-04-05 00:00:00,PLAZA,プラザ盛岡フェザン店,ラフドット,ラフドット インティメイトウォッシュ MV,1,3582,2026-04,2026-05-18 12:46:55
2026-04-05 00:00:00,PLAZA,プラザ盛岡フェザン店,ラフドット,ラフドット インティメイトミスト MV,1,3132,2026-04,2026-05-18 12:46:55
2026-04-05 00:00:00,PLAZA,プラザイオンモール倉敷店,ラフドット,ラフドット インティメイトウォッシュ PM,1,3582,2026-04,2026-05-18 12:46:55
2026-04-05 00:00:00,PLAZA,プラザイオンモール新小松店,ラフドット,ラフドット インティメイトウォッシュ MV,1,3582,2026-04,2026-05-18 12:46:55
2026-04-05 00:00:00,PLAZA,プラザ高崎オーパ店,ラフドット,ラフドット インティメイトウォッシュ PM,1,3582,2026-04,2026-05-18 12:46:55
2026-04-05 00:00:00,PLAZA,プラザイオンモール宮崎店,ラフドット,ラフドット インティメイトウォッシュ PM,2,7164,2026-04,2026-05-18 12:46:55
2026-04-05 00:00:00,PLAZA,プラザイオンモール木曽川店,ラフドット,ラフドット インティメイトウォッシュ PM,1,3582,2026-04,2026-05-18 12:46:55
2026-04-05 00:00:00,PLAZA,プラザイオンモール浜松志都呂店,ラフドット,ラフドット インティメイトウォッシュ PM,1,3582,2026-04,2026-05-18 12:46:55
2026-04-05 00:00:00,PLAZA,イオンモール各務原インター店,ラフドット,ラフドット インティメイトウォッシュ SB,3,10746,2026-04,2026-05-18 12:46:55
2026-04-05 00:00:00,PLAZA,プラザイオンモール四條畷店,ラフドット,ラフドット インティメイトウォッシュ PM,1,3582,2026-04,2026-05-18 12:46:55
2026-04-05 00:00:00,PLAZA,プラザイオンモール高岡店,ラフドット,ラフドット インティメイトウォッシュ LV,1,3582,2026-04,2026-05-18 12:46:55
2026-04-05 00:00:00,PLAZA,プラザイオンモール福岡店,ラフドット,ラフドット インティメイトウォッシュ MV,1,3582,2026-04,2026-05-18 12:46:55
2026-04-05 00:00:00,PLAZA,イオンモール沖縄ライカム店,ラフドット,ラフドット インティメイトウォッシュ SB,1,3582,2026-04,2026-05-18 12:46:55
2026-04-05 00:00:00,PLAZA,プラザイオンモール豊川店,ラフドット,ラフドット インティメイトウォッシュ SB,3,10746,2026-04,2026-05-18 12:46:55
2026-04-05 00:00:00,PLAZA,プラザイオンモール豊川店,ラフドット,ラフドット インティメイトウォッシュ PM,1,3582,2026-04,2026-05-18 12:46:55
2026-04-05 00:00:00,PLAZA,CoCoLo新潟店,ラフドット,ラフドット インティメイトウォッシュ LV,1,3582,2026-04,2026-05-18 12:46:55
2026-04-05 00:00:00,PLAZA,プラザイオンモール津南店,TEABLESS,TEABLESS ボディローションPG,1,1500,2026-04,2026-05-18 12:46:55
2026-04-05 00:00:00,PLAZA,プラザイオンモール盛岡南店,ラフドット,ラフドット インティメイトウォッシュ LV,2,7164,2026-04,2026-05-18 12:46:55
2026-04-05 00:00:00,PLAZA,プラザイオンモール須坂店,ラフドット,ラフドット インティメイトウォッシュ PM,1,3582,2026-04,2026-05-18 12:46:55
2026-04-05 00:00:00,PLAZA,プラザイオンモール須坂店,ラフドット,ラフドット インティメイトFミスト PM,1,3132,2026-04,2026-05-18 12:46:55
2026-04-04 00:00:00,PLAZA,三宮店,ラフドット,ラフドット インティメイトウォッシュ SB,1,3582,2026-04,2026-05-18 12:46:55
2026-04-04 00:00:00,PLAZA,三宮店,レチスパ,レチスパ ヘアオイル,1,2400,2026-04,2026-05-18 12:46:55
2026-04-04 00:00:00,PLAZA,玉川高島屋SC店,YOU TOKYO,YOU TOKYO ヘアミルク CW,3,8040,2026-04,2026-05-18 12:46:55
2026-04-04 00:00:00,PLAZA,玉川高島屋SC店,YOU TOKYO,YOU TOKYO ヘアオイル BS,1,2280,2026-04,2026-05-18 12:46:55
2026-04-04 00:00:00,PLAZA,渋谷109店,ラフドット,ラフドット ヘアリムーバー,1,3400,2026-04,2026-05-18 12:46:55
2026-04-04 00:00:00,PLAZA,ルミネ横浜店,TEABLESS,TEABLESS ボディローションMR,1,1500,2026-04,2026-05-18 12:46:55
2026-04-04 00:00:00,PLAZA,ルミネ大宮店,ラフドット,ラフドット インティメイトミスト MV,1,3132,2026-04,2026-05-18 12:46:55
2026-04-04 00:00:00,PLAZA,ルミネ大宮店,YOU TOKYO,YOU TOKYO ヘアミルク CW,1,2680,2026-04,2026-05-18 12:46:55
2026-04-04 00:00:00,PLAZA,ルミネ大宮店,YOU TOKYO,YOU TOKYO ヘアオイル BS,1,2280,2026-04,2026-05-18 12:46:55
2026-04-04 00:00:00,PLAZA,ルミネ新宿店,ラフドット,ラフドット インティメイトウォッシュ SB,1,3582,2026-04,2026-05-18 12:46:55
2026-04-04 00:00:00,PLAZA,ルミネ新宿店,ラフドット,ラフドット インティメイトFミスト SB,2,6264,2026-04,2026-05-18 12:46:55
2026-04-04 00:00:00,PLAZA,アミュプラザ小倉店,バイワンシー,バイワンシー ピュアアミノシャンプー,1,2700,2026-04,2026-05-18 12:46:55
2026-04-04 00:00:00,PLAZA,京都ポルタ店,ラフドット,ラフドット インティメイトウォッシュ SB,1,3582,2026-04,2026-05-18 12:46:55
2026-04-04 00:00:00,PLAZA,イオンモール羽生店,ラフドット,ラフドット インティメイトウォッシュ PM,1,3582,2026-04,2026-05-18 12:46:55
2026-04-04 00:00:00,PLAZA,イオンモール羽生店,YOU TOKYO,YOU TOKYO ヘアオイル BS,1,2280,2026-04,2026-05-18 12:46:55
2026-04-04 00:00:00,PLAZA,イオンモール羽生店,TEABLESS,TEABLESS ボディローションPG,1,1500,2026-04,2026-05-18 12:46:55
2026-04-04 00:00:00,PLAZA,新越谷ヴァリエ店,ラフドット,ラフドット インティメイトウォッシュ PM,1,3582,2026-04,2026-05-18 12:46:55
2026-04-04 00:00:00,PLAZA,新越谷ヴァリエ店,YOU TOKYO,YOU TOKYO ヘアミルク CW,1,2680,2026-04,2026-05-18 12:46:55
2026-04-04 00:00:00,PLAZA,福岡ソラリアプラザ店,ラフドット,ラフドット インティメイトウォッシュ SB,1,3582,2026-04,2026-05-18 12:46:55
2026-04-04 00:00:00,PLAZA,福岡ソラリアプラザ店,ラフドット,ラフドット インティメイトFミスト SB,1,3132,2026-04,2026-05-18 12:46:55
2026-04-04 00:00:00,PLAZA,福岡ソラリアプラザ店,ラフドット,ラフドット インティメイトウォッシュ MV,1,3582,2026-04,2026-05-18 12:46:55
2026-04-04 00:00:00,PLAZA,イオンモール堺北花田店,ラフドット,ラフドット インティメイトウォッシュ PM,1,3582,2026-04,2026-05-18 12:46:55
2026-04-04 00:00:00,PLAZA,ルミネエスト新宿店,ラフドット,ラフドット インティメイトウォッシュ PM,1,3582,2026-04,2026-05-18 12:46:55
2026-04-04 00:00:00,PLAZA,天王寺ミオ店,TEABLESS,TEABLESS ボディローションAE,1,1500,2026-04,2026-05-18 12:46:55
2026-04-04 00:00:00,PLAZA,アトレ川越店,バイワンシー,バイワンシー ヒートケアトリートメント,1,2700,2026-04,2026-05-18 12:46:55
2026-04-04 00:00:00,PLAZA,アトレ川越店,TEABLESS,TEABLESS ボディローションPG,1,1500,2026-04,2026-05-18 12:46:55
2026-04-04 00:00:00,PLAZA,ルミネ立川店,ラフドット,ラフドット インティメイトウォッシュ SB,1,3582,2026-04,2026-05-18 12:46:55
2026-04-04 00:00:00,PLAZA,なんばシティ店,ラフドット,ラフドット ヤクヨウホワイトセラム,1,3237,2026-04,2026-05-18 12:46:55
2026-04-04 00:00:00,PLAZA,ららぽーとTOKYO-BAY店,ラフドット,ラフドット インティメイトウォッシュ SB,1,3582,2026-04,2026-05-18 12:46:55
2026-04-04 00:00:00,PLAZA,エスパル仙台店,ラフドット,ラフドット インティメイトウォッシュ SB,1,3582,2026-04,2026-05-18 12:46:55
2026-04-04 00:00:00,PLAZA,エスパル仙台店,ラフドット,ラフドット インティメイトウォッシュ LV,1,3582,2026-04,2026-05-18 12:46:55
2026-04-04 00:00:00,PLAZA,エスパル仙台店,ラフドット,ラフドット インティメイトウォッシュ MV,1,3582,2026-04,2026-05-18 12:46:55
2026-04-04 00:00:00,PLAZA,札幌ステラプレイス店,ラフドット,ラフドット インティメイトウォッシュ MV,1,3582,2026-04,2026-05-18 12:46:55
2026-04-04 00:00:00,PLAZA,水戸エクセル店,ラフドット,ラフドット インティメイトウォッシュ PM,1,3582,2026-04,2026-05-18 12:46:55
2026-04-04 00:00:00,PLAZA,水戸エクセル店,ラフドット,ラフドット インティメイトウォッシュ LV,1,3582,2026-04,2026-05-18 12:46:55
2026-04-04 00:00:00,PLAZA,ルミネ荻窪店,ラフドット,ラフドット ヤクヨウホワイトセラム,1,3237,2026-04,2026-05-18 12:46:55
2026-04-04 00:00:00,PLAZA,ルミネ池袋店,ラフドット,ラフドット インティメイトウォッシュ SB,1,3582,2026-04,2026-05-18 12:46:55
2026-04-04 00:00:00,PLAZA,舞浜イクスピアリ店,ラフドット,ラフドット インティメイトウォッシュ SB,1,3582,2026-04,2026-05-18 12:46:55
2026-04-04 00:00:00,PLAZA,舞浜イクスピアリ店,YOU TOKYO,YOU TOKYO ヘアミルク CW,2,5360,2026-04,2026-05-18 12:46:55
2026-04-04 00:00:00,PLAZA,越谷イオンレイクタウン店,ラフドット,ラフドット インティメイトウォッシュ LV,1,3582,2026-04,2026-05-18 12:46:55
2026-04-04 00:00:00,PLAZA,越谷イオンレイクタウン店,ラフドット,ラフドット インティメイトウォッシュ MV,1,3582,2026-04,2026-05-18 12:46:55
2026-04-04 00:00:00,PLAZA,たまプラーザテラス店,ラフドット,ラフドット インティメイトウォッシュ SB,1,3582,2026-04,2026-05-18 12:46:55
2026-04-04 00:00:00,PLAZA,東京ソラマチ店,ラフドット,ラフドット インティメイトウォッシュ PM,1,3582,2026-04,2026-05-18 12:46:55
2026-04-04 00:00:00,PLAZA,イオンモール幕張新都心店,ラフドット,ラフドット インティメイトウォッシュ SB,1,3582,2026-04,2026-05-18 12:46:55
2026-04-04 00:00:00,PLAZA,ららぽーとEXPOCITY店,ラフドット,ラフドット インティメイトウォッシュ MV,2,7164,2026-04,2026-05-18 12:46:55
2026-04-04 00:00:00,PLAZA,ラスカ茅ケ崎店,ラフドット,ラフドット インティメイトウォッシュ MV,1,3582,2026-04,2026-05-18 12:46:55
2026-04-04 00:00:00,PLAZA,ペリエ千葉店,ラフドット,ラフドット インティメイトウォッシュ PM,1,3582,2026-04,2026-05-18 12:46:55
2026-04-04 00:00:00,PLAZA,アミュプラザくまもと店,ラフドット,ラフドット インティメイトFミスト SB,1,3132,2026-04,2026-05-18 12:46:55
2026-04-04 00:00:00,PLAZA,船橋東武店,ラフドット,ラフドット インティメイトウォッシュ LV,1,3582,2026-04,2026-05-18 12:46:55
2026-04-04 00:00:00,PLAZA,コクーンシティさいたま新都心店,ラフドット,ラフドット インティメイトウォッシュ SB,1,3582,2026-04,2026-05-18 12:46:55
2026-04-04 00:00:00,PLAZA,プラザイオンモール太田店,ラフドット,ラフドット インティメイトウォッシュ PM,2,7164,2026-04,2026-05-18 12:46:55
2026-04-04 00:00:00,PLAZA,プラザイオンモール甲府昭和店,バイワンシー,バイワンシー SP/TRサシェ,1,270,2026-04,2026-05-18 12:46:55
2026-04-04 00:00:00,PLAZA,プラザイオンモール四條畷店,ラフドット,ラフドット インティメイトウォッシュ SB,1,3582,2026-04,2026-05-18 12:46:55
2026-04-04 00:00:00,PLAZA,プラザイオンモール豊川店,バイワンシー,バイワンシー SP/TRサシェ,1,270,2026-04,2026-05-18 12:46:55
2026-04-04 00:00:00,PLAZA,プラザイオンモール浜松市野店,ラフドット,ラフドット インティメイトウォッシュ PM,1,3582,2026-04,2026-05-18 12:46:55
2026-04-04 00:00:00,PLAZA,ファッションクルーズひたちなか,ラフドット,ラフドット インティメイトFミスト PM,1,3132,2026-04,2026-05-18 12:46:55
2026-04-04 00:00:00,PLAZA,プラザイオンモール津南店,YOU TOKYO,YOU TOKYO ヘアミルク CW,1,2680,2026-04,2026-05-18 12:46:55
2026-04-04 00:00:00,PLAZA,プラザイオンモール須坂店,ラフドット,ラフドット インティメイトウォッシュ PM,1,3582,2026-04,2026-05-18 12:46:55
2026-04-03 00:00:00,PLAZA,玉川高島屋SC店,ラフドット,ラフドット インティメイトウォッシュ PM,2,7164,2026-04,2026-05-18 12:46:55
2026-04-03 00:00:00,PLAZA,玉川高島屋SC店,TEABLESS,TEABLESS ボディローションLW,1,1500,2026-04,2026-05-18 12:46:55
2026-04-03 00:00:00,PLAZA,ルミネ大宮店,ラフドット,ラフドット インティメイトウォッシュ SB,1,3582,2026-04,2026-05-18 12:46:55
2026-04-03 00:00:00,PLAZA,ルミネ大宮店,TEABLESS,TEABLESS ボディローションLW,1,1500,2026-04,2026-05-18 12:46:55
2026-04-03 00:00:00,PLAZA,佐野プレミアムアウトレット店,TEABLESS,TEABLESS ボディローションPG,1,1500,2026-04,2026-05-18 12:46:55
2026-04-03 00:00:00,PLAZA,アミュプラザ小倉店,ラフドット,ラフドット インティメイトウォッシュ MV,1,3582,2026-04,2026-05-18 12:46:55
2026-04-03 00:00:00,PLAZA,アミュプラザ小倉店,ラフドット,ラフドット インティメイトミスト MV,1,3132,2026-04,2026-05-18 12:46:55
2026-04-03 00:00:00,PLAZA,五反田東急スクエア店,ラフドット,ラフドット インティメイトウォッシュ PM,1,3582,2026-04,2026-05-18 12:46:55
2026-04-03 00:00:00,PLAZA,アトレ川越店,YOU TOKYO,YOU TOKYO ヘアミルク CW,1,2680,2026-04,2026-05-18 12:46:55
2026-04-03 00:00:00,PLAZA,ルミネ立川店,TEABLESS,TEABLESS ボディローションLW,1,1500,2026-04,2026-05-18 12:46:55
2026-04-03 00:00:00,PLAZA,アトレ恵比寿店,ラフドット,ラフドット インティメイトウォッシュ PM,1,3582,2026-04,2026-05-18 12:46:55
2026-04-03 00:00:00,PLAZA,アトレ恵比寿店,ラフドット,ラフドット インティメイトウォッシュ MV,1,3582,2026-04,2026-05-18 12:46:55
2026-04-03 00:00:00,PLAZA,ルミネ北千住店,ラフドット,ラフドット インティメイトFミスト SB,1,3132,2026-04,2026-05-18 12:46:55
2026-04-03 00:00:00,PLAZA,札幌ステラプレイス店,ラフドット,ラフドット インティメイトウォッシュ PM,2,7164,2026-04,2026-05-18 12:46:55
2026-04-03 00:00:00,PLAZA,札幌ステラプレイス店,ラフドット,ラフドット インティメイトFミスト PM,1,3132,2026-04,2026-05-18 12:46:55
2026-04-03 00:00:00,PLAZA,岡山一番街店,ラフドット,ラフドット インティメイトウォッシュ SB,1,3582,2026-04,2026-05-18 12:46:55
2026-04-03 00:00:00,PLAZA,岡山一番街店,ラフドット,ラフドット インティメイトウォッシュ PM,1,3582,2026-04,2026-05-18 12:46:55
2026-04-03 00:00:00,PLAZA,ルミネ池袋店,ラフドット,ラフドット インティメイトウォッシュ PM,3,10746,2026-04,2026-05-18 12:46:55
2026-04-03 00:00:00,PLAZA,越谷イオンレイクタウン店,ラフドット,ラフドット インティメイトウォッシュ LV,1,3582,2026-04,2026-05-18 12:46:55
2026-04-03 00:00:00,PLAZA,アトレ吉祥寺店,バイワンシー,バイワンシー ヒートケアトリートメント,1,2700,2026-04,2026-05-18 12:46:55
2026-04-03 00:00:00,PLAZA,ルクア大阪店,ラフドット,ラフドット インティメイトウォッシュ PM,1,3582,2026-04,2026-05-18 12:46:55
2026-04-03 00:00:00,PLAZA,ルクア大阪店,ラフドット,ラフドット インティメイトミスト MV,1,3132,2026-04,2026-05-18 12:46:55
2026-04-03 00:00:00,PLAZA,三井アウトレットパーク木更津店,ラフドット,ラフドット インティメイトウォッシュ PM,1,3582,2026-04,2026-05-18 12:46:55
2026-04-03 00:00:00,PLAZA,シャポー市川店,ラフドット,ラフドット インティメイトウォッシュ SB,1,3582,2026-04,2026-05-18 12:46:55
2026-04-03 00:00:00,PLAZA,名古屋ユニモール店,ラフドット,ラフドット インティメイトウォッシュ PM,1,3582,2026-04,2026-05-18 12:46:55
2026-04-03 00:00:00,PLAZA,船橋東武店,ラフドット,ラフドット インティメイトウォッシュ SB,1,3582,2026-04,2026-05-18 12:46:55
2026-04-03 00:00:00,PLAZA,コクーンシティさいたま新都心店,ラフドット,ラフドット インティメイトFミスト SB,1,3132,2026-04,2026-05-18 12:46:55
2026-04-03 00:00:00,PLAZA,プラザイオンモール筑紫野店,ラフドット,ラフドット インティメイトFミスト PM,1,3132,2026-04,2026-05-18 12:46:55
2026-04-03 00:00:00,PLAZA,プラザイオンモール高知店,ラフドット,ラフドット インティメイトFミスト PM,1,3132,2026-04,2026-05-18 12:46:55
2026-04-03 00:00:00,PLAZA,プラザイオンモール浜松志都呂店,ラフドット,ラフドット インティメイトウォッシュ PM,1,3582,2026-04,2026-05-18 12:46:55
2026-04-03 00:00:00,PLAZA,プラザイオンモール岡崎店,ラフドット,ラフドット インティメイトウォッシュ PM,1,3582,2026-04,2026-05-18 12:46:55
2026-04-03 00:00:00,PLAZA,イオンモール沖縄ライカム店,ラフドット,ラフドット インティメイトFミスト SB,1,3132,2026-04,2026-05-18 12:46:55
2026-04-03 00:00:00,PLAZA,プラザイオンモール豊川店,ラフドット,ラフドット インティメイトウォッシュ PM,1,3582,2026-04,2026-05-18 12:46:55
2026-04-03 00:00:00,PLAZA,プラザイオンモール浜松市野店,ラフドット,ラフドット インティメイトウォッシュ SB,1,3582,2026-04,2026-05-18 12:46:55
2026-04-03 00:00:00,PLAZA,プラザイオンモール浜松市野店,ラフドット,ラフドット インティメイトFミスト PM,1,3132,2026-04,2026-05-18 12:46:55
2026-04-03 00:00:00,PLAZA,オンラインストア,ラフドット,ラフドット インティメイトウォッシュ PM,2,7164,2026-04,2026-05-18 12:46:55
2026-04-03 00:00:00,PLAZA,オンラインストア,TEABLESS,TEABLESS ボディローションMR,1,1500,2026-04,2026-05-18 12:46:55
2026-04-02 00:00:00,PLAZA,玉川高島屋SC店,YOU TOKYO,YOU TOKYO ヘアオイル BS,1,2280,2026-04,2026-05-18 12:46:55
2026-04-02 00:00:00,PLAZA,アトレ大井町店,ラフドット,ラフドット インティメイトウォッシュ PM,1,3582,2026-04,2026-05-18 12:46:55
2026-04-02 00:00:00,PLAZA,ルミネ大宮店,ラフドット,ラフドット インティメイトFミスト PM,1,3132,2026-04,2026-05-18 12:46:55
2026-04-02 00:00:00,PLAZA,ルミネ新宿店,ラフドット,ラフドット インティメイトウォッシュ SB,1,3582,2026-04,2026-05-18 12:46:55
2026-04-02 00:00:00,PLAZA,ルミネ新宿店,ラフドット,ラフドット インティメイトウォッシュ PM,1,3582,2026-04,2026-05-18 12:46:55
2026-04-02 00:00:00,PLAZA,大船ルミネウイング店,ラフドット,ラフドット インティメイトウォッシュ MV,1,3582,2026-04,2026-05-18 12:46:55
2026-04-02 00:00:00,PLAZA,ルミネ立川店,YOU TOKYO,YOU TOKYO ヘアオイル BS,1,2280,2026-04,2026-05-18 12:46:55
2026-04-02 00:00:00,PLAZA,ウイング上大岡店,ラフドット,ラフドット インティメイトウォッシュ SB,1,3582,2026-04,2026-05-18 12:46:55
2026-04-02 00:00:00,PLAZA,アトレ恵比寿店,ラフドット,ラフドット インティメイトウォッシュ SB,1,3582,2026-04,2026-05-18 12:46:55
2026-04-02 00:00:00,PLAZA,池袋パルコ店,ラフドット,ラフドット ヘアリムーバー,1,3400,2026-04,2026-05-18 12:46:55
2026-04-02 00:00:00,PLAZA,京橋京阪モール店,ラフドット,ラフドット ヘアリムーバー,1,3400,2026-04,2026-05-18 12:46:55
2026-04-02 00:00:00,PLAZA,エスパル仙台店,ラフドット,ラフドット インティメイトウォッシュ SB,1,3582,2026-04,2026-05-18 12:46:55
2026-04-02 00:00:00,PLAZA,札幌ステラプレイス店,ラフドット,ラフドット インティメイトウォッシュ PM,1,3582,2026-04,2026-05-18 12:46:55
2026-04-02 00:00:00,PLAZA,札幌ステラプレイス店,YOU TOKYO,YOU TOKYO ヘアミルク CW,1,2680,2026-04,2026-05-18 12:46:55
2026-04-02 00:00:00,PLAZA,水戸エクセル店,ラフドット,ラフドット インティメイトウォッシュ SB,1,3582,2026-04,2026-05-18 12:46:55
2026-04-02 00:00:00,PLAZA,イオンモールむさし村山店,ラフドット,ラフドット インティメイトウォッシュ PM,1,3582,2026-04,2026-05-18 12:46:55
2026-04-02 00:00:00,PLAZA,越谷イオンレイクタウン店,ラフドット,ラフドット インティメイトウォッシュ MV,1,3582,2026-04,2026-05-18 12:46:55
2026-04-02 00:00:00,PLAZA,ルクア大阪店,ラフドット,ラフドット インティメイトウォッシュ PM,1,3582,2026-04,2026-05-18 12:46:55
2026-04-02 00:00:00,PLAZA,上野マルイ店,ラフドット,ラフドット インティメイトウォッシュ MV,1,3582,2026-04,2026-05-18 12:46:55
2026-04-02 00:00:00,PLAZA,ららテラス武蔵小杉店,TEABLESS,TEABLESS ボディローションLW,1,1500,2026-04,2026-05-18 12:46:55
2026-04-02 00:00:00,PLAZA,静岡パルシェ店,ラフドット,ラフドット インティメイトウォッシュ PM,1,3582,2026-04,2026-05-18 12:46:55
2026-04-02 00:00:00,PLAZA,静岡パルシェ店,ラフドット,ラフドット インティメイトウォッシュ MV,1,3582,2026-04,2026-05-18 12:46:55
2026-04-02 00:00:00,PLAZA,アミュプラザくまもと店,ラフドット,ラフドット インティメイトウォッシュ PM,1,3582,2026-04,2026-05-18 12:46:55
2026-04-02 00:00:00,PLAZA,錦糸町テルミナ2店,ラフドット,ラフドット インティメイトウォッシュ LV,1,3582,2026-04,2026-05-18 12:46:55
2026-04-02 00:00:00,PLAZA,ルミネ有楽町店,ラフドット,ラフドット インティメイトFミスト SB,1,3132,2026-04,2026-05-18 12:46:55
2026-04-02 00:00:00,PLAZA,ルミネ有楽町店,TEABLESS,TEABLESS ボディローションLW,1,1500,2026-04,2026-05-18 12:46:55
2026-04-02 00:00:00,PLAZA,プラザりんくうアウトレット店,TEABLESS,TEABLESS ボディローションAE,1,1500,2026-04,2026-05-18 12:46:55
2026-04-02 00:00:00,PLAZA,コクーンシティさいたま新都心店,ラフドット,ラフドット インティメイトFミスト PM,1,3132,2026-04,2026-05-18 12:46:55
2026-04-02 00:00:00,PLAZA,コクーンシティさいたま新都心店,ラフドット,ラフドット インティメイトFミスト LV,1,3132,2026-04,2026-05-18 12:46:55
2026-04-02 00:00:00,PLAZA,名古屋サカエチカ店,ラフドット,ラフドット インティメイトFミスト PM,1,3132,2026-04,2026-05-18 12:46:55
2026-04-02 00:00:00,PLAZA,プラザイオンモール筑紫野店,バイワンシー,バイワンシー SP/TRサシェ,1,270,2026-04,2026-05-18 12:46:55
2026-04-02 00:00:00,PLAZA,プラザイオンモール新居浜店,ラフドット,ラフドット インティメイトウォッシュ PM,1,3582,2026-04,2026-05-18 12:46:55
2026-04-02 00:00:00,PLAZA,プラザミナモア広島店,TEABLESS,TEABLESS ボディローションAE,1,1500,2026-04,2026-05-18 12:46:55
2026-04-02 00:00:00,PLAZA,プラザイオンモール甲府昭和店,ラフドット,ラフドット インティメイトウォッシュ SB,1,3582,2026-04,2026-05-18 12:46:55
2026-04-02 00:00:00,PLAZA,プラザイオンモール甲府昭和店,ラフドット,ラフドット インティメイトウォッシュ MV,1,3582,2026-04,2026-05-18 12:46:55
2026-04-02 00:00:00,PLAZA,プラザイオンモール甲府昭和店,ラフドット,ラフドット インティメイトミスト MV,1,3132,2026-04,2026-05-18 12:46:55
2026-04-02 00:00:00,PLAZA,プラザイオンモール高知店,ラフドット,ラフドット インティメイトウォッシュ MV,1,3582,2026-04,2026-05-18 12:46:55
2026-04-02 00:00:00,PLAZA,プラザイオンモール浜松志都呂店,ラフドット,ラフドット インティメイトウォッシュ PM,1,3582,2026-04,2026-05-18 12:46:55
2026-04-02 00:00:00,PLAZA,プラザイオンモール白山店,ラフドット,ラフドット インティメイトウォッシュ SB,1,3582,2026-04,2026-05-18 12:46:55
2026-04-02 00:00:00,PLAZA,プラザイオンモール白山店,ラフドット,ラフドット インティメイトウォッシュ MV,1,3582,2026-04,2026-05-18 12:46:55
2026-04-02 00:00:00,PLAZA,プラザイオンモール川口前川店,ラフドット,ラフドット インティメイトウォッシュ PM,1,3582,2026-04,2026-05-18 12:46:55
2026-04-02 00:00:00,PLAZA,プラザイオンモール川口前川店,バイワンシー,バイワンシー SP/TRサシェ,1,270,2026-04,2026-05-18 12:46:55
2026-04-02 00:00:00,PLAZA,プラザイオンモール浜松市野店,ラフドット,ラフドット インティメイトウォッシュ SB,1,3582,2026-04,2026-05-18 12:46:55
2026-04-02 00:00:00,PLAZA,プラザ鶴岡エスモール店,ラフドット,ラフドット インティメイトウォッシュ PM,1,3582,2026-04,2026-05-18 12:46:55
2026-04-02 00:00:00,PLAZA,プラザいわきラトブ店,ラフドット,ラフドット インティメイトウォッシュ PM,1,3582,2026-04,2026-05-18 12:46:55
2026-04-02 00:00:00,PLAZA,オンラインストア,ラフドット,ラフドット インティメイトウォッシュ SB,1,3582,2026-04,2026-05-18 12:46:55
2026-04-02 00:00:00,PLAZA,オンラインストア,YOU TOKYO,YOU TOKYO ヘアミルク CW,3,8040,2026-04,2026-05-18 12:46:55
2026-04-01 00:00:00,PLAZA,玉川高島屋SC店,YOU TOKYO,YOU TOKYO ヘアミルク CW,1,2680,2026-04,2026-05-18 12:46:55
2026-04-01 00:00:00,PLAZA,渋谷109店,ラフドット,ラフドット インティメイトウォッシュ PM,1,3582,2026-04,2026-05-18 12:46:55
2026-04-01 00:00:00,PLAZA,ルミネ横浜店,TEABLESS,TEABLESS ボディローションMR,1,1500,2026-04,2026-05-18 12:46:55
2026-04-01 00:00:00,PLAZA,ルミネ大宮店,ラフドット,ラフドット インティメイトFミスト SB,1,3132,2026-04,2026-05-18 12:46:55
2026-04-01 00:00:00,PLAZA,ルミネ大宮店,ラフドット,ラフドット インティメイトウォッシュ PM,1,3582,2026-04,2026-05-18 12:46:55
2026-04-01 00:00:00,PLAZA,ルミネ新宿店,ラフドット,ラフドット インティメイトウォッシュ LV,1,3582,2026-04,2026-05-18 12:46:55
2026-04-01 00:00:00,PLAZA,横浜ジョイナス店,ラフドット,ラフドット インティメイトFミスト PM,1,3132,2026-04,2026-05-18 12:46:55
2026-04-01 00:00:00,PLAZA,イオンモール羽生店,ラフドット,ラフドット インティメイトFミスト SB,1,3132,2026-04,2026-05-18 12:46:55
2026-04-01 00:00:00,PLAZA,イオンモール羽生店,TEABLESS,TEABLESS ボディローションMR,1,1500,2026-04,2026-05-18 12:46:55
2026-04-01 00:00:00,PLAZA,五反田東急スクエア店,ラフドット,ラフドット インティメイトウォッシュ PM,1,3582,2026-04,2026-05-18 12:46:55
2026-04-01 00:00:00,PLAZA,福岡ソラリアプラザ店,ラフドット,ラフドット インティメイトウォッシュ SB,1,3582,2026-04,2026-05-18 12:46:55
2026-04-01 00:00:00,PLAZA,大船ルミネウイング店,ラフドット,ラフドット インティメイトミスト MV,1,3132,2026-04,2026-05-18 12:46:55
2026-04-01 00:00:00,PLAZA,ルミネエスト新宿店,ラフドット,ラフドット ゲンテイギフトBOX SB,1,3582,2026-04,2026-05-18 12:46:55
2026-04-01 00:00:00,PLAZA,天王寺ミオ店,ラフドット,ラフドット インティメイトウォッシュ LV,1,3582,2026-04,2026-05-18 12:46:55
2026-04-01 00:00:00,PLAZA,ルミネ立川店,ラフドット,ラフドット インティメイトウォッシュ PM,1,3582,2026-04,2026-05-18 12:46:55
2026-04-01 00:00:00,PLAZA,アトレ恵比寿店,ラフドット,ラフドット インティメイトウォッシュ MV,2,7164,2026-04,2026-05-18 12:46:55
2026-04-01 00:00:00,PLAZA,アトレ川崎店,ラフドット,ラフドット インティメイトウォッシュ PM,1,3582,2026-04,2026-05-18 12:46:55
2026-04-01 00:00:00,PLAZA,池袋パルコ店,ラフドット,ラフドット インティメイトウォッシュ SB,1,3582,2026-04,2026-05-18 12:46:55
2026-04-01 00:00:00,PLAZA,ららぽーとTOKYO-BAY店,ラフドット,ラフドット インティメイトウォッシュ SB,1,3582,2026-04,2026-05-18 12:46:55
2026-04-01 00:00:00,PLAZA,京橋京阪モール店,ラフドット,ラフドット インティメイトミスト MV,1,3132,2026-04,2026-05-18 12:46:55
2026-04-01 00:00:00,PLAZA,ルミネ北千住店,YOU TOKYO,YOU TOKYO ヘアミルク CW,1,2680,2026-04,2026-05-18 12:46:55
2026-04-01 00:00:00,PLAZA,水戸エクセル店,ラフドット,ラフドット インティメイトウォッシュ MV,2,7164,2026-04,2026-05-18 12:46:55
2026-04-01 00:00:00,PLAZA,岡山一番街店,ラフドット,ラフドット インティメイトミスト MV,1,3132,2026-04,2026-05-18 12:46:55
2026-04-01 00:00:00,PLAZA,ルミネ池袋店,ラフドット,ラフドット インティメイトウォッシュ PM,1,3582,2026-04,2026-05-18 12:46:55
2026-04-01 00:00:00,PLAZA,ルミネ池袋店,ラフドット,ラフドット ヘアリムーバー,1,3400,2026-04,2026-05-18 12:46:55
2026-04-01 00:00:00,PLAZA,ルミネ池袋店,ラフドット,ラフドット インティメイトウォッシュ MV,1,3582,2026-04,2026-05-18 12:46:55
2026-04-01 00:00:00,PLAZA,イオンモールむさし村山店,ラフドット,ラフドット インティメイトウォッシュ PM,1,3582,2026-04,2026-05-18 12:46:55
2026-04-01 00:00:00,PLAZA,神戸三田プレミアムアウトレット,TEABLESS,TEABLESS ボディローションAE,1,1500,2026-04,2026-05-18 12:46:55
2026-04-01 00:00:00,PLAZA,越谷イオンレイクタウン店,ラフドット,ラフドット インティメイトウォッシュ PM,1,3582,2026-04,2026-05-18 12:46:55
2026-04-01 00:00:00,PLAZA,三井アウトレットパーク木更津店,ラフドット,ラフドット インティメイトウォッシュ PM,2,7164,2026-04,2026-05-18 12:46:55
2026-04-01 00:00:00,PLAZA,ラスカ茅ケ崎店,レチスパ,レチスパ ヘアオイル,1,2400,2026-04,2026-05-18 12:46:55
2026-04-01 00:00:00,PLAZA,ラスカ茅ケ崎店,YOU TOKYO,YOU TOKYO ヘアミルク CW,1,2680,2026-04,2026-05-18 12:46:55
2026-04-01 00:00:00,PLAZA,金沢フォーラス店,ラフドット,ラフドット インティメイトウォッシュ MV,1,3582,2026-04,2026-05-18 12:46:55
2026-04-01 00:00:00,PLAZA,静岡パルシェ店,ラフドット,ラフドット インティメイトウォッシュ MV,1,3582,2026-04,2026-05-18 12:46:55
2026-04-01 00:00:00,PLAZA,アミュプラザくまもと店,ラフドット,ラフドット インティメイトウォッシュ PM,2,7164,2026-04,2026-05-18 12:46:55
2026-04-01 00:00:00,PLAZA,アトレ松戸店,ラフドット,ラフドット インティメイトミスト MV,1,3132,2026-04,2026-05-18 12:46:55
2026-04-01 00:00:00,PLAZA,錦糸町テルミナ2店,ラフドット,ラフドット インティメイトウォッシュ PM,1,3582,2026-04,2026-05-18 12:46:55
2026-04-01 00:00:00,PLAZA,錦糸町テルミナ2店,ラフドット,ラフドット インティメイトFミスト PM,1,3132,2026-04,2026-05-18 12:46:55
2026-04-01 00:00:00,PLAZA,ルミネ有楽町店,ラフドット,ラフドット インティメイトウォッシュ SB,1,3582,2026-04,2026-05-18 12:46:55
2026-04-01 00:00:00,PLAZA,ルミネ有楽町店,ラフドット,ラフドット インティメイトFミスト SB,1,3132,2026-04,2026-05-18 12:46:55
2026-04-01 00:00:00,PLAZA,池袋サンシャインシティアルパ店,ラフドット,ラフドット インティメイトウォッシュ SB,1,3582,2026-04,2026-05-18 12:46:55
2026-04-01 00:00:00,PLAZA,プラザりんくうアウトレット店,TEABLESS,TEABLESS ボディローションMR,1,1500,2026-04,2026-05-18 12:46:55
2026-04-01 00:00:00,PLAZA,ららテラス川口店,ラフドット,ラフドット インティメイトウォッシュ PM,1,3582,2026-04,2026-05-18 12:46:55
2026-04-01 00:00:00,PLAZA,プラザミナモア広島店,YOU TOKYO,YOU TOKYO ヘアミルク CW,1,2680,2026-04,2026-05-18 12:46:55
2026-04-01 00:00:00,PLAZA,沖縄・浦添PARCOCITY店,ラフドット,ラフドット インティメイトウォッシュ LV,1,3582,2026-04,2026-05-18 12:46:55
2026-04-01 00:00:00,PLAZA,プラザイオンモール広島府中店,ラフドット,ラフドット インティメイトウォッシュ SB,1,3582,2026-04,2026-05-18 12:46:55
2026-04-01 00:00:00,PLAZA,イオンモール各務原インター店,レチスパ,レチスパ ヘアオイル,1,2400,2026-04,2026-05-18 12:46:55
2026-04-01 00:00:00,PLAZA,プラザイオンモール白山店,ラフドット,ラフドット インティメイトウォッシュ SB,1,3582,2026-04,2026-05-18 12:46:55
2026-04-01 00:00:00,PLAZA,プラザイオンモール白山店,ラフドット,ラフドット ヤクヨウホワイトセラム,1,3237,2026-04,2026-05-18 12:46:55
2026-04-01 00:00:00,PLAZA,プラザイオンモール高岡店,ラフドット,ラフドット インティメイトウォッシュ PM,1,3582,2026-04,2026-05-18 12:46:55
2026-04-01 00:00:00,PLAZA,プラザイオンモール福岡店,TEABLESS,TEABLESS ボディローションMR,1,1500,2026-04,2026-05-18 12:46:55
2026-04-01 00:00:00,PLAZA,神戸ハーバーランドumie店,バイワンシー,バイワンシー SP/TRサシェ,3,810,2026-04,2026-05-18 12:46:55
2026-04-01 00:00:00,PLAZA,イーアス高尾店,ラフドット,ラフドット インティメイトウォッシュ SB,1,3582,2026-04,2026-05-18 12:46:55
2026-04-01 00:00:00,PLAZA,プラザイオンモール名取店,ラフドット,ラフドット インティメイトウォッシュ SB,1,3582,2026-04,2026-05-18 12:46:55
2026-04-30,ロフト,ロフト0201,（不明）,イオ シャンプー クリアメント200,4,6400,2026-04,2026-05-18 13:44:26
2026-04-30,ロフト,ロフト0201,（不明）,イオ エッセンス フォルティ,2,4000,2026-04,2026-05-18 13:44:26
2026-04-30,ロフト,ロフト0201,（不明）,イオ クリーム シルキーリペア 200,5,8000,2026-04,2026-05-18 13:44:26
2026-04-30,ロフト,ロフト0201,（不明）,ルベル ウィズ MG 240,3,3000,2026-04,2026-05-18 13:44:26
2026-04-30,ロフト,ロフト0201,（不明）,イオ シャンプー クリアメント200,1,1600,2026-04,2026-05-18 13:44:26
2026-04-30,ロフト,ロフト0201,（不明）,イオ シャンプー リラックスメント200,1,1600,2026-04,2026-05-18 13:44:26
2026-04-30,ロフト,ロフト0201,（不明）,イオ クリーム シルキーリペア 200,7,11200,2026-04,2026-05-18 13:44:26
2026-04-30,ロフト,ロフト0201,（不明）,イオ クリーム メルトリペア 200,9,14400,2026-04,2026-05-18 13:44:26
2026-04-30,ロフト,ロフト0201,（不明）,イオセラム シャンプー 200,3,6000,2026-04,2026-05-18 13:44:26
2026-04-30,ロフト,ロフト0201,（不明）,イオセラム クリーム 200,8,16000,2026-04,2026-05-18 13:44:26
2026-04-30,ロフト,ロフト0201,（不明）,イオセラム オイル 100,10,24000,2026-04,2026-05-18 13:44:26
2026-04-30,ロフト,ロフト0201,（不明）,イオセラム マスク 170,2,6400,2026-04,2026-05-18 13:44:26
2026-04-30,ロフト,ロフト0201,（不明）,ルベル ウィズ SW 240,9,9000,2026-04,2026-05-18 13:44:26
2026-04-30,ロフト,ロフト0201,（不明）,ルベル ウィズ RP 140,2,2000,2026-04,2026-05-18 13:44:26
2026-04-30,ロフト,ロフト0201,（不明）,ルベル ウィズ EP 140,6,7200,2026-04,2026-05-18 13:44:26
2026-04-30,ロフト,ロフト0201,（不明）,ビューティアップナイトブラ ブラックM,4,11920,2026-04,2026-05-18 13:44:26
2026-04-30,ロフト,ロフト0201,（不明）,ビューティアップナイトブラ ブラックL,1,2980,2026-04,2026-05-18 13:44:26
2026-04-30,ロフト,ロフト0201,（不明）,ビューティアップナイトブラ NピンクM,3,8940,2026-04,2026-05-18 13:44:26
2026-04-30,ロフト,ロフト0201,（不明）,ビューティアップナイトブラ NピンクL,3,8940,2026-04,2026-05-18 13:44:26
2026-04-30,ロフト,ロフト0201,ラフドット,ラフドットインティメイトウォッシュ SB,11,39402,2026-04,2026-05-18 13:44:26
2026-04-30,ロフト,ロフト0201,（不明）,ラフインティメイトフレッシュミスト SB,3,9396,2026-04,2026-05-18 13:44:26
2026-04-30,ロフト,ロフト0201,（不明）,ビューティアップナイトブラ BグレーM,4,11920,2026-04,2026-05-18 13:44:26
2026-04-30,ロフト,ロフト0201,（不明）,ビューティアップナイトブラ BグレーL,5,14900,2026-04,2026-05-18 13:44:26
2026-04-30,ロフト,ロフト0201,ラフドット,ラフドットインティメイトウォッシュ PM,12,42984,2026-04,2026-05-18 13:44:26
2026-04-30,ロフト,ロフト0201,（不明）,ラフインティメイトフレッシュミスト PM,5,15660,2026-04,2026-05-18 13:44:26
2026-04-30,ロフト,ロフト0201,ラフドット,ラフドットインティメイトウォッシュ AL,1,3582,2026-04,2026-05-18 13:44:26
2026-04-30,ロフト,ロフト0201,レチスパ,レチスパ クリームシャンプー,3,9600,2026-04,2026-05-18 13:44:26
2026-04-30,ロフト,ロフト0201,レチスパ,レチスパ クリームシャンプーサシェ,16,3200,2026-04,2026-05-18 13:44:26
2026-04-30,ロフト,ロフト0201,レチスパ,レチスパ ヘアオイル,2,4800,2026-04,2026-05-18 13:44:26
2026-04-30,ロフト,ロフト0201,レチスパ,レチスパ クリームシャンプー詰替,1,3100,2026-04,2026-05-18 13:44:26
2026-04-30,ロフト,ロフト0201,レチスパ,レチスパ 頭皮用美容液,7,17500,2026-04,2026-05-18 13:44:26
2026-04-30,ロフト,ロフト0201,（不明）,ベルミス スリムレギンス L-LL,3,11970,2026-04,2026-05-18 13:44:26
2026-04-30,ロフト,ロフト0201,（不明）,ベルミス カラープラスBK M,3,13608,2026-04,2026-05-18 13:44:26
2026-04-30,ロフト,ロフト0201,（不明）,ベルミス カラープラスAGY M,1,4536,2026-04,2026-05-18 13:44:26
2026-04-30,ロフト,ロフト0201,（不明）,ベルミス カラープラスAGY L,1,4536,2026-04,2026-05-18 13:44:26
2026-04-30,ロフト,ロフト0201,ラフドット,ラフドット 薬用ホワイトセラム,3,9708,2026-04,2026-05-18 13:44:26
2026-04-30,ロフト,ロフト0201,ラフドット,ラフドット ヘアリムーバー,3,10200,2026-04,2026-05-18 13:44:26
2026-04-30,ロフト,ロフト0201,ラフドット,ラフドットインティメイトウォッシュ MV,8,28656,2026-04,2026-05-18 13:44:26
2026-04-30,ロフト,ロフト0201,ラフドット,ラフドットインティメイトミスト MV,2,6264,2026-04,2026-05-18 13:44:26
2026-04-30,ロフト,ロフト0201,（不明）,カラマンビューティブラシ,1,14364,2026-04,2026-05-18 13:44:26
2026-04-30,ロフト,ロフト0201,バイワンシー,バイワンシー モイストブースターホイップ,2,4400,2026-04,2026-05-18 13:44:26
2026-04-30,ロフト,ロフト0201,（不明）,リムーブレギンスEB M-L,1,11182,2026-04,2026-05-18 13:44:26
2026-04-30,ロフト,ロフト0201,（不明）,リムーブレギンスEB L-LL,2,22364,2026-04,2026-05-18 13:44:26
2026-04-30,ロフト,ロフト0201,（不明）,リムーブレギンスRP L-LL,1,11182,2026-04,2026-05-18 13:44:26
2026-04-30,ロフト,ロフト0201,（不明）,スリムレギンス Premium Lv2,1,5445,2026-04,2026-05-18 13:44:26
2026-04-30,ロフト,ロフト0201,（不明）,スリムレギンス Premium Lv3,2,10890,2026-04,2026-05-18 13:44:26
2026-04-30,ロフト,ロフト0201,（不明）,スリムフルレッグ クールプラス L-LL,2,9436,2026-04,2026-05-18 13:44:26
2026-04-30,ロフト,ロフト0201,（不明）,インシトゥ ハーブラピール,7,16800,2026-04,2026-05-18 13:44:26
2026-04-30,ロフト,ロフト0201,（不明）,wolg BBクリーム ナチュラル,12,32508,2026-04,2026-05-18 13:44:26
2026-04-30,ロフト,ロフト0201,バイワンシー,バイワンシー ピュア・アミノシャンプー,3,8100,2026-04,2026-05-18 13:44:26
2026-04-30,ロフト,ロフト0201,バイワンシー,バイワンシー ヒートケア・トリートメント,4,10800,2026-04,2026-05-18 13:44:26
2026-04-30,ロフト,ロフト0201,バイワンシー,バイワンシー スムース・リペアエッセンス,7,18900,2026-04,2026-05-18 13:44:26
2026-04-30,ロフト,ロフト0201,（不明）,ekam アドバンスドジェル,2,5418,2026-04,2026-05-18 13:44:26
2026-04-30,ロフト,ロフト0201,（不明）,ekam ホイップ洗顔,2,3600,2026-04,2026-05-18 13:44:26
2026-04-30,ロフト,ロフト0201,（不明）,かかと集中ピーリングマスク,4,2320,2026-04,2026-05-18 13:44:26
2026-04-30,ロフト,ロフト0201,（不明）,VイフェクトFCポアタイトアンプル,1,2700,2026-04,2026-05-18 13:44:26
2026-04-30,ロフト,ロフト0201,（不明）,Vイフェクトコラーゲンラップマスク,1,2600,2026-04,2026-05-18 13:44:26
2026-04-30,ロフト,ロフト0201,（不明）,かかとソフトパッチ,3,2250,2026-04,2026-05-18 13:44:26
2026-04-30,ロフト,ロフト0201,（不明）,ティーブレスボディローショングリーン,1,1500,2026-04,2026-05-18 13:44:26
2026-04-30,ロフト,ロフト0202,（不明）,イオ シャンプー リラックスメント200,2,3200,2026-04,2026-05-18 13:44:26
2026-04-30,ロフト,ロフト0202,（不明）,イオ エッセンス フォルティ,5,10000,2026-04,2026-05-18 13:44:26
2026-04-30,ロフト,ロフト0202,（不明）,イオ エッセンス スリーク,18,36000,2026-04,2026-05-18 13:44:26
2026-04-30,ロフト,ロフト0202,（不明）,イオ クリーム シルキーリペア 200,10,16000,2026-04,2026-05-18 13:44:26
2026-04-30,ロフト,ロフト0202,（不明）,イオ クリーム メルトリペア 200,25,40000,2026-04,2026-05-18 13:44:26
2026-04-30,ロフト,ロフト0202,（不明）,イオセラム シャンプー 200,1,2000,2026-04,2026-05-18 13:44:26
2026-04-30,ロフト,ロフト0202,（不明）,イオセラム クリーム 200,11,22000,2026-04,2026-05-18 13:44:26
2026-04-30,ロフト,ロフト0202,（不明）,イオセラム オイル 100,1,2400,2026-04,2026-05-18 13:44:26
2026-04-30,ロフト,ロフト0202,（不明）,ルベル ウィズ MG 240,1,1000,2026-04,2026-05-18 13:44:26
2026-04-30,ロフト,ロフト0202,（不明）,ルベル ウィズ RP 140,2,2000,2026-04,2026-05-18 13:44:26
2026-04-30,ロフト,ロフト0202,（不明）,ルベル ウィズ EP 140,2,2400,2026-04,2026-05-18 13:44:26
2026-04-30,ロフト,ロフト0202,（不明）,ビューティアップナイトブラ ブラックM,9,26820,2026-04,2026-05-18 13:44:26
2026-04-30,ロフト,ロフト0202,（不明）,ビューティアップナイトブラ ブラックL,5,14900,2026-04,2026-05-18 13:44:26
2026-04-30,ロフト,ロフト0202,（不明）,ビューティアップナイトブラ NピンクM,2,5960,2026-04,2026-05-18 13:44:26
2026-04-30,ロフト,ロフト0202,（不明）,ビューティアップナイトブラ NピンクL,4,11920,2026-04,2026-05-18 13:44:26
2026-04-30,ロフト,ロフト0202,ラフドット,ラフドットインティメイトウォッシュ SB,19,68058,2026-04,2026-05-18 13:44:26
2026-04-30,ロフト,ロフト0202,（不明）,ラフインティメイトフレッシュミスト SB,4,12528,2026-04,2026-05-18 13:44:26
2026-04-30,ロフト,ロフト0202,（不明）,ビューティアップナイトブラ BグレーM,8,23840,2026-04,2026-05-18 13:44:26
2026-04-30,ロフト,ロフト0202,（不明）,ビューティアップナイトブラ BグレーL,4,11920,2026-04,2026-05-18 13:44:26
2026-04-30,ロフト,ロフト0202,ラフドット,ラフドットインティメイトウォッシュ PM,23,82386,2026-04,2026-05-18 13:44:26
2026-04-30,ロフト,ロフト0202,（不明）,ラフインティメイトフレッシュミスト PM,7,21924,2026-04,2026-05-18 13:44:26
2026-04-30,ロフト,ロフト0202,（不明）,インティメイトウォッシュ RW,6,21492,2026-04,2026-05-18 13:44:26
2026-04-30,ロフト,ロフト0202,ラフドット,ラフドットインティメイトウォッシュ AL,8,28656,2026-04,2026-05-18 13:44:26
2026-04-30,ロフト,ロフト0202,（不明）,ラフインティメイトフレッシュミスト AL,2,6264,2026-04,2026-05-18 13:44:26
2026-04-30,ロフト,ロフト0202,レチスパ,レチスパ クリームシャンプー,12,38400,2026-04,2026-05-18 13:44:26
2026-04-30,ロフト,ロフト0202,レチスパ,レチスパ ヘアオイル,11,26400,2026-04,2026-05-18 13:44:26
2026-04-30,ロフト,ロフト0202,レチスパ,レチスパ クリームシャンプー詰替,10,31000,2026-04,2026-05-18 13:44:26
2026-04-30,ロフト,ロフト0202,レチスパ,レチスパ 頭皮用美容液,9,22500,2026-04,2026-05-18 13:44:26
2026-04-30,ロフト,ロフト0202,（不明）,ベルミス スリムレギンス M-L,5,19950,2026-04,2026-05-18 13:44:26
2026-04-30,ロフト,ロフト0202,（不明）,ベルミス スリムレギンス L-LL,1,3990,2026-04,2026-05-18 13:44:26
2026-04-30,ロフト,ロフト0202,（不明）,ベルミス カラープラスBK L,3,13608,2026-04,2026-05-18 13:44:26
2026-04-30,ロフト,ロフト0202,ラフドット,ラフドット 薬用ホワイトセラム,9,29124,2026-04,2026-05-18 13:44:26
2026-04-30,ロフト,ロフト0202,ラフドット,ラフドット ヘアリムーバー,6,20400,2026-04,2026-05-18 13:44:26
2026-04-30,ロフト,ロフト0202,ラフドット,ラフドットインティメイトウォッシュ MV,6,21492,2026-04,2026-05-18 13:44:26
2026-04-30,ロフト,ロフト0202,ラフドット,ラフドットインティメイトミスト MV,2,6264,2026-04,2026-05-18 13:44:26
2026-04-30,ロフト,ロフト0202,（不明）,クリアライズ,2,18146,2026-04,2026-05-18 13:44:26
2026-04-30,ロフト,ロフト0202,バイワンシー,バイワンシー モイストブースターホイップ,5,11000,2026-04,2026-05-18 13:44:26
2026-04-30,ロフト,ロフト0202,（不明）,ベルミス スリムフルレッグ M-L,1,4718,2026-04,2026-05-18 13:44:26
2026-04-30,ロフト,ロフト0202,（不明）,リムーブレギンスEB M-L,1,11182,2026-04,2026-05-18 13:44:26
2026-04-30,ロフト,ロフト0202,（不明）,リムーブレギンスRP M-L,1,11182,2026-04,2026-05-18 13:44:26
2026-04-30,ロフト,ロフト0202,（不明）,リムーブレギンスRP L-LL,1,11182,2026-04,2026-05-18 13:44:26
2026-04-30,ロフト,ロフト0202,（不明）,スリムレギンス Premium Lv1,5,27225,2026-04,2026-05-18 13:44:26
2026-04-30,ロフト,ロフト0202,（不明）,スリムレギンス Premium Lv2,4,21780,2026-04,2026-05-18 13:44:26
2026-04-30,ロフト,ロフト0202,（不明）,スリムレギンス Premium Lv3,7,38115,2026-04,2026-05-18 13:44:26
2026-04-30,ロフト,ロフト0202,（不明）,スリムフルレッグ クールプラス M-L,2,9436,2026-04,2026-05-18 13:44:26
2026-04-30,ロフト,ロフト0202,（不明）,インシトゥ ハーブラピール,16,38400,2026-04,2026-05-18 13:44:26
2026-04-30,ロフト,ロフト0202,（不明）,wolg BBクリーム ナチュラル,4,10836,2026-04,2026-05-18 13:44:26
2026-04-30,ロフト,ロフト0202,バイワンシー,バイワンシー ピュア・アミノシャンプー,5,13500,2026-04,2026-05-18 13:44:26
2026-04-30,ロフト,ロフト0202,バイワンシー,バイワンシー ヒートケア・トリートメント,5,13500,2026-04,2026-05-18 13:44:26
2026-04-30,ロフト,ロフト0202,バイワンシー,バイワンシー スムース・リペアエッセンス,8,21600,2026-04,2026-05-18 13:44:26
2026-04-30,ロフト,ロフト0202,（不明）,ekam アドバンスドジェル,14,37926,2026-04,2026-05-18 13:44:26
2026-04-30,ロフト,ロフト0202,（不明）,ekam アドバンスドセラム,2,6328,2026-04,2026-05-18 13:44:26
2026-04-30,ロフト,ロフト0202,（不明）,ekam ホイップ洗顔,4,7200,2026-04,2026-05-18 13:44:26
2026-04-30,ロフト,ロフト0202,（不明）,ヒノキフットピーリングマスク,15,10800,2026-04,2026-05-18 13:44:26
2026-04-30,ロフト,ロフト0202,（不明）,フットピーリングダブルエッセンスマスク,24,18000,2026-04,2026-05-18 13:44:26
2026-04-30,ロフト,ロフト0202,（不明）,かかと集中ピーリングマスク,9,5220,2026-04,2026-05-18 13:44:26
2026-04-30,ロフト,ロフト0202,（不明）,Vイフェクト青麦ジンクセラム,2,4600,2026-04,2026-05-18 13:44:26
2026-04-30,ロフト,ロフト0202,（不明）,Vイフェクト青麦LHAクレンジングジェル,4,8400,2026-04,2026-05-18 13:44:26
2026-04-30,ロフト,ロフト0202,（不明）,かかとソフトパッチ,11,8250,2026-04,2026-05-18 13:44:26
2026-04-30,ロフト,ロフト0207,（不明）,イオ エッセンス スリーク,1,2000,2026-04,2026-05-18 13:44:26
2026-04-30,ロフト,ロフト0207,（不明）,イオ シャンプー クリアメント200,3,4800,2026-04,2026-05-18 13:44:26
2026-04-30,ロフト,ロフト0207,（不明）,イオ エッセンス スリーク,3,6000,2026-04,2026-05-18 13:44:26
2026-04-30,ロフト,ロフト0207,（不明）,イオ クリーム メルトリペア 200,2,3200,2026-04,2026-05-18 13:44:26
2026-04-30,ロフト,ロフト0207,（不明）,イオセラム クリーム 200,3,6000,2026-04,2026-05-18 13:44:26
2026-04-30,ロフト,ロフト0207,（不明）,ルベル ウィズ MG 240,1,1000,2026-04,2026-05-18 13:44:26
2026-04-30,ロフト,ロフト0207,（不明）,ルベル ウィズ JO 240,2,2000,2026-04,2026-05-18 13:44:26
2026-04-30,ロフト,ロフト0207,（不明）,ルベル ウィズ SW 240,4,4000,2026-04,2026-05-18 13:44:26
2026-04-30,ロフト,ロフト0207,（不明）,ルベル ウィズ RP 140,2,2000,2026-04,2026-05-18 13:44:26
2026-04-30,ロフト,ロフト0207,（不明）,ルベル ウィズ EP 140,2,2400,2026-04,2026-05-18 13:44:26
2026-04-30,ロフト,ロフト0207,（不明）,トリエ スプレー10 170,4,6400,2026-04,2026-05-18 13:44:26
2026-04-30,ロフト,ロフト0207,（不明）,ビューティアップナイトブラ ブラックM,1,2980,2026-04,2026-05-18 13:44:26
2026-04-30,ロフト,ロフト0207,（不明）,ビューティアップナイトブラ NピンクM,1,2980,2026-04,2026-05-18 13:44:26
2026-04-30,ロフト,ロフト0207,ラフドット,ラフドットインティメイトウォッシュ SB,12,42984,2026-04,2026-05-18 13:44:26
2026-04-30,ロフト,ロフト0207,（不明）,ラフインティメイトフレッシュミスト SB,2,6264,2026-04,2026-05-18 13:44:26
2026-04-30,ロフト,ロフト0207,（不明）,ビューティアップナイトブラ BグレーM,2,5960,2026-04,2026-05-18 13:44:26
2026-04-30,ロフト,ロフト0207,（不明）,ビューティアップナイトブラ BグレーL,1,2980,2026-04,2026-05-18 13:44:26
2026-04-30,ロフト,ロフト0207,ラフドット,ラフドットインティメイトウォッシュ PM,7,25074,2026-04,2026-05-18 13:44:26
2026-04-30,ロフト,ロフト0207,（不明）,ラフインティメイトフレッシュミスト PM,3,9396,2026-04,2026-05-18 13:44:26
2026-04-30,ロフト,ロフト0207,（不明）,ラフインティメイトフレッシュミスト AL,1,3132,2026-04,2026-05-18 13:44:26
2026-04-30,ロフト,ロフト0207,レチスパ,レチスパ クリームシャンプー,5,16000,2026-04,2026-05-18 13:44:26
2026-04-30,ロフト,ロフト0207,レチスパ,レチスパ クリームシャンプーサシェ,32,6400,2026-04,2026-05-18 13:44:26
2026-04-30,ロフト,ロフト0207,レチスパ,レチスパ ヘアオイル,1,2400,2026-04,2026-05-18 13:44:26
2026-04-30,ロフト,ロフト0207,レチスパ,レチスパ クリームシャンプー詰替,1,3100,2026-04,2026-05-18 13:44:26
2026-04-30,ロフト,ロフト0207,レチスパ,レチスパ 頭皮用美容液,4,10000,2026-04,2026-05-18 13:44:26
2026-04-30,ロフト,ロフト0207,（不明）,ベルミス スリムレギンス L-LL,2,7980,2026-04,2026-05-18 13:44:26
2026-04-30,ロフト,ロフト0207,（不明）,ベルミス カラープラスBK M,1,4536,2026-04,2026-05-18 13:44:26
2026-04-30,ロフト,ロフト0207,（不明）,ベルミス カラープラスBK L,2,9072,2026-04,2026-05-18 13:44:26
2026-04-30,ロフト,ロフト0207,ラフドット,ラフドット 薬用ホワイトセラム,8,25888,2026-04,2026-05-18 13:44:26
2026-04-30,ロフト,ロフト0207,ラフドット,ラフドットインティメイトウォッシュ MV,6,21492,2026-04,2026-05-18 13:44:26
2026-04-30,ロフト,ロフト0207,ラフドット,ラフドットインティメイトミスト MV,1,3132,2026-04,2026-05-18 13:44:26
2026-04-30,ロフト,ロフト0207,バイワンシー,バイワンシー モイストブースターホイップ,2,4400,2026-04,2026-05-18 13:44:26
2026-04-30,ロフト,ロフト0207,（不明）,リムーブレギンスEB M-L,1,11182,2026-04,2026-05-18 13:44:26
2026-04-30,ロフト,ロフト0207,（不明）,リムーブレギンスSG M-L,1,11182,2026-04,2026-05-18 13:44:26
2026-04-30,ロフト,ロフト0207,（不明）,スリムレギンス Premium Lv1,1,5445,2026-04,2026-05-18 13:44:26
2026-04-30,ロフト,ロフト0207,（不明）,スリムレギンス Premium Lv2,1,5445,2026-04,2026-05-18 13:44:26
2026-04-30,ロフト,ロフト0207,（不明）,スリムレギンス Premium Lv3,3,16335,2026-04,2026-05-18 13:44:26
2026-04-30,ロフト,ロフト0207,（不明）,wolg BBクリーム ナチュラル,4,10836,2026-04,2026-05-18 13:44:26
2026-04-30,ロフト,ロフト0207,バイワンシー,バイワンシー ピュア・アミノシャンプー,4,10800,2026-04,2026-05-18 13:44:26
2026-04-30,ロフト,ロフト0207,バイワンシー,バイワンシー ヒートケア・トリートメント,3,8100,2026-04,2026-05-18 13:44:26
2026-04-30,ロフト,ロフト0207,バイワンシー,バイワンシー スムース・リペアエッセンス,4,10800,2026-04,2026-05-18 13:44:26
2026-04-30,ロフト,ロフト0207,バイワンシー,バイワンシー スムースリペアESサシェ,8,2160,2026-04,2026-05-18 13:44:26
2026-04-30,ロフト,ロフト0207,バイワンシー,バイワンシー SP&TRサシェ,10,2700,2026-04,2026-05-18 13:44:26
2026-04-30,ロフト,ロフト0207,（不明）,ekam アドバンスドジェル,3,8127,2026-04,2026-05-18 13:44:26
2026-04-30,ロフト,ロフト0207,（不明）,ekam アドバンスドセラム,1,3164,2026-04,2026-05-18 13:44:26
2026-04-30,ロフト,ロフト0207,（不明）,ヒノキフットピーリングマスク,4,2880,2026-04,2026-05-18 13:44:26
2026-04-30,ロフト,ロフト0207,（不明）,かかと集中ピーリングマスク,1,580,2026-04,2026-05-18 13:44:26
2026-04-30,ロフト,ロフト0207,（不明）,VイフェクトFCポアフィットマスク7枚入,1,1400,2026-04,2026-05-18 13:44:26
2026-04-30,ロフト,ロフト0207,（不明）,かかとソフトパッチ,2,1500,2026-04,2026-05-18 13:44:26
2026-04-30,ロフト,ロフト0213,（不明）,イオ シャンプー リラックスメント200,2,3200,2026-04,2026-05-18 13:44:26
2026-04-30,ロフト,ロフト0213,（不明）,イオ クリーム シルキーリペア 200,12,19200,2026-04,2026-05-18 13:44:26
2026-04-30,ロフト,ロフト0213,（不明）,イオ クリーム メルトリペア 200,1,1600,2026-04,2026-05-18 13:44:26
2026-04-30,ロフト,ロフト0213,（不明）,イオセラム クリーム 200,11,22000,2026-04,2026-05-18 13:44:26
2026-04-30,ロフト,ロフト0213,（不明）,ルベル ウィズ CY 240,3,4200,2026-04,2026-05-18 13:44:26
2026-04-30,ロフト,ロフト0213,（不明）,ルベル ウィズ JO 240,1,1000,2026-04,2026-05-18 13:44:26
2026-04-30,ロフト,ロフト0213,（不明）,トリエ スプレー10 170,58,92800,2026-04,2026-05-18 13:44:26
2026-04-30,ロフト,ロフト0213,（不明）,ビューティアップナイトブラ ブラックM,1,2980,2026-04,2026-05-18 13:44:26
2026-04-30,ロフト,ロフト0213,（不明）,ビューティアップナイトブラ ブラックL,2,5960,2026-04,2026-05-18 13:44:26
2026-04-30,ロフト,ロフト0213,（不明）,ビューティアップナイトブラ NピンクM,4,11920,2026-04,2026-05-18 13:44:26
2026-04-30,ロフト,ロフト0213,（不明）,ビューティアップナイトブラ NピンクL,1,2980,2026-04,2026-05-18 13:44:26
2026-04-30,ロフト,ロフト0213,ラフドット,ラフドットインティメイトウォッシュ SB,9,32238,2026-04,2026-05-18 13:44:26
2026-04-30,ロフト,ロフト0213,（不明）,ラフインティメイトフレッシュミスト SB,3,9396,2026-04,2026-05-18 13:44:26
2026-04-30,ロフト,ロフト0213,（不明）,ビューティアップナイトブラ BグレーM,2,5960,2026-04,2026-05-18 13:44:26
2026-04-30,ロフト,ロフト0213,（不明）,ビューティアップナイトブラ BグレーL,1,2980,2026-04,2026-05-18 13:44:26
2026-04-30,ロフト,ロフト0213,ラフドット,ラフドットインティメイトウォッシュ PM,17,60894,2026-04,2026-05-18 13:44:26
2026-04-30,ロフト,ロフト0213,（不明）,ラフインティメイトフレッシュミスト PM,5,15660,2026-04,2026-05-18 13:44:26
2026-04-30,ロフト,ロフト0213,レチスパ,レチスパ クリームシャンプー,6,19200,2026-04,2026-05-18 13:44:26
2026-04-30,ロフト,ロフト0213,レチスパ,レチスパ クリームシャンプーサシェ,80,16000,2026-04,2026-05-18 13:44:26
2026-04-30,ロフト,ロフト0213,レチスパ,レチスパ ヘアオイル,8,19200,2026-04,2026-05-18 13:44:26
2026-04-30,ロフト,ロフト0213,レチスパ,レチスパ クリームシャンプー詰替,8,24800,2026-04,2026-05-18 13:44:26
2026-04-30,ロフト,ロフト0213,レチスパ,レチスパ 頭皮用美容液,7,17500,2026-04,2026-05-18 13:44:26
2026-04-30,ロフト,ロフト0213,（不明）,ベルミス スリムレギンス M-L,6,23940,2026-04,2026-05-18 13:44:26
2026-04-30,ロフト,ロフト0213,（不明）,ベルミス カラープラスBK M,3,13608,2026-04,2026-05-18 13:44:26
2026-04-30,ロフト,ロフト0213,（不明）,ベルミス カラープラスAGY M,1,4536,2026-04,2026-05-18 13:44:26
2026-04-30,ロフト,ロフト0213,（不明）,ベルミス カラープラスBK L,2,9072,2026-04,2026-05-18 13:44:26
2026-04-30,ロフト,ロフト0213,（不明）,ベルミス カラープラスAGY L,1,4536,2026-04,2026-05-18 13:44:26
2026-04-30,ロフト,ロフト0213,ラフドット,ラフドット 薬用ホワイトセラム,1,3236,2026-04,2026-05-18 13:44:26
2026-04-30,ロフト,ロフト0213,ラフドット,ラフドット ヘアリムーバー,3,10200,2026-04,2026-05-18 13:44:26
2026-04-30,ロフト,ロフト0213,ラフドット,ラフドットインティメイトウォッシュ MV,10,35820,2026-04,2026-05-18 13:44:26
2026-04-30,ロフト,ロフト0213,（不明）,クリアライズ,1,9073,2026-04,2026-05-18 13:44:26
2026-04-30,ロフト,ロフト0213,バイワンシー,バイワンシー モイストブースターホイップ,5,11000,2026-04,2026-05-18 13:44:26
2026-04-30,ロフト,ロフト0213,（不明）,ベルミス スリムフルレッグ M-L,1,4718,2026-04,2026-05-18 13:44:26
2026-04-30,ロフト,ロフト0213,（不明）,リムーブレギンスEB M-L,1,11182,2026-04,2026-05-18 13:44:26
2026-04-30,ロフト,ロフト0213,（不明）,リムーブレギンスEB L-LL,1,11182,2026-04,2026-05-18 13:44:26
2026-04-30,ロフト,ロフト0213,（不明）,リムーブレギンスSG L-LL,1,11182,2026-04,2026-05-18 13:44:26
2026-04-30,ロフト,ロフト0213,（不明）,リムーブレギンスRP M-L,1,11182,2026-04,2026-05-18 13:44:26
2026-04-30,ロフト,ロフト0213,（不明）,スリムレギンス Premium Lv1,2,10890,2026-04,2026-05-18 13:44:26
2026-04-30,ロフト,ロフト0213,（不明）,スリムレギンス Premium Lv2,4,21780,2026-04,2026-05-18 13:44:26
2026-04-30,ロフト,ロフト0213,（不明）,スリムレギンス Premium Lv3,5,27225,2026-04,2026-05-18 13:44:26
2026-04-30,ロフト,ロフト0213,（不明）,スリムフルレッグ クールプラス M-L,2,9436,2026-04,2026-05-18 13:44:26
2026-04-30,ロフト,ロフト0213,（不明）,スリムフルレッグ クールプラス L-LL,4,18872,2026-04,2026-05-18 13:44:26
2026-04-30,ロフト,ロフト0213,（不明）,My+Cee ビタミンCサプリメント,1,2980,2026-04,2026-05-18 13:44:26
2026-04-30,ロフト,ロフト0213,（不明）,wolg BBクリーム ナチュラル,12,32508,2026-04,2026-05-18 13:44:26
2026-04-30,ロフト,ロフト0213,バイワンシー,バイワンシー ピュア・アミノシャンプー,3,8100,2026-04,2026-05-18 13:44:26
2026-04-30,ロフト,ロフト0213,バイワンシー,バイワンシー ヒートケア・トリートメント,1,2700,2026-04,2026-05-18 13:44:26
2026-04-30,ロフト,ロフト0213,バイワンシー,バイワンシー スムース・リペアエッセンス,13,35100,2026-04,2026-05-18 13:44:26
2026-04-30,ロフト,ロフト0213,（不明）,ekam アドバンスドジェル,2,5418,2026-04,2026-05-18 13:44:26
2026-04-30,ロフト,ロフト0213,（不明）,ekam ホイップ洗顔,2,3600,2026-04,2026-05-18 13:44:26
2026-04-30,ロフト,ロフト0213,（不明）,ヒノキフットピーリングマスク,3,2160,2026-04,2026-05-18 13:44:26
2026-04-30,ロフト,ロフト0213,（不明）,フットピーリングダブルエッセンスマスク,1,750,2026-04,2026-05-18 13:44:26
2026-04-30,ロフト,ロフト0213,（不明）,かかとソフトパッチ,2,1500,2026-04,2026-05-18 13:44:26
2026-04-30,ロフト,ロフト0213,（不明）,ティーブレスボディローションアールグレイ,1,1500,2026-04,2026-05-18 13:44:26
2026-04-30,ロフト,ロフト0213,（不明）,ティーブレスボディローショングリーン,2,3000,2026-04,2026-05-18 13:44:26
2026-04-30,ロフト,ロフト0215,（不明）,イオ シャンプー クリアメント200,2,3200,2026-04,2026-05-18 13:44:26
2026-04-30,ロフト,ロフト0215,（不明）,イオ シャンプー リラックスメント200,3,4800,2026-04,2026-05-18 13:44:26
2026-04-30,ロフト,ロフト0215,（不明）,イオ エッセンス スリーク,3,6000,2026-04,2026-05-18 13:44:26
2026-04-30,ロフト,ロフト0215,（不明）,イオ クリーム シルキーリペア 200,10,16000,2026-04,2026-05-18 13:44:26
2026-04-30,ロフト,ロフト0215,（不明）,イオ クリーム メルトリペア 200,7,11200,2026-04,2026-05-18 13:44:26
2026-04-30,ロフト,ロフト0215,（不明）,イオセラム クリーム 200,7,14000,2026-04,2026-05-18 13:44:26
2026-04-30,ロフト,ロフト0215,（不明）,イオセラム オイル 100,3,7200,2026-04,2026-05-18 13:44:26
2026-04-30,ロフト,ロフト0215,（不明）,ルベル ウィズ MG 240,1,1000,2026-04,2026-05-18 13:44:26
2026-04-30,ロフト,ロフト0215,（不明）,ルベル ウィズ JO 240,1,1000,2026-04,2026-05-18 13:44:26
2026-04-30,ロフト,ロフト0215,（不明）,ルベル ウィズ RP 140,9,9000,2026-04,2026-05-18 13:44:26
2026-04-30,ロフト,ロフト0215,（不明）,ルベル ウィズ EP 140,3,3600,2026-04,2026-05-18 13:44:26
2026-04-30,ロフト,ロフト0215,（不明）,ビューティアップナイトブラ ブラックM,6,17880,2026-04,2026-05-18 13:44:26
2026-04-30,ロフト,ロフト0215,（不明）,ビューティアップナイトブラ ブラックL,1,2980,2026-04,2026-05-18 13:44:26
2026-04-30,ロフト,ロフト0215,（不明）,ビューティアップナイトブラ NピンクM,2,5960,2026-04,2026-05-18 13:44:26
2026-04-30,ロフト,ロフト0215,ラフドット,ラフドットインティメイトウォッシュ SB,15,53730,2026-04,2026-05-18 13:44:26
2026-04-30,ロフト,ロフト0215,（不明）,ラフインティメイトフレッシュミスト SB,4,12528,2026-04,2026-05-18 13:44:26
2026-04-30,ロフト,ロフト0215,（不明）,ビューティアップナイトブラ BグレーM,6,17880,2026-04,2026-05-18 13:44:26
2026-04-30,ロフト,ロフト0215,ラフドット,ラフドットインティメイトウォッシュ PM,20,71640,2026-04,2026-05-18 13:44:26
2026-04-30,ロフト,ロフト0215,（不明）,ラフインティメイトフレッシュミスト PM,4,12528,2026-04,2026-05-18 13:44:26
2026-04-30,ロフト,ロフト0215,ラフドット,ラフドットインティメイトウォッシュ AL,2,7164,2026-04,2026-05-18 13:44:26
2026-04-30,ロフト,ロフト0215,レチスパ,レチスパ クリームシャンプー,1,3200,2026-04,2026-05-18 13:44:26
2026-04-30,ロフト,ロフト0215,レチスパ,レチスパ クリームシャンプーサシェ,14,2800,2026-04,2026-05-18 13:44:26
2026-04-30,ロフト,ロフト0215,レチスパ,レチスパ ヘアオイル,1,2400,2026-04,2026-05-18 13:44:26
2026-04-30,ロフト,ロフト0215,レチスパ,レチスパ クリームシャンプー詰替,1,3100,2026-04,2026-05-18 13:44:26
2026-04-30,ロフト,ロフト0215,レチスパ,レチスパ 頭皮用美容液,2,5000,2026-04,2026-05-18 13:44:26
2026-04-30,ロフト,ロフト0215,（不明）,ベルミス スリムレギンス M-L,9,35910,2026-04,2026-05-18 13:44:26
2026-04-30,ロフト,ロフト0215,（不明）,ベルミス スリムレギンス L-LL,1,3990,2026-04,2026-05-18 13:44:26
2026-04-30,ロフト,ロフト0215,（不明）,ベルミス カラープラスBK M,1,4536,2026-04,2026-05-18 13:44:26
2026-04-30,ロフト,ロフト0215,（不明）,ベルミス カラープラスBK L,1,4536,2026-04,2026-05-18 13:44:26
2026-04-30,ロフト,ロフト0215,ラフドット,ラフドット 薬用ホワイトセラム,6,19416,2026-04,2026-05-18 13:44:26
2026-04-30,ロフト,ロフト0215,ラフドット,ラフドットインティメイトウォッシュ MV,3,10746,2026-04,2026-05-18 13:44:26
2026-04-30,ロフト,ロフト0215,ラフドット,ラフドットインティメイトミスト MV,3,9396,2026-04,2026-05-18 13:44:26
2026-04-30,ロフト,ロフト0215,（不明）,リムーブレギンスEB M-L,2,22364,2026-04,2026-05-18 13:44:26
2026-04-30,ロフト,ロフト0215,（不明）,リムーブレギンスEB L-LL,2,22364,2026-04,2026-05-18 13:44:26
2026-04-30,ロフト,ロフト0215,（不明）,リムーブレギンスSG L-LL,2,22364,2026-04,2026-05-18 13:44:26
2026-04-30,ロフト,ロフト0215,（不明）,スリムレギンス Premium Lv3,2,10890,2026-04,2026-05-18 13:44:26
2026-04-30,ロフト,ロフト0215,（不明）,wolg BBクリーム ナチュラル,4,10836,2026-04,2026-05-18 13:44:26
2026-04-30,ロフト,ロフト0215,バイワンシー,バイワンシー スムース・リペアエッセンス,4,10800,2026-04,2026-05-18 13:44:26
2026-04-30,ロフト,ロフト0215,バイワンシー,バイワンシー スムースリペアESサシェ,19,5130,2026-04,2026-05-18 13:44:26
2026-04-30,ロフト,ロフト0215,バイワンシー,バイワンシー SP&TRサシェ,9,2430,2026-04,2026-05-18 13:44:26
2026-04-30,ロフト,ロフト0215,（不明）,ekam アドバンスドジェル,2,5418,2026-04,2026-05-18 13:44:26
2026-04-30,ロフト,ロフト0215,（不明）,ヒノキフットピーリングマスク,5,3600,2026-04,2026-05-18 13:44:26
2026-04-30,ロフト,ロフト0215,（不明）,フットピーリングダブルエッセンスマスク,1,750,2026-04,2026-05-18 13:44:26
2026-04-30,ロフト,ロフト0215,（不明）,Vイフェクト青麦ジンクセラム,1,2300,2026-04,2026-05-18 13:44:26
2026-04-30,ロフト,ロフト0215,（不明）,かかとソフトパッチ,3,2250,2026-04,2026-05-18 13:44:26
2026-04-30,ロフト,ロフト0218,（不明）,イオ エッセンス モイスト,1,2000,2026-04,2026-05-18 13:44:26
2026-04-30,ロフト,ロフト0218,（不明）,イオ エッセンス スリーク,8,16000,2026-04,2026-05-18 13:44:26
2026-04-30,ロフト,ロフト0218,（不明）,イオ クリーム シルキーリペア 200,3,4800,2026-04,2026-05-18 13:44:26
2026-04-30,ロフト,ロフト0218,（不明）,イオ クリーム メルトリペア 200,2,3200,2026-04,2026-05-18 13:44:26
2026-04-30,ロフト,ロフト0218,（不明）,イオセラム オイル 100,2,4800,2026-04,2026-05-18 13:44:26
2026-04-30,ロフト,ロフト0218,（不明）,ルベル ウィズ JO 240,3,3000,2026-04,2026-05-18 13:44:26
2026-04-30,ロフト,ロフト0218,（不明）,ルベル ウィズ RP 140,3,3000,2026-04,2026-05-18 13:44:26
2026-04-30,ロフト,ロフト0218,（不明）,ルベル ウィズ EP 140,1,1200,2026-04,2026-05-18 13:44:26
2026-04-30,ロフト,ロフト0218,（不明）,ビューティアップナイトブラ ブラックM,2,5960,2026-04,2026-05-18 13:44:26
2026-04-30,ロフト,ロフト0218,（不明）,ビューティアップナイトブラ ブラックL,2,5960,2026-04,2026-05-18 13:44:26
2026-04-30,ロフト,ロフト0218,（不明）,ビューティアップナイトブラ NピンクM,2,5960,2026-04,2026-05-18 13:44:26
2026-04-30,ロフト,ロフト0218,ラフドット,ラフドットインティメイトウォッシュ SB,19,68058,2026-04,2026-05-18 13:44:26
2026-04-30,ロフト,ロフト0218,（不明）,ラフインティメイトフレッシュミスト SB,6,18792,2026-04,2026-05-18 13:44:26
2026-04-30,ロフト,ロフト0218,（不明）,ビューティアップナイトブラ BグレーL,1,2980,2026-04,2026-05-18 13:44:26
2026-04-30,ロフト,ロフト0218,ラフドット,ラフドットインティメイトウォッシュ PM,17,60894,2026-04,2026-05-18 13:44:26
2026-04-30,ロフト,ロフト0218,（不明）,ラフインティメイトフレッシュミスト PM,4,12528,2026-04,2026-05-18 13:44:26
2026-04-30,ロフト,ロフト0218,ラフドット,ラフドットインティメイトウォッシュ AL,4,14328,2026-04,2026-05-18 13:44:26
2026-04-30,ロフト,ロフト0218,（不明）,ラフインティメイトフレッシュミスト AL,1,3132,2026-04,2026-05-18 13:44:26
2026-04-30,ロフト,ロフト0218,レチスパ,レチスパ クリームシャンプー,10,32000,2026-04,2026-05-18 13:44:26
2026-04-30,ロフト,ロフト0218,レチスパ,レチスパ クリームシャンプーサシェ,64,12800,2026-04,2026-05-18 13:44:26
2026-04-30,ロフト,ロフト0218,レチスパ,レチスパ ヘアオイル,4,9600,2026-04,2026-05-18 13:44:26
2026-04-30,ロフト,ロフト0218,レチスパ,レチスパ クリームシャンプー詰替,5,15500,2026-04,2026-05-18 13:44:26
2026-04-30,ロフト,ロフト0218,レチスパ,レチスパ 頭皮用美容液,11,27500,2026-04,2026-05-18 13:44:26
2026-04-30,ロフト,ロフト0218,（不明）,ベルミス スリムレギンス L-LL,1,3990,2026-04,2026-05-18 13:44:26
2026-04-30,ロフト,ロフト0218,（不明）,ベルミス カラープラスBK M,2,9072,2026-04,2026-05-18 13:44:26
2026-04-30,ロフト,ロフト0218,（不明）,ベルミス カラープラスAGY M,1,4536,2026-04,2026-05-18 13:44:26
2026-04-30,ロフト,ロフト0218,ラフドット,ラフドット 薬用ホワイトセラム,5,16180,2026-04,2026-05-18 13:44:26
2026-04-30,ロフト,ロフト0218,ラフドット,ラフドット ヘアリムーバー,1,3400,2026-04,2026-05-18 13:44:26
2026-04-30,ロフト,ロフト0218,ラフドット,ラフドットインティメイトウォッシュ MV,8,28656,2026-04,2026-05-18 13:44:26
2026-04-30,ロフト,ロフト0218,ラフドット,ラフドットインティメイトミスト MV,3,9396,2026-04,2026-05-18 13:44:26
2026-04-30,ロフト,ロフト0218,（不明）,カラマンビューティブラシ,1,14364,2026-04,2026-05-18 13:44:26
2026-04-30,ロフト,ロフト0218,バイワンシー,バイワンシー モイストブースターホイップ,5,11000,2026-04,2026-05-18 13:44:26
2026-04-30,ロフト,ロフト0218,（不明）,リムーブレギンスEB L-LL,1,11182,2026-04,2026-05-18 13:44:26
2026-04-30,ロフト,ロフト0218,（不明）,スリムレギンス Premium Lv2,1,5445,2026-04,2026-05-18 13:44:26
2026-04-30,ロフト,ロフト0218,（不明）,スリムレギンス Premium Lv3,1,5445,2026-04,2026-05-18 13:44:26
2026-04-30,ロフト,ロフト0218,（不明）,スリムフルレッグ クールプラス L-LL,1,4718,2026-04,2026-05-18 13:44:26
2026-04-30,ロフト,ロフト0218,（不明）,インシトゥ ハーブラピール,11,26400,2026-04,2026-05-18 13:44:26
2026-04-30,ロフト,ロフト0218,（不明）,wolg BBクリーム ナチュラル,3,8127,2026-04,2026-05-18 13:44:26
2026-04-30,ロフト,ロフト0218,バイワンシー,バイワンシー ピュア・アミノシャンプー,1,2700,2026-04,2026-05-18 13:44:26
2026-04-30,ロフト,ロフト0218,バイワンシー,バイワンシー ヒートケア・トリートメント,2,5400,2026-04,2026-05-18 13:44:26
2026-04-30,ロフト,ロフト0218,バイワンシー,バイワンシー スムース・リペアエッセンス,7,18900,2026-04,2026-05-18 13:44:26
2026-04-30,ロフト,ロフト0218,バイワンシー,バイワンシー スムースリペアESサシェ,17,4590,2026-04,2026-05-18 13:44:26
2026-04-30,ロフト,ロフト0218,バイワンシー,バイワンシー SP&TRサシェ,30,8100,2026-04,2026-05-18 13:44:26
2026-04-30,ロフト,ロフト0218,（不明）,ekam アドバンスドジェル,1,2709,2026-04,2026-05-18 13:44:26
2026-04-30,ロフト,ロフト0218,（不明）,ヒノキフットピーリングマスク,4,2880,2026-04,2026-05-18 13:44:26
2026-04-30,ロフト,ロフト0218,（不明）,フットピーリングダブルエッセンスマスク,1,750,2026-04,2026-05-18 13:44:26
2026-04-30,ロフト,ロフト0218,（不明）,かかと集中ピーリングマスク,3,1740,2026-04,2026-05-18 13:44:26
2026-04-30,ロフト,ロフト0218,（不明）,VイフェクトFCポアタイトアンプル,1,2700,2026-04,2026-05-18 13:44:26
2026-04-30,ロフト,ロフト0218,（不明）,Vイフェクト青麦ジンクセラム,2,4600,2026-04,2026-05-18 13:44:26
2026-04-30,ロフト,ロフト0218,（不明）,Vイフェクト青麦LHAクレンジングジェル,2,4200,2026-04,2026-05-18 13:44:26
2026-04-30,ロフト,ロフト0219,（不明）,イオ シャンプー クリアメント200,2,3200,2026-04,2026-05-18 13:44:26
2026-04-30,ロフト,ロフト0219,（不明）,イオ エッセンス モイスト,4,8000,2026-04,2026-05-18 13:44:26
2026-04-30,ロフト,ロフト0219,（不明）,イオ エッセンス スリーク,8,16000,2026-04,2026-05-18 13:44:26
2026-04-30,ロフト,ロフト0219,（不明）,イオ クリーム シルキーリペア 200,2,3200,2026-04,2026-05-18 13:44:26
2026-04-30,ロフト,ロフト0219,（不明）,イオ クリーム メルトリペア 200,5,8000,2026-04,2026-05-18 13:44:26
2026-04-30,ロフト,ロフト0219,（不明）,イオセラム シャンプー 200,1,2000,2026-04,2026-05-18 13:44:26
2026-04-30,ロフト,ロフト0219,（不明）,イオセラム クリーム 200,2,4000,2026-04,2026-05-18 13:44:26
2026-04-30,ロフト,ロフト0219,（不明）,ルベル ウィズ SW 240,5,5000,2026-04,2026-05-18 13:44:26
2026-04-30,ロフト,ロフト0219,（不明）,ルベル ウィズ RP 140,1,1000,2026-04,2026-05-18 13:44:26
2026-04-30,ロフト,ロフト0219,（不明）,ビューティアップナイトブラ ブラックL,1,2980,2026-04,2026-05-18 13:44:26
2026-04-30,ロフト,ロフト0219,ラフドット,ラフドットインティメイトウォッシュ SB,10,35820,2026-04,2026-05-18 13:44:26
2026-04-30,ロフト,ロフト0219,（不明）,ラフインティメイトフレッシュミスト SB,1,3132,2026-04,2026-05-18 13:44:26
2026-04-30,ロフト,ロフト0219,（不明）,ビューティアップナイトブラ BグレーL,1,2980,2026-04,2026-05-18 13:44:26
2026-04-30,ロフト,ロフト0219,ラフドット,ラフドットインティメイトウォッシュ PM,14,50148,2026-04,2026-05-18 13:44:26
2026-04-30,ロフト,ロフト0219,（不明）,ラフインティメイトフレッシュミスト PM,1,3132,2026-04,2026-05-18 13:44:26
2026-04-30,ロフト,ロフト0219,ラフドット,ラフドットインティメイトウォッシュ AL,3,10746,2026-04,2026-05-18 13:44:26
2026-04-30,ロフト,ロフト0219,レチスパ,レチスパ クリームシャンプーサシェ,13,2600,2026-04,2026-05-18 13:44:26
2026-04-30,ロフト,ロフト0219,レチスパ,レチスパ クリームシャンプー詰替,4,12400,2026-04,2026-05-18 13:44:26
2026-04-30,ロフト,ロフト0219,（不明）,ベルミス スリムレギンス M-L,2,7980,2026-04,2026-05-18 13:44:26
2026-04-30,ロフト,ロフト0219,（不明）,ベルミス スリムレギンス L-LL,2,7980,2026-04,2026-05-18 13:44:26
2026-04-30,ロフト,ロフト0219,（不明）,ベルミス カラープラスBK M,1,4536,2026-04,2026-05-18 13:44:26
2026-04-30,ロフト,ロフト0219,ラフドット,ラフドット 薬用ホワイトセラム,1,3236,2026-04,2026-05-18 13:44:26
2026-04-30,ロフト,ロフト0219,ラフドット,ラフドットインティメイトウォッシュ MV,9,32238,2026-04,2026-05-18 13:44:26
2026-04-30,ロフト,ロフト0219,ラフドット,ラフドットインティメイトミスト MV,1,3132,2026-04,2026-05-18 13:44:26
2026-04-30,ロフト,ロフト0219,（不明）,カラマンビューティブラシ,2,28728,2026-04,2026-05-18 13:44:26
2026-04-30,ロフト,ロフト0219,バイワンシー,バイワンシー モイストブースターホイップ,3,6600,2026-04,2026-05-18 13:44:26
2026-04-30,ロフト,ロフト0219,（不明）,ベルミス スリムフルレッグLーLL,2,9436,2026-04,2026-05-18 13:44:26
2026-04-30,ロフト,ロフト0219,（不明）,リムーブレギンスEB L-LL,2,22364,2026-04,2026-05-18 13:44:26
2026-04-30,ロフト,ロフト0219,（不明）,スリムレギンス Premium Lv3,1,5445,2026-04,2026-05-18 13:44:26
2026-04-30,ロフト,ロフト0219,（不明）,インシトゥ ハーブラピール,11,26400,2026-04,2026-05-18 13:44:26
2026-04-30,ロフト,ロフト0219,（不明）,wolg BBクリーム ナチュラル,3,8127,2026-04,2026-05-18 13:44:26
2026-04-30,ロフト,ロフト0219,バイワンシー,バイワンシー スムース・リペアエッセンス,8,21600,2026-04,2026-05-18 13:44:26
2026-04-30,ロフト,ロフト0219,バイワンシー,バイワンシー スムースリペアESサシェ,15,4050,2026-04,2026-05-18 13:44:26
2026-04-30,ロフト,ロフト0219,バイワンシー,バイワンシー SP&TRサシェ,19,5130,2026-04,2026-05-18 13:44:26
2026-04-30,ロフト,ロフト0219,（不明）,ekam ホイップ洗顔,1,1800,2026-04,2026-05-18 13:44:26
2026-04-30,ロフト,ロフト0219,（不明）,ヒノキフットピーリングマスク,1,720,2026-04,2026-05-18 13:44:26
2026-04-30,ロフト,ロフト0219,（不明）,かかと集中ピーリングマスク,1,580,2026-04,2026-05-18 13:44:26
2026-04-30,ロフト,ロフト0219,（不明）,VイフェクトFCポアベルベットクリーム,3,8940,2026-04,2026-05-18 13:44:26
2026-04-30,ロフト,ロフト0219,（不明）,かかとソフトパッチ,2,1500,2026-04,2026-05-18 13:44:26
2026-04-30,ロフト,ロフト0219,（不明）,ティーブレスボディローションホワイト,2,3000,2026-04,2026-05-18 13:44:26
2026-04-30,ロフト,ロフト0220,（不明）,イオ クリーム メルトリペア 200,1,1600,2026-04,2026-05-18 13:44:26
2026-04-30,ロフト,ロフト0220,（不明）,イオセラム シャンプー 200,1,2000,2026-04,2026-05-18 13:44:26
2026-04-30,ロフト,ロフト0220,（不明）,ビューティアップナイトブラ ブラックM,1,2980,2026-04,2026-05-18 13:44:26
2026-04-30,ロフト,ロフト0220,ラフドット,ラフドットインティメイトウォッシュ SB,7,25074,2026-04,2026-05-18 13:44:26
2026-04-30,ロフト,ロフト0220,（不明）,ラフインティメイトフレッシュミスト SB,1,3132,2026-04,2026-05-18 13:44:26
2026-04-30,ロフト,ロフト0220,（不明）,ビューティアップナイトブラ BグレーM,3,8940,2026-04,2026-05-18 13:44:26
2026-04-30,ロフト,ロフト0220,（不明）,ビューティアップナイトブラ BグレーL,1,2980,2026-04,2026-05-18 13:44:26
2026-04-30,ロフト,ロフト0220,ラフドット,ラフドットインティメイトウォッシュ PM,7,25074,2026-04,2026-05-18 13:44:26
2026-04-30,ロフト,ロフト0220,（不明）,ラフインティメイトフレッシュミスト PM,1,3132,2026-04,2026-05-18 13:44:26
2026-04-30,ロフト,ロフト0220,ラフドット,ラフドットインティメイトウォッシュ AL,1,3582,2026-04,2026-05-18 13:44:26
2026-04-30,ロフト,ロフト0220,（不明）,ラフインティメイトフレッシュミスト AL,1,3132,2026-04,2026-05-18 13:44:26
2026-04-30,ロフト,ロフト0220,レチスパ,レチスパ クリームシャンプー,2,6400,2026-04,2026-05-18 13:44:26
2026-04-30,ロフト,ロフト0220,レチスパ,レチスパ クリームシャンプーサシェ,3,600,2026-04,2026-05-18 13:44:26
2026-04-30,ロフト,ロフト0220,レチスパ,レチスパ 頭皮用美容液,1,2500,2026-04,2026-05-18 13:44:26
2026-04-30,ロフト,ロフト0220,（不明）,ベルミス スリムレギンス M-L,1,3990,2026-04,2026-05-18 13:44:26
2026-04-30,ロフト,ロフト0220,（不明）,ベルミス スリムレギンス L-LL,2,7980,2026-04,2026-05-18 13:44:26
2026-04-30,ロフト,ロフト0220,（不明）,ベルミス カラープラスBK M,2,9072,2026-04,2026-05-18 13:44:26
2026-04-30,ロフト,ロフト0220,ラフドット,ラフドット 薬用ホワイトセラム,1,3236,2026-04,2026-05-18 13:44:26
2026-04-30,ロフト,ロフト0220,ラフドット,ラフドット ヘアリムーバー,4,13600,2026-04,2026-05-18 13:44:26
2026-04-30,ロフト,ロフト0220,ラフドット,ラフドットインティメイトウォッシュ MV,4,14328,2026-04,2026-05-18 13:44:26
2026-04-30,ロフト,ロフト0220,ラフドット,ラフドットインティメイトミスト MV,1,3132,2026-04,2026-05-18 13:44:26
2026-04-30,ロフト,ロフト0220,バイワンシー,バイワンシー モイストブースターホイップ,1,2200,2026-04,2026-05-18 13:44:26
2026-04-30,ロフト,ロフト0220,（不明）,スリムフルレッグ クールプラス M-L,1,4718,2026-04,2026-05-18 13:44:26
2026-04-30,ロフト,ロフト0220,バイワンシー,バイワンシー ピュア・アミノシャンプー,1,2700,2026-04,2026-05-18 13:44:26
2026-04-30,ロフト,ロフト0220,バイワンシー,バイワンシー ヒートケア・トリートメント,2,5400,2026-04,2026-05-18 13:44:26
2026-04-30,ロフト,ロフト0220,バイワンシー,バイワンシー スムース・リペアエッセンス,2,5400,2026-04,2026-05-18 13:44:26
2026-04-30,ロフト,ロフト0223,（不明）,イオ シャンプー クリアメント200,2,3200,2026-04,2026-05-18 13:44:26
2026-04-30,ロフト,ロフト0223,（不明）,イオ シャンプー リラックスメント200,1,1600,2026-04,2026-05-18 13:44:26
2026-04-30,ロフト,ロフト0223,（不明）,イオセラム オイル 100,1,2400,2026-04,2026-05-18 13:44:26
2026-04-30,ロフト,ロフト0223,（不明）,イオ シャンプー クリアメント200,1,1600,2026-04,2026-05-18 13:44:26
2026-04-30,ロフト,ロフト0223,（不明）,イオ シャンプー リラックスメント200,8,12800,2026-04,2026-05-18 13:44:26
2026-04-30,ロフト,ロフト0223,（不明）,イオ エッセンス モイスト,2,4000,2026-04,2026-05-18 13:44:26
2026-04-30,ロフト,ロフト0223,（不明）,イオ クリーム メルトリペア 200,12,19200,2026-04,2026-05-18 13:44:26
2026-04-30,ロフト,ロフト0223,（不明）,イオセラム シャンプー 200,1,2000,2026-04,2026-05-18 13:44:26
2026-04-30,ロフト,ロフト0223,（不明）,イオセラム クリーム 200,9,18000,2026-04,2026-05-18 13:44:26
2026-04-30,ロフト,ロフト0223,（不明）,イオセラム オイル 100,1,2400,2026-04,2026-05-18 13:44:26
2026-04-30,ロフト,ロフト0223,（不明）,ルベル ウィズ MG 240,1,1000,2026-04,2026-05-18 13:44:26
2026-04-30,ロフト,ロフト0223,（不明）,ルベル ウィズ RP 140,6,6000,2026-04,2026-05-18 13:44:26
2026-04-30,ロフト,ロフト0223,（不明）,ルベル ウィズ EP 140,1,1200,2026-04,2026-05-18 13:44:26
2026-04-30,ロフト,ロフト0223,（不明）,トリエ スプレー10 170,1,1600,2026-04,2026-05-18 13:44:26
2026-04-30,ロフト,ロフト0223,（不明）,ビューティアップナイトブラ ブラックM,3,8940,2026-04,2026-05-18 13:44:26
2026-04-30,ロフト,ロフト0223,ラフドット,ラフドットインティメイトウォッシュ SB,8,28656,2026-04,2026-05-18 13:44:26
2026-04-30,ロフト,ロフト0223,（不明）,ラフインティメイトフレッシュミスト SB,3,9396,2026-04,2026-05-18 13:44:26
2026-04-30,ロフト,ロフト0223,（不明）,ビューティアップナイトブラ BグレーM,1,2980,2026-04,2026-05-18 13:44:26
2026-04-30,ロフト,ロフト0223,ラフドット,ラフドットインティメイトウォッシュ PM,15,53730,2026-04,2026-05-18 13:44:26
2026-04-30,ロフト,ロフト0223,（不明）,ラフインティメイトフレッシュミスト PM,3,9396,2026-04,2026-05-18 13:44:26
2026-04-30,ロフト,ロフト0223,ラフドット,ラフドットインティメイトウォッシュ AL,2,7164,2026-04,2026-05-18 13:44:26
2026-04-30,ロフト,ロフト0223,レチスパ,レチスパ クリームシャンプー,3,9600,2026-04,2026-05-18 13:44:26
2026-04-30,ロフト,ロフト0223,レチスパ,レチスパ クリームシャンプーサシェ,14,2800,2026-04,2026-05-18 13:44:26
2026-04-30,ロフト,ロフト0223,レチスパ,レチスパ ヘアオイル,2,4800,2026-04,2026-05-18 13:44:26
2026-04-30,ロフト,ロフト0223,レチスパ,レチスパ 頭皮用美容液,2,5000,2026-04,2026-05-18 13:44:26
2026-04-30,ロフト,ロフト0223,（不明）,ベルミス スリムレギンス M-L,5,19950,2026-04,2026-05-18 13:44:26
2026-04-30,ロフト,ロフト0223,（不明）,ベルミス スリムレギンス L-LL,2,7980,2026-04,2026-05-18 13:44:26
2026-04-30,ロフト,ロフト0223,（不明）,ベルミス カラープラスAGY M,1,4536,2026-04,2026-05-18 13:44:26
2026-04-30,ロフト,ロフト0223,（不明）,ベルミス カラープラスBK L,1,4536,2026-04,2026-05-18 13:44:26
2026-04-30,ロフト,ロフト0223,ラフドット,ラフドット 薬用ホワイトセラム,2,6472,2026-04,2026-05-18 13:44:26
2026-04-30,ロフト,ロフト0223,ラフドット,ラフドット ヘアリムーバー,5,17000,2026-04,2026-05-18 13:44:26
2026-04-30,ロフト,ロフト0223,ラフドット,ラフドットインティメイトウォッシュ MV,7,25074,2026-04,2026-05-18 13:44:26
2026-04-30,ロフト,ロフト0223,（不明）,laugh.ギフトBOX,3,10746,2026-04,2026-05-18 13:44:26
2026-04-30,ロフト,ロフト0223,（不明）,カラマンビューティブラシ,1,14364,2026-04,2026-05-18 13:44:26
2026-04-30,ロフト,ロフト0223,バイワンシー,バイワンシー モイストブースターホイップ,1,2200,2026-04,2026-05-18 13:44:26
2026-04-30,ロフト,ロフト0223,（不明）,リムーブレギンスEB M-L,1,11182,2026-04,2026-05-18 13:44:26
2026-04-30,ロフト,ロフト0223,（不明）,リムーブレギンスEB L-LL,1,11182,2026-04,2026-05-18 13:44:26
2026-04-30,ロフト,ロフト0223,（不明）,スリムレギンス Premium Lv2,1,5445,2026-04,2026-05-18 13:44:26
2026-04-30,ロフト,ロフト0223,（不明）,スリムフルレッグ クールプラス L-LL,1,4718,2026-04,2026-05-18 13:44:26
2026-04-30,ロフト,ロフト0223,（不明）,wolg BBクリーム ナチュラル,4,10836,2026-04,2026-05-18 13:44:26
2026-04-30,ロフト,ロフト0223,バイワンシー,バイワンシー スムースリペアESサシェ,4,1080,2026-04,2026-05-18 13:44:26
2026-04-30,ロフト,ロフト0223,（不明）,ekam アドバンスドジェル,2,5418,2026-04,2026-05-18 13:44:26
2026-04-30,ロフト,ロフト0223,（不明）,ekam ホイップ洗顔,1,1800,2026-04,2026-05-18 13:44:26
2026-04-30,ロフト,ロフト0223,（不明）,ヒノキフットピーリングマスク,2,1440,2026-04,2026-05-18 13:44:26
2026-04-30,ロフト,ロフト0223,（不明）,フットピーリングダブルエッセンスマスク,1,750,2026-04,2026-05-18 13:44:26
2026-04-30,ロフト,ロフト0223,（不明）,かかと集中ピーリングマスク,1,580,2026-04,2026-05-18 13:44:26
2026-04-30,ロフト,ロフト0223,（不明）,かかとソフトパッチ,7,5250,2026-04,2026-05-18 13:44:26
2026-04-30,ロフト,ロフト0224,（不明）,イオセラム シャンプー 200,1,2000,2026-04,2026-05-18 13:44:26
2026-04-30,ロフト,ロフト0224,（不明）,イオ クリーム メルトリペア 200,3,4800,2026-04,2026-05-18 13:44:26
2026-04-30,ロフト,ロフト0224,（不明）,ビューティアップナイトブラ ブラックM,1,2980,2026-04,2026-05-18 13:44:26
2026-04-30,ロフト,ロフト0224,（不明）,ビューティアップナイトブラ ブラックL,1,2980,2026-04,2026-05-18 13:44:26
2026-04-30,ロフト,ロフト0224,ラフドット,ラフドットインティメイトウォッシュ SB,13,46566,2026-04,2026-05-18 13:44:26
2026-04-30,ロフト,ロフト0224,（不明）,ビューティアップナイトブラ BグレーM,2,5960,2026-04,2026-05-18 13:44:26
2026-04-30,ロフト,ロフト0224,（不明）,ビューティアップナイトブラ BグレーL,1,2980,2026-04,2026-05-18 13:44:26
2026-04-30,ロフト,ロフト0224,ラフドット,ラフドットインティメイトウォッシュ PM,6,21492,2026-04,2026-05-18 13:44:26
2026-04-30,ロフト,ロフト0224,ラフドット,ラフドットインティメイトウォッシュ AL,4,14328,2026-04,2026-05-18 13:44:26
2026-04-30,ロフト,ロフト0224,レチスパ,レチスパ クリームシャンプーサシェ,7,1400,2026-04,2026-05-18 13:44:26
2026-04-30,ロフト,ロフト0224,レチスパ,レチスパ クリームシャンプー詰替,2,6200,2026-04,2026-05-18 13:44:26
2026-04-30,ロフト,ロフト0224,レチスパ,レチスパ 頭皮用美容液,5,12500,2026-04,2026-05-18 13:44:26
2026-04-30,ロフト,ロフト0224,（不明）,ベルミス スリムレギンス M-L,1,3990,2026-04,2026-05-18 13:44:26
2026-04-30,ロフト,ロフト0224,（不明）,ベルミス カラープラスBK L,1,4536,2026-04,2026-05-18 13:44:26
2026-04-30,ロフト,ロフト0224,（不明）,ベルミス カラープラスAGY L,1,4536,2026-04,2026-05-18 13:44:26
2026-04-30,ロフト,ロフト0224,バイワンシー,バイワンシー モイストブースターホイップ,1,2200,2026-04,2026-05-18 13:44:26
2026-04-30,ロフト,ロフト0224,（不明）,スリムレギンス Premium Lv3,1,5445,2026-04,2026-05-18 13:44:26
2026-04-30,ロフト,ロフト0224,（不明）,インシトゥ ハーブラピール,8,19200,2026-04,2026-05-18 13:44:26
2026-04-30,ロフト,ロフト0224,バイワンシー,バイワンシー ピュア・アミノシャンプー,1,2700,2026-04,2026-05-18 13:44:26
2026-04-30,ロフト,ロフト0224,バイワンシー,バイワンシー スムース・リペアエッセンス,1,2700,2026-04,2026-05-18 13:44:26
2026-04-30,ロフト,ロフト0224,バイワンシー,バイワンシー スムースリペアESサシェ,8,2160,2026-04,2026-05-18 13:44:26
2026-04-30,ロフト,ロフト0224,バイワンシー,バイワンシー SP&TRサシェ,8,2160,2026-04,2026-05-18 13:44:26
2026-04-30,ロフト,ロフト0224,（不明）,フットピーリングダブルエッセンスマスク,1,750,2026-04,2026-05-18 13:44:26
2026-04-30,ロフト,ロフト0224,（不明）,かかとソフトパッチ,1,750,2026-04,2026-05-18 13:44:26
2026-04-30,ロフト,ロフト0224,（不明）,ティーブレスボディローションホワイト,2,3000,2026-04,2026-05-18 13:44:26
2026-04-30,ロフト,ロフト0224,（不明）,ティーブレスボディローショングリーン,2,3000,2026-04,2026-05-18 13:44:26
2026-04-30,ロフト,ロフト0225,（不明）,ルベル ウィズ RP 720,3,8400,2026-04,2026-05-18 13:44:26
2026-04-30,ロフト,ロフト0225,（不明）,イオ シャンプー リラックスメント200,3,4800,2026-04,2026-05-18 13:44:26
2026-04-30,ロフト,ロフト0225,（不明）,イオ クリーム シルキーリペア 200,18,28800,2026-04,2026-05-18 13:44:26
2026-04-30,ロフト,ロフト0225,（不明）,イオ クリーム メルトリペア 200,7,11200,2026-04,2026-05-18 13:44:26
2026-04-30,ロフト,ロフト0225,（不明）,イオセラム シャンプー 200,5,10000,2026-04,2026-05-18 13:44:26
2026-04-30,ロフト,ロフト0225,（不明）,イオセラム クリーム 200,8,16000,2026-04,2026-05-18 13:44:26
2026-04-30,ロフト,ロフト0225,（不明）,イオセラム オイル 100,1,2400,2026-04,2026-05-18 13:44:26
2026-04-30,ロフト,ロフト0225,（不明）,イオセラム マスク 170,7,22400,2026-04,2026-05-18 13:44:26
2026-04-30,ロフト,ロフト0225,（不明）,ルベル ウィズ JO 240,1,1000,2026-04,2026-05-18 13:44:26
2026-04-30,ロフト,ロフト0225,（不明）,ビューティアップナイトブラ ブラックL,1,2980,2026-04,2026-05-18 13:44:26
2026-04-30,ロフト,ロフト0225,ラフドット,ラフドットインティメイトウォッシュ SB,21,75222,2026-04,2026-05-18 13:44:26
2026-04-30,ロフト,ロフト0225,（不明）,ラフインティメイトフレッシュミスト SB,1,3132,2026-04,2026-05-18 13:44:26
2026-04-30,ロフト,ロフト0225,（不明）,ビューティアップナイトブラ BグレーM,1,2980,2026-04,2026-05-18 13:44:26
2026-04-30,ロフト,ロフト0225,ラフドット,ラフドットインティメイトウォッシュ PM,19,68058,2026-04,2026-05-18 13:44:26
2026-04-30,ロフト,ロフト0225,（不明）,ラフインティメイトフレッシュミスト PM,6,18792,2026-04,2026-05-18 13:44:26
2026-04-30,ロフト,ロフト0225,ラフドット,ラフドットインティメイトウォッシュ AL,1,3582,2026-04,2026-05-18 13:44:26
2026-04-30,ロフト,ロフト0225,レチスパ,レチスパ クリームシャンプー,4,12800,2026-04,2026-05-18 13:44:26
2026-04-30,ロフト,ロフト0225,レチスパ,レチスパ クリームシャンプーサシェ,27,5400,2026-04,2026-05-18 13:44:26
2026-04-30,ロフト,ロフト0225,レチスパ,レチスパ ヘアオイル,2,4800,2026-04,2026-05-18 13:44:26
2026-04-30,ロフト,ロフト0225,レチスパ,レチスパ 頭皮用美容液,8,20000,2026-04,2026-05-18 13:44:26
2026-04-30,ロフト,ロフト0225,（不明）,ベルミス スリムレギンス M-L,2,7980,2026-04,2026-05-18 13:44:26
2026-04-30,ロフト,ロフト0225,（不明）,ベルミス スリムレギンス L-LL,1,3990,2026-04,2026-05-18 13:44:26
2026-04-30,ロフト,ロフト0225,（不明）,ベルミス カラープラスBK M,1,4536,2026-04,2026-05-18 13:44:26
2026-04-30,ロフト,ロフト0225,（不明）,ベルミス カラープラスAGY M,1,4536,2026-04,2026-05-18 13:44:26
2026-04-30,ロフト,ロフト0225,（不明）,ベルミス カラープラスBK L,1,4536,2026-04,2026-05-18 13:44:26
2026-04-30,ロフト,ロフト0225,ラフドット,ラフドット 薬用ホワイトセラム,4,12944,2026-04,2026-05-18 13:44:26
2026-04-30,ロフト,ロフト0225,ラフドット,ラフドット ヘアリムーバー,3,10200,2026-04,2026-05-18 13:44:26
2026-04-30,ロフト,ロフト0225,ラフドット,ラフドットインティメイトウォッシュ MV,11,39402,2026-04,2026-05-18 13:44:26
2026-04-30,ロフト,ロフト0225,ラフドット,ラフドットインティメイトミスト MV,5,15660,2026-04,2026-05-18 13:44:26
2026-04-30,ロフト,ロフト0225,バイワンシー,バイワンシー モイストブースターホイップ,4,8800,2026-04,2026-05-18 13:44:26
2026-04-30,ロフト,ロフト0225,（不明）,ベルミス スリムフルレッグLーLL,1,4718,2026-04,2026-05-18 13:44:26
2026-04-30,ロフト,ロフト0225,（不明）,ベルミス スリムフルレッグ M-L,1,4718,2026-04,2026-05-18 13:44:26
2026-04-30,ロフト,ロフト0225,（不明）,リムーブレギンスEB M-L,1,11182,2026-04,2026-05-18 13:44:26
2026-04-30,ロフト,ロフト0225,（不明）,リムーブレギンスEB L-LL,1,11182,2026-04,2026-05-18 13:44:26
2026-04-30,ロフト,ロフト0225,（不明）,リムーブレギンスSG M-L,1,11182,2026-04,2026-05-18 13:44:26
2026-04-30,ロフト,ロフト0225,（不明）,リムーブレギンスSG L-LL,1,11182,2026-04,2026-05-18 13:44:26
2026-04-30,ロフト,ロフト0225,（不明）,スリムフルレッグ クールプラス M-L,1,4718,2026-04,2026-05-18 13:44:26
2026-04-30,ロフト,ロフト0225,（不明）,スリムフルレッグ クールプラス L-LL,1,4718,2026-04,2026-05-18 13:44:26
2026-04-30,ロフト,ロフト0225,（不明）,ekam アドバンスドセラム,1,3164,2026-04,2026-05-18 13:44:26
2026-04-30,ロフト,ロフト0225,（不明）,ekam ホイップ洗顔,3,5400,2026-04,2026-05-18 13:44:26
2026-04-30,ロフト,ロフト0225,（不明）,ヒノキフットピーリングマスク,2,1440,2026-04,2026-05-18 13:44:26
2026-04-30,ロフト,ロフト0225,（不明）,フットピーリングダブルエッセンスマスク,3,2250,2026-04,2026-05-18 13:44:26
2026-04-30,ロフト,ロフト0225,（不明）,かかとソフトパッチ,1,750,2026-04,2026-05-18 13:44:26
2026-04-30,ロフト,ロフト0225,（不明）,ティーブレスボディローショングリーン,1,1500,2026-04,2026-05-18 13:44:26
2026-04-30,ロフト,ロフト0226,（不明）,イオ シャンプー クリアメント200,1,1600,2026-04,2026-05-18 13:44:26
2026-04-30,ロフト,ロフト0226,（不明）,イオ シャンプー リラックスメント200,3,4800,2026-04,2026-05-18 13:44:26
2026-04-30,ロフト,ロフト0226,（不明）,イオ クリーム シルキーリペア 200,7,11200,2026-04,2026-05-18 13:44:26
2026-04-30,ロフト,ロフト0226,（不明）,イオセラム クリーム 200,6,12000,2026-04,2026-05-18 13:44:26
2026-04-30,ロフト,ロフト0226,（不明）,イオセラム オイル 100,1,2400,2026-04,2026-05-18 13:44:26
2026-04-30,ロフト,ロフト0226,（不明）,ルベル ウィズ RP 140,1,1000,2026-04,2026-05-18 13:44:26
2026-04-30,ロフト,ロフト0226,（不明）,トリエ スプレー10 170,11,17600,2026-04,2026-05-18 13:44:26
2026-04-30,ロフト,ロフト0226,（不明）,ビューティアップナイトブラ ブラックM,1,2980,2026-04,2026-05-18 13:44:26
2026-04-30,ロフト,ロフト0226,ラフドット,ラフドットインティメイトウォッシュ SB,18,64476,2026-04,2026-05-18 13:44:26
2026-04-30,ロフト,ロフト0226,（不明）,ラフインティメイトフレッシュミスト SB,4,12528,2026-04,2026-05-18 13:44:26
2026-04-30,ロフト,ロフト0226,（不明）,ビューティアップナイトブラ BグレーM,1,2980,2026-04,2026-05-18 13:44:26
2026-04-30,ロフト,ロフト0226,（不明）,ビューティアップナイトブラ BグレーL,2,5960,2026-04,2026-05-18 13:44:26
2026-04-30,ロフト,ロフト0226,ラフドット,ラフドットインティメイトウォッシュ PM,15,53730,2026-04,2026-05-18 13:44:26
2026-04-30,ロフト,ロフト0226,（不明）,ラフインティメイトフレッシュミスト PM,8,25056,2026-04,2026-05-18 13:44:26
2026-04-30,ロフト,ロフト0226,ラフドット,ラフドットインティメイトウォッシュ AL,1,3582,2026-04,2026-05-18 13:44:26
2026-04-30,ロフト,ロフト0226,（不明）,ラフインティメイトフレッシュミスト AL,1,3132,2026-04,2026-05-18 13:44:26
2026-04-30,ロフト,ロフト0226,レチスパ,レチスパ クリームシャンプー,3,9600,2026-04,2026-05-18 13:44:26
2026-04-30,ロフト,ロフト0226,レチスパ,レチスパ クリームシャンプーサシェ,6,1200,2026-04,2026-05-18 13:44:26
2026-04-30,ロフト,ロフト0226,レチスパ,レチスパ 頭皮用美容液,2,5000,2026-04,2026-05-18 13:44:26
2026-04-30,ロフト,ロフト0226,（不明）,ベルミス スリムレギンス M-L,1,3990,2026-04,2026-05-18 13:44:26
2026-04-30,ロフト,ロフト0226,（不明）,ベルミス カラープラスBK M,1,4536,2026-04,2026-05-18 13:44:26
2026-04-30,ロフト,ロフト0226,（不明）,ベルミス カラープラスAGY L,1,4536,2026-04,2026-05-18 13:44:26
2026-04-30,ロフト,ロフト0226,ラフドット,ラフドット 薬用ホワイトセラム,5,16180,2026-04,2026-05-18 13:44:26
2026-04-30,ロフト,ロフト0226,ラフドット,ラフドットインティメイトウォッシュ MV,3,10746,2026-04,2026-05-18 13:44:26
2026-04-30,ロフト,ロフト0226,ラフドット,ラフドットインティメイトミスト MV,2,6264,2026-04,2026-05-18 13:44:26
2026-04-30,ロフト,ロフト0226,バイワンシー,バイワンシー モイストブースターホイップ,1,2200,2026-04,2026-05-18 13:44:26
2026-04-30,ロフト,ロフト0226,（不明）,ベルミス スリムフルレッグLーLL,1,4718,2026-04,2026-05-18 13:44:26
2026-04-30,ロフト,ロフト0226,（不明）,リムーブレギンスEB M-L,2,22364,2026-04,2026-05-18 13:44:26
2026-04-30,ロフト,ロフト0226,（不明）,スリムレギンス Premium Lv3,3,16335,2026-04,2026-05-18 13:44:26
2026-04-30,ロフト,ロフト0226,（不明）,スリムフルレッグ クールプラス L-LL,1,4718,2026-04,2026-05-18 13:44:26
2026-04-30,ロフト,ロフト0226,（不明）,wolg BBクリーム ナチュラル,3,8127,2026-04,2026-05-18 13:44:26
2026-04-30,ロフト,ロフト0226,バイワンシー,バイワンシー ピュア・アミノシャンプー,4,10800,2026-04,2026-05-18 13:44:26
2026-04-30,ロフト,ロフト0226,バイワンシー,バイワンシー ヒートケア・トリートメント,3,8100,2026-04,2026-05-18 13:44:26
2026-04-30,ロフト,ロフト0226,バイワンシー,バイワンシー スムース・リペアエッセンス,2,5400,2026-04,2026-05-18 13:44:26
2026-04-30,ロフト,ロフト0226,バイワンシー,バイワンシー スムースリペアESサシェ,7,1890,2026-04,2026-05-18 13:44:26
2026-04-30,ロフト,ロフト0226,バイワンシー,バイワンシー SP&TRサシェ,17,4590,2026-04,2026-05-18 13:44:26
2026-04-30,ロフト,ロフト0226,（不明）,フットピーリングダブルエッセンスマスク,2,1500,2026-04,2026-05-18 13:44:26
2026-04-30,ロフト,ロフト0226,（不明）,かかとソフトパッチ,3,2250,2026-04,2026-05-18 13:44:26
2026-04-30,ロフト,ロフト0229,（不明）,イオ シャンプー クリアメント200,1,1600,2026-04,2026-05-18 13:44:26
2026-04-30,ロフト,ロフト0229,（不明）,イオ エッセンス モイスト,6,12000,2026-04,2026-05-18 13:44:26
2026-04-30,ロフト,ロフト0229,（不明）,イオ クリーム シルキーリペア 200,2,3200,2026-04,2026-05-18 13:44:26
2026-04-30,ロフト,ロフト0229,（不明）,イオ クリーム メルトリペア 200,1,1600,2026-04,2026-05-18 13:44:26
2026-04-30,ロフト,ロフト0229,（不明）,イオセラム オイル 100,1,2400,2026-04,2026-05-18 13:44:26
2026-04-30,ロフト,ロフト0229,（不明）,トリエ スプレー10 170,18,28800,2026-04,2026-05-18 13:44:26
2026-04-30,ロフト,ロフト0229,（不明）,ビューティアップナイトブラ ブラックM,1,2980,2026-04,2026-05-18 13:44:26
2026-04-30,ロフト,ロフト0229,（不明）,ビューティアップナイトブラ ブラックL,2,5960,2026-04,2026-05-18 13:44:26
2026-04-30,ロフト,ロフト0229,ラフドット,ラフドットインティメイトウォッシュ SB,5,17910,2026-04,2026-05-18 13:44:26
2026-04-30,ロフト,ロフト0229,（不明）,ビューティアップナイトブラ BグレーL,1,2980,2026-04,2026-05-18 13:44:26
2026-04-30,ロフト,ロフト0229,ラフドット,ラフドットインティメイトウォッシュ PM,11,39402,2026-04,2026-05-18 13:44:26
2026-04-30,ロフト,ロフト0229,レチスパ,レチスパ クリームシャンプー,3,9600,2026-04,2026-05-18 13:44:26
2026-04-30,ロフト,ロフト0229,レチスパ,レチスパ クリームシャンプーサシェ,12,2400,2026-04,2026-05-18 13:44:26
2026-04-30,ロフト,ロフト0229,レチスパ,レチスパ ヘアオイル,1,2400,2026-04,2026-05-18 13:44:26
2026-04-30,ロフト,ロフト0229,レチスパ,レチスパ 頭皮用美容液,1,2500,2026-04,2026-05-18 13:44:26
2026-04-30,ロフト,ロフト0229,（不明）,ベルミス カラープラスBK M,3,13608,2026-04,2026-05-18 13:44:26
2026-04-30,ロフト,ロフト0229,ラフドット,ラフドット 薬用ホワイトセラム,3,9708,2026-04,2026-05-18 13:44:26
2026-04-30,ロフト,ロフト0229,ラフドット,ラフドット ヘアリムーバー,3,10200,2026-04,2026-05-18 13:44:26
2026-04-30,ロフト,ロフト0229,ラフドット,ラフドットインティメイトウォッシュ MV,6,21492,2026-04,2026-05-18 13:44:26
2026-04-30,ロフト,ロフト0229,バイワンシー,バイワンシー モイストブースターホイップ,3,6600,2026-04,2026-05-18 13:44:26
2026-04-30,ロフト,ロフト0229,バイワンシー,バイワンシー ピュア・アミノシャンプー,3,8100,2026-04,2026-05-18 13:44:26
2026-04-30,ロフト,ロフト0229,バイワンシー,バイワンシー ヒートケア・トリートメント,2,5400,2026-04,2026-05-18 13:44:26
2026-04-30,ロフト,ロフト0229,バイワンシー,バイワンシー スムース・リペアエッセンス,5,13500,2026-04,2026-05-18 13:44:26
2026-04-30,ロフト,ロフト0229,バイワンシー,バイワンシー スムースリペアESサシェ,7,1890,2026-04,2026-05-18 13:44:26
2026-04-30,ロフト,ロフト0229,バイワンシー,バイワンシー SP&TRサシェ,9,2430,2026-04,2026-05-18 13:44:26
2026-04-30,ロフト,ロフト0229,（不明）,ekam アドバンスドジェル,1,2709,2026-04,2026-05-18 13:44:26
2026-04-30,ロフト,ロフト0229,（不明）,ekam ホイップ洗顔,1,1800,2026-04,2026-05-18 13:44:26
2026-04-30,ロフト,ロフト0229,（不明）,フットピーリングダブルエッセンスマスク,1,750,2026-04,2026-05-18 13:44:26
2026-04-30,ロフト,ロフト0229,（不明）,Vイフェクト青麦ジンクセラム,1,2300,2026-04,2026-05-18 13:44:26
2026-04-30,ロフト,ロフト0229,（不明）,Vイフェクト青麦LHAクレンジングジェル,3,6300,2026-04,2026-05-18 13:44:26
2026-04-30,ロフト,ロフト0229,（不明）,かかとソフトパッチ,1,750,2026-04,2026-05-18 13:44:26
2026-04-30,ロフト,ロフト0229,（不明）,ティーブレスボディローションホワイト,1,1500,2026-04,2026-05-18 13:44:26
2026-04-30,ロフト,ロフト0229,（不明）,ティーブレスボディローションアールグレイ,1,1500,2026-04,2026-05-18 13:44:26
2026-04-30,ロフト,ロフト0229,（不明）,ティーブレスボディローションローズティー,3,4500,2026-04,2026-05-18 13:44:26
2026-04-30,ロフト,ロフト0231,（不明）,イオ シャンプー クリアメント200,2,3200,2026-04,2026-05-18 13:44:26
2026-04-30,ロフト,ロフト0231,（不明）,イオ シャンプー リラックスメント200,1,1600,2026-04,2026-05-18 13:44:26
2026-04-30,ロフト,ロフト0231,（不明）,イオ エッセンス スリーク,1,2000,2026-04,2026-05-18 13:44:26
2026-04-30,ロフト,ロフト0231,（不明）,イオ クリーム シルキーリペア 200,1,1600,2026-04,2026-05-18 13:44:26
2026-04-30,ロフト,ロフト0231,（不明）,イオ クリーム メルトリペア 200,1,1600,2026-04,2026-05-18 13:44:26
2026-04-30,ロフト,ロフト0231,（不明）,イオセラム オイル 100,1,2400,2026-04,2026-05-18 13:44:26
2026-04-30,ロフト,ロフト0231,（不明）,ルベル ウィズ RP 140,1,1000,2026-04,2026-05-18 13:44:26
2026-04-30,ロフト,ロフト0231,（不明）,トリエ スプレー10 170,25,40000,2026-04,2026-05-18 13:44:26
2026-04-30,ロフト,ロフト0231,（不明）,ビューティアップナイトブラ ブラックM,1,2980,2026-04,2026-05-18 13:44:26
2026-04-30,ロフト,ロフト0231,（不明）,ビューティアップナイトブラ ブラックL,1,2980,2026-04,2026-05-18 13:44:26
2026-04-30,ロフト,ロフト0231,ラフドット,ラフドットインティメイトウォッシュ SB,10,35820,2026-04,2026-05-18 13:44:26
2026-04-30,ロフト,ロフト0231,（不明）,ラフインティメイトフレッシュミスト SB,1,3132,2026-04,2026-05-18 13:44:26
2026-04-30,ロフト,ロフト0231,（不明）,ビューティアップナイトブラ BグレーM,1,2980,2026-04,2026-05-18 13:44:26
2026-04-30,ロフト,ロフト0231,（不明）,ビューティアップナイトブラ BグレーL,1,2980,2026-04,2026-05-18 13:44:26
2026-04-30,ロフト,ロフト0231,ラフドット,ラフドットインティメイトウォッシュ PM,12,42984,2026-04,2026-05-18 13:44:26
2026-04-30,ロフト,ロフト0231,ラフドット,ラフドットインティメイトウォッシュ AL,1,3582,2026-04,2026-05-18 13:44:26
2026-04-30,ロフト,ロフト0231,（不明）,ラフインティメイトフレッシュミスト AL,1,3132,2026-04,2026-05-18 13:44:26
2026-04-30,ロフト,ロフト0231,レチスパ,レチスパ クリームシャンプー,3,9600,2026-04,2026-05-18 13:44:26
2026-04-30,ロフト,ロフト0231,レチスパ,レチスパ クリームシャンプーサシェ,9,1800,2026-04,2026-05-18 13:44:26
2026-04-30,ロフト,ロフト0231,レチスパ,レチスパ ヘアオイル,1,2400,2026-04,2026-05-18 13:44:26
2026-04-30,ロフト,ロフト0231,レチスパ,レチスパ クリームシャンプー詰替,2,6200,2026-04,2026-05-18 13:44:26
2026-04-30,ロフト,ロフト0231,レチスパ,レチスパ 頭皮用美容液,4,10000,2026-04,2026-05-18 13:44:26
2026-04-30,ロフト,ロフト0231,ラフドット,ラフドットインティメイトウォッシュ MV,9,32238,2026-04,2026-05-18 13:44:26
2026-04-30,ロフト,ロフト0231,ラフドット,ラフドットインティメイトミスト MV,1,3132,2026-04,2026-05-18 13:44:26
2026-04-30,ロフト,ロフト0231,バイワンシー,バイワンシー モイストブースターホイップ,5,11000,2026-04,2026-05-18 13:44:26
2026-04-30,ロフト,ロフト0231,（不明）,リムーブレギンスEB M-L,2,22364,2026-04,2026-05-18 13:44:26
2026-04-30,ロフト,ロフト0231,（不明）,リムーブレギンスEB L-LL,3,33546,2026-04,2026-05-18 13:44:26
2026-04-30,ロフト,ロフト0231,（不明）,スリムレギンス Premium Lv1,1,5445,2026-04,2026-05-18 13:44:26
2026-04-30,ロフト,ロフト0231,（不明）,スリムレギンス Premium Lv3,1,5445,2026-04,2026-05-18 13:44:26
2026-04-30,ロフト,ロフト0231,（不明）,スリムフルレッグ クールプラス M-L,1,4718,2026-04,2026-05-18 13:44:26
2026-04-30,ロフト,ロフト0231,（不明）,インシトゥ ハーブラピール,3,7200,2026-04,2026-05-18 13:44:26
2026-04-30,ロフト,ロフト0231,（不明）,wolg BBクリーム ナチュラル,1,2709,2026-04,2026-05-18 13:44:26
2026-04-30,ロフト,ロフト0231,バイワンシー,バイワンシー ピュア・アミノシャンプー,3,8100,2026-04,2026-05-18 13:44:26
2026-04-30,ロフト,ロフト0231,バイワンシー,バイワンシー ヒートケア・トリートメント,5,13500,2026-04,2026-05-18 13:44:26
2026-04-30,ロフト,ロフト0231,バイワンシー,バイワンシー スムース・リペアエッセンス,6,16200,2026-04,2026-05-18 13:44:26
2026-04-30,ロフト,ロフト0231,バイワンシー,バイワンシー スムースリペアESサシェ,9,2430,2026-04,2026-05-18 13:44:26
2026-04-30,ロフト,ロフト0231,バイワンシー,バイワンシー SP&TRサシェ,24,6480,2026-04,2026-05-18 13:44:26
2026-04-30,ロフト,ロフト0231,（不明）,ekam アドバンスドジェル,2,5418,2026-04,2026-05-18 13:44:26
2026-04-30,ロフト,ロフト0231,（不明）,フットピーリングダブルエッセンスマスク,1,750,2026-04,2026-05-18 13:44:26
2026-04-30,ロフト,ロフト0231,（不明）,かかと集中ピーリングマスク,1,580,2026-04,2026-05-18 13:44:26
2026-04-30,ロフト,ロフト0231,（不明）,Vイフェクト青麦LHAクレンジングジェル,1,2100,2026-04,2026-05-18 13:44:26
2026-04-30,ロフト,ロフト0231,（不明）,かかとソフトパッチ,2,1500,2026-04,2026-05-18 13:44:26
2026-04-30,ロフト,ロフト0231,（不明）,ティーブレスボディローショングリーン,3,4500,2026-04,2026-05-18 13:44:26
2026-04-30,ロフト,ロフト0232,（不明）,イオセラム オイル 100,1,2400,2026-04,2026-05-18 13:44:26
2026-04-30,ロフト,ロフト0232,（不明）,イオ シャンプー リラックスメント200,1,1600,2026-04,2026-05-18 13:44:26
2026-04-30,ロフト,ロフト0232,（不明）,イオセラム クリーム 200,4,8000,2026-04,2026-05-18 13:44:26
2026-04-30,ロフト,ロフト0232,（不明）,ルベル ウィズ JO 240,1,1000,2026-04,2026-05-18 13:44:26
2026-04-30,ロフト,ロフト0232,（不明）,ビューティアップナイトブラ ブラックM,3,8940,2026-04,2026-05-18 13:44:26
2026-04-30,ロフト,ロフト0232,（不明）,ビューティアップナイトブラ ブラックL,2,5960,2026-04,2026-05-18 13:44:26
2026-04-30,ロフト,ロフト0232,ラフドット,ラフドットインティメイトウォッシュ SB,25,89550,2026-04,2026-05-18 13:44:26
2026-04-30,ロフト,ロフト0232,（不明）,ラフインティメイトフレッシュミスト SB,1,3132,2026-04,2026-05-18 13:44:26
2026-04-30,ロフト,ロフト0232,（不明）,ビューティアップナイトブラ BグレーM,1,2980,2026-04,2026-05-18 13:44:26
2026-04-30,ロフト,ロフト0232,（不明）,ビューティアップナイトブラ BグレーL,1,2980,2026-04,2026-05-18 13:44:26
2026-04-30,ロフト,ロフト0232,ラフドット,ラフドットインティメイトウォッシュ PM,19,68058,2026-04,2026-05-18 13:44:26
2026-04-30,ロフト,ロフト0232,（不明）,ラフインティメイトフレッシュミスト PM,4,12528,2026-04,2026-05-18 13:44:26
2026-04-30,ロフト,ロフト0232,ラフドット,ラフドットインティメイトウォッシュ AL,1,3582,2026-04,2026-05-18 13:44:26
2026-04-30,ロフト,ロフト0232,レチスパ,レチスパ クリームシャンプー,1,3200,2026-04,2026-05-18 13:44:26
2026-04-30,ロフト,ロフト0232,レチスパ,レチスパ クリームシャンプーサシェ,12,2400,2026-04,2026-05-18 13:44:26
2026-04-30,ロフト,ロフト0232,（不明）,ベルミス スリムレギンス M-L,1,3990,2026-04,2026-05-18 13:44:26
2026-04-30,ロフト,ロフト0232,（不明）,ベルミス スリムレギンス L-LL,1,3990,2026-04,2026-05-18 13:44:26
2026-04-30,ロフト,ロフト0232,（不明）,ベルミス カラープラスBK M,1,4536,2026-04,2026-05-18 13:44:26
2026-04-30,ロフト,ロフト0232,（不明）,ベルミス カラープラスAGY M,2,9072,2026-04,2026-05-18 13:44:26
2026-04-30,ロフト,ロフト0232,（不明）,ベルミス カラープラスBK L,3,13608,2026-04,2026-05-18 13:44:26
2026-04-30,ロフト,ロフト0232,（不明）,ベルミス カラープラスAGY L,1,4536,2026-04,2026-05-18 13:44:26
2026-04-30,ロフト,ロフト0232,ラフドット,ラフドット 薬用ホワイトセラム,1,3236,2026-04,2026-05-18 13:44:26
2026-04-30,ロフト,ロフト0232,ラフドット,ラフドットインティメイトウォッシュ MV,11,39402,2026-04,2026-05-18 13:44:26
2026-04-30,ロフト,ロフト0232,ラフドット,ラフドットインティメイトミスト MV,1,3132,2026-04,2026-05-18 13:44:26
2026-04-30,ロフト,ロフト0232,（不明）,ベルミス スリムフルレッグLーLL,1,4718,2026-04,2026-05-18 13:44:26
2026-04-30,ロフト,ロフト0232,（不明）,スリムレギンス Premium Lv2,1,5445,2026-04,2026-05-18 13:44:26
2026-04-30,ロフト,ロフト0232,（不明）,wolg BBクリーム ナチュラル,2,5418,2026-04,2026-05-18 13:44:26
2026-04-30,ロフト,ロフト0232,（不明）,ekam ホイップ洗顔,1,1800,2026-04,2026-05-18 13:44:26
2026-04-30,ロフト,ロフト0232,（不明）,ヒノキフットピーリングマスク,2,1440,2026-04,2026-05-18 13:44:26
2026-04-30,ロフト,ロフト0232,（不明）,かかと集中ピーリングマスク,1,580,2026-04,2026-05-18 13:44:26
2026-04-30,ロフト,ロフト0232,（不明）,Vイフェクト青麦LHAクレンジングジェル,3,6300,2026-04,2026-05-18 13:44:26
2026-04-30,ロフト,ロフト0232,（不明）,ティーブレスボディローションアールグレイ,1,1500,2026-04,2026-05-18 13:44:26
2026-04-30,ロフト,ロフト0232,（不明）,ティーブレスボディローショングリーン,1,1500,2026-04,2026-05-18 13:44:26
2026-04-30,ロフト,ロフト0233,（不明）,イオセラム オイル 100,2,4800,2026-04,2026-05-18 13:44:26
2026-04-30,ロフト,ロフト0233,（不明）,イオ エッセンス モイスト,1,2000,2026-04,2026-05-18 13:44:26
2026-04-30,ロフト,ロフト0233,（不明）,イオ クリーム メルトリペア 200,4,6400,2026-04,2026-05-18 13:44:26
2026-04-30,ロフト,ロフト0233,（不明）,イオセラム クリーム 200,3,6000,2026-04,2026-05-18 13:44:26
2026-04-30,ロフト,ロフト0233,（不明）,イオセラム オイル 100,6,14400,2026-04,2026-05-18 13:44:26
2026-04-30,ロフト,ロフト0233,（不明）,ルベル ウィズ RP 140,2,2000,2026-04,2026-05-18 13:44:26
2026-04-30,ロフト,ロフト0233,（不明）,トリエ スプレー10 170,7,11200,2026-04,2026-05-18 13:44:26
2026-04-30,ロフト,ロフト0233,（不明）,ビューティアップナイトブラ ブラックL,1,2980,2026-04,2026-05-18 13:44:26
2026-04-30,ロフト,ロフト0233,ラフドット,ラフドットインティメイトウォッシュ SB,4,14328,2026-04,2026-05-18 13:44:26
2026-04-30,ロフト,ロフト0233,（不明）,ラフインティメイトフレッシュミスト SB,1,3132,2026-04,2026-05-18 13:44:26
2026-04-30,ロフト,ロフト0233,（不明）,ビューティアップナイトブラ BグレーM,1,2980,2026-04,2026-05-18 13:44:26
2026-04-30,ロフト,ロフト0233,ラフドット,ラフドットインティメイトウォッシュ PM,16,57312,2026-04,2026-05-18 13:44:26
2026-04-30,ロフト,ロフト0233,（不明）,ラフインティメイトフレッシュミスト PM,2,6264,2026-04,2026-05-18 13:44:26
2026-04-30,ロフト,ロフト0233,レチスパ,レチスパ クリームシャンプーサシェ,7,1400,2026-04,2026-05-18 13:44:26
2026-04-30,ロフト,ロフト0233,レチスパ,レチスパ クリームシャンプー詰替,1,3100,2026-04,2026-05-18 13:44:26
2026-04-30,ロフト,ロフト0233,レチスパ,レチスパ 頭皮用美容液,2,5000,2026-04,2026-05-18 13:44:26
2026-04-30,ロフト,ロフト0233,（不明）,ベルミス スリムレギンス L-LL,1,3990,2026-04,2026-05-18 13:44:26
2026-04-30,ロフト,ロフト0233,（不明）,ベルミス カラープラスBK M,2,9072,2026-04,2026-05-18 13:44:26
2026-04-30,ロフト,ロフト0233,ラフドット,ラフドット 薬用ホワイトセラム,6,19416,2026-04,2026-05-18 13:44:26
2026-04-30,ロフト,ロフト0233,ラフドット,ラフドットインティメイトウォッシュ MV,4,14328,2026-04,2026-05-18 13:44:26
2026-04-30,ロフト,ロフト0233,（不明）,laugh.ギフトBOX,1,3582,2026-04,2026-05-18 13:44:26
2026-04-30,ロフト,ロフト0233,バイワンシー,バイワンシー モイストブースターホイップ,2,4400,2026-04,2026-05-18 13:44:26
2026-04-30,ロフト,ロフト0233,（不明）,ベルミス スリムフルレッグLーLL,1,4718,2026-04,2026-05-18 13:44:26
2026-04-30,ロフト,ロフト0233,（不明）,リムーブレギンスEB L-LL,1,11182,2026-04,2026-05-18 13:44:26
2026-04-30,ロフト,ロフト0233,（不明）,スリムレギンス Premium Lv3,1,5445,2026-04,2026-05-18 13:44:26
2026-04-30,ロフト,ロフト0233,（不明）,wolg BBクリーム ナチュラル,3,8127,2026-04,2026-05-18 13:44:26
2026-04-30,ロフト,ロフト0233,バイワンシー,バイワンシー ピュア・アミノシャンプー,3,8100,2026-04,2026-05-18 13:44:26
2026-04-30,ロフト,ロフト0233,バイワンシー,バイワンシー ヒートケア・トリートメント,4,10800,2026-04,2026-05-18 13:44:26
2026-04-30,ロフト,ロフト0233,バイワンシー,バイワンシー スムース・リペアエッセンス,4,10800,2026-04,2026-05-18 13:44:26
2026-04-30,ロフト,ロフト0233,バイワンシー,バイワンシー スムースリペアESサシェ,7,1890,2026-04,2026-05-18 13:44:26
2026-04-30,ロフト,ロフト0233,バイワンシー,バイワンシー SP&TRサシェ,9,2430,2026-04,2026-05-18 13:44:26
2026-04-30,ロフト,ロフト0233,（不明）,ekam アドバンスドジェル,6,16254,2026-04,2026-05-18 13:44:26
2026-04-30,ロフト,ロフト0233,（不明）,ekam アドバンスドセラム,1,3164,2026-04,2026-05-18 13:44:26
2026-04-30,ロフト,ロフト0233,（不明）,ekam ホイップ洗顔,4,7200,2026-04,2026-05-18 13:44:26
2026-04-30,ロフト,ロフト0233,（不明）,フットピーリングダブルエッセンスマスク,1,750,2026-04,2026-05-18 13:44:26
2026-04-30,ロフト,ロフト0233,（不明）,かかとソフトパッチ,1,750,2026-04,2026-05-18 13:44:26
2026-04-30,ロフト,ロフト0233,（不明）,ティーブレスボディローショングリーン,1,1500,2026-04,2026-05-18 13:44:26
2026-04-30,ロフト,ロフト0234,（不明）,イオ シャンプー クリアメント200,6,9600,2026-04,2026-05-18 13:44:26
2026-04-30,ロフト,ロフト0234,（不明）,イオ エッセンス スリーク,3,6000,2026-04,2026-05-18 13:44:26
2026-04-30,ロフト,ロフト0234,（不明）,イオ クリーム メルトリペア 200,8,12800,2026-04,2026-05-18 13:44:26
2026-04-30,ロフト,ロフト0234,（不明）,イオセラム クリーム 200,2,4000,2026-04,2026-05-18 13:44:26
2026-04-30,ロフト,ロフト0234,（不明）,ルベル ウィズ SW 240,5,5000,2026-04,2026-05-18 13:44:26
2026-04-30,ロフト,ロフト0234,（不明）,トリエ スプレー10 170,41,65600,2026-04,2026-05-18 13:44:26
2026-04-30,ロフト,ロフト0234,（不明）,ビューティアップナイトブラ ブラックL,1,2980,2026-04,2026-05-18 13:44:26
2026-04-30,ロフト,ロフト0234,ラフドット,ラフドットインティメイトウォッシュ SB,13,46566,2026-04,2026-05-18 13:44:26
2026-04-30,ロフト,ロフト0234,（不明）,ラフインティメイトフレッシュミスト SB,4,12528,2026-04,2026-05-18 13:44:26
2026-04-30,ロフト,ロフト0234,（不明）,ビューティアップナイトブラ BグレーL,1,2980,2026-04,2026-05-18 13:44:26
2026-04-30,ロフト,ロフト0234,ラフドット,ラフドットインティメイトウォッシュ PM,25,89550,2026-04,2026-05-18 13:44:26
2026-04-30,ロフト,ロフト0234,（不明）,ラフインティメイトフレッシュミスト PM,5,15660,2026-04,2026-05-18 13:44:26
2026-04-30,ロフト,ロフト0234,ラフドット,ラフドットインティメイトウォッシュ AL,3,10746,2026-04,2026-05-18 13:44:26
2026-04-30,ロフト,ロフト0234,レチスパ,レチスパ クリームシャンプー,3,9600,2026-04,2026-05-18 13:44:26
2026-04-30,ロフト,ロフト0234,レチスパ,レチスパ クリームシャンプーサシェ,25,5000,2026-04,2026-05-18 13:44:26
2026-04-30,ロフト,ロフト0234,レチスパ,レチスパ ヘアオイル,3,7200,2026-04,2026-05-18 13:44:26
2026-04-30,ロフト,ロフト0234,レチスパ,レチスパ クリームシャンプー詰替,3,9300,2026-04,2026-05-18 13:44:26
2026-04-30,ロフト,ロフト0234,レチスパ,レチスパ 頭皮用美容液,5,12500,2026-04,2026-05-18 13:44:26
2026-04-30,ロフト,ロフト0234,（不明）,ベルミス スリムレギンス M-L,2,7980,2026-04,2026-05-18 13:44:26
2026-04-30,ロフト,ロフト0234,（不明）,ベルミス スリムレギンス L-LL,2,7980,2026-04,2026-05-18 13:44:26
2026-04-30,ロフト,ロフト0234,（不明）,ベルミス カラープラスBK L,1,4536,2026-04,2026-05-18 13:44:26
2026-04-30,ロフト,ロフト0234,ラフドット,ラフドット 薬用ホワイトセラム,8,25888,2026-04,2026-05-18 13:44:26
2026-04-30,ロフト,ロフト0234,ラフドット,ラフドットインティメイトウォッシュ MV,6,21492,2026-04,2026-05-18 13:44:26
2026-04-30,ロフト,ロフト0234,（不明）,カラマンビューティブラシ,2,28728,2026-04,2026-05-18 13:44:26
2026-04-30,ロフト,ロフト0234,バイワンシー,バイワンシー モイストブースターホイップ,1,2200,2026-04,2026-05-18 13:44:26
2026-04-30,ロフト,ロフト0234,（不明）,スリムレギンス Premium Lv2,1,5445,2026-04,2026-05-18 13:44:26
2026-04-30,ロフト,ロフト0234,（不明）,スリムフルレッグ クールプラス M-L,1,4718,2026-04,2026-05-18 13:44:26
2026-04-30,ロフト,ロフト0234,（不明）,スリムフルレッグ クールプラス L-LL,1,4718,2026-04,2026-05-18 13:44:26
2026-04-30,ロフト,ロフト0234,（不明）,インシトゥ ハーブラピール,20,48000,2026-04,2026-05-18 13:44:26
2026-04-30,ロフト,ロフト0234,（不明）,wolg BBクリーム ナチュラル,6,16254,2026-04,2026-05-18 13:44:26
2026-04-30,ロフト,ロフト0234,バイワンシー,バイワンシー ピュア・アミノシャンプー,1,2700,2026-04,2026-05-18 13:44:26
2026-04-30,ロフト,ロフト0234,バイワンシー,バイワンシー ヒートケア・トリートメント,1,2700,2026-04,2026-05-18 13:44:26
2026-04-30,ロフト,ロフト0234,バイワンシー,バイワンシー スムース・リペアエッセンス,7,18900,2026-04,2026-05-18 13:44:26
2026-04-30,ロフト,ロフト0234,バイワンシー,バイワンシー スムースリペアESサシェ,8,2160,2026-04,2026-05-18 13:44:26
2026-04-30,ロフト,ロフト0234,バイワンシー,バイワンシー SP&TRサシェ,25,6750,2026-04,2026-05-18 13:44:26
2026-04-30,ロフト,ロフト0234,（不明）,ekam アドバンスドジェル,2,5418,2026-04,2026-05-18 13:44:26
2026-04-30,ロフト,ロフト0234,（不明）,ekam アドバンスドセラム,1,3164,2026-04,2026-05-18 13:44:26
2026-04-30,ロフト,ロフト0234,（不明）,ekam ホイップ洗顔,1,1800,2026-04,2026-05-18 13:44:26
2026-04-30,ロフト,ロフト0234,（不明）,ヒノキフットピーリングマスク,7,5040,2026-04,2026-05-18 13:44:26
2026-04-30,ロフト,ロフト0234,（不明）,フットピーリングダブルエッセンスマスク,5,3750,2026-04,2026-05-18 13:44:26
2026-04-30,ロフト,ロフト0234,（不明）,かかと集中ピーリングマスク,4,2320,2026-04,2026-05-18 13:44:26
2026-04-30,ロフト,ロフト0234,（不明）,かかとソフトパッチ,5,3750,2026-04,2026-05-18 13:44:26
2026-04-30,ロフト,ロフト0234,（不明）,ティーブレスボディローショングリーン,3,4500,2026-04,2026-05-18 13:44:26
2026-04-30,ロフト,ロフト0234,（不明）,ティーブレスボディローションローズティー,1,1500,2026-04,2026-05-18 13:44:26
2026-04-30,ロフト,ロフト0235,（不明）,イオ シャンプー クリアメント200,3,4800,2026-04,2026-05-18 13:44:26
2026-04-30,ロフト,ロフト0235,（不明）,イオ シャンプー リラックスメント200,18,28800,2026-04,2026-05-18 13:44:26
2026-04-30,ロフト,ロフト0235,（不明）,イオ エッセンス モイスト,23,46000,2026-04,2026-05-18 13:44:26
2026-04-30,ロフト,ロフト0235,（不明）,イオ エッセンス スリーク,18,36000,2026-04,2026-05-18 13:44:26
2026-04-30,ロフト,ロフト0235,（不明）,イオ クリーム シルキーリペア 200,13,20800,2026-04,2026-05-18 13:44:26
2026-04-30,ロフト,ロフト0235,（不明）,イオ ディープマスク,15,45000,2026-04,2026-05-18 13:44:26
2026-04-30,ロフト,ロフト0235,（不明）,イオセラム シャンプー 200,15,30000,2026-04,2026-05-18 13:44:26
2026-04-30,ロフト,ロフト0235,（不明）,イオセラム クリーム 200,27,54000,2026-04,2026-05-18 13:44:26
2026-04-30,ロフト,ロフト0235,（不明）,イオセラム マスク 170,6,19200,2026-04,2026-05-18 13:44:26
2026-04-30,ロフト,ロフト0235,（不明）,ルベル ウィズ MG 240,3,3000,2026-04,2026-05-18 13:44:26
2026-04-30,ロフト,ロフト0235,（不明）,ルベル ウィズ JO 240,4,4000,2026-04,2026-05-18 13:44:26
2026-04-30,ロフト,ロフト0235,（不明）,ルベル ウィズ RP 140,2,2000,2026-04,2026-05-18 13:44:26
2026-04-30,ロフト,ロフト0235,（不明）,トリエ スプレー10 170,28,44800,2026-04,2026-05-18 13:44:26
2026-04-30,ロフト,ロフト0235,（不明）,ビューティアップナイトブラ ブラックM,6,17880,2026-04,2026-05-18 13:44:26
2026-04-30,ロフト,ロフト0235,（不明）,ビューティアップナイトブラ ブラックL,6,17880,2026-04,2026-05-18 13:44:26
2026-04-30,ロフト,ロフト0235,（不明）,ビューティアップナイトブラ NピンクM,3,8940,2026-04,2026-05-18 13:44:26
2026-04-30,ロフト,ロフト0235,（不明）,ビューティアップナイトブラ NピンクL,8,23840,2026-04,2026-05-18 13:44:26
2026-04-30,ロフト,ロフト0235,ラフドット,ラフドットインティメイトウォッシュ SB,18,64476,2026-04,2026-05-18 13:44:26
2026-04-30,ロフト,ロフト0235,（不明）,ラフインティメイトフレッシュミスト SB,2,6264,2026-04,2026-05-18 13:44:26
2026-04-30,ロフト,ロフト0235,（不明）,ビューティアップナイトブラ BグレーM,4,11920,2026-04,2026-05-18 13:44:26
2026-04-30,ロフト,ロフト0235,（不明）,ビューティアップナイトブラ BグレーL,4,11920,2026-04,2026-05-18 13:44:26
2026-04-30,ロフト,ロフト0235,ラフドット,ラフドットインティメイトウォッシュ PM,19,68058,2026-04,2026-05-18 13:44:26
2026-04-30,ロフト,ロフト0235,（不明）,ラフインティメイトフレッシュミスト PM,1,3132,2026-04,2026-05-18 13:44:26
2026-04-30,ロフト,ロフト0235,（不明）,インティメイトウォッシュ RW,1,3582,2026-04,2026-05-18 13:44:26
2026-04-30,ロフト,ロフト0235,ラフドット,ラフドットインティメイトウォッシュ AL,3,10746,2026-04,2026-05-18 13:44:26
2026-04-30,ロフト,ロフト0235,レチスパ,レチスパ クリームシャンプー,3,9600,2026-04,2026-05-18 13:44:26
2026-04-30,ロフト,ロフト0235,レチスパ,レチスパ クリームシャンプーサシェ,44,8800,2026-04,2026-05-18 13:44:26
2026-04-30,ロフト,ロフト0235,レチスパ,レチスパ ヘアオイル,14,33600,2026-04,2026-05-18 13:44:26
2026-04-30,ロフト,ロフト0235,レチスパ,レチスパ クリームシャンプー詰替,17,52700,2026-04,2026-05-18 13:44:26
2026-04-30,ロフト,ロフト0235,レチスパ,レチスパ 頭皮用美容液,8,20000,2026-04,2026-05-18 13:44:26
2026-04-30,ロフト,ロフト0235,（不明）,ベルミス スリムレギンス M-L,4,15960,2026-04,2026-05-18 13:44:26
2026-04-30,ロフト,ロフト0235,（不明）,ベルミス カラープラスBK L,1,4536,2026-04,2026-05-18 13:44:26
2026-04-30,ロフト,ロフト0235,ラフドット,ラフドットインティメイトウォッシュ MV,16,57312,2026-04,2026-05-18 13:44:26
2026-04-30,ロフト,ロフト0235,ラフドット,ラフドットインティメイトミスト MV,4,12528,2026-04,2026-05-18 13:44:26
2026-04-30,ロフト,ロフト0235,（不明）,カラマンビューティブラシ,1,14364,2026-04,2026-05-18 13:44:26
2026-04-30,ロフト,ロフト0235,（不明）,ベルミス スリムフルレッグ M-L,1,4718,2026-04,2026-05-18 13:44:26
2026-04-30,ロフト,ロフト0235,（不明）,リムーブレギンスEB M-L,1,11182,2026-04,2026-05-18 13:44:26
2026-04-30,ロフト,ロフト0235,（不明）,リムーブレギンスEB L-LL,1,11182,2026-04,2026-05-18 13:44:26
2026-04-30,ロフト,ロフト0235,（不明）,リムーブレギンスSG M-L,2,22364,2026-04,2026-05-18 13:44:26
2026-04-30,ロフト,ロフト0235,（不明）,リムーブレギンスSG L-LL,1,11182,2026-04,2026-05-18 13:44:26
2026-04-30,ロフト,ロフト0235,（不明）,リムーブレギンスRP L-LL,2,22364,2026-04,2026-05-18 13:44:26
2026-04-30,ロフト,ロフト0235,（不明）,スリムレギンス Premium Lv1,2,10890,2026-04,2026-05-18 13:44:26
2026-04-30,ロフト,ロフト0235,（不明）,スリムレギンス Premium Lv2,3,16335,2026-04,2026-05-18 13:44:26
2026-04-30,ロフト,ロフト0235,（不明）,スリムレギンス Premium Lv3,2,10890,2026-04,2026-05-18 13:44:26
2026-04-30,ロフト,ロフト0235,（不明）,スリムフルレッグ クールプラス M-L,3,14154,2026-04,2026-05-18 13:44:26
2026-04-30,ロフト,ロフト0235,（不明）,スリムフルレッグ クールプラス L-LL,1,4718,2026-04,2026-05-18 13:44:26
2026-04-30,ロフト,ロフト0235,（不明）,My+Cee ビタミンCサプリメント,2,5960,2026-04,2026-05-18 13:44:26
2026-04-30,ロフト,ロフト0235,（不明）,wolg BBクリーム ナチュラル,14,37926,2026-04,2026-05-18 13:44:26
2026-04-30,ロフト,ロフト0235,バイワンシー,バイワンシー ピュア・アミノシャンプー,4,10800,2026-04,2026-05-18 13:44:26
2026-04-30,ロフト,ロフト0235,バイワンシー,バイワンシー ヒートケア・トリートメント,3,8100,2026-04,2026-05-18 13:44:26
2026-04-30,ロフト,ロフト0235,バイワンシー,バイワンシー スムース・リペアエッセンス,1,2700,2026-04,2026-05-18 13:44:26
2026-04-30,ロフト,ロフト0235,（不明）,ekam アドバンスドジェル,1,2709,2026-04,2026-05-18 13:44:26
2026-04-30,ロフト,ロフト0235,（不明）,ekam アドバンスドセラム,3,9492,2026-04,2026-05-18 13:44:26
2026-04-30,ロフト,ロフト0235,（不明）,ekam ホイップ洗顔,2,3600,2026-04,2026-05-18 13:44:26
2026-04-30,ロフト,ロフト0235,（不明）,ヒノキフットピーリングマスク,24,17280,2026-04,2026-05-18 13:44:26
2026-04-30,ロフト,ロフト0235,（不明）,フットピーリングダブルエッセンスマスク,12,9000,2026-04,2026-05-18 13:44:26
2026-04-30,ロフト,ロフト0235,（不明）,かかと集中ピーリングマスク,24,13920,2026-04,2026-05-18 13:44:26
2026-04-30,ロフト,ロフト0235,（不明）,Vイフェクト青麦ジンクセラム,1,2300,2026-04,2026-05-18 13:44:26
2026-04-30,ロフト,ロフト0235,（不明）,Vイフェクト青麦LHAクレンジングジェル,3,6300,2026-04,2026-05-18 13:44:26
2026-04-30,ロフト,ロフト0235,（不明）,かかとソフトパッチ,8,6000,2026-04,2026-05-18 13:44:26
2026-04-30,ロフト,ロフト0235,（不明）,ティーブレスボディローションホワイト,1,1500,2026-04,2026-05-18 13:44:26
2026-04-30,ロフト,ロフト0235,（不明）,ティーブレスボディローションローズティー,5,7500,2026-04,2026-05-18 13:44:26
2026-04-30,ロフト,ロフト0236,（不明）,イオ シャンプー リラックスメント200,4,6400,2026-04,2026-05-18 13:44:26
2026-04-30,ロフト,ロフト0236,（不明）,イオ エッセンス モイスト,5,10000,2026-04,2026-05-18 13:44:26
2026-04-30,ロフト,ロフト0236,（不明）,イオ エッセンス スリーク,7,14000,2026-04,2026-05-18 13:44:26
2026-04-30,ロフト,ロフト0236,（不明）,イオ クリーム シルキーリペア 200,7,11200,2026-04,2026-05-18 13:44:26
2026-04-30,ロフト,ロフト0236,（不明）,イオセラム シャンプー 200,3,6000,2026-04,2026-05-18 13:44:26
2026-04-30,ロフト,ロフト0236,（不明）,イオセラム クリーム 200,5,10000,2026-04,2026-05-18 13:44:26
2026-04-30,ロフト,ロフト0236,（不明）,イオセラム オイル 100,4,9600,2026-04,2026-05-18 13:44:26
2026-04-30,ロフト,ロフト0236,（不明）,トリエ スプレー10 170,12,19200,2026-04,2026-05-18 13:44:26
2026-04-30,ロフト,ロフト0236,（不明）,ビューティアップナイトブラ ブラックM,3,8940,2026-04,2026-05-18 13:44:26
2026-04-30,ロフト,ロフト0236,（不明）,ビューティアップナイトブラ NピンクM,3,8940,2026-04,2026-05-18 13:44:26
2026-04-30,ロフト,ロフト0236,（不明）,ビューティアップナイトブラ NピンクL,2,5960,2026-04,2026-05-18 13:44:26
2026-04-30,ロフト,ロフト0236,ラフドット,ラフドットインティメイトウォッシュ SB,10,35820,2026-04,2026-05-18 13:44:26
2026-04-30,ロフト,ロフト0236,（不明）,ラフインティメイトフレッシュミスト SB,1,3132,2026-04,2026-05-18 13:44:26
2026-04-30,ロフト,ロフト0236,（不明）,ビューティアップナイトブラ BグレーM,1,2980,2026-04,2026-05-18 13:44:26
2026-04-30,ロフト,ロフト0236,ラフドット,ラフドットインティメイトウォッシュ PM,16,57312,2026-04,2026-05-18 13:44:26
2026-04-30,ロフト,ロフト0236,（不明）,ラフインティメイトフレッシュミスト PM,2,6264,2026-04,2026-05-18 13:44:26
2026-04-30,ロフト,ロフト0236,ラフドット,ラフドットインティメイトウォッシュ AL,3,10746,2026-04,2026-05-18 13:44:26
2026-04-30,ロフト,ロフト0236,（不明）,ラフインティメイトフレッシュミスト AL,2,6264,2026-04,2026-05-18 13:44:26
2026-04-30,ロフト,ロフト0236,レチスパ,レチスパ クリームシャンプー,5,16000,2026-04,2026-05-18 13:44:26
2026-04-30,ロフト,ロフト0236,レチスパ,レチスパ クリームシャンプーサシェ,13,2600,2026-04,2026-05-18 13:44:26
2026-04-30,ロフト,ロフト0236,レチスパ,レチスパ ヘアオイル,3,7200,2026-04,2026-05-18 13:44:26
2026-04-30,ロフト,ロフト0236,レチスパ,レチスパ クリームシャンプー詰替,3,9300,2026-04,2026-05-18 13:44:26
2026-04-30,ロフト,ロフト0236,レチスパ,レチスパ 頭皮用美容液,2,5000,2026-04,2026-05-18 13:44:26
2026-04-30,ロフト,ロフト0236,（不明）,ベルミス スリムレギンス M-L,1,3990,2026-04,2026-05-18 13:44:26
2026-04-30,ロフト,ロフト0236,（不明）,ベルミス スリムレギンス L-LL,1,3990,2026-04,2026-05-18 13:44:26
2026-04-30,ロフト,ロフト0236,（不明）,ベルミス カラープラスBK M,3,13608,2026-04,2026-05-18 13:44:26
2026-04-30,ロフト,ロフト0236,（不明）,ベルミス カラープラスBK L,1,4536,2026-04,2026-05-18 13:44:26
2026-04-30,ロフト,ロフト0236,ラフドット,ラフドット 薬用ホワイトセラム,2,6472,2026-04,2026-05-18 13:44:26
2026-04-30,ロフト,ロフト0236,ラフドット,ラフドット ヘアリムーバー,2,6800,2026-04,2026-05-18 13:44:26
2026-04-30,ロフト,ロフト0236,ラフドット,ラフドットインティメイトウォッシュ MV,11,39402,2026-04,2026-05-18 13:44:26
2026-04-30,ロフト,ロフト0236,（不明）,カラマンビューティブラシ,2,28728,2026-04,2026-05-18 13:44:26
2026-04-30,ロフト,ロフト0236,バイワンシー,バイワンシー モイストブースターホイップ,2,4400,2026-04,2026-05-18 13:44:26
2026-04-30,ロフト,ロフト0236,（不明）,ベルミス スリムフルレッグLーLL,1,4718,2026-04,2026-05-18 13:44:26
2026-04-30,ロフト,ロフト0236,（不明）,リムーブレギンスEB L-LL,1,11182,2026-04,2026-05-18 13:44:26
2026-04-30,ロフト,ロフト0236,（不明）,リムーブレギンスSG L-LL,1,11182,2026-04,2026-05-18 13:44:26
2026-04-30,ロフト,ロフト0236,（不明）,インシトゥ ハーブラピール,15,36000,2026-04,2026-05-18 13:44:26
2026-04-30,ロフト,ロフト0236,（不明）,wolg BBクリーム ナチュラル,7,18963,2026-04,2026-05-18 13:44:26
2026-04-30,ロフト,ロフト0236,バイワンシー,バイワンシー ピュア・アミノシャンプー,3,8100,2026-04,2026-05-18 13:44:26
2026-04-30,ロフト,ロフト0236,バイワンシー,バイワンシー ヒートケア・トリートメント,4,10800,2026-04,2026-05-18 13:44:26
2026-04-30,ロフト,ロフト0236,バイワンシー,バイワンシー スムース・リペアエッセンス,4,10800,2026-04,2026-05-18 13:44:26
2026-04-30,ロフト,ロフト0236,（不明）,ヒノキフットピーリングマスク,5,3600,2026-04,2026-05-18 13:44:26
2026-04-30,ロフト,ロフト0236,（不明）,フットピーリングダブルエッセンスマスク,3,2250,2026-04,2026-05-18 13:44:26
2026-04-30,ロフト,ロフト0236,（不明）,かかと集中ピーリングマスク,4,2320,2026-04,2026-05-18 13:44:26
2026-04-30,ロフト,ロフト0236,（不明）,Vイフェクト青麦ジンクセラム,2,4600,2026-04,2026-05-18 13:44:26
2026-04-30,ロフト,ロフト0236,（不明）,Vイフェクト青麦LHAクレンジングジェル,1,2100,2026-04,2026-05-18 13:44:26
2026-04-30,ロフト,ロフト0236,（不明）,かかとソフトパッチ,4,3000,2026-04,2026-05-18 13:44:26
2026-04-30,ロフト,ロフト0237,（不明）,イオ エッセンス スリーク,2,4000,2026-04,2026-05-18 13:44:26
2026-04-30,ロフト,ロフト0237,（不明）,イオ シャンプー クリアメント200,6,9600,2026-04,2026-05-18 13:44:26
2026-04-30,ロフト,ロフト0237,（不明）,イオ シャンプー リラックスメント200,5,8000,2026-04,2026-05-18 13:44:26
2026-04-30,ロフト,ロフト0237,（不明）,イオ エッセンス スリーク,15,30000,2026-04,2026-05-18 13:44:26
2026-04-30,ロフト,ロフト0237,（不明）,イオ クリーム シルキーリペア 200,14,22400,2026-04,2026-05-18 13:44:26
2026-04-30,ロフト,ロフト0237,（不明）,イオセラム シャンプー 200,5,10000,2026-04,2026-05-18 13:44:26
2026-04-30,ロフト,ロフト0237,（不明）,イオセラム オイル 100,3,7200,2026-04,2026-05-18 13:44:26
2026-04-30,ロフト,ロフト0237,（不明）,イオセラム マスク 170,1,3200,2026-04,2026-05-18 13:44:26
2026-04-30,ロフト,ロフト0237,（不明）,ルベル ウィズ CY 240,2,2800,2026-04,2026-05-18 13:44:26
2026-04-30,ロフト,ロフト0237,（不明）,ルベル ウィズ JO 240,2,2000,2026-04,2026-05-18 13:44:26
2026-04-30,ロフト,ロフト0237,（不明）,ルベル ウィズ RP 140,3,3000,2026-04,2026-05-18 13:44:26
2026-04-30,ロフト,ロフト0237,（不明）,ルベル ウィズ EP 140,3,3600,2026-04,2026-05-18 13:44:26
2026-04-30,ロフト,ロフト0237,（不明）,ビューティアップナイトブラ ブラックM,2,5960,2026-04,2026-05-18 13:44:26
2026-04-30,ロフト,ロフト0237,（不明）,ビューティアップナイトブラ ブラックL,1,2980,2026-04,2026-05-18 13:44:26
2026-04-30,ロフト,ロフト0237,（不明）,ビューティアップナイトブラ NピンクL,1,2980,2026-04,2026-05-18 13:44:26
2026-04-30,ロフト,ロフト0237,ラフドット,ラフドットインティメイトウォッシュ SB,20,71640,2026-04,2026-05-18 13:44:26
2026-04-30,ロフト,ロフト0237,（不明）,ラフインティメイトフレッシュミスト SB,7,21924,2026-04,2026-05-18 13:44:26
2026-04-30,ロフト,ロフト0237,（不明）,ビューティアップナイトブラ BグレーM,4,11920,2026-04,2026-05-18 13:44:26
2026-04-30,ロフト,ロフト0237,（不明）,ビューティアップナイトブラ BグレーL,4,11920,2026-04,2026-05-18 13:44:26
2026-04-30,ロフト,ロフト0237,ラフドット,ラフドットインティメイトウォッシュ PM,18,64476,2026-04,2026-05-18 13:44:26
2026-04-30,ロフト,ロフト0237,（不明）,ラフインティメイトフレッシュミスト PM,1,3132,2026-04,2026-05-18 13:44:26
2026-04-30,ロフト,ロフト0237,ラフドット,ラフドットインティメイトウォッシュ AL,1,3582,2026-04,2026-05-18 13:44:26
2026-04-30,ロフト,ロフト0237,（不明）,ラフインティメイトフレッシュミスト AL,1,3132,2026-04,2026-05-18 13:44:26
2026-04-30,ロフト,ロフト0237,レチスパ,レチスパ クリームシャンプー,5,16000,2026-04,2026-05-18 13:44:26
2026-04-30,ロフト,ロフト0237,レチスパ,レチスパ クリームシャンプーサシェ,31,6200,2026-04,2026-05-18 13:44:26
2026-04-30,ロフト,ロフト0237,レチスパ,レチスパ ヘアオイル,1,2400,2026-04,2026-05-18 13:44:26
2026-04-30,ロフト,ロフト0237,レチスパ,レチスパ クリームシャンプー詰替,4,12400,2026-04,2026-05-18 13:44:26
2026-04-30,ロフト,ロフト0237,レチスパ,レチスパ 頭皮用美容液,5,12500,2026-04,2026-05-18 13:44:26
2026-04-30,ロフト,ロフト0237,（不明）,ベルミス スリムレギンス M-L,2,7980,2026-04,2026-05-18 13:44:26
2026-04-30,ロフト,ロフト0237,（不明）,ベルミス スリムレギンス L-LL,2,7980,2026-04,2026-05-18 13:44:26
2026-04-30,ロフト,ロフト0237,（不明）,ベルミス カラープラスBK M,1,4536,2026-04,2026-05-18 13:44:26
2026-04-30,ロフト,ロフト0237,（不明）,ベルミス カラープラスBK L,2,9072,2026-04,2026-05-18 13:44:26
2026-04-30,ロフト,ロフト0237,ラフドット,ラフドット 薬用ホワイトセラム,7,22652,2026-04,2026-05-18 13:44:26
2026-04-30,ロフト,ロフト0237,ラフドット,ラフドット ヘアリムーバー,1,3400,2026-04,2026-05-18 13:44:26
2026-04-30,ロフト,ロフト0237,ラフドット,ラフドットインティメイトウォッシュ MV,8,28656,2026-04,2026-05-18 13:44:26
2026-04-30,ロフト,ロフト0237,ラフドット,ラフドットインティメイトミスト MV,2,6264,2026-04,2026-05-18 13:44:26
2026-04-30,ロフト,ロフト0237,（不明）,クリアライズ,1,9073,2026-04,2026-05-18 13:44:26
2026-04-30,ロフト,ロフト0237,（不明）,カラマンビューティブラシ,1,14364,2026-04,2026-05-18 13:44:26
2026-04-30,ロフト,ロフト0237,バイワンシー,バイワンシー モイストブースターホイップ,6,13200,2026-04,2026-05-18 13:44:26
2026-04-30,ロフト,ロフト0237,（不明）,ベルミス スリムフルレッグLーLL,2,9436,2026-04,2026-05-18 13:44:26
2026-04-30,ロフト,ロフト0237,（不明）,ベルミス スリムフルレッグ M-L,1,4718,2026-04,2026-05-18 13:44:26
2026-04-30,ロフト,ロフト0237,（不明）,スリムレギンス Premium Lv1,3,16335,2026-04,2026-05-18 13:44:26
2026-04-30,ロフト,ロフト0237,（不明）,スリムレギンス Premium Lv2,2,10890,2026-04,2026-05-18 13:44:26
2026-04-30,ロフト,ロフト0237,（不明）,スリムレギンス Premium Lv3,2,10890,2026-04,2026-05-18 13:44:26
2026-04-30,ロフト,ロフト0237,（不明）,スリムフルレッグ クールプラス M-L,1,4718,2026-04,2026-05-18 13:44:26
2026-04-30,ロフト,ロフト0237,（不明）,スリムフルレッグ クールプラス L-LL,1,4718,2026-04,2026-05-18 13:44:26
2026-04-30,ロフト,ロフト0237,（不明）,wolg BBクリーム ナチュラル,6,16254,2026-04,2026-05-18 13:44:26
2026-04-30,ロフト,ロフト0237,（不明）,ekam アドバンスドジェル,1,2709,2026-04,2026-05-18 13:44:26
2026-04-30,ロフト,ロフト0237,（不明）,ekam アドバンスドセラム,1,3164,2026-04,2026-05-18 13:44:26
2026-04-30,ロフト,ロフト0237,（不明）,ekam ホイップ洗顔,1,1800,2026-04,2026-05-18 13:44:26
2026-04-30,ロフト,ロフト0237,（不明）,ヒノキフットピーリングマスク,1,720,2026-04,2026-05-18 13:44:26
2026-04-30,ロフト,ロフト0237,（不明）,フットピーリングダブルエッセンスマスク,5,3750,2026-04,2026-05-18 13:44:26
2026-04-30,ロフト,ロフト0237,（不明）,かかと集中ピーリングマスク,3,1740,2026-04,2026-05-18 13:44:26
2026-04-30,ロフト,ロフト0237,（不明）,Vイフェクト青麦ジンクセラム,1,2300,2026-04,2026-05-18 13:44:26
2026-04-30,ロフト,ロフト0237,（不明）,かかとソフトパッチ,3,2250,2026-04,2026-05-18 13:44:26
2026-04-30,ロフト,ロフト0251,（不明）,ルベル ウィズ CY 240,1,1400,2026-04,2026-05-18 13:44:26
2026-04-30,ロフト,ロフト0251,（不明）,イオ シャンプー クリアメント200,1,1600,2026-04,2026-05-18 13:44:26
2026-04-30,ロフト,ロフト0251,（不明）,イオ クリーム メルトリペア 200,5,8000,2026-04,2026-05-18 13:44:26
2026-04-30,ロフト,ロフト0251,（不明）,イオセラム クリーム 200,5,10000,2026-04,2026-05-18 13:44:26
2026-04-30,ロフト,ロフト0251,（不明）,ルベル ウィズ EP 140,2,2400,2026-04,2026-05-18 13:44:26
2026-04-30,ロフト,ロフト0251,（不明）,トリエ スプレー10 170,10,16000,2026-04,2026-05-18 13:44:26
2026-04-30,ロフト,ロフト0251,ラフドット,ラフドットインティメイトウォッシュ SB,10,35820,2026-04,2026-05-18 13:44:26
2026-04-30,ロフト,ロフト0251,（不明）,ラフインティメイトフレッシュミスト SB,1,3132,2026-04,2026-05-18 13:44:26
2026-04-30,ロフト,ロフト0251,ラフドット,ラフドットインティメイトウォッシュ PM,8,28656,2026-04,2026-05-18 13:44:26
2026-04-30,ロフト,ロフト0251,（不明）,ラフインティメイトフレッシュミスト PM,2,6264,2026-04,2026-05-18 13:44:26
2026-04-30,ロフト,ロフト0251,レチスパ,レチスパ クリームシャンプー,2,6400,2026-04,2026-05-18 13:44:26
2026-04-30,ロフト,ロフト0251,レチスパ,レチスパ クリームシャンプーサシェ,8,1600,2026-04,2026-05-18 13:44:26
2026-04-30,ロフト,ロフト0251,レチスパ,レチスパ 頭皮用美容液,2,5000,2026-04,2026-05-18 13:44:26
2026-04-30,ロフト,ロフト0251,（不明）,ベルミス スリムレギンス M-L,1,3990,2026-04,2026-05-18 13:44:26
2026-04-30,ロフト,ロフト0251,（不明）,ベルミス カラープラスBK M,1,4536,2026-04,2026-05-18 13:44:26
2026-04-30,ロフト,ロフト0251,ラフドット,ラフドット 薬用ホワイトセラム,1,3236,2026-04,2026-05-18 13:44:26
2026-04-30,ロフト,ロフト0251,ラフドット,ラフドットインティメイトウォッシュ MV,6,21492,2026-04,2026-05-18 13:44:26
2026-04-30,ロフト,ロフト0251,ラフドット,ラフドットインティメイトミスト MV,2,6264,2026-04,2026-05-18 13:44:26
2026-04-30,ロフト,ロフト0251,（不明）,スリムレギンス Premium Lv3,1,5445,2026-04,2026-05-18 13:44:26
2026-04-30,ロフト,ロフト0251,バイワンシー,バイワンシー ピュア・アミノシャンプー,1,2700,2026-04,2026-05-18 13:44:26
2026-04-30,ロフト,ロフト0251,バイワンシー,バイワンシー スムース・リペアエッセンス,1,2700,2026-04,2026-05-18 13:44:26
2026-04-30,ロフト,ロフト0251,（不明）,ティーブレスボディローションローズティー,1,1500,2026-04,2026-05-18 13:44:26
2026-04-30,ロフト,ロフト0260,（不明）,イオ エッセンス モイスト,1,2000,2026-04,2026-05-18 13:44:26
2026-04-30,ロフト,ロフト0260,（不明）,イオ エッセンス スリーク,2,4000,2026-04,2026-05-18 13:44:26
2026-04-30,ロフト,ロフト0260,（不明）,イオ クリーム シルキーリペア 200,2,3200,2026-04,2026-05-18 13:44:26
2026-04-30,ロフト,ロフト0260,（不明）,イオ クリーム メルトリペア 200,2,3200,2026-04,2026-05-18 13:44:26
2026-04-30,ロフト,ロフト0260,（不明）,イオセラム クリーム 200,3,6000,2026-04,2026-05-18 13:44:26
2026-04-30,ロフト,ロフト0260,（不明）,トリエ スプレー10 170,14,22400,2026-04,2026-05-18 13:44:26
2026-04-30,ロフト,ロフト0260,ラフドット,ラフドットインティメイトウォッシュ SB,6,21492,2026-04,2026-05-18 13:44:26
2026-04-30,ロフト,ロフト0260,（不明）,ラフインティメイトフレッシュミスト SB,4,12528,2026-04,2026-05-18 13:44:26
2026-04-30,ロフト,ロフト0260,ラフドット,ラフドットインティメイトウォッシュ PM,6,21492,2026-04,2026-05-18 13:44:26
2026-04-30,ロフト,ロフト0260,（不明）,ラフインティメイトフレッシュミスト PM,2,6264,2026-04,2026-05-18 13:44:26
2026-04-30,ロフト,ロフト0260,ラフドット,ラフドットインティメイトウォッシュ AL,1,3582,2026-04,2026-05-18 13:44:26
2026-04-30,ロフト,ロフト0260,レチスパ,レチスパ クリームシャンプーサシェ,7,1400,2026-04,2026-05-18 13:44:26
2026-04-30,ロフト,ロフト0260,レチスパ,レチスパ ヘアオイル,1,2400,2026-04,2026-05-18 13:44:26
2026-04-30,ロフト,ロフト0260,レチスパ,レチスパ 頭皮用美容液,2,5000,2026-04,2026-05-18 13:44:26
2026-04-30,ロフト,ロフト0260,ラフドット,ラフドット 薬用ホワイトセラム,2,6472,2026-04,2026-05-18 13:44:26
2026-04-30,ロフト,ロフト0260,ラフドット,ラフドットインティメイトウォッシュ MV,1,3582,2026-04,2026-05-18 13:44:26
2026-04-30,ロフト,ロフト0260,（不明）,スリムレギンス Premium Lv1,1,5445,2026-04,2026-05-18 13:44:26
2026-04-30,ロフト,ロフト0260,（不明）,スリムレギンス Premium Lv3,1,5445,2026-04,2026-05-18 13:44:26
2026-04-30,ロフト,ロフト0260,（不明）,wolg BBクリーム ナチュラル,3,8127,2026-04,2026-05-18 13:44:26
2026-04-30,ロフト,ロフト0260,バイワンシー,バイワンシー ピュア・アミノシャンプー,5,13500,2026-04,2026-05-18 13:44:26
2026-04-30,ロフト,ロフト0260,バイワンシー,バイワンシー ヒートケア・トリートメント,3,8100,2026-04,2026-05-18 13:44:26
2026-04-30,ロフト,ロフト0260,バイワンシー,バイワンシー スムース・リペアエッセンス,5,13500,2026-04,2026-05-18 13:44:26
2026-04-30,ロフト,ロフト0260,バイワンシー,バイワンシー スムースリペアESサシェ,9,2430,2026-04,2026-05-18 13:44:26
2026-04-30,ロフト,ロフト0260,バイワンシー,バイワンシー SP&TRサシェ,18,4860,2026-04,2026-05-18 13:44:26
2026-04-30,ロフト,ロフト0260,（不明）,ekam アドバンスドジェル,1,2709,2026-04,2026-05-18 13:44:26
2026-04-30,ロフト,ロフト0260,（不明）,ekam アドバンスドセラム,1,3164,2026-04,2026-05-18 13:44:26
2026-04-30,ロフト,ロフト0260,（不明）,ekam ホイップ洗顔,1,1800,2026-04,2026-05-18 13:44:26
2026-04-30,ロフト,ロフト0260,（不明）,ティーブレスボディローションホワイト,1,1500,2026-04,2026-05-18 13:44:26
2026-04-30,ロフト,ロフト0260,（不明）,ティーブレスボディローションアールグレイ,2,3000,2026-04,2026-05-18 13:44:26
2026-04-30,ロフト,ロフト0260,（不明）,ティーブレスボディローショングリーン,1,1500,2026-04,2026-05-18 13:44:26
2026-04-30,ロフト,ロフト0261,（不明）,イオ シャンプー クリアメント200,4,6400,2026-04,2026-05-18 13:44:26
2026-04-30,ロフト,ロフト0261,（不明）,ルベル ウィズ RP 140,2,2000,2026-04,2026-05-18 13:44:26
2026-04-30,ロフト,ロフト0261,（不明）,トリエ スプレー10 170,1,1600,2026-04,2026-05-18 13:44:26
2026-04-30,ロフト,ロフト0261,ラフドット,ラフドットインティメイトウォッシュ SB,8,28656,2026-04,2026-05-18 13:44:26
2026-04-30,ロフト,ロフト0261,（不明）,ラフインティメイトフレッシュミスト SB,1,3132,2026-04,2026-05-18 13:44:26
2026-04-30,ロフト,ロフト0261,ラフドット,ラフドットインティメイトウォッシュ PM,6,21492,2026-04,2026-05-18 13:44:26
2026-04-30,ロフト,ロフト0261,（不明）,ベルミス カラープラスBK M,1,4536,2026-04,2026-05-18 13:44:26
2026-04-30,ロフト,ロフト0261,ラフドット,ラフドットインティメイトウォッシュ MV,3,10746,2026-04,2026-05-18 13:44:26
2026-04-30,ロフト,ロフト0261,バイワンシー,バイワンシー モイストブースターホイップ,1,2200,2026-04,2026-05-18 13:44:26
2026-04-30,ロフト,ロフト0261,（不明）,ベルミス スリムフルレッグLーLL,1,4718,2026-04,2026-05-18 13:44:26
2026-04-30,ロフト,ロフト0261,バイワンシー,バイワンシー ピュア・アミノシャンプー,1,2700,2026-04,2026-05-18 13:44:26
2026-04-30,ロフト,ロフト0261,バイワンシー,バイワンシー SP&TRサシェ,4,1080,2026-04,2026-05-18 13:44:26
2026-04-30,ロフト,ロフト0262,（不明）,イオ シャンプー クリアメント200,1,1600,2026-04,2026-05-18 13:44:26
2026-04-30,ロフト,ロフト0262,（不明）,イオ クリーム シルキーリペア 200,2,3200,2026-04,2026-05-18 13:44:26
2026-04-30,ロフト,ロフト0262,ラフドット,ラフドットインティメイトウォッシュ SB,5,17910,2026-04,2026-05-18 13:44:26
2026-04-30,ロフト,ロフト0262,ラフドット,ラフドットインティメイトウォッシュ MV,1,3582,2026-04,2026-05-18 13:44:26
2026-04-30,ロフト,ロフト0262,（不明）,スリムフルレッグ クールプラス L-LL,1,4718,2026-04,2026-05-18 13:44:26
2026-04-30,ロフト,ロフト0263,（不明）,イオ エッセンス スリーク,2,4000,2026-04,2026-05-18 13:44:26
2026-04-30,ロフト,ロフト0263,（不明）,イオセラム オイル 100,1,2400,2026-04,2026-05-18 13:44:26
2026-04-30,ロフト,ロフト0263,（不明）,トリエ スプレー10 170,3,4800,2026-04,2026-05-18 13:44:26
2026-04-30,ロフト,ロフト0263,（不明）,ビューティアップナイトブラ ブラックM,2,5960,2026-04,2026-05-18 13:44:26
2026-04-30,ロフト,ロフト0263,（不明）,ビューティアップナイトブラ ブラックL,2,5960,2026-04,2026-05-18 13:44:26
2026-04-30,ロフト,ロフト0263,ラフドット,ラフドットインティメイトウォッシュ SB,5,17910,2026-04,2026-05-18 13:44:26
2026-04-30,ロフト,ロフト0263,（不明）,ビューティアップナイトブラ BグレーL,2,5960,2026-04,2026-05-18 13:44:26
2026-04-30,ロフト,ロフト0263,ラフドット,ラフドットインティメイトウォッシュ PM,9,32238,2026-04,2026-05-18 13:44:26
2026-04-30,ロフト,ロフト0263,ラフドット,ラフドットインティメイトウォッシュ AL,1,3582,2026-04,2026-05-18 13:44:26
2026-04-30,ロフト,ロフト0263,レチスパ,レチスパ クリームシャンプー,1,3200,2026-04,2026-05-18 13:44:26
2026-04-30,ロフト,ロフト0263,レチスパ,レチスパ クリームシャンプーサシェ,5,1000,2026-04,2026-05-18 13:44:26
2026-04-30,ロフト,ロフト0263,（不明）,ベルミス スリムレギンス M-L,1,3990,2026-04,2026-05-18 13:44:26
2026-04-30,ロフト,ロフト0263,ラフドット,ラフドット 薬用ホワイトセラム,1,3236,2026-04,2026-05-18 13:44:26
2026-04-30,ロフト,ロフト0263,ラフドット,ラフドットインティメイトウォッシュ MV,6,21492,2026-04,2026-05-18 13:44:26
2026-04-30,ロフト,ロフト0263,ラフドット,ラフドットインティメイトミスト MV,3,9396,2026-04,2026-05-18 13:44:26
2026-04-30,ロフト,ロフト0263,バイワンシー,バイワンシー モイストブースターホイップ,1,2200,2026-04,2026-05-18 13:44:26
2026-04-30,ロフト,ロフト0263,バイワンシー,バイワンシー ヒートケア・トリートメント,1,2700,2026-04,2026-05-18 13:44:26
2026-04-30,ロフト,ロフト0263,バイワンシー,バイワンシー スムース・リペアエッセンス,1,2700,2026-04,2026-05-18 13:44:26
2026-04-30,ロフト,ロフト0263,バイワンシー,バイワンシー スムースリペアESサシェ,6,1620,2026-04,2026-05-18 13:44:26
2026-04-30,ロフト,ロフト0263,バイワンシー,バイワンシー SP&TRサシェ,7,1890,2026-04,2026-05-18 13:44:26
2026-04-30,ロフト,ロフト0263,（不明）,ekam アドバンスドジェル,1,2709,2026-04,2026-05-18 13:44:26
2026-04-30,ロフト,ロフト0265,（不明）,イオ シャンプー クリアメント200,1,1600,2026-04,2026-05-18 13:44:26
2026-04-30,ロフト,ロフト0265,（不明）,イオセラム シャンプー 200,1,2000,2026-04,2026-05-18 13:44:26
2026-04-30,ロフト,ロフト0265,（不明）,イオセラム クリーム 200,1,2000,2026-04,2026-05-18 13:44:26
2026-04-30,ロフト,ロフト0265,（不明）,トリエ スプレー10 170,23,36800,2026-04,2026-05-18 13:44:26
2026-04-30,ロフト,ロフト0265,（不明）,ビューティアップナイトブラ ブラックM,2,5960,2026-04,2026-05-18 13:44:26
2026-04-30,ロフト,ロフト0265,ラフドット,ラフドットインティメイトウォッシュ SB,6,21492,2026-04,2026-05-18 13:44:26
2026-04-30,ロフト,ロフト0265,（不明）,ビューティアップナイトブラ BグレーM,1,2980,2026-04,2026-05-18 13:44:26
2026-04-30,ロフト,ロフト0265,（不明）,ビューティアップナイトブラ BグレーL,1,2980,2026-04,2026-05-18 13:44:26
2026-04-30,ロフト,ロフト0265,ラフドット,ラフドットインティメイトウォッシュ PM,12,42984,2026-04,2026-05-18 13:44:26
2026-04-30,ロフト,ロフト0265,（不明）,ラフインティメイトフレッシュミスト PM,1,3132,2026-04,2026-05-18 13:44:26
2026-04-30,ロフト,ロフト0265,レチスパ,レチスパ クリームシャンプー,4,12800,2026-04,2026-05-18 13:44:26
2026-04-30,ロフト,ロフト0265,レチスパ,レチスパ クリームシャンプーサシェ,30,6000,2026-04,2026-05-18 13:44:26
2026-04-30,ロフト,ロフト0265,レチスパ,レチスパ ヘアオイル,1,2400,2026-04,2026-05-18 13:44:26
2026-04-30,ロフト,ロフト0265,レチスパ,レチスパ 頭皮用美容液,1,2500,2026-04,2026-05-18 13:44:26
2026-04-30,ロフト,ロフト0265,ラフドット,ラフドット ヘアリムーバー,5,17000,2026-04,2026-05-18 13:44:26
2026-04-30,ロフト,ロフト0265,ラフドット,ラフドットインティメイトウォッシュ MV,6,21492,2026-04,2026-05-18 13:44:26
2026-04-30,ロフト,ロフト0265,（不明）,laugh.ギフトBOX,1,3582,2026-04,2026-05-18 13:44:26
2026-04-30,ロフト,ロフト0265,（不明）,ベルミス スリムフルレッグLーLL,1,4718,2026-04,2026-05-18 13:44:26
2026-04-30,ロフト,ロフト0265,（不明）,ベルミス スリムフルレッグ M-L,2,9436,2026-04,2026-05-18 13:44:26
2026-04-30,ロフト,ロフト0265,（不明）,リムーブレギンスEB L-LL,1,11182,2026-04,2026-05-18 13:44:26
2026-04-30,ロフト,ロフト0265,（不明）,スリムレギンス Premium Lv2,2,10890,2026-04,2026-05-18 13:44:26
2026-04-30,ロフト,ロフト0265,（不明）,スリムレギンス Premium Lv3,1,5445,2026-04,2026-05-18 13:44:26
2026-04-30,ロフト,ロフト0265,（不明）,wolg BBクリーム ナチュラル,1,2709,2026-04,2026-05-18 13:44:26
2026-04-30,ロフト,ロフト0265,バイワンシー,バイワンシー ピュア・アミノシャンプー,4,10800,2026-04,2026-05-18 13:44:26
2026-04-30,ロフト,ロフト0265,バイワンシー,バイワンシー ヒートケア・トリートメント,3,8100,2026-04,2026-05-18 13:44:26
2026-04-30,ロフト,ロフト0265,バイワンシー,バイワンシー スムース・リペアエッセンス,6,16200,2026-04,2026-05-18 13:44:26
2026-04-30,ロフト,ロフト0265,（不明）,ekam アドバンスドジェル,3,8127,2026-04,2026-05-18 13:44:26
2026-04-30,ロフト,ロフト0265,（不明）,ekam ホイップ洗顔,1,1800,2026-04,2026-05-18 13:44:26
2026-04-30,ロフト,ロフト0265,（不明）,ヒノキフットピーリングマスク,2,1440,2026-04,2026-05-18 13:44:26
2026-04-30,ロフト,ロフト0265,（不明）,フットピーリングダブルエッセンスマスク,1,750,2026-04,2026-05-18 13:44:26
2026-04-30,ロフト,ロフト0265,（不明）,かかと集中ピーリングマスク,1,580,2026-04,2026-05-18 13:44:26
2026-04-30,ロフト,ロフト0265,（不明）,VイフェクトFCポアベルベットクリーム,1,2980,2026-04,2026-05-18 13:44:26
2026-04-30,ロフト,ロフト0265,（不明）,かかとソフトパッチ,2,1500,2026-04,2026-05-18 13:44:26
2026-04-30,ロフト,ロフト0265,（不明）,ティーブレスボディローションホワイト,2,3000,2026-04,2026-05-18 13:44:26
2026-04-30,ロフト,ロフト0268,（不明）,イオ シャンプー リラックスメント200,1,1600,2026-04,2026-05-18 13:44:26
2026-04-30,ロフト,ロフト0268,（不明）,イオ クリーム シルキーリペア 200,3,4800,2026-04,2026-05-18 13:44:26
2026-04-30,ロフト,ロフト0268,（不明）,ルベル ウィズ SW 240,1,1000,2026-04,2026-05-18 13:44:26
2026-04-30,ロフト,ロフト0268,（不明）,ルベル ウィズ EP 140,1,1200,2026-04,2026-05-18 13:44:26
2026-04-30,ロフト,ロフト0268,（不明）,ルベル ウィズ EP 260,2,4400,2026-04,2026-05-18 13:44:26
2026-04-30,ロフト,ロフト0268,（不明）,トリエ スプレー10 170,25,40000,2026-04,2026-05-18 13:44:26
2026-04-30,ロフト,ロフト0268,（不明）,ビューティアップナイトブラ ブラックM,1,2980,2026-04,2026-05-18 13:44:26
2026-04-30,ロフト,ロフト0268,ラフドット,ラフドットインティメイトウォッシュ SB,7,25074,2026-04,2026-05-18 13:44:26
2026-04-30,ロフト,ロフト0268,（不明）,ラフインティメイトフレッシュミスト SB,2,6264,2026-04,2026-05-18 13:44:26
2026-04-30,ロフト,ロフト0268,（不明）,ビューティアップナイトブラ BグレーM,1,2980,2026-04,2026-05-18 13:44:26
2026-04-30,ロフト,ロフト0268,（不明）,ビューティアップナイトブラ BグレーL,1,2980,2026-04,2026-05-18 13:44:26
2026-04-30,ロフト,ロフト0268,ラフドット,ラフドットインティメイトウォッシュ PM,1,3582,2026-04,2026-05-18 13:44:26
2026-04-30,ロフト,ロフト0268,（不明）,ラフインティメイトフレッシュミスト PM,1,3132,2026-04,2026-05-18 13:44:26
2026-04-30,ロフト,ロフト0268,ラフドット,ラフドットインティメイトウォッシュ AL,5,17910,2026-04,2026-05-18 13:44:26
2026-04-30,ロフト,ロフト0268,（不明）,ラフインティメイトフレッシュミスト AL,1,3132,2026-04,2026-05-18 13:44:26
2026-04-30,ロフト,ロフト0268,レチスパ,レチスパ クリームシャンプー,4,12800,2026-04,2026-05-18 13:44:26
2026-04-30,ロフト,ロフト0268,レチスパ,レチスパ クリームシャンプーサシェ,9,1800,2026-04,2026-05-18 13:44:26
2026-04-30,ロフト,ロフト0268,レチスパ,レチスパ ヘアオイル,1,2400,2026-04,2026-05-18 13:44:26
2026-04-30,ロフト,ロフト0268,レチスパ,レチスパ 頭皮用美容液,3,7500,2026-04,2026-05-18 13:44:26
2026-04-30,ロフト,ロフト0268,（不明）,ベルミス スリムレギンス M-L,2,7980,2026-04,2026-05-18 13:44:26
2026-04-30,ロフト,ロフト0268,（不明）,ベルミス スリムレギンス L-LL,1,3990,2026-04,2026-05-18 13:44:26
2026-04-30,ロフト,ロフト0268,ラフドット,ラフドット 薬用ホワイトセラム,4,12944,2026-04,2026-05-18 13:44:26
2026-04-30,ロフト,ロフト0268,ラフドット,ラフドットインティメイトウォッシュ MV,3,10746,2026-04,2026-05-18 13:44:26
2026-04-30,ロフト,ロフト0268,ラフドット,ラフドットインティメイトミスト MV,2,6264,2026-04,2026-05-18 13:44:26
2026-04-30,ロフト,ロフト0268,バイワンシー,バイワンシー モイストブースターホイップ,4,8800,2026-04,2026-05-18 13:44:26
2026-04-30,ロフト,ロフト0268,バイワンシー,バイワンシー ピュア・アミノシャンプー,3,8100,2026-04,2026-05-18 13:44:26
2026-04-30,ロフト,ロフト0268,バイワンシー,バイワンシー ヒートケア・トリートメント,4,10800,2026-04,2026-05-18 13:44:26
2026-04-30,ロフト,ロフト0268,バイワンシー,バイワンシー スムース・リペアエッセンス,6,16200,2026-04,2026-05-18 13:44:26
2026-04-30,ロフト,ロフト0268,（不明）,ekam アドバンスドジェル,3,8127,2026-04,2026-05-18 13:44:26
2026-04-30,ロフト,ロフト0268,（不明）,ekam ホイップ洗顔,1,1800,2026-04,2026-05-18 13:44:26
2026-04-30,ロフト,ロフト0268,（不明）,Vイフェクト青麦ジンクセラム,1,2300,2026-04,2026-05-18 13:44:26
2026-04-30,ロフト,ロフト0268,（不明）,Vイフェクト青麦LHAクレンジングジェル,1,2100,2026-04,2026-05-18 13:44:26
2026-04-30,ロフト,ロフト0269,（不明）,イオ シャンプー クリアメント200,1,1600,2026-04,2026-05-18 13:44:26
2026-04-30,ロフト,ロフト0269,（不明）,イオ クリーム メルトリペア 200,3,4800,2026-04,2026-05-18 13:44:26
2026-04-30,ロフト,ロフト0269,（不明）,イオセラム クリーム 200,3,6000,2026-04,2026-05-18 13:44:26
2026-04-30,ロフト,ロフト0269,ラフドット,ラフドットインティメイトウォッシュ SB,5,17910,2026-04,2026-05-18 13:44:26
2026-04-30,ロフト,ロフト0269,ラフドット,ラフドットインティメイトウォッシュ PM,3,10746,2026-04,2026-05-18 13:44:26
2026-04-30,ロフト,ロフト0269,レチスパ,レチスパ クリームシャンプー,1,3200,2026-04,2026-05-18 13:44:26
2026-04-30,ロフト,ロフト0269,レチスパ,レチスパ クリームシャンプーサシェ,17,3400,2026-04,2026-05-18 13:44:26
2026-04-30,ロフト,ロフト0269,レチスパ,レチスパ ヘアオイル,1,2400,2026-04,2026-05-18 13:44:26
2026-04-30,ロフト,ロフト0269,レチスパ,レチスパ 頭皮用美容液,3,7500,2026-04,2026-05-18 13:44:26
2026-04-30,ロフト,ロフト0269,（不明）,ベルミス カラープラスAGY M,1,4536,2026-04,2026-05-18 13:44:26
2026-04-30,ロフト,ロフト0269,（不明）,スリムレギンス Premium Lv3,1,5445,2026-04,2026-05-18 13:44:26
2026-04-30,ロフト,ロフト0270,（不明）,ルベル ウィズ RP 140,2,2000,2026-04,2026-05-18 13:44:26
2026-04-30,ロフト,ロフト0270,（不明）,ルベル ウィズ EP 260,1,2200,2026-04,2026-05-18 13:44:26
2026-04-30,ロフト,ロフト0270,（不明）,トリエ スプレー10 170,16,25600,2026-04,2026-05-18 13:44:26
2026-04-30,ロフト,ロフト0270,ラフドット,ラフドットインティメイトウォッシュ SB,3,10746,2026-04,2026-05-18 13:44:26
2026-04-30,ロフト,ロフト0270,（不明）,ラフインティメイトフレッシュミスト PM,1,3132,2026-04,2026-05-18 13:44:26
2026-04-30,ロフト,ロフト0270,（不明）,ラフインティメイトフレッシュミスト AL,1,3132,2026-04,2026-05-18 13:44:26
2026-04-30,ロフト,ロフト0270,レチスパ,レチスパ クリームシャンプー,2,6400,2026-04,2026-05-18 13:44:26
2026-04-30,ロフト,ロフト0270,レチスパ,レチスパ クリームシャンプーサシェ,5,1000,2026-04,2026-05-18 13:44:26
2026-04-30,ロフト,ロフト0270,ラフドット,ラフドットインティメイトウォッシュ MV,1,3582,2026-04,2026-05-18 13:44:26
2026-04-30,ロフト,ロフト0270,ラフドット,ラフドットインティメイトミスト MV,3,9396,2026-04,2026-05-18 13:44:26
2026-04-30,ロフト,ロフト0270,バイワンシー,バイワンシー モイストブースターホイップ,1,2200,2026-04,2026-05-18 13:44:26
2026-04-30,ロフト,ロフト0270,バイワンシー,バイワンシー ピュア・アミノシャンプー,1,2700,2026-04,2026-05-18 13:44:26
2026-04-30,ロフト,ロフト0270,バイワンシー,バイワンシー ヒートケア・トリートメント,2,5400,2026-04,2026-05-18 13:44:26
2026-04-30,ロフト,ロフト0270,バイワンシー,バイワンシー スムース・リペアエッセンス,5,13500,2026-04,2026-05-18 13:44:26
2026-04-30,ロフト,ロフト0270,バイワンシー,バイワンシー スムースリペアESサシェ,11,2970,2026-04,2026-05-18 13:44:26
2026-04-30,ロフト,ロフト0270,バイワンシー,バイワンシー SP&TRサシェ,16,4320,2026-04,2026-05-18 13:44:26
2026-04-30,ロフト,ロフト0271,（不明）,イオ シャンプー クリアメント200,1,1600,2026-04,2026-05-18 13:44:26
2026-04-30,ロフト,ロフト0271,（不明）,イオ シャンプー リラックスメント200,6,9600,2026-04,2026-05-18 13:44:26
2026-04-30,ロフト,ロフト0271,（不明）,イオ クリーム メルトリペア 200,8,12800,2026-04,2026-05-18 13:44:26
2026-04-30,ロフト,ロフト0271,（不明）,ルベル ウィズ MG 240,4,4000,2026-04,2026-05-18 13:44:26
2026-04-30,ロフト,ロフト0271,（不明）,ルベル ウィズ EP 260,1,2200,2026-04,2026-05-18 13:44:26
2026-04-30,ロフト,ロフト0271,（不明）,トリエ スプレー10 170,9,14400,2026-04,2026-05-18 13:44:26
2026-04-30,ロフト,ロフト0271,（不明）,ビューティアップナイトブラ ブラックL,1,2980,2026-04,2026-05-18 13:44:26
2026-04-30,ロフト,ロフト0271,ラフドット,ラフドットインティメイトウォッシュ SB,3,10746,2026-04,2026-05-18 13:44:26
2026-04-30,ロフト,ロフト0271,ラフドット,ラフドットインティメイトウォッシュ PM,3,10746,2026-04,2026-05-18 13:44:26
2026-04-30,ロフト,ロフト0271,（不明）,ラフインティメイトフレッシュミスト PM,3,9396,2026-04,2026-05-18 13:44:26
2026-04-30,ロフト,ロフト0271,（不明）,ラフインティメイトフレッシュミスト AL,1,3132,2026-04,2026-05-18 13:44:26
2026-04-30,ロフト,ロフト0271,レチスパ,レチスパ クリームシャンプーサシェ,5,1000,2026-04,2026-05-18 13:44:26
2026-04-30,ロフト,ロフト0271,レチスパ,レチスパ ヘアオイル,1,2400,2026-04,2026-05-18 13:44:26
2026-04-30,ロフト,ロフト0271,レチスパ,レチスパ 頭皮用美容液,1,2500,2026-04,2026-05-18 13:44:26
2026-04-30,ロフト,ロフト0271,（不明）,ベルミス スリムレギンス M-L,2,7980,2026-04,2026-05-18 13:44:26
2026-04-30,ロフト,ロフト0271,（不明）,ベルミス スリムレギンス L-LL,3,11970,2026-04,2026-05-18 13:44:26
2026-04-30,ロフト,ロフト0271,（不明）,ベルミス カラープラスBK M,1,4536,2026-04,2026-05-18 13:44:26
2026-04-30,ロフト,ロフト0271,ラフドット,ラフドット 薬用ホワイトセラム,1,3236,2026-04,2026-05-18 13:44:26
2026-04-30,ロフト,ロフト0271,ラフドット,ラフドットインティメイトウォッシュ MV,2,7164,2026-04,2026-05-18 13:44:26
2026-04-30,ロフト,ロフト0271,（不明）,ベルミス スリムフルレッグLーLL,1,4718,2026-04,2026-05-18 13:44:26
2026-04-30,ロフト,ロフト0271,（不明）,スリムレギンス Premium Lv3,1,5445,2026-04,2026-05-18 13:44:26
2026-04-30,ロフト,ロフト0271,（不明）,wolg BBクリーム ナチュラル,3,8127,2026-04,2026-05-18 13:44:26
2026-04-30,ロフト,ロフト0271,（不明）,ekam ホイップ洗顔,1,1800,2026-04,2026-05-18 13:44:26
2026-04-30,ロフト,ロフト0272,（不明）,イオ シャンプー リラックスメント200,2,3200,2026-04,2026-05-18 13:44:26
2026-04-30,ロフト,ロフト0272,（不明）,イオ エッセンス スリーク,4,8000,2026-04,2026-05-18 13:44:26
2026-04-30,ロフト,ロフト0272,（不明）,イオ クリーム メルトリペア 200,3,4800,2026-04,2026-05-18 13:44:26
2026-04-30,ロフト,ロフト0272,（不明）,イオセラム オイル 100,1,2400,2026-04,2026-05-18 13:44:26
2026-04-30,ロフト,ロフト0272,（不明）,ルベル ウィズ MG 240,1,1000,2026-04,2026-05-18 13:44:26
2026-04-30,ロフト,ロフト0272,（不明）,ルベル ウィズ JO 240,1,1000,2026-04,2026-05-18 13:44:26
2026-04-30,ロフト,ロフト0272,（不明）,ルベル ウィズ SW 240,1,1000,2026-04,2026-05-18 13:44:26
2026-04-30,ロフト,ロフト0272,（不明）,ビューティアップナイトブラ ブラックM,1,2980,2026-04,2026-05-18 13:44:26
2026-04-30,ロフト,ロフト0272,ラフドット,ラフドットインティメイトウォッシュ SB,16,57312,2026-04,2026-05-18 13:44:26
2026-04-30,ロフト,ロフト0272,（不明）,ラフインティメイトフレッシュミスト SB,3,9396,2026-04,2026-05-18 13:44:26
2026-04-30,ロフト,ロフト0272,（不明）,ビューティアップナイトブラ BグレーM,1,2980,2026-04,2026-05-18 13:44:26
2026-04-30,ロフト,ロフト0272,ラフドット,ラフドットインティメイトウォッシュ PM,10,35820,2026-04,2026-05-18 13:44:26
2026-04-30,ロフト,ロフト0272,（不明）,ラフインティメイトフレッシュミスト PM,2,6264,2026-04,2026-05-18 13:44:26
2026-04-30,ロフト,ロフト0272,レチスパ,レチスパ クリームシャンプー,1,3200,2026-04,2026-05-18 13:44:26
2026-04-30,ロフト,ロフト0272,レチスパ,レチスパ クリームシャンプーサシェ,31,6200,2026-04,2026-05-18 13:44:26
2026-04-30,ロフト,ロフト0272,レチスパ,レチスパ ヘアオイル,1,2400,2026-04,2026-05-18 13:44:26
2026-04-30,ロフト,ロフト0272,レチスパ,レチスパ 頭皮用美容液,1,2500,2026-04,2026-05-18 13:44:26
2026-04-30,ロフト,ロフト0272,（不明）,ベルミス スリムレギンス M-L,3,11970,2026-04,2026-05-18 13:44:26
2026-04-30,ロフト,ロフト0272,（不明）,ベルミス スリムレギンス L-LL,1,3990,2026-04,2026-05-18 13:44:26
2026-04-30,ロフト,ロフト0272,（不明）,ベルミス カラープラスBK M,1,4536,2026-04,2026-05-18 13:44:26
2026-04-30,ロフト,ロフト0272,（不明）,ベルミス カラープラスBK L,2,9072,2026-04,2026-05-18 13:44:26
2026-04-30,ロフト,ロフト0272,（不明）,ベルミス カラープラスAGY L,1,4536,2026-04,2026-05-18 13:44:26
2026-04-30,ロフト,ロフト0272,ラフドット,ラフドット 薬用ホワイトセラム,3,9708,2026-04,2026-05-18 13:44:26
2026-04-30,ロフト,ロフト0272,ラフドット,ラフドット ヘアリムーバー,1,3400,2026-04,2026-05-18 13:44:26
2026-04-30,ロフト,ロフト0272,ラフドット,ラフドットインティメイトウォッシュ MV,11,39402,2026-04,2026-05-18 13:44:26
2026-04-30,ロフト,ロフト0272,ラフドット,ラフドットインティメイトミスト MV,2,6264,2026-04,2026-05-18 13:44:26
2026-04-30,ロフト,ロフト0272,バイワンシー,バイワンシー モイストブースターホイップ,1,2200,2026-04,2026-05-18 13:44:26
2026-04-30,ロフト,ロフト0272,（不明）,リムーブレギンスEB M-L,1,11182,2026-04,2026-05-18 13:44:26
2026-04-30,ロフト,ロフト0272,（不明）,リムーブレギンスEB L-LL,1,11182,2026-04,2026-05-18 13:44:26
2026-04-30,ロフト,ロフト0272,（不明）,スリムレギンス Premium Lv3,1,5445,2026-04,2026-05-18 13:44:26
2026-04-30,ロフト,ロフト0272,（不明）,wolg BBクリーム ナチュラル,5,13545,2026-04,2026-05-18 13:44:26
2026-04-30,ロフト,ロフト0272,バイワンシー,バイワンシー ピュア・アミノシャンプー,4,10800,2026-04,2026-05-18 13:44:26
2026-04-30,ロフト,ロフト0272,バイワンシー,バイワンシー ヒートケア・トリートメント,3,8100,2026-04,2026-05-18 13:44:26
2026-04-30,ロフト,ロフト0272,バイワンシー,バイワンシー スムース・リペアエッセンス,10,27000,2026-04,2026-05-18 13:44:26
2026-04-30,ロフト,ロフト0272,バイワンシー,バイワンシー スムースリペアESサシェ,16,4320,2026-04,2026-05-18 13:44:26
2026-04-30,ロフト,ロフト0272,バイワンシー,バイワンシー SP&TRサシェ,29,7830,2026-04,2026-05-18 13:44:26
2026-04-30,ロフト,ロフト0272,（不明）,かかと集中ピーリングマスク,2,1160,2026-04,2026-05-18 13:44:26
2026-04-30,ロフト,ロフト0272,（不明）,ティーブレスボディローションアールグレイ,1,1500,2026-04,2026-05-18 13:44:26
2026-04-30,ロフト,ロフト0273,（不明）,イオセラム シャンプー 200,1,2000,2026-04,2026-05-18 13:44:26
2026-04-30,ロフト,ロフト0273,（不明）,イオ エッセンス モイスト,1,2000,2026-04,2026-05-18 13:44:26
2026-04-30,ロフト,ロフト0273,（不明）,イオ クリーム シルキーリペア 200,2,3200,2026-04,2026-05-18 13:44:26
2026-04-30,ロフト,ロフト0273,（不明）,トリエ スプレー10 170,14,22400,2026-04,2026-05-18 13:44:26
2026-04-30,ロフト,ロフト0273,（不明）,ビューティアップナイトブラ ブラックM,1,2980,2026-04,2026-05-18 13:44:26
2026-04-30,ロフト,ロフト0273,（不明）,ビューティアップナイトブラ ブラックL,1,2980,2026-04,2026-05-18 13:44:26
2026-04-30,ロフト,ロフト0273,ラフドット,ラフドットインティメイトウォッシュ SB,4,14328,2026-04,2026-05-18 13:44:26
2026-04-30,ロフト,ロフト0273,ラフドット,ラフドットインティメイトウォッシュ PM,6,21492,2026-04,2026-05-18 13:44:26
2026-04-30,ロフト,ロフト0273,（不明）,ラフインティメイトフレッシュミスト PM,2,6264,2026-04,2026-05-18 13:44:26
2026-04-30,ロフト,ロフト0273,ラフドット,ラフドットインティメイトウォッシュ AL,1,3582,2026-04,2026-05-18 13:44:26
2026-04-30,ロフト,ロフト0273,レチスパ,レチスパ クリームシャンプー,1,3200,2026-04,2026-05-18 13:44:26
2026-04-30,ロフト,ロフト0273,レチスパ,レチスパ クリームシャンプーサシェ,5,1000,2026-04,2026-05-18 13:44:26
2026-04-30,ロフト,ロフト0273,（不明）,ベルミス スリムレギンス M-L,1,3990,2026-04,2026-05-18 13:44:26
2026-04-30,ロフト,ロフト0273,（不明）,ベルミス スリムレギンス L-LL,1,3990,2026-04,2026-05-18 13:44:26
2026-04-30,ロフト,ロフト0273,（不明）,ベルミス カラープラスBK M,2,9072,2026-04,2026-05-18 13:44:26
2026-04-30,ロフト,ロフト0273,ラフドット,ラフドット 薬用ホワイトセラム,3,9708,2026-04,2026-05-18 13:44:26
2026-04-30,ロフト,ロフト0273,ラフドット,ラフドットインティメイトウォッシュ MV,2,7164,2026-04,2026-05-18 13:44:26
2026-04-30,ロフト,ロフト0273,バイワンシー,バイワンシー モイストブースターホイップ,2,4400,2026-04,2026-05-18 13:44:26
2026-04-30,ロフト,ロフト0273,（不明）,ベルミス スリムフルレッグ M-L,1,4718,2026-04,2026-05-18 13:44:26
2026-04-30,ロフト,ロフト0273,（不明）,スリムレギンス Premium Lv2,2,10890,2026-04,2026-05-18 13:44:26
2026-04-30,ロフト,ロフト0273,（不明）,wolg BBクリーム ナチュラル,1,2709,2026-04,2026-05-18 13:44:26
2026-04-30,ロフト,ロフト0273,バイワンシー,バイワンシー ピュア・アミノシャンプー,1,2700,2026-04,2026-05-18 13:44:26
2026-04-30,ロフト,ロフト0273,バイワンシー,バイワンシー ヒートケア・トリートメント,1,2700,2026-04,2026-05-18 13:44:26
2026-04-30,ロフト,ロフト0273,バイワンシー,バイワンシー SP&TRサシェ,4,1080,2026-04,2026-05-18 13:44:26
2026-04-30,ロフト,ロフト0273,（不明）,かかと集中ピーリングマスク,3,1740,2026-04,2026-05-18 13:44:26
2026-04-30,ロフト,ロフト0273,（不明）,かかとソフトパッチ,3,2250,2026-04,2026-05-18 13:44:26
2026-04-30,ロフト,ロフト0274,（不明）,ルベル ウィズ CY 240,1,1400,2026-04,2026-05-18 13:44:26
2026-04-30,ロフト,ロフト0274,（不明）,ルベル ウィズ JO 240,1,1000,2026-04,2026-05-18 13:44:26
2026-04-30,ロフト,ロフト0274,（不明）,ルベル ウィズ RP 140,1,1000,2026-04,2026-05-18 13:44:26
2026-04-30,ロフト,ロフト0274,ラフドット,ラフドットインティメイトウォッシュ SB,6,21492,2026-04,2026-05-18 13:44:26
2026-04-30,ロフト,ロフト0274,（不明）,ラフインティメイトフレッシュミスト SB,1,3132,2026-04,2026-05-18 13:44:26
2026-04-30,ロフト,ロフト0274,ラフドット,ラフドットインティメイトウォッシュ PM,6,21492,2026-04,2026-05-18 13:44:26
2026-04-30,ロフト,ロフト0274,（不明）,ラフインティメイトフレッシュミスト PM,1,3132,2026-04,2026-05-18 13:44:26
2026-04-30,ロフト,ロフト0274,レチスパ,レチスパ クリームシャンプー,1,3200,2026-04,2026-05-18 13:44:26
2026-04-30,ロフト,ロフト0274,レチスパ,レチスパ クリームシャンプーサシェ,6,1200,2026-04,2026-05-18 13:44:26
2026-04-30,ロフト,ロフト0274,レチスパ,レチスパ 頭皮用美容液,1,2500,2026-04,2026-05-18 13:44:26
2026-04-30,ロフト,ロフト0274,（不明）,ベルミス カラープラスBK M,2,9072,2026-04,2026-05-18 13:44:26
2026-04-30,ロフト,ロフト0274,ラフドット,ラフドットインティメイトウォッシュ MV,4,14328,2026-04,2026-05-18 13:44:26
2026-04-30,ロフト,ロフト0274,（不明）,スリムレギンス Premium Lv3,1,5445,2026-04,2026-05-18 13:44:26
2026-04-30,ロフト,ロフト0274,（不明）,wolg BBクリーム ナチュラル,2,5418,2026-04,2026-05-18 13:44:26
2026-04-30,ロフト,ロフト0275,（不明）,イオ シャンプー リラックスメント200,6,9600,2026-04,2026-05-18 13:44:26
2026-04-30,ロフト,ロフト0275,（不明）,ルベル ウィズ SW 240,1,1000,2026-04,2026-05-18 13:44:26
2026-04-30,ロフト,ロフト0275,（不明）,ルベル ウィズ RP 140,1,1000,2026-04,2026-05-18 13:44:26
2026-04-30,ロフト,ロフト0275,（不明）,ルベル ウィズ EP 140,2,2400,2026-04,2026-05-18 13:44:26
2026-04-30,ロフト,ロフト0275,（不明）,トリエ スプレー10 170,10,16000,2026-04,2026-05-18 13:44:26
2026-04-30,ロフト,ロフト0275,ラフドット,ラフドットインティメイトウォッシュ SB,4,14328,2026-04,2026-05-18 13:44:26
2026-04-30,ロフト,ロフト0275,ラフドット,ラフドットインティメイトウォッシュ PM,5,17910,2026-04,2026-05-18 13:44:26
2026-04-30,ロフト,ロフト0275,レチスパ,レチスパ クリームシャンプーサシェ,8,1600,2026-04,2026-05-18 13:44:26
2026-04-30,ロフト,ロフト0275,レチスパ,レチスパ 頭皮用美容液,3,7500,2026-04,2026-05-18 13:44:26
2026-04-30,ロフト,ロフト0275,（不明）,ベルミス カラープラスBK L,2,9072,2026-04,2026-05-18 13:44:26
2026-04-30,ロフト,ロフト0275,ラフドット,ラフドットインティメイトウォッシュ MV,3,10746,2026-04,2026-05-18 13:44:26
2026-04-30,ロフト,ロフト0275,ラフドット,ラフドットインティメイトミスト MV,1,3132,2026-04,2026-05-18 13:44:26
2026-04-30,ロフト,ロフト0275,（不明）,スリムレギンス Premium Lv2,1,5445,2026-04,2026-05-18 13:44:26
2026-04-30,ロフト,ロフト0275,（不明）,スリムレギンス Premium Lv3,1,5445,2026-04,2026-05-18 13:44:26
2026-04-30,ロフト,ロフト0275,バイワンシー,バイワンシー ピュア・アミノシャンプー,1,2700,2026-04,2026-05-18 13:44:26
2026-04-30,ロフト,ロフト0275,バイワンシー,バイワンシー ヒートケア・トリートメント,2,5400,2026-04,2026-05-18 13:44:26
2026-04-30,ロフト,ロフト0275,バイワンシー,バイワンシー スムース・リペアエッセンス,1,2700,2026-04,2026-05-18 13:44:26
2026-04-30,ロフト,ロフト0275,バイワンシー,バイワンシー スムースリペアESサシェ,7,1890,2026-04,2026-05-18 13:44:26
2026-04-30,ロフト,ロフト0275,バイワンシー,バイワンシー SP&TRサシェ,13,3510,2026-04,2026-05-18 13:44:26
2026-04-30,ロフト,ロフト0277,（不明）,イオ エッセンス スリーク,1,2000,2026-04,2026-05-18 13:44:26
2026-04-30,ロフト,ロフト0277,（不明）,イオ クリーム メルトリペア 200,3,4800,2026-04,2026-05-18 13:44:26
2026-04-30,ロフト,ロフト0277,（不明）,イオセラム シャンプー 200,1,2000,2026-04,2026-05-18 13:44:26
2026-04-30,ロフト,ロフト0277,（不明）,ルベル ウィズ SW 240,3,3000,2026-04,2026-05-18 13:44:26
2026-04-30,ロフト,ロフト0277,（不明）,ルベル ウィズ RP 140,2,2000,2026-04,2026-05-18 13:44:26
2026-04-30,ロフト,ロフト0277,（不明）,トリエ スプレー10 170,13,20800,2026-04,2026-05-18 13:44:26
2026-04-30,ロフト,ロフト0277,ラフドット,ラフドットインティメイトウォッシュ SB,7,25074,2026-04,2026-05-18 13:44:26
2026-04-30,ロフト,ロフト0277,ラフドット,ラフドットインティメイトウォッシュ PM,8,28656,2026-04,2026-05-18 13:44:26
2026-04-30,ロフト,ロフト0277,（不明）,ラフインティメイトフレッシュミスト PM,1,3132,2026-04,2026-05-18 13:44:26
2026-04-30,ロフト,ロフト0277,（不明）,ベルミス スリムレギンス M-L,1,3990,2026-04,2026-05-18 13:44:26
2026-04-30,ロフト,ロフト0277,（不明）,ベルミス カラープラスBK M,1,4536,2026-04,2026-05-18 13:44:26
2026-04-30,ロフト,ロフト0277,（不明）,ベルミス カラープラスAGY M,1,4536,2026-04,2026-05-18 13:44:26
2026-04-30,ロフト,ロフト0277,（不明）,ベルミス カラープラスAGY L,1,4536,2026-04,2026-05-18 13:44:26
2026-04-30,ロフト,ロフト0277,ラフドット,ラフドット 薬用ホワイトセラム,3,9708,2026-04,2026-05-18 13:44:26
2026-04-30,ロフト,ロフト0277,ラフドット,ラフドットインティメイトウォッシュ MV,2,7164,2026-04,2026-05-18 13:44:26
2026-04-30,ロフト,ロフト0277,（不明）,laugh.ギフトBOX,3,10746,2026-04,2026-05-18 13:44:26
2026-04-30,ロフト,ロフト0277,（不明）,スリムレギンス Premium Lv3,1,5445,2026-04,2026-05-18 13:44:26
2026-04-30,ロフト,ロフト0277,（不明）,スリムフルレッグ クールプラス L-LL,1,4718,2026-04,2026-05-18 13:44:26
2026-04-30,ロフト,ロフト0277,（不明）,wolg BBクリーム ナチュラル,2,5418,2026-04,2026-05-18 13:44:26
2026-04-30,ロフト,ロフト0278,（不明）,イオ クリーム メルトリペア 200,1,1600,2026-04,2026-05-18 13:44:26
2026-04-30,ロフト,ロフト0278,（不明）,イオセラム シャンプー 200,1,2000,2026-04,2026-05-18 13:44:26
2026-04-30,ロフト,ロフト0278,（不明）,トリエ スプレー10 170,9,14400,2026-04,2026-05-18 13:44:26
2026-04-30,ロフト,ロフト0278,ラフドット,ラフドットインティメイトウォッシュ SB,3,10746,2026-04,2026-05-18 13:44:26
2026-04-30,ロフト,ロフト0278,ラフドット,ラフドットインティメイトウォッシュ PM,4,14328,2026-04,2026-05-18 13:44:26
2026-04-30,ロフト,ロフト0278,（不明）,ラフインティメイトフレッシュミスト PM,1,3132,2026-04,2026-05-18 13:44:26
2026-04-30,ロフト,ロフト0278,ラフドット,ラフドットインティメイトウォッシュ AL,1,3582,2026-04,2026-05-18 13:44:26
2026-04-30,ロフト,ロフト0278,レチスパ,レチスパ クリームシャンプー,1,3200,2026-04,2026-05-18 13:44:26
2026-04-30,ロフト,ロフト0278,レチスパ,レチスパ クリームシャンプーサシェ,4,800,2026-04,2026-05-18 13:44:26
2026-04-30,ロフト,ロフト0278,（不明）,ベルミス スリムフルレッグ M-L,1,4718,2026-04,2026-05-18 13:44:26
2026-04-30,ロフト,ロフト0278,（不明）,スリムレギンス Premium Lv1,1,5445,2026-04,2026-05-18 13:44:26
2026-04-30,ロフト,ロフト0278,バイワンシー,バイワンシー スムース・リペアエッセンス,1,2700,2026-04,2026-05-18 13:44:26
2026-04-30,ロフト,ロフト0278,（不明）,ティーブレスボディローションホワイト,2,3000,2026-04,2026-05-18 13:44:26
2026-04-30,ロフト,ロフト0279,（不明）,イオセラム オイル 100,2,4800,2026-04,2026-05-18 13:44:26
2026-04-30,ロフト,ロフト0279,（不明）,イオ シャンプー リラックスメント200,2,3200,2026-04,2026-05-18 13:44:26
2026-04-30,ロフト,ロフト0279,（不明）,イオ クリーム シルキーリペア 200,2,3200,2026-04,2026-05-18 13:44:26
2026-04-30,ロフト,ロフト0279,（不明）,イオ クリーム メルトリペア 200,3,4800,2026-04,2026-05-18 13:44:26
2026-04-30,ロフト,ロフト0279,（不明）,ルベル ウィズ SW 240,2,2000,2026-04,2026-05-18 13:44:26
2026-04-30,ロフト,ロフト0279,（不明）,ルベル ウィズ EP 140,1,1200,2026-04,2026-05-18 13:44:26
2026-04-30,ロフト,ロフト0279,（不明）,トリエ スプレー10 170,20,32000,2026-04,2026-05-18 13:44:26
2026-04-30,ロフト,ロフト0279,ラフドット,ラフドットインティメイトウォッシュ SB,4,14328,2026-04,2026-05-18 13:44:26
2026-04-30,ロフト,ロフト0279,（不明）,ラフインティメイトフレッシュミスト SB,1,3132,2026-04,2026-05-18 13:44:26
2026-04-30,ロフト,ロフト0279,ラフドット,ラフドットインティメイトウォッシュ PM,2,7164,2026-04,2026-05-18 13:44:26
2026-04-30,ロフト,ロフト0279,ラフドット,ラフドットインティメイトウォッシュ AL,1,3582,2026-04,2026-05-18 13:44:26
2026-04-30,ロフト,ロフト0279,レチスパ,レチスパ クリームシャンプー,1,3200,2026-04,2026-05-18 13:44:26
2026-04-30,ロフト,ロフト0279,レチスパ,レチスパ クリームシャンプーサシェ,12,2400,2026-04,2026-05-18 13:44:26
2026-04-30,ロフト,ロフト0279,レチスパ,レチスパ ヘアオイル,1,2400,2026-04,2026-05-18 13:44:26
2026-04-30,ロフト,ロフト0279,レチスパ,レチスパ 頭皮用美容液,2,5000,2026-04,2026-05-18 13:44:26
2026-04-30,ロフト,ロフト0279,ラフドット,ラフドットインティメイトウォッシュ MV,3,10746,2026-04,2026-05-18 13:44:26
2026-04-30,ロフト,ロフト0279,ラフドット,ラフドットインティメイトミスト MV,1,3132,2026-04,2026-05-18 13:44:26
2026-04-30,ロフト,ロフト0279,バイワンシー,バイワンシー モイストブースターホイップ,2,4400,2026-04,2026-05-18 13:44:26
2026-04-30,ロフト,ロフト0279,（不明）,ベルミス スリムフルレッグ M-L,1,4718,2026-04,2026-05-18 13:44:26
2026-04-30,ロフト,ロフト0279,（不明）,スリムレギンス Premium Lv3,1,5445,2026-04,2026-05-18 13:44:26
2026-04-30,ロフト,ロフト0279,（不明）,wolg BBクリーム ナチュラル,2,5418,2026-04,2026-05-18 13:44:26
2026-04-30,ロフト,ロフト0279,バイワンシー,バイワンシー ヒートケア・トリートメント,1,2700,2026-04,2026-05-18 13:44:26
2026-04-30,ロフト,ロフト0279,バイワンシー,バイワンシー スムース・リペアエッセンス,2,5400,2026-04,2026-05-18 13:44:26
2026-04-30,ロフト,ロフト0279,（不明）,ekam アドバンスドジェル,1,2709,2026-04,2026-05-18 13:44:26
2026-04-30,ロフト,ロフト0279,（不明）,ekam ホイップ洗顔,1,1800,2026-04,2026-05-18 13:44:26
2026-04-30,ロフト,ロフト0283,（不明）,イオセラム シャンプー 200,1,2000,2026-04,2026-05-18 13:44:26
2026-04-30,ロフト,ロフト0283,（不明）,イオ クリーム メルトリペア 200,2,3200,2026-04,2026-05-18 13:44:26
2026-04-30,ロフト,ロフト0283,（不明）,イオセラム オイル 100,2,4800,2026-04,2026-05-18 13:44:26
2026-04-30,ロフト,ロフト0283,（不明）,イオセラム マスク 170,1,3200,2026-04,2026-05-18 13:44:26
2026-04-30,ロフト,ロフト0283,（不明）,ルベル ウィズ JO 240,3,3000,2026-04,2026-05-18 13:44:26
2026-04-30,ロフト,ロフト0283,（不明）,トリエ スプレー10 170,3,4800,2026-04,2026-05-18 13:44:26
2026-04-30,ロフト,ロフト0283,レチスパ,レチスパ クリームシャンプー,3,9600,2026-04,2026-05-18 13:44:26
2026-04-30,ロフト,ロフト0283,レチスパ,レチスパ クリームシャンプーサシェ,13,2600,2026-04,2026-05-18 13:44:26
2026-04-30,ロフト,ロフト0283,レチスパ,レチスパ 頭皮用美容液,2,5000,2026-04,2026-05-18 13:44:26
2026-04-30,ロフト,ロフト0283,（不明）,ベルミス カラープラスBK L,1,4536,2026-04,2026-05-18 13:44:26
2026-04-30,ロフト,ロフト0283,（不明）,ベルミス スリムフルレッグLーLL,2,9436,2026-04,2026-05-18 13:44:26
2026-04-30,ロフト,ロフト0284,（不明）,イオ シャンプー クリアメント200,2,3200,2026-04,2026-05-18 13:44:26
2026-04-30,ロフト,ロフト0284,（不明）,イオ クリーム シルキーリペア 200,5,8000,2026-04,2026-05-18 13:44:26
2026-04-30,ロフト,ロフト0284,（不明）,イオ クリーム メルトリペア 200,3,4800,2026-04,2026-05-18 13:44:26
2026-04-30,ロフト,ロフト0284,（不明）,イオセラム シャンプー 200,1,2000,2026-04,2026-05-18 13:44:26
2026-04-30,ロフト,ロフト0284,（不明）,イオセラム オイル 100,2,4800,2026-04,2026-05-18 13:44:26
2026-04-30,ロフト,ロフト0284,（不明）,ルベル ウィズ RP 140,1,1000,2026-04,2026-05-18 13:44:26
2026-04-30,ロフト,ロフト0284,（不明）,トリエ スプレー10 170,9,14400,2026-04,2026-05-18 13:44:26
2026-04-30,ロフト,ロフト0284,ラフドット,ラフドットインティメイトウォッシュ SB,7,25074,2026-04,2026-05-18 13:44:26
2026-04-30,ロフト,ロフト0284,（不明）,ラフインティメイトフレッシュミスト SB,2,6264,2026-04,2026-05-18 13:44:26
2026-04-30,ロフト,ロフト0284,ラフドット,ラフドットインティメイトウォッシュ PM,5,17910,2026-04,2026-05-18 13:44:26
2026-04-30,ロフト,ロフト0284,（不明）,ラフインティメイトフレッシュミスト PM,2,6264,2026-04,2026-05-18 13:44:26
2026-04-30,ロフト,ロフト0284,ラフドット,ラフドットインティメイトウォッシュ AL,2,7164,2026-04,2026-05-18 13:44:26
2026-04-30,ロフト,ロフト0284,（不明）,ベルミス カラープラスBK M,1,4536,2026-04,2026-05-18 13:44:26
2026-04-30,ロフト,ロフト0284,（不明）,ベルミス カラープラスBK L,1,4536,2026-04,2026-05-18 13:44:26
2026-04-30,ロフト,ロフト0284,ラフドット,ラフドットインティメイトウォッシュ MV,6,21492,2026-04,2026-05-18 13:44:26
2026-04-30,ロフト,ロフト0284,ラフドット,ラフドットインティメイトミスト MV,2,6264,2026-04,2026-05-18 13:44:26
2026-04-30,ロフト,ロフト0284,バイワンシー,バイワンシー モイストブースターホイップ,4,8800,2026-04,2026-05-18 13:44:26
2026-04-30,ロフト,ロフト0284,バイワンシー,バイワンシー ピュア・アミノシャンプー,1,2700,2026-04,2026-05-18 13:44:26
2026-04-30,ロフト,ロフト0284,バイワンシー,バイワンシー スムースリペアESサシェ,5,1350,2026-04,2026-05-18 13:44:26
2026-04-30,ロフト,ロフト0286,（不明）,イオ シャンプー クリアメント200,1,1600,2026-04,2026-05-18 13:44:26
2026-04-30,ロフト,ロフト0286,（不明）,イオセラム オイル 100,1,2400,2026-04,2026-05-18 13:44:26
2026-04-30,ロフト,ロフト0286,（不明）,イオセラム マスク 170,1,3200,2026-04,2026-05-18 13:44:26
2026-04-30,ロフト,ロフト0286,（不明）,ルベル ウィズ MG 240,1,1000,2026-04,2026-05-18 13:44:26
2026-04-30,ロフト,ロフト0286,ラフドット,ラフドットインティメイトウォッシュ SB,5,17910,2026-04,2026-05-18 13:44:26
2026-04-30,ロフト,ロフト0286,ラフドット,ラフドットインティメイトウォッシュ PM,8,28656,2026-04,2026-05-18 13:44:26
2026-04-30,ロフト,ロフト0286,（不明）,ラフインティメイトフレッシュミスト PM,1,3132,2026-04,2026-05-18 13:44:26
2026-04-30,ロフト,ロフト0286,ラフドット,ラフドットインティメイトウォッシュ MV,1,3582,2026-04,2026-05-18 13:44:26
2026-04-30,ロフト,ロフト0288,（不明）,イオセラム オイル 100,3,7200,2026-04,2026-05-18 13:44:26
2026-04-30,ロフト,ロフト0288,（不明）,ルベル ウィズ EP 260,3,6600,2026-04,2026-05-18 13:44:26
2026-04-30,ロフト,ロフト0288,ラフドット,ラフドットインティメイトウォッシュ SB,5,17910,2026-04,2026-05-18 13:44:26
2026-04-30,ロフト,ロフト0288,ラフドット,ラフドットインティメイトウォッシュ PM,5,17910,2026-04,2026-05-18 13:44:26
2026-04-30,ロフト,ロフト0288,ラフドット,ラフドットインティメイトウォッシュ MV,2,7164,2026-04,2026-05-18 13:44:26
2026-04-30,ロフト,ロフト0289,（不明）,イオ シャンプー リラックスメント200,11,17600,2026-04,2026-05-18 13:44:26
2026-04-30,ロフト,ロフト0289,（不明）,イオ エッセンス モイスト,1,2000,2026-04,2026-05-18 13:44:26
2026-04-30,ロフト,ロフト0289,（不明）,イオ エッセンス スリーク,5,10000,2026-04,2026-05-18 13:44:26
2026-04-30,ロフト,ロフト0289,（不明）,イオ クリーム シルキーリペア 200,9,14400,2026-04,2026-05-18 13:44:26
2026-04-30,ロフト,ロフト0289,（不明）,イオ クリーム メルトリペア 200,7,11200,2026-04,2026-05-18 13:44:26
2026-04-30,ロフト,ロフト0289,（不明）,イオセラム クリーム 200,4,8000,2026-04,2026-05-18 13:44:26
2026-04-30,ロフト,ロフト0289,（不明）,ルベル ウィズ SW 240,6,6000,2026-04,2026-05-18 13:44:26
2026-04-30,ロフト,ロフト0289,（不明）,ルベル ウィズ RP 140,5,5000,2026-04,2026-05-18 13:44:26
2026-04-30,ロフト,ロフト0289,（不明）,トリエ スプレー10 170,53,84800,2026-04,2026-05-18 13:44:26
2026-04-30,ロフト,ロフト0289,ラフドット,ラフドットインティメイトウォッシュ SB,12,42984,2026-04,2026-05-18 13:44:26
2026-04-30,ロフト,ロフト0289,ラフドット,ラフドットインティメイトウォッシュ PM,11,39402,2026-04,2026-05-18 13:44:26
2026-04-30,ロフト,ロフト0289,（不明）,ラフインティメイトフレッシュミスト PM,3,9396,2026-04,2026-05-18 13:44:26
2026-04-30,ロフト,ロフト0289,（不明）,ラフインティメイトフレッシュミスト AL,1,3132,2026-04,2026-05-18 13:44:26
2026-04-30,ロフト,ロフト0289,（不明）,ベルミス スリムレギンス M-L,1,3990,2026-04,2026-05-18 13:44:26
2026-04-30,ロフト,ロフト0289,（不明）,ベルミス スリムレギンス L-LL,2,7980,2026-04,2026-05-18 13:44:26
2026-04-30,ロフト,ロフト0289,（不明）,ベルミス カラープラスBK M,1,4536,2026-04,2026-05-18 13:44:26
2026-04-30,ロフト,ロフト0289,ラフドット,ラフドット ヘアリムーバー,3,10200,2026-04,2026-05-18 13:44:26
2026-04-30,ロフト,ロフト0289,ラフドット,ラフドットインティメイトウォッシュ MV,8,28656,2026-04,2026-05-18 13:44:26
2026-04-30,ロフト,ロフト0289,ラフドット,ラフドットインティメイトミスト MV,1,3132,2026-04,2026-05-18 13:44:26
2026-04-30,ロフト,ロフト0289,バイワンシー,バイワンシー モイストブースターホイップ,2,4400,2026-04,2026-05-18 13:44:26
2026-04-30,ロフト,ロフト0289,（不明）,ベルミス スリムフルレッグ M-L,2,9436,2026-04,2026-05-18 13:44:26
2026-04-30,ロフト,ロフト0289,（不明）,スリムレギンス Premium Lv2,1,5445,2026-04,2026-05-18 13:44:26
2026-04-30,ロフト,ロフト0289,（不明）,スリムレギンス Premium Lv3,3,16335,2026-04,2026-05-18 13:44:26
2026-04-30,ロフト,ロフト0289,（不明）,スリムフルレッグ クールプラス M-L,2,9436,2026-04,2026-05-18 13:44:26
2026-04-30,ロフト,ロフト0289,（不明）,スリムフルレッグ クールプラス L-LL,1,4718,2026-04,2026-05-18 13:44:26
2026-04-30,ロフト,ロフト0289,（不明）,wolg BBクリーム ナチュラル,1,2709,2026-04,2026-05-18 13:44:26
2026-04-30,ロフト,ロフト0289,バイワンシー,バイワンシー ピュア・アミノシャンプー,7,18900,2026-04,2026-05-18 13:44:26
2026-04-30,ロフト,ロフト0289,バイワンシー,バイワンシー ヒートケア・トリートメント,5,13500,2026-04,2026-05-18 13:44:26
2026-04-30,ロフト,ロフト0289,バイワンシー,バイワンシー スムース・リペアエッセンス,6,16200,2026-04,2026-05-18 13:44:26
2026-04-30,ロフト,ロフト0289,バイワンシー,バイワンシー スムースリペアESサシェ,24,6480,2026-04,2026-05-18 13:44:26
2026-04-30,ロフト,ロフト0289,バイワンシー,バイワンシー SP&TRサシェ,54,14580,2026-04,2026-05-18 13:44:26
2026-04-30,ロフト,ロフト0289,（不明）,ekam アドバンスドジェル,3,8127,2026-04,2026-05-18 13:44:26
2026-04-30,ロフト,ロフト0289,（不明）,ekam ホイップ洗顔,3,5400,2026-04,2026-05-18 13:44:26
2026-04-30,ロフト,ロフト0292,（不明）,イオ シャンプー リラックスメント200,2,3200,2026-04,2026-05-18 13:44:26
2026-04-30,ロフト,ロフト0292,（不明）,イオ エッセンス スリーク,1,2000,2026-04,2026-05-18 13:44:26
2026-04-30,ロフト,ロフト0292,（不明）,イオセラム オイル 100,1,2400,2026-04,2026-05-18 13:44:26
2026-04-30,ロフト,ロフト0293,（不明）,イオ シャンプー リラックスメント200,1,1600,2026-04,2026-05-18 13:44:26
2026-04-30,ロフト,ロフト0293,（不明）,イオ エッセンス モイスト,2,4000,2026-04,2026-05-18 13:44:26
2026-04-30,ロフト,ロフト0293,（不明）,イオ クリーム メルトリペア 200,2,3200,2026-04,2026-05-18 13:44:26
2026-04-30,ロフト,ロフト0293,（不明）,イオセラム クリーム 200,7,14000,2026-04,2026-05-18 13:44:26
2026-04-30,ロフト,ロフト0293,（不明）,トリエ スプレー10 170,6,9600,2026-04,2026-05-18 13:44:26
2026-04-30,ロフト,ロフト0293,ラフドット,ラフドットインティメイトウォッシュ SB,7,25074,2026-04,2026-05-18 13:44:26
2026-04-30,ロフト,ロフト0293,（不明）,ラフインティメイトフレッシュミスト SB,2,6264,2026-04,2026-05-18 13:44:26
2026-04-30,ロフト,ロフト0293,ラフドット,ラフドットインティメイトウォッシュ PM,6,21492,2026-04,2026-05-18 13:44:26
2026-04-30,ロフト,ロフト0293,（不明）,ラフインティメイトフレッシュミスト PM,3,9396,2026-04,2026-05-18 13:44:26
2026-04-30,ロフト,ロフト0293,（不明）,ベルミス カラープラスAGY M,1,4536,2026-04,2026-05-18 13:44:26
2026-04-30,ロフト,ロフト0293,ラフドット,ラフドットインティメイトウォッシュ MV,1,3582,2026-04,2026-05-18 13:44:26
2026-04-30,ロフト,ロフト0293,（不明）,ベルミス スリムフルレッグ M-L,1,4718,2026-04,2026-05-18 13:44:26
2026-04-30,ロフト,ロフト0295,（不明）,イオ エッセンス スリーク,8,16000,2026-04,2026-05-18 13:44:26
2026-04-30,ロフト,ロフト0295,（不明）,イオセラム オイル 100,2,4800,2026-04,2026-05-18 13:44:26
2026-04-30,ロフト,ロフト0295,（不明）,ルベル ウィズ CY 240,1,1400,2026-04,2026-05-18 13:44:26
2026-04-30,ロフト,ロフト0295,（不明）,イオ シャンプー クリアメント200,1,1600,2026-04,2026-05-18 13:44:26
2026-04-30,ロフト,ロフト0295,（不明）,イオ シャンプー リラックスメント200,5,8000,2026-04,2026-05-18 13:44:26
2026-04-30,ロフト,ロフト0295,（不明）,イオ エッセンス モイスト,1,2000,2026-04,2026-05-18 13:44:26
2026-04-30,ロフト,ロフト0295,（不明）,イオ クリーム シルキーリペア 200,1,1600,2026-04,2026-05-18 13:44:26
2026-04-30,ロフト,ロフト0295,（不明）,イオ クリーム メルトリペア 200,5,8000,2026-04,2026-05-18 13:44:26
2026-04-30,ロフト,ロフト0295,（不明）,イオセラム シャンプー 200,4,8000,2026-04,2026-05-18 13:44:26
2026-04-30,ロフト,ロフト0295,（不明）,トリエ スプレー10 170,26,41600,2026-04,2026-05-18 13:44:26
2026-04-30,ロフト,ロフト0295,ラフドット,ラフドットインティメイトウォッシュ SB,5,17910,2026-04,2026-05-18 13:44:26
2026-04-30,ロフト,ロフト0295,ラフドット,ラフドットインティメイトウォッシュ PM,7,25074,2026-04,2026-05-18 13:44:26
2026-04-30,ロフト,ロフト0295,（不明）,ラフインティメイトフレッシュミスト PM,3,9396,2026-04,2026-05-18 13:44:26
2026-04-30,ロフト,ロフト0295,ラフドット,ラフドットインティメイトウォッシュ AL,4,14328,2026-04,2026-05-18 13:44:26
2026-04-30,ロフト,ロフト0295,レチスパ,レチスパ クリームシャンプー,2,6400,2026-04,2026-05-18 13:44:26
2026-04-30,ロフト,ロフト0295,レチスパ,レチスパ クリームシャンプーサシェ,16,3200,2026-04,2026-05-18 13:44:26
2026-04-30,ロフト,ロフト0295,レチスパ,レチスパ ヘアオイル,1,2400,2026-04,2026-05-18 13:44:26
2026-04-30,ロフト,ロフト0295,（不明）,ベルミス カラープラスBK M,1,4536,2026-04,2026-05-18 13:44:26
2026-04-30,ロフト,ロフト0295,（不明）,ベルミス カラープラスBK L,2,9072,2026-04,2026-05-18 13:44:26
2026-04-30,ロフト,ロフト0295,ラフドット,ラフドットインティメイトウォッシュ MV,4,14328,2026-04,2026-05-18 13:44:26
2026-04-30,ロフト,ロフト0296,（不明）,イオ シャンプー リラックスメント200,3,4800,2026-04,2026-05-18 13:44:26
2026-04-30,ロフト,ロフト0296,（不明）,イオ エッセンス モイスト,1,2000,2026-04,2026-05-18 13:44:26
2026-04-30,ロフト,ロフト0296,（不明）,イオ クリーム メルトリペア 200,1,1600,2026-04,2026-05-18 13:44:26
2026-04-30,ロフト,ロフト0296,（不明）,イオセラム シャンプー 200,1,2000,2026-04,2026-05-18 13:44:26
2026-04-30,ロフト,ロフト0296,（不明）,イオセラム クリーム 200,4,8000,2026-04,2026-05-18 13:44:26
2026-04-30,ロフト,ロフト0297,ラフドット,ラフドットインティメイトウォッシュ SB,10,35820,2026-04,2026-05-18 13:44:26
2026-04-30,ロフト,ロフト0297,ラフドット,ラフドットインティメイトウォッシュ PM,6,21492,2026-04,2026-05-18 13:44:26
2026-04-30,ロフト,ロフト0297,ラフドット,ラフドットインティメイトウォッシュ AL,1,3582,2026-04,2026-05-18 13:44:26
2026-04-30,ロフト,ロフト0297,（不明）,ベルミス カラープラスBK M,1,4536,2026-04,2026-05-18 13:44:26
2026-04-30,ロフト,ロフト0297,（不明）,ベルミス カラープラスBK L,2,9072,2026-04,2026-05-18 13:44:26
2026-04-30,ロフト,ロフト0297,（不明）,ベルミス カラープラスAGY L,1,4536,2026-04,2026-05-18 13:44:26
2026-04-30,ロフト,ロフト0298,（不明）,イオ クリーム メルトリペア 200,1,1600,2026-04,2026-05-18 13:44:26
2026-04-30,ロフト,ロフト0298,レチスパ,レチスパ クリームシャンプーサシェ,2,400,2026-04,2026-05-18 13:44:26
2026-04-30,ロフト,ロフト0298,（不明）,ベルミス カラープラスBK M,1,4536,2026-04,2026-05-18 13:44:26
2026-04-30,ロフト,ロフト0298,（不明）,ベルミス スリムフルレッグ M-L,1,4718,2026-04,2026-05-18 13:44:26
2026-04-30,ロフト,ロフト0299,（不明）,イオ エッセンス スリーク,1,2000,2026-04,2026-05-18 13:44:26
2026-04-30,ロフト,ロフト0299,（不明）,イオ シャンプー クリアメント200,1,1600,2026-04,2026-05-18 13:44:26
2026-04-30,ロフト,ロフト0299,（不明）,イオ エッセンス モイスト,1,2000,2026-04,2026-05-18 13:44:26
2026-04-30,ロフト,ロフト0299,（不明）,イオセラム オイル 100,1,2400,2026-04,2026-05-18 13:44:26
2026-04-30,ロフト,ロフト0299,（不明）,ルベル ウィズ JO 240,1,1000,2026-04,2026-05-18 13:44:26
2026-04-30,ロフト,ロフト0299,（不明）,ルベル ウィズ EP 140,2,2400,2026-04,2026-05-18 13:44:26
2026-04-30,ロフト,ロフト0299,ラフドット,ラフドットインティメイトウォッシュ SB,4,14328,2026-04,2026-05-18 13:44:26
2026-04-30,ロフト,ロフト0299,ラフドット,ラフドットインティメイトウォッシュ PM,2,7164,2026-04,2026-05-18 13:44:26
2026-04-30,ロフト,ロフト0299,ラフドット,ラフドットインティメイトウォッシュ MV,5,17910,2026-04,2026-05-18 13:44:26
2026-04-30,ロフト,ロフト0299,ラフドット,ラフドットインティメイトミスト MV,1,3132,2026-04,2026-05-18 13:44:26
2026-04-30,ロフト,ロフト0299,（不明）,スリムフルレッグ クールプラス L-LL,2,9436,2026-04,2026-05-18 13:44:26
2026-04-30,ロフト,ロフト0299,バイワンシー,バイワンシー スムース・リペアエッセンス,1,2700,2026-04,2026-05-18 13:44:26
2026-04-30,ロフト,ロフト0299,（不明）,VイフェクトFCポアフィットマスク7枚入,2,2800,2026-04,2026-05-18 13:44:26
2026-04-30,ロフト,ロフト0300,ラフドット,ラフドットインティメイトウォッシュ SB,3,10746,2026-04,2026-05-18 13:44:26
2026-04-30,ロフト,ロフト0300,ラフドット,ラフドットインティメイトウォッシュ PM,6,21492,2026-04,2026-05-18 13:44:26
2026-04-30,ロフト,ロフト0300,レチスパ,レチスパ クリームシャンプーサシェ,10,2000,2026-04,2026-05-18 13:44:26
2026-04-30,ロフト,ロフト0303,（不明）,ルベル ウィズ MG 240,2,2000,2026-04,2026-05-18 13:44:26
2026-04-30,ロフト,ロフト0303,（不明）,イオ シャンプー リラックスメント200,5,8000,2026-04,2026-05-18 13:44:26
2026-04-30,ロフト,ロフト0303,（不明）,イオ エッセンス スリーク,1,2000,2026-04,2026-05-18 13:44:26
2026-04-30,ロフト,ロフト0303,（不明）,イオ クリーム シルキーリペア 200,1,1600,2026-04,2026-05-18 13:44:26
2026-04-30,ロフト,ロフト0303,（不明）,イオ クリーム メルトリペア 200,2,3200,2026-04,2026-05-18 13:44:26
2026-04-30,ロフト,ロフト0303,（不明）,イオセラム シャンプー 200,1,2000,2026-04,2026-05-18 13:44:26
2026-04-30,ロフト,ロフト0303,（不明）,イオセラム クリーム 200,1,2000,2026-04,2026-05-18 13:44:26
2026-04-30,ロフト,ロフト0303,（不明）,トリエ スプレー10 170,19,30400,2026-04,2026-05-18 13:44:26
2026-04-30,ロフト,ロフト0303,（不明）,ビューティアップナイトブラ ブラックM,2,5960,2026-04,2026-05-18 13:44:26
2026-04-30,ロフト,ロフト0303,ラフドット,ラフドットインティメイトウォッシュ SB,4,14328,2026-04,2026-05-18 13:44:26
2026-04-30,ロフト,ロフト0303,（不明）,ビューティアップナイトブラ BグレーL,2,5960,2026-04,2026-05-18 13:44:26
2026-04-30,ロフト,ロフト0303,ラフドット,ラフドットインティメイトウォッシュ PM,6,21492,2026-04,2026-05-18 13:44:26
2026-04-30,ロフト,ロフト0303,（不明）,ラフインティメイトフレッシュミスト PM,3,9396,2026-04,2026-05-18 13:44:26
2026-04-30,ロフト,ロフト0303,ラフドット,ラフドットインティメイトウォッシュ AL,1,3582,2026-04,2026-05-18 13:44:26
2026-04-30,ロフト,ロフト0303,レチスパ,レチスパ クリームシャンプー,1,3200,2026-04,2026-05-18 13:44:26
2026-04-30,ロフト,ロフト0303,レチスパ,レチスパ クリームシャンプーサシェ,26,5200,2026-04,2026-05-18 13:44:26
2026-04-30,ロフト,ロフト0303,レチスパ,レチスパ ヘアオイル,2,4800,2026-04,2026-05-18 13:44:26
2026-04-30,ロフト,ロフト0303,レチスパ,レチスパ 頭皮用美容液,3,7500,2026-04,2026-05-18 13:44:26
2026-04-30,ロフト,ロフト0303,（不明）,ベルミス スリムレギンス L-LL,1,3990,2026-04,2026-05-18 13:44:26
2026-04-30,ロフト,ロフト0303,（不明）,ベルミス カラープラスBK M,1,4536,2026-04,2026-05-18 13:44:26
2026-04-30,ロフト,ロフト0303,（不明）,ベルミス カラープラスBK L,2,9072,2026-04,2026-05-18 13:44:26
2026-04-30,ロフト,ロフト0303,ラフドット,ラフドット 薬用ホワイトセラム,1,3236,2026-04,2026-05-18 13:44:26
2026-04-30,ロフト,ロフト0303,ラフドット,ラフドットインティメイトウォッシュ MV,5,17910,2026-04,2026-05-18 13:44:26
2026-04-30,ロフト,ロフト0303,ラフドット,ラフドットインティメイトミスト MV,1,3132,2026-04,2026-05-18 13:44:26
2026-04-30,ロフト,ロフト0303,バイワンシー,バイワンシー モイストブースターホイップ,2,4400,2026-04,2026-05-18 13:44:26
2026-04-30,ロフト,ロフト0303,（不明）,スリムレギンス Premium Lv3,1,5445,2026-04,2026-05-18 13:44:26
2026-04-30,ロフト,ロフト0303,（不明）,スリムフルレッグ クールプラス M-L,1,4718,2026-04,2026-05-18 13:44:26
2026-04-30,ロフト,ロフト0303,（不明）,スリムフルレッグ クールプラス L-LL,1,4718,2026-04,2026-05-18 13:44:26
2026-04-30,ロフト,ロフト0303,（不明）,ekam ホイップ洗顔,2,3600,2026-04,2026-05-18 13:44:26
2026-04-30,ロフト,ロフト0303,（不明）,ヒノキフットピーリングマスク,1,720,2026-04,2026-05-18 13:44:26
2026-04-30,ロフト,ロフト0303,（不明）,フットピーリングダブルエッセンスマスク,1,750,2026-04,2026-05-18 13:44:26
2026-04-30,ロフト,ロフト0303,（不明）,かかとソフトパッチ,1,750,2026-04,2026-05-18 13:44:26
2026-04-30,ロフト,ロフト0305,（不明）,イオ シャンプー クリアメント200,3,4800,2026-04,2026-05-18 13:44:26
2026-04-30,ロフト,ロフト0305,（不明）,イオ シャンプー リラックスメント200,6,9600,2026-04,2026-05-18 13:44:26
2026-04-30,ロフト,ロフト0305,（不明）,イオ クリーム シルキーリペア 200,6,9600,2026-04,2026-05-18 13:44:26
2026-04-30,ロフト,ロフト0305,（不明）,イオセラム シャンプー 200,4,8000,2026-04,2026-05-18 13:44:26
2026-04-30,ロフト,ロフト0305,（不明）,イオセラム オイル 100,1,2400,2026-04,2026-05-18 13:44:26
2026-04-30,ロフト,ロフト0305,（不明）,ルベル ウィズ MG 240,3,3000,2026-04,2026-05-18 13:44:26
2026-04-30,ロフト,ロフト0305,（不明）,ルベル ウィズ RP 140,2,2000,2026-04,2026-05-18 13:44:26
2026-04-30,ロフト,ロフト0305,（不明）,トリエ スプレー10 170,9,14400,2026-04,2026-05-18 13:44:26
2026-04-30,ロフト,ロフト0305,ラフドット,ラフドットインティメイトウォッシュ SB,1,3582,2026-04,2026-05-18 13:44:26
2026-04-30,ロフト,ロフト0305,ラフドット,ラフドットインティメイトウォッシュ PM,4,14328,2026-04,2026-05-18 13:44:26
2026-04-30,ロフト,ロフト0305,（不明）,ラフインティメイトフレッシュミスト PM,2,6264,2026-04,2026-05-18 13:44:26
2026-04-30,ロフト,ロフト0305,ラフドット,ラフドットインティメイトウォッシュ AL,1,3582,2026-04,2026-05-18 13:44:26
2026-04-30,ロフト,ロフト0305,（不明）,ベルミス スリムレギンス M-L,2,7980,2026-04,2026-05-18 13:44:26
2026-04-30,ロフト,ロフト0305,ラフドット,ラフドット 薬用ホワイトセラム,1,3236,2026-04,2026-05-18 13:44:26
2026-04-30,ロフト,ロフト0305,ラフドット,ラフドットインティメイトウォッシュ MV,3,10746,2026-04,2026-05-18 13:44:26
2026-04-30,ロフト,ロフト0305,ラフドット,ラフドットインティメイトミスト MV,1,3132,2026-04,2026-05-18 13:44:26
2026-04-30,ロフト,ロフト0305,バイワンシー,バイワンシー モイストブースターホイップ,1,2200,2026-04,2026-05-18 13:44:26
2026-04-30,ロフト,ロフト0305,（不明）,スリムレギンス Premium Lv1,2,10890,2026-04,2026-05-18 13:44:26
2026-04-30,ロフト,ロフト0305,（不明）,wolg BBクリーム ナチュラル,2,5418,2026-04,2026-05-18 13:44:26
2026-04-30,ロフト,ロフト0305,（不明）,ekam アドバンスドジェル,3,8127,2026-04,2026-05-18 13:44:26
2026-04-30,ロフト,ロフト0305,（不明）,ekam ホイップ洗顔,1,1800,2026-04,2026-05-18 13:44:26
2026-04-30,ロフト,ロフト0306,（不明）,イオセラム オイル 100,1,2400,2026-04,2026-05-18 13:44:26
2026-04-30,ロフト,ロフト0306,（不明）,ルベル ウィズ CY 240,2,2800,2026-04,2026-05-18 13:44:26
2026-04-30,ロフト,ロフト0306,（不明）,イオ シャンプー リラックスメント200,3,4800,2026-04,2026-05-18 13:44:26
2026-04-30,ロフト,ロフト0306,（不明）,イオ エッセンス モイスト,1,2000,2026-04,2026-05-18 13:44:26
2026-04-30,ロフト,ロフト0306,（不明）,イオ エッセンス スリーク,2,4000,2026-04,2026-05-18 13:44:26
2026-04-30,ロフト,ロフト0306,（不明）,イオセラム シャンプー 200,3,6000,2026-04,2026-05-18 13:44:26
2026-04-30,ロフト,ロフト0306,（不明）,ルベル ウィズ RP 140,3,3000,2026-04,2026-05-18 13:44:26
2026-04-30,ロフト,ロフト0306,（不明）,トリエ スプレー10 170,2,3200,2026-04,2026-05-18 13:44:26
2026-04-30,ロフト,ロフト0306,ラフドット,ラフドットインティメイトウォッシュ SB,10,35820,2026-04,2026-05-18 13:44:26
2026-04-30,ロフト,ロフト0306,ラフドット,ラフドットインティメイトウォッシュ PM,9,32238,2026-04,2026-05-18 13:44:26
2026-04-30,ロフト,ロフト0306,ラフドット,ラフドットインティメイトウォッシュ AL,2,7164,2026-04,2026-05-18 13:44:26
2026-04-30,ロフト,ロフト0306,レチスパ,レチスパ クリームシャンプー,1,3200,2026-04,2026-05-18 13:44:26
2026-04-30,ロフト,ロフト0306,レチスパ,レチスパ クリームシャンプーサシェ,9,1800,2026-04,2026-05-18 13:44:26
2026-04-30,ロフト,ロフト0306,レチスパ,レチスパ ヘアオイル,1,2400,2026-04,2026-05-18 13:44:26
2026-04-30,ロフト,ロフト0306,（不明）,ベルミス スリムレギンス M-L,1,3990,2026-04,2026-05-18 13:44:26
2026-04-30,ロフト,ロフト0306,（不明）,ベルミス スリムレギンス L-LL,3,11970,2026-04,2026-05-18 13:44:26
2026-04-30,ロフト,ロフト0306,（不明）,ベルミス カラープラスBK M,1,4536,2026-04,2026-05-18 13:44:26
2026-04-30,ロフト,ロフト0306,ラフドット,ラフドット 薬用ホワイトセラム,2,6472,2026-04,2026-05-18 13:44:26
2026-04-30,ロフト,ロフト0306,ラフドット,ラフドットインティメイトウォッシュ MV,1,3582,2026-04,2026-05-18 13:44:26
2026-04-30,ロフト,ロフト0306,ラフドット,ラフドットインティメイトミスト MV,2,6264,2026-04,2026-05-18 13:44:26
2026-04-30,ロフト,ロフト0306,（不明）,スリムレギンス Premium Lv3,1,5445,2026-04,2026-05-18 13:44:26
2026-04-30,ロフト,ロフト0306,（不明）,VイフェクトFCポアタイトアンプル,1,2700,2026-04,2026-05-18 13:44:26
2026-04-30,ロフト,ロフト0307,（不明）,ルベル ウィズ SW 240,2,2000,2026-04,2026-05-18 13:44:26
2026-04-30,ロフト,ロフト0307,（不明）,イオ クリーム メルトリペア 200,3,4800,2026-04,2026-05-18 13:44:26
2026-04-30,ロフト,ロフト0307,（不明）,ルベル ウィズ RP 140,1,1000,2026-04,2026-05-18 13:44:26
2026-04-30,ロフト,ロフト0307,（不明）,ルベル ウィズ EP 140,1,1200,2026-04,2026-05-18 13:44:26
2026-04-30,ロフト,ロフト0307,ラフドット,ラフドットインティメイトウォッシュ SB,7,25074,2026-04,2026-05-18 13:44:26
2026-04-30,ロフト,ロフト0307,ラフドット,ラフドットインティメイトウォッシュ PM,3,10746,2026-04,2026-05-18 13:44:26
2026-04-30,ロフト,ロフト0307,ラフドット,ラフドットインティメイトウォッシュ AL,1,3582,2026-04,2026-05-18 13:44:26
2026-04-30,ロフト,ロフト0307,レチスパ,レチスパ クリームシャンプーサシェ,5,1000,2026-04,2026-05-18 13:44:26
2026-04-30,ロフト,ロフト0307,レチスパ,レチスパ 頭皮用美容液,1,2500,2026-04,2026-05-18 13:44:26
2026-04-30,ロフト,ロフト0307,（不明）,ベルミス カラープラスBK M,2,9072,2026-04,2026-05-18 13:44:26
2026-04-30,ロフト,ロフト0307,ラフドット,ラフドットインティメイトウォッシュ MV,3,10746,2026-04,2026-05-18 13:44:26
2026-04-30,ロフト,ロフト0307,ラフドット,ラフドットインティメイトミスト MV,1,3132,2026-04,2026-05-18 13:44:26
2026-04-30,ロフト,ロフト0307,（不明）,スリムレギンス Premium Lv3,2,10890,2026-04,2026-05-18 13:44:26
2026-04-30,ロフト,ロフト0310,（不明）,イオ エッセンス スリーク,3,6000,2026-04,2026-05-18 13:44:26
2026-04-30,ロフト,ロフト0310,（不明）,イオ シャンプー クリアメント200,2,3200,2026-04,2026-05-18 13:44:26
2026-04-30,ロフト,ロフト0310,（不明）,イオ クリーム メルトリペア 200,9,14400,2026-04,2026-05-18 13:44:26
2026-04-30,ロフト,ロフト0310,（不明）,イオセラム オイル 100,4,9600,2026-04,2026-05-18 13:44:26
2026-04-30,ロフト,ロフト0310,（不明）,ルベル ウィズ SW 240,1,1000,2026-04,2026-05-18 13:44:26
2026-04-30,ロフト,ロフト0310,（不明）,トリエ スプレー10 170,9,14400,2026-04,2026-05-18 13:44:26
2026-04-30,ロフト,ロフト0310,ラフドット,ラフドットインティメイトウォッシュ SB,5,17910,2026-04,2026-05-18 13:44:26
2026-04-30,ロフト,ロフト0310,ラフドット,ラフドットインティメイトウォッシュ PM,7,25074,2026-04,2026-05-18 13:44:26
2026-04-30,ロフト,ロフト0310,（不明）,ベルミス スリムレギンス L-LL,3,11970,2026-04,2026-05-18 13:44:26
2026-04-30,ロフト,ロフト0310,（不明）,ベルミス カラープラスBK M,1,4536,2026-04,2026-05-18 13:44:26
2026-04-30,ロフト,ロフト0310,（不明）,ベルミス カラープラスBK L,3,13608,2026-04,2026-05-18 13:44:26
2026-04-30,ロフト,ロフト0310,（不明）,ベルミス カラープラスAGY L,1,4536,2026-04,2026-05-18 13:44:26
2026-04-30,ロフト,ロフト0310,ラフドット,ラフドット 薬用ホワイトセラム,8,25888,2026-04,2026-05-18 13:44:26
2026-04-30,ロフト,ロフト0310,ラフドット,ラフドットインティメイトウォッシュ MV,5,17910,2026-04,2026-05-18 13:44:26
2026-04-30,ロフト,ロフト0310,ラフドット,ラフドットインティメイトミスト MV,2,6264,2026-04,2026-05-18 13:44:26
2026-04-30,ロフト,ロフト0310,バイワンシー,バイワンシー モイストブースターホイップ,1,2200,2026-04,2026-05-18 13:44:26
2026-04-30,ロフト,ロフト0310,（不明）,リムーブレギンスRP M-L,1,11182,2026-04,2026-05-18 13:44:26
2026-04-30,ロフト,ロフト0310,（不明）,リムーブレギンスRP L-LL,1,11182,2026-04,2026-05-18 13:44:26
2026-04-30,ロフト,ロフト0310,（不明）,スリムレギンス Premium Lv3,1,5445,2026-04,2026-05-18 13:44:26
2026-04-30,ロフト,ロフト0310,（不明）,スリムフルレッグ クールプラス M-L,1,4718,2026-04,2026-05-18 13:44:26
2026-04-30,ロフト,ロフト0310,（不明）,ekam アドバンスドジェル,1,2709,2026-04,2026-05-18 13:44:26
2026-04-30,ロフト,ロフト0310,（不明）,VイフェクトFCポアタイトアンプル,2,5400,2026-04,2026-05-18 13:44:26
2026-04-30,ロフト,ロフト0310,（不明）,VイフェクトFCポアベルベットクリーム,2,5960,2026-04,2026-05-18 13:44:26
2026-04-30,ロフト,ロフト0311,（不明）,イオ シャンプー クリアメント200,1,1600,2026-04,2026-05-18 13:44:26
2026-04-30,ロフト,ロフト0311,（不明）,ルベル ウィズ RP 140,2,2000,2026-04,2026-05-18 13:44:26
2026-04-30,ロフト,ロフト0311,（不明）,イオ シャンプー リラックスメント200,1,1600,2026-04,2026-05-18 13:44:26
2026-04-30,ロフト,ロフト0311,（不明）,イオ エッセンス スリーク,5,10000,2026-04,2026-05-18 13:44:26
2026-04-30,ロフト,ロフト0311,（不明）,イオ クリーム メルトリペア 200,2,3200,2026-04,2026-05-18 13:44:26
2026-04-30,ロフト,ロフト0311,（不明）,トリエ スプレー10 170,11,17600,2026-04,2026-05-18 13:44:26
2026-04-30,ロフト,ロフト0311,（不明）,ビューティアップナイトブラ ブラックM,2,5960,2026-04,2026-05-18 13:44:26
2026-04-30,ロフト,ロフト0311,（不明）,ビューティアップナイトブラ ブラックL,1,2980,2026-04,2026-05-18 13:44:26
2026-04-30,ロフト,ロフト0311,ラフドット,ラフドットインティメイトウォッシュ SB,14,50148,2026-04,2026-05-18 13:44:26
2026-04-30,ロフト,ロフト0311,（不明）,ラフインティメイトフレッシュミスト SB,2,6264,2026-04,2026-05-18 13:44:26
2026-04-30,ロフト,ロフト0311,（不明）,ビューティアップナイトブラ BグレーM,2,5960,2026-04,2026-05-18 13:44:26
2026-04-30,ロフト,ロフト0311,（不明）,ビューティアップナイトブラ BグレーL,1,2980,2026-04,2026-05-18 13:44:26
2026-04-30,ロフト,ロフト0311,ラフドット,ラフドットインティメイトウォッシュ PM,11,39402,2026-04,2026-05-18 13:44:26
2026-04-30,ロフト,ロフト0311,（不明）,ラフインティメイトフレッシュミスト PM,3,9396,2026-04,2026-05-18 13:44:26
2026-04-30,ロフト,ロフト0311,レチスパ,レチスパ クリームシャンプーサシェ,16,3200,2026-04,2026-05-18 13:44:26
2026-04-30,ロフト,ロフト0311,レチスパ,レチスパ ヘアオイル,1,2400,2026-04,2026-05-18 13:44:26
2026-04-30,ロフト,ロフト0311,レチスパ,レチスパ 頭皮用美容液,3,7500,2026-04,2026-05-18 13:44:26
2026-04-30,ロフト,ロフト0311,ラフドット,ラフドットインティメイトウォッシュ MV,2,7164,2026-04,2026-05-18 13:44:26
2026-04-30,ロフト,ロフト0311,ラフドット,ラフドットインティメイトミスト MV,1,3132,2026-04,2026-05-18 13:44:26
2026-04-30,ロフト,ロフト0311,（不明）,ベルミス スリムフルレッグ M-L,1,4718,2026-04,2026-05-18 13:44:26
2026-04-30,ロフト,ロフト0311,（不明）,スリムレギンス Premium Lv3,1,5445,2026-04,2026-05-18 13:44:26
2026-04-30,ロフト,ロフト0311,（不明）,スリムフルレッグ クールプラス L-LL,2,9436,2026-04,2026-05-18 13:44:26
2026-04-30,ロフト,ロフト0311,（不明）,wolg BBクリーム ナチュラル,1,2709,2026-04,2026-05-18 13:44:26
2026-04-30,ロフト,ロフト0311,（不明）,ekam アドバンスドジェル,1,2709,2026-04,2026-05-18 13:44:26
2026-04-30,ロフト,ロフト0311,（不明）,ヒノキフットピーリングマスク,2,1440,2026-04,2026-05-18 13:44:26
2026-04-30,ロフト,ロフト0312,（不明）,イオ エッセンス スリーク,9,18000,2026-04,2026-05-18 13:44:26
2026-04-30,ロフト,ロフト0312,（不明）,イオ クリーム メルトリペア 200,6,9600,2026-04,2026-05-18 13:44:26
2026-04-30,ロフト,ロフト0312,（不明）,イオセラム シャンプー 200,5,10000,2026-04,2026-05-18 13:44:26
2026-04-30,ロフト,ロフト0312,（不明）,イオセラム クリーム 200,2,4000,2026-04,2026-05-18 13:44:26
2026-04-30,ロフト,ロフト0312,ラフドット,ラフドットインティメイトウォッシュ SB,4,14328,2026-04,2026-05-18 13:44:26
2026-04-30,ロフト,ロフト0312,ラフドット,ラフドットインティメイトウォッシュ PM,8,28656,2026-04,2026-05-18 13:44:26
2026-04-30,ロフト,ロフト0312,（不明）,ラフインティメイトフレッシュミスト PM,4,12528,2026-04,2026-05-18 13:44:26
2026-04-30,ロフト,ロフト0312,ラフドット,ラフドットインティメイトウォッシュ AL,2,7164,2026-04,2026-05-18 13:44:26
2026-04-30,ロフト,ロフト0312,（不明）,ベルミス カラープラスAGY L,2,9072,2026-04,2026-05-18 13:44:26
2026-04-30,ロフト,ロフト0312,ラフドット,ラフドットインティメイトウォッシュ MV,1,3582,2026-04,2026-05-18 13:44:26
2026-04-30,ロフト,ロフト0312,ラフドット,ラフドットインティメイトミスト MV,1,3132,2026-04,2026-05-18 13:44:26
2026-04-30,ロフト,ロフト0312,（不明）,ベルミス スリムフルレッグLーLL,1,4718,2026-04,2026-05-18 13:44:26
2026-04-30,ロフト,ロフト0312,（不明）,スリムフルレッグ クールプラス L-LL,2,9436,2026-04,2026-05-18 13:44:26
2026-04-30,ロフト,ロフト0312,（不明）,wolg BBクリーム ナチュラル,1,2709,2026-04,2026-05-18 13:44:26
2026-04-30,ロフト,ロフト0312,（不明）,ekam アドバンスドジェル,2,5418,2026-04,2026-05-18 13:44:26
2026-04-30,ロフト,ロフト0313,（不明）,イオ シャンプー クリアメント200,1,1600,2026-04,2026-05-18 13:44:26
2026-04-30,ロフト,ロフト0313,（不明）,イオセラム シャンプー 200,1,2000,2026-04,2026-05-18 13:44:26
2026-04-30,ロフト,ロフト0313,（不明）,イオセラム クリーム 200,2,4000,2026-04,2026-05-18 13:44:26
2026-04-30,ロフト,ロフト0313,（不明）,イオ シャンプー クリアメント200,1,1600,2026-04,2026-05-18 13:44:26
2026-04-30,ロフト,ロフト0313,ラフドット,ラフドットインティメイトウォッシュ SB,10,35820,2026-04,2026-05-18 13:44:26
2026-04-30,ロフト,ロフト0313,ラフドット,ラフドットインティメイトウォッシュ PM,8,28656,2026-04,2026-05-18 13:44:26
2026-04-30,ロフト,ロフト0313,（不明）,ラフインティメイトフレッシュミスト PM,2,6264,2026-04,2026-05-18 13:44:26
2026-04-30,ロフト,ロフト0313,レチスパ,レチスパ クリームシャンプー,4,12800,2026-04,2026-05-18 13:44:26
2026-04-30,ロフト,ロフト0313,レチスパ,レチスパ クリームシャンプーサシェ,11,2200,2026-04,2026-05-18 13:44:26
2026-04-30,ロフト,ロフト0313,レチスパ,レチスパ ヘアオイル,1,2400,2026-04,2026-05-18 13:44:26
2026-04-30,ロフト,ロフト0313,レチスパ,レチスパ 頭皮用美容液,5,12500,2026-04,2026-05-18 13:44:26
2026-04-30,ロフト,ロフト0313,（不明）,ベルミス カラープラスBK M,2,9072,2026-04,2026-05-18 13:44:26
2026-04-30,ロフト,ロフト0313,（不明）,ベルミス カラープラスBK L,2,9072,2026-04,2026-05-18 13:44:26
2026-04-30,ロフト,ロフト0313,ラフドット,ラフドット 薬用ホワイトセラム,1,3236,2026-04,2026-05-18 13:44:26
2026-04-30,ロフト,ロフト0313,ラフドット,ラフドットインティメイトウォッシュ MV,1,3582,2026-04,2026-05-18 13:44:26
2026-04-30,ロフト,ロフト0313,ラフドット,ラフドットインティメイトミスト MV,2,6264,2026-04,2026-05-18 13:44:26
2026-04-30,ロフト,ロフト0313,（不明）,スリムレギンス Premium Lv3,1,5445,2026-04,2026-05-18 13:44:26
2026-04-30,ロフト,ロフト0313,（不明）,スリムフルレッグ クールプラス M-L,2,9436,2026-04,2026-05-18 13:44:26
2026-04-30,ロフト,ロフト0313,（不明）,スリムフルレッグ クールプラス L-LL,2,9436,2026-04,2026-05-18 13:44:26
2026-04-30,ロフト,ロフト0314,（不明）,イオ シャンプー クリアメント200,1,1600,2026-04,2026-05-18 13:44:26
2026-04-30,ロフト,ロフト0314,（不明）,イオセラム オイル 100,1,2400,2026-04,2026-05-18 13:44:26
2026-04-30,ロフト,ロフト0314,（不明）,イオ エッセンス モイスト,1,2000,2026-04,2026-05-18 13:44:26
2026-04-30,ロフト,ロフト0314,（不明）,イオ クリーム シルキーリペア 200,3,4800,2026-04,2026-05-18 13:44:26
2026-04-30,ロフト,ロフト0314,（不明）,イオ クリーム メルトリペア 200,4,6400,2026-04,2026-05-18 13:44:26
2026-04-30,ロフト,ロフト0314,（不明）,イオセラム シャンプー 200,1,2000,2026-04,2026-05-18 13:44:26
2026-04-30,ロフト,ロフト0314,（不明）,イオセラム クリーム 200,3,6000,2026-04,2026-05-18 13:44:26
2026-04-30,ロフト,ロフト0314,（不明）,ルベル ウィズ RP 140,1,1000,2026-04,2026-05-18 13:44:26
2026-04-30,ロフト,ロフト0314,（不明）,ルベル ウィズ EP 140,2,2400,2026-04,2026-05-18 13:44:26
2026-04-30,ロフト,ロフト0314,（不明）,トリエ スプレー10 170,7,11200,2026-04,2026-05-18 13:44:26
2026-04-30,ロフト,ロフト0314,（不明）,ビューティアップナイトブラ ブラックM,1,2980,2026-04,2026-05-18 13:44:26
2026-04-30,ロフト,ロフト0314,（不明）,ビューティアップナイトブラ ブラックL,3,8940,2026-04,2026-05-18 13:44:26
2026-04-30,ロフト,ロフト0314,ラフドット,ラフドットインティメイトウォッシュ SB,13,46566,2026-04,2026-05-18 13:44:26
2026-04-30,ロフト,ロフト0314,（不明）,ラフインティメイトフレッシュミスト SB,1,3132,2026-04,2026-05-18 13:44:26
2026-04-30,ロフト,ロフト0314,（不明）,ビューティアップナイトブラ BグレーM,4,11920,2026-04,2026-05-18 13:44:26
2026-04-30,ロフト,ロフト0314,（不明）,ビューティアップナイトブラ BグレーL,3,8940,2026-04,2026-05-18 13:44:26
2026-04-30,ロフト,ロフト0314,ラフドット,ラフドットインティメイトウォッシュ PM,11,39402,2026-04,2026-05-18 13:44:26
2026-04-30,ロフト,ロフト0314,（不明）,ラフインティメイトフレッシュミスト PM,3,9396,2026-04,2026-05-18 13:44:26
2026-04-30,ロフト,ロフト0314,ラフドット,ラフドットインティメイトウォッシュ AL,1,3582,2026-04,2026-05-18 13:44:26
2026-04-30,ロフト,ロフト0314,（不明）,ラフインティメイトフレッシュミスト AL,1,3132,2026-04,2026-05-18 13:44:26
2026-04-30,ロフト,ロフト0314,レチスパ,レチスパ クリームシャンプー,1,3200,2026-04,2026-05-18 13:44:26
2026-04-30,ロフト,ロフト0314,レチスパ,レチスパ クリームシャンプーサシェ,7,1400,2026-04,2026-05-18 13:44:26
2026-04-30,ロフト,ロフト0314,レチスパ,レチスパ ヘアオイル,2,4800,2026-04,2026-05-18 13:44:26
2026-04-30,ロフト,ロフト0314,（不明）,ベルミス スリムレギンス M-L,1,3990,2026-04,2026-05-18 13:44:26
2026-04-30,ロフト,ロフト0314,（不明）,ベルミス カラープラスAGY M,2,9072,2026-04,2026-05-18 13:44:26
2026-04-30,ロフト,ロフト0314,（不明）,ベルミス カラープラスBK L,3,13608,2026-04,2026-05-18 13:44:26
2026-04-30,ロフト,ロフト0314,ラフドット,ラフドットインティメイトウォッシュ MV,5,17910,2026-04,2026-05-18 13:44:26
2026-04-30,ロフト,ロフト0314,ラフドット,ラフドットインティメイトミスト MV,2,6264,2026-04,2026-05-18 13:44:26
2026-04-30,ロフト,ロフト0314,バイワンシー,バイワンシー モイストブースターホイップ,6,13200,2026-04,2026-05-18 13:44:26
2026-04-30,ロフト,ロフト0314,（不明）,リムーブレギンスEB L-LL,1,11182,2026-04,2026-05-18 13:44:26
2026-04-30,ロフト,ロフト0314,（不明）,スリムレギンス Premium Lv3,3,16335,2026-04,2026-05-18 13:44:26
2026-04-30,ロフト,ロフト0314,（不明）,スリムフルレッグ クールプラス M-L,1,4718,2026-04,2026-05-18 13:44:26
2026-04-30,ロフト,ロフト0314,（不明）,wolg BBクリーム ナチュラル,1,2709,2026-04,2026-05-18 13:44:26
2026-04-30,ロフト,ロフト0314,バイワンシー,バイワンシー ピュア・アミノシャンプー,4,10800,2026-04,2026-05-18 13:44:26
2026-04-30,ロフト,ロフト0314,バイワンシー,バイワンシー ヒートケア・トリートメント,2,5400,2026-04,2026-05-18 13:44:26
2026-04-30,ロフト,ロフト0314,（不明）,ekam アドバンスドジェル,1,2709,2026-04,2026-05-18 13:44:26
2026-04-30,ロフト,ロフト0314,（不明）,Vイフェクト青麦LHAクレンジングジェル,1,2100,2026-04,2026-05-18 13:44:26
2026-04-30,ロフト,ロフト0315,（不明）,イオ シャンプー リラックスメント200,1,1600,2026-04,2026-05-18 13:44:26
2026-04-30,ロフト,ロフト0315,（不明）,イオ クリーム メルトリペア 200,3,4800,2026-04,2026-05-18 13:44:26
2026-04-30,ロフト,ロフト0315,（不明）,トリエ スプレー10 170,1,1600,2026-04,2026-05-18 13:44:26
2026-04-30,ロフト,ロフト0315,ラフドット,ラフドットインティメイトウォッシュ SB,3,10746,2026-04,2026-05-18 13:44:26
2026-04-30,ロフト,ロフト0315,（不明）,ビューティアップナイトブラ BグレーM,1,2980,2026-04,2026-05-18 13:44:26
2026-04-30,ロフト,ロフト0315,ラフドット,ラフドットインティメイトウォッシュ PM,5,17910,2026-04,2026-05-18 13:44:26
2026-04-30,ロフト,ロフト0315,（不明）,ラフインティメイトフレッシュミスト PM,5,15660,2026-04,2026-05-18 13:44:26
2026-04-30,ロフト,ロフト0315,レチスパ,レチスパ 頭皮用美容液,1,2500,2026-04,2026-05-18 13:44:26
2026-04-30,ロフト,ロフト0315,（不明）,ベルミス カラープラスBK M,1,4536,2026-04,2026-05-18 13:44:26
2026-04-30,ロフト,ロフト0315,ラフドット,ラフドットインティメイトミスト MV,1,3132,2026-04,2026-05-18 13:44:26
2026-04-30,ロフト,ロフト0315,（不明）,ベルミス スリムフルレッグLーLL,1,4718,2026-04,2026-05-18 13:44:26
2026-04-30,ロフト,ロフト0315,（不明）,ベルミス スリムフルレッグ M-L,1,4718,2026-04,2026-05-18 13:44:26
2026-04-30,ロフト,ロフト0315,（不明）,スリムレギンス Premium Lv2,3,16335,2026-04,2026-05-18 13:44:26
2026-04-30,ロフト,ロフト0315,バイワンシー,バイワンシー ピュア・アミノシャンプー,2,5400,2026-04,2026-05-18 13:44:26
2026-04-30,ロフト,ロフト0315,バイワンシー,バイワンシー ヒートケア・トリートメント,2,5400,2026-04,2026-05-18 13:44:26
2026-04-30,ロフト,ロフト0315,バイワンシー,バイワンシー スムース・リペアエッセンス,1,2700,2026-04,2026-05-18 13:44:26
2026-04-30,ロフト,ロフト0319,ラフドット,ラフドットインティメイトウォッシュ SB,1,3582,2026-04,2026-05-18 13:44:26
2026-04-30,ロフト,ロフト0319,ラフドット,ラフドットインティメイトウォッシュ PM,7,25074,2026-04,2026-05-18 13:44:26
2026-04-30,ロフト,ロフト0319,ラフドット,ラフドットインティメイトウォッシュ MV,2,7164,2026-04,2026-05-18 13:44:26
2026-04-30,ロフト,ロフト0320,（不明）,イオセラム クリーム 200,2,4000,2026-04,2026-05-18 13:44:26
2026-04-30,ロフト,ロフト0320,（不明）,イオ クリーム シルキーリペア 200,1,1600,2026-04,2026-05-18 13:44:26
2026-04-30,ロフト,ロフト0320,（不明）,トリエ スプレー10 170,3,4800,2026-04,2026-05-18 13:44:26
2026-04-30,ロフト,ロフト0320,ラフドット,ラフドットインティメイトウォッシュ SB,7,25074,2026-04,2026-05-18 13:44:26
2026-04-30,ロフト,ロフト0320,（不明）,ラフインティメイトフレッシュミスト SB,1,3132,2026-04,2026-05-18 13:44:26
2026-04-30,ロフト,ロフト0320,ラフドット,ラフドットインティメイトウォッシュ PM,5,17910,2026-04,2026-05-18 13:44:26
2026-04-30,ロフト,ロフト0320,（不明）,ラフインティメイトフレッシュミスト PM,2,6264,2026-04,2026-05-18 13:44:26
2026-04-30,ロフト,ロフト0320,ラフドット,ラフドットインティメイトウォッシュ AL,2,7164,2026-04,2026-05-18 13:44:26
2026-04-30,ロフト,ロフト0320,（不明）,ベルミス スリムレギンス L-LL,2,7980,2026-04,2026-05-18 13:44:26
2026-04-30,ロフト,ロフト0320,（不明）,ベルミス カラープラスBK L,1,4536,2026-04,2026-05-18 13:44:26
2026-04-30,ロフト,ロフト0320,ラフドット,ラフドットインティメイトミスト MV,1,3132,2026-04,2026-05-18 13:44:26
2026-04-30,ロフト,ロフト0320,（不明）,スリムレギンス Premium Lv3,1,5445,2026-04,2026-05-18 13:44:26
2026-04-30,ロフト,ロフト0320,バイワンシー,バイワンシー スムース・リペアエッセンス,5,13500,2026-04,2026-05-18 13:44:26
2026-04-30,ロフト,ロフト0320,バイワンシー,バイワンシー SP&TRサシェ,9,2430,2026-04,2026-05-18 13:44:26
2026-04-30,ロフト,ロフト0321,（不明）,イオ クリーム シルキーリペア 200,3,4800,2026-04,2026-05-18 13:44:26
2026-04-30,ロフト,ロフト0321,（不明）,イオ クリーム メルトリペア 200,4,6400,2026-04,2026-05-18 13:44:26
2026-04-30,ロフト,ロフト0321,（不明）,ルベル ウィズ SW 240,4,4000,2026-04,2026-05-18 13:44:26
2026-04-30,ロフト,ロフト0321,（不明）,トリエ スプレー10 170,4,6400,2026-04,2026-05-18 13:44:26
2026-04-30,ロフト,ロフト0321,ラフドット,ラフドットインティメイトウォッシュ SB,4,14328,2026-04,2026-05-18 13:44:26
2026-04-30,ロフト,ロフト0321,ラフドット,ラフドットインティメイトウォッシュ PM,14,50148,2026-04,2026-05-18 13:44:26
2026-04-30,ロフト,ロフト0321,（不明）,ラフインティメイトフレッシュミスト PM,3,9396,2026-04,2026-05-18 13:44:26
2026-04-30,ロフト,ロフト0321,ラフドット,ラフドットインティメイトウォッシュ AL,2,7164,2026-04,2026-05-18 13:44:26
2026-04-30,ロフト,ロフト0321,（不明）,ベルミス スリムレギンス M-L,4,15960,2026-04,2026-05-18 13:44:26
2026-04-30,ロフト,ロフト0321,ラフドット,ラフドット 薬用ホワイトセラム,1,3236,2026-04,2026-05-18 13:44:26
2026-04-30,ロフト,ロフト0321,ラフドット,ラフドットインティメイトウォッシュ MV,2,7164,2026-04,2026-05-18 13:44:26
2026-04-30,ロフト,ロフト0321,ラフドット,ラフドットインティメイトミスト MV,1,3132,2026-04,2026-05-18 13:44:26
2026-04-30,ロフト,ロフト0321,（不明）,laugh.ギフトBOX,1,3582,2026-04,2026-05-18 13:44:26
2026-04-30,ロフト,ロフト0321,（不明）,ベルミス スリムフルレッグLーLL,1,4718,2026-04,2026-05-18 13:44:26
2026-04-30,ロフト,ロフト0321,（不明）,スリムレギンス Premium Lv2,1,5445,2026-04,2026-05-18 13:44:26
2026-04-30,ロフト,ロフト0321,（不明）,スリムレギンス Premium Lv3,2,10890,2026-04,2026-05-18 13:44:26
2026-04-30,ロフト,ロフト0322,（不明）,イオ シャンプー クリアメント200,3,4800,2026-04,2026-05-18 13:44:26
2026-04-30,ロフト,ロフト0322,（不明）,イオ シャンプー リラックスメント200,6,9600,2026-04,2026-05-18 13:44:26
2026-04-30,ロフト,ロフト0322,（不明）,イオ エッセンス モイスト,5,10000,2026-04,2026-05-18 13:44:26
2026-04-30,ロフト,ロフト0322,（不明）,イオ エッセンス スリーク,9,18000,2026-04,2026-05-18 13:44:26
2026-04-30,ロフト,ロフト0322,（不明）,イオ クリーム シルキーリペア 200,1,1600,2026-04,2026-05-18 13:44:26
2026-04-30,ロフト,ロフト0322,（不明）,イオセラム クリーム 200,1,2000,2026-04,2026-05-18 13:44:26
2026-04-30,ロフト,ロフト0322,（不明）,イオセラム オイル 100,2,4800,2026-04,2026-05-18 13:44:26
2026-04-30,ロフト,ロフト0322,（不明）,ルベル ウィズ RP 140,1,1000,2026-04,2026-05-18 13:44:26
2026-04-30,ロフト,ロフト0322,（不明）,トリエ スプレー10 170,31,49600,2026-04,2026-05-18 13:44:26
2026-04-30,ロフト,ロフト0322,ラフドット,ラフドットインティメイトウォッシュ SB,12,42984,2026-04,2026-05-18 13:44:26
2026-04-30,ロフト,ロフト0322,ラフドット,ラフドットインティメイトウォッシュ PM,20,71640,2026-04,2026-05-18 13:44:26
2026-04-30,ロフト,ロフト0322,ラフドット,ラフドットインティメイトウォッシュ AL,1,3582,2026-04,2026-05-18 13:44:26
2026-04-30,ロフト,ロフト0322,レチスパ,レチスパ クリームシャンプー,5,16000,2026-04,2026-05-18 13:44:26
2026-04-30,ロフト,ロフト0322,（不明）,ベルミス スリムレギンス M-L,1,3990,2026-04,2026-05-18 13:44:26
2026-04-30,ロフト,ロフト0322,（不明）,ベルミス カラープラスAGY M,1,4536,2026-04,2026-05-18 13:44:26
2026-04-30,ロフト,ロフト0322,ラフドット,ラフドット ヘアリムーバー,2,6800,2026-04,2026-05-18 13:44:26
2026-04-30,ロフト,ロフト0322,ラフドット,ラフドットインティメイトウォッシュ MV,7,25074,2026-04,2026-05-18 13:44:26
2026-04-30,ロフト,ロフト0322,バイワンシー,バイワンシー モイストブースターホイップ,2,4400,2026-04,2026-05-18 13:44:26
2026-04-30,ロフト,ロフト0322,（不明）,スリムレギンス Premium Lv1,1,5445,2026-04,2026-05-18 13:44:26
2026-04-30,ロフト,ロフト0322,（不明）,ekam アドバンスドジェル,1,2709,2026-04,2026-05-18 13:44:26
2026-04-30,ロフト,ロフト0322,（不明）,ekam ホイップ洗顔,2,3600,2026-04,2026-05-18 13:44:26
2026-04-30,ロフト,ロフト0322,（不明）,VイフェクトFCポアタイトアンプル,1,2700,2026-04,2026-05-18 13:44:26
2026-04-30,ロフト,ロフト0322,（不明）,ティーブレスボディローションアールグレイ,1,1500,2026-04,2026-05-18 13:44:26
2026-04-30,ロフト,ロフト0322,（不明）,ティーブレスボディローションローズティー,1,1500,2026-04,2026-05-18 13:44:26
2026-04-30,ロフト,ロフト0323,（不明）,イオセラム オイル 100,1,2400,2026-04,2026-05-18 13:44:26
2026-04-30,ロフト,ロフト0323,（不明）,イオ エッセンス スリーク,6,12000,2026-04,2026-05-18 13:44:26
2026-04-30,ロフト,ロフト0323,（不明）,イオ クリーム シルキーリペア 200,3,4800,2026-04,2026-05-18 13:44:26
2026-04-30,ロフト,ロフト0323,（不明）,イオセラム クリーム 200,1,2000,2026-04,2026-05-18 13:44:26
2026-04-30,ロフト,ロフト0323,（不明）,トリエ スプレー10 170,2,3200,2026-04,2026-05-18 13:44:26
2026-04-30,ロフト,ロフト0323,（不明）,ビューティアップナイトブラ ブラックL,1,2980,2026-04,2026-05-18 13:44:26
2026-04-30,ロフト,ロフト0323,ラフドット,ラフドットインティメイトウォッシュ SB,9,32238,2026-04,2026-05-18 13:44:26
2026-04-30,ロフト,ロフト0323,（不明）,ラフインティメイトフレッシュミスト SB,1,3132,2026-04,2026-05-18 13:44:26
2026-04-30,ロフト,ロフト0323,（不明）,ビューティアップナイトブラ BグレーM,1,2980,2026-04,2026-05-18 13:44:26
2026-04-30,ロフト,ロフト0323,ラフドット,ラフドットインティメイトウォッシュ PM,16,57312,2026-04,2026-05-18 13:44:26
2026-04-30,ロフト,ロフト0323,（不明）,ラフインティメイトフレッシュミスト PM,1,3132,2026-04,2026-05-18 13:44:26
2026-04-30,ロフト,ロフト0323,ラフドット,ラフドットインティメイトウォッシュ AL,1,3582,2026-04,2026-05-18 13:44:26
2026-04-30,ロフト,ロフト0323,レチスパ,レチスパ クリームシャンプー,1,3200,2026-04,2026-05-18 13:44:26
2026-04-30,ロフト,ロフト0323,レチスパ,レチスパ 頭皮用美容液,2,5000,2026-04,2026-05-18 13:44:26
2026-04-30,ロフト,ロフト0323,（不明）,ベルミス スリムレギンス M-L,1,3990,2026-04,2026-05-18 13:44:26
2026-04-30,ロフト,ロフト0323,（不明）,ベルミス カラープラスAGY M,1,4536,2026-04,2026-05-18 13:44:26
2026-04-30,ロフト,ロフト0323,（不明）,ベルミス カラープラスBK L,3,13608,2026-04,2026-05-18 13:44:26
2026-04-30,ロフト,ロフト0323,ラフドット,ラフドット 薬用ホワイトセラム,1,3236,2026-04,2026-05-18 13:44:26
2026-04-30,ロフト,ロフト0323,ラフドット,ラフドット ヘアリムーバー,1,3400,2026-04,2026-05-18 13:44:26
2026-04-30,ロフト,ロフト0323,ラフドット,ラフドットインティメイトウォッシュ MV,2,7164,2026-04,2026-05-18 13:44:26
2026-04-30,ロフト,ロフト0323,ラフドット,ラフドットインティメイトミスト MV,1,3132,2026-04,2026-05-18 13:44:26
2026-04-30,ロフト,ロフト0323,（不明）,スリムレギンス Premium Lv3,2,10890,2026-04,2026-05-18 13:44:26
2026-04-30,ロフト,ロフト0323,（不明）,スリムフルレッグ クールプラス M-L,2,9436,2026-04,2026-05-18 13:44:26
2026-04-30,ロフト,ロフト0323,（不明）,スリムフルレッグ クールプラス L-LL,1,4718,2026-04,2026-05-18 13:44:26
2026-04-30,ロフト,ロフト0323,（不明）,インシトゥ ハーブラピール,5,12000,2026-04,2026-05-18 13:44:26
2026-04-30,ロフト,ロフト0323,（不明）,ekam アドバンスドジェル,4,10836,2026-04,2026-05-18 13:44:26
2026-04-30,ロフト,ロフト0323,（不明）,ヒノキフットピーリングマスク,1,720,2026-04,2026-05-18 13:44:26
2026-04-30,ロフト,ロフト0323,（不明）,フットピーリングダブルエッセンスマスク,3,2250,2026-04,2026-05-18 13:44:26
2026-04-30,ロフト,ロフト0323,（不明）,VイフェクトFCポアフィットマスク7枚入,2,2800,2026-04,2026-05-18 13:44:26
2026-04-30,ロフト,ロフト0323,（不明）,Vイフェクト青麦ジンクセラム,1,2300,2026-04,2026-05-18 13:44:26
2026-04-30,ロフト,ロフト0323,（不明）,Vイフェクト青麦LHAクレンジングジェル,1,2100,2026-04,2026-05-18 13:44:26
2026-04-30,ロフト,ロフト0324,（不明）,イオ エッセンス スリーク,1,2000,2026-04,2026-05-18 13:44:26
2026-04-30,ロフト,ロフト0324,（不明）,イオ シャンプー リラックスメント200,2,3200,2026-04,2026-05-18 13:44:26
2026-04-30,ロフト,ロフト0324,（不明）,イオ クリーム シルキーリペア 200,1,1600,2026-04,2026-05-18 13:44:26
2026-04-30,ロフト,ロフト0324,（不明）,イオセラム オイル 100,1,2400,2026-04,2026-05-18 13:44:26
2026-04-30,ロフト,ロフト0324,ラフドット,ラフドットインティメイトウォッシュ SB,7,25074,2026-04,2026-05-18 13:44:26
2026-04-30,ロフト,ロフト0324,ラフドット,ラフドットインティメイトウォッシュ PM,9,32238,2026-04,2026-05-18 13:44:26
2026-04-30,ロフト,ロフト0324,ラフドット,ラフドットインティメイトウォッシュ AL,1,3582,2026-04,2026-05-18 13:44:26
2026-04-30,ロフト,ロフト0324,（不明）,ベルミス スリムレギンス L-LL,1,3990,2026-04,2026-05-18 13:44:26
2026-04-30,ロフト,ロフト0324,ラフドット,ラフドットインティメイトウォッシュ MV,4,14328,2026-04,2026-05-18 13:44:26
2026-04-30,ロフト,ロフト0324,バイワンシー,バイワンシー モイストブースターホイップ,1,2200,2026-04,2026-05-18 13:44:26
2026-04-30,ロフト,ロフト0324,（不明）,ベルミス スリムフルレッグ M-L,1,4718,2026-04,2026-05-18 13:44:26
2026-04-30,ロフト,ロフト0324,（不明）,スリムレギンス Premium Lv2,1,5445,2026-04,2026-05-18 13:44:26
2026-04-30,ロフト,ロフト0324,（不明）,スリムレギンス Premium Lv3,1,5445,2026-04,2026-05-18 13:44:26
2026-04-30,ロフト,ロフト0324,（不明）,ekam アドバンスドジェル,4,10836,2026-04,2026-05-18 13:44:26
2026-04-30,ロフト,ロフト0324,（不明）,ekam アドバンスドセラム,1,3164,2026-04,2026-05-18 13:44:26
2026-04-30,ロフト,ロフト0324,（不明）,ekam ホイップ洗顔,2,3600,2026-04,2026-05-18 13:44:26
2026-04-30,ロフト,ロフト0324,（不明）,ティーブレスボディローションアールグレイ,2,3000,2026-04,2026-05-18 13:44:26
2026-04-30,ロフト,ロフト0324,（不明）,ティーブレスボディローションローズティー,1,1500,2026-04,2026-05-18 13:44:26
2026-04-30,ロフト,ロフト0325,（不明）,イオ シャンプー クリアメント200,1,1600,2026-04,2026-05-18 13:44:26
2026-04-30,ロフト,ロフト0325,（不明）,イオ エッセンス スリーク,1,2000,2026-04,2026-05-18 13:44:26
2026-04-30,ロフト,ロフト0325,（不明）,イオ クリーム シルキーリペア 200,3,4800,2026-04,2026-05-18 13:44:26
2026-04-30,ロフト,ロフト0325,（不明）,イオ クリーム メルトリペア 200,5,8000,2026-04,2026-05-18 13:44:26
2026-04-30,ロフト,ロフト0325,（不明）,イオセラム クリーム 200,4,8000,2026-04,2026-05-18 13:44:26
2026-04-30,ロフト,ロフト0325,（不明）,トリエ スプレー10 170,1,1600,2026-04,2026-05-18 13:44:26
2026-04-30,ロフト,ロフト0325,ラフドット,ラフドットインティメイトウォッシュ SB,7,25074,2026-04,2026-05-18 13:44:26
2026-04-30,ロフト,ロフト0325,（不明）,ラフインティメイトフレッシュミスト SB,1,3132,2026-04,2026-05-18 13:44:26
2026-04-30,ロフト,ロフト0325,ラフドット,ラフドットインティメイトウォッシュ PM,5,17910,2026-04,2026-05-18 13:44:26
2026-04-30,ロフト,ロフト0325,（不明）,ラフインティメイトフレッシュミスト PM,2,6264,2026-04,2026-05-18 13:44:26
2026-04-30,ロフト,ロフト0325,レチスパ,レチスパ クリームシャンプー,1,3200,2026-04,2026-05-18 13:44:26
2026-04-30,ロフト,ロフト0325,レチスパ,レチスパ ヘアオイル,2,4800,2026-04,2026-05-18 13:44:26
2026-04-30,ロフト,ロフト0325,レチスパ,レチスパ 頭皮用美容液,1,2500,2026-04,2026-05-18 13:44:26
2026-04-30,ロフト,ロフト0325,（不明）,ベルミス スリムレギンス M-L,2,7980,2026-04,2026-05-18 13:44:26
2026-04-30,ロフト,ロフト0325,（不明）,ベルミス スリムレギンス L-LL,1,3990,2026-04,2026-05-18 13:44:26
2026-04-30,ロフト,ロフト0325,（不明）,ベルミス カラープラスBK M,1,4536,2026-04,2026-05-18 13:44:26
2026-04-30,ロフト,ロフト0325,（不明）,ベルミス カラープラスBK L,1,4536,2026-04,2026-05-18 13:44:26
2026-04-30,ロフト,ロフト0325,ラフドット,ラフドットインティメイトウォッシュ MV,1,3582,2026-04,2026-05-18 13:44:26
2026-04-30,ロフト,ロフト0325,（不明）,laugh.ギフトBOX,2,7164,2026-04,2026-05-18 13:44:26
2026-04-30,ロフト,ロフト0325,（不明）,スリムレギンス Premium Lv2,2,10890,2026-04,2026-05-18 13:44:26
2026-04-30,ロフト,ロフト0325,バイワンシー,バイワンシー ピュア・アミノシャンプー,2,5400,2026-04,2026-05-18 13:44:26
2026-04-30,ロフト,ロフト0325,バイワンシー,バイワンシー ヒートケア・トリートメント,1,2700,2026-04,2026-05-18 13:44:26
2026-04-30,ロフト,ロフト0325,バイワンシー,バイワンシー スムース・リペアエッセンス,5,13500,2026-04,2026-05-18 13:44:26
2026-04-30,ロフト,ロフト0325,（不明）,ekam アドバンスドジェル,1,2709,2026-04,2026-05-18 13:44:26
2026-04-30,ロフト,ロフト0326,ラフドット,ラフドットインティメイトウォッシュ SB,13,46566,2026-04,2026-05-18 13:44:26
2026-04-30,ロフト,ロフト0326,ラフドット,ラフドットインティメイトウォッシュ PM,24,85968,2026-04,2026-05-18 13:44:26
2026-04-30,ロフト,ロフト0326,（不明）,ラフインティメイトフレッシュミスト PM,2,6264,2026-04,2026-05-18 13:44:26
2026-04-30,ロフト,ロフト0326,レチスパ,レチスパ クリームシャンプー,3,9600,2026-04,2026-05-18 13:44:26
2026-04-30,ロフト,ロフト0326,レチスパ,レチスパ 頭皮用美容液,1,2500,2026-04,2026-05-18 13:44:26
2026-04-30,ロフト,ロフト0326,（不明）,ベルミス スリムレギンス M-L,2,7980,2026-04,2026-05-18 13:44:26
2026-04-30,ロフト,ロフト0326,（不明）,ベルミス スリムレギンス L-LL,1,3990,2026-04,2026-05-18 13:44:26
2026-04-30,ロフト,ロフト0326,（不明）,ベルミス カラープラスBK M,1,4536,2026-04,2026-05-18 13:44:26
2026-04-30,ロフト,ロフト0326,（不明）,ベルミス カラープラスBK L,2,9072,2026-04,2026-05-18 13:44:26
2026-04-30,ロフト,ロフト0326,ラフドット,ラフドット 薬用ホワイトセラム,1,3236,2026-04,2026-05-18 13:44:26
2026-04-30,ロフト,ロフト0326,ラフドット,ラフドット ヘアリムーバー,3,10200,2026-04,2026-05-18 13:44:26
2026-04-30,ロフト,ロフト0326,ラフドット,ラフドットインティメイトウォッシュ MV,5,17910,2026-04,2026-05-18 13:44:26
2026-04-30,ロフト,ロフト0326,ラフドット,ラフドットインティメイトミスト MV,2,6264,2026-04,2026-05-18 13:44:26
2026-04-30,ロフト,ロフト0326,（不明）,ベルミス スリムフルレッグLーLL,2,9436,2026-04,2026-05-18 13:44:26
2026-04-30,ロフト,ロフト0326,（不明）,スリムレギンス Premium Lv3,1,5445,2026-04,2026-05-18 13:44:26
2026-04-30,ロフト,ロフト0327,（不明）,イオ クリーム シルキーリペア 200,1,1600,2026-04,2026-05-18 13:44:26
2026-04-30,ロフト,ロフト0327,（不明）,トリエ スプレー10 170,7,11200,2026-04,2026-05-18 13:44:26
2026-04-30,ロフト,ロフト0327,ラフドット,ラフドットインティメイトウォッシュ SB,14,50148,2026-04,2026-05-18 13:44:26
2026-04-30,ロフト,ロフト0327,（不明）,ラフインティメイトフレッシュミスト SB,3,9396,2026-04,2026-05-18 13:44:26
2026-04-30,ロフト,ロフト0327,ラフドット,ラフドットインティメイトウォッシュ PM,9,32238,2026-04,2026-05-18 13:44:26
2026-04-30,ロフト,ロフト0327,（不明）,ラフインティメイトフレッシュミスト PM,1,3132,2026-04,2026-05-18 13:44:26
2026-04-30,ロフト,ロフト0327,（不明）,ラフインティメイトフレッシュミスト AL,2,6264,2026-04,2026-05-18 13:44:26
2026-04-30,ロフト,ロフト0327,レチスパ,レチスパ クリームシャンプー,4,12800,2026-04,2026-05-18 13:44:26
2026-04-30,ロフト,ロフト0327,レチスパ,レチスパ クリームシャンプーサシェ,9,1800,2026-04,2026-05-18 13:44:26
2026-04-30,ロフト,ロフト0327,レチスパ,レチスパ 頭皮用美容液,1,2500,2026-04,2026-05-18 13:44:26
2026-04-30,ロフト,ロフト0327,（不明）,ベルミス スリムレギンス M-L,2,7980,2026-04,2026-05-18 13:44:26
2026-04-30,ロフト,ロフト0327,（不明）,ベルミス スリムレギンス L-LL,1,3990,2026-04,2026-05-18 13:44:26
2026-04-30,ロフト,ロフト0327,ラフドット,ラフドット 薬用ホワイトセラム,1,3236,2026-04,2026-05-18 13:44:26
2026-04-30,ロフト,ロフト0327,ラフドット,ラフドットインティメイトウォッシュ MV,6,21492,2026-04,2026-05-18 13:44:26
2026-04-30,ロフト,ロフト0327,ラフドット,ラフドットインティメイトミスト MV,3,9396,2026-04,2026-05-18 13:44:26
2026-04-30,ロフト,ロフト0327,（不明）,リムーブレギンスEB L-LL,1,11182,2026-04,2026-05-18 13:44:26
2026-04-30,ロフト,ロフト0327,（不明）,スリムフルレッグ クールプラス M-L,2,9436,2026-04,2026-05-18 13:44:26
2026-04-30,ロフト,ロフト0327,（不明）,wolg BBクリーム ナチュラル,3,8127,2026-04,2026-05-18 13:44:26
2026-04-30,ロフト,ロフト0327,（不明）,ekam アドバンスドジェル,2,5418,2026-04,2026-05-18 13:44:26
2026-04-30,ロフト,ロフト0327,（不明）,ekam ホイップ洗顔,1,1800,2026-04,2026-05-18 13:44:26
2026-04-30,ロフト,ロフト0329,（不明）,イオ シャンプー クリアメント200,1,1600,2026-04,2026-05-18 13:44:26
2026-04-30,ロフト,ロフト0329,（不明）,イオ シャンプー リラックスメント200,3,4800,2026-04,2026-05-18 13:44:26
2026-04-30,ロフト,ロフト0329,（不明）,イオ クリーム シルキーリペア 200,3,4800,2026-04,2026-05-18 13:44:26
2026-04-30,ロフト,ロフト0329,（不明）,イオ クリーム メルトリペア 200,5,8000,2026-04,2026-05-18 13:44:26
2026-04-30,ロフト,ロフト0329,（不明）,イオ ディープマスク,1,3000,2026-04,2026-05-18 13:44:26
2026-04-30,ロフト,ロフト0329,（不明）,イオセラム クリーム 200,1,2000,2026-04,2026-05-18 13:44:26
2026-04-30,ロフト,ロフト0329,（不明）,イオセラム オイル 100,1,2400,2026-04,2026-05-18 13:44:26
2026-04-30,ロフト,ロフト0329,（不明）,トリエ スプレー10 170,41,65600,2026-04,2026-05-18 13:44:26
2026-04-30,ロフト,ロフト0329,（不明）,ビューティアップナイトブラ ブラックM,1,2980,2026-04,2026-05-18 13:44:26
2026-04-30,ロフト,ロフト0329,ラフドット,ラフドットインティメイトウォッシュ SB,10,35820,2026-04,2026-05-18 13:44:26
2026-04-30,ロフト,ロフト0329,（不明）,ラフインティメイトフレッシュミスト SB,1,3132,2026-04,2026-05-18 13:44:26
2026-04-30,ロフト,ロフト0329,（不明）,ビューティアップナイトブラ BグレーM,1,2980,2026-04,2026-05-18 13:44:26
2026-04-30,ロフト,ロフト0329,ラフドット,ラフドットインティメイトウォッシュ PM,11,39402,2026-04,2026-05-18 13:44:26
2026-04-30,ロフト,ロフト0329,ラフドット,ラフドットインティメイトウォッシュ AL,1,3582,2026-04,2026-05-18 13:44:26
2026-04-30,ロフト,ロフト0329,レチスパ,レチスパ クリームシャンプー,2,6400,2026-04,2026-05-18 13:44:26
2026-04-30,ロフト,ロフト0329,レチスパ,レチスパ ヘアオイル,1,2400,2026-04,2026-05-18 13:44:26
2026-04-30,ロフト,ロフト0329,（不明）,ベルミス スリムレギンス L-LL,1,3990,2026-04,2026-05-18 13:44:26
2026-04-30,ロフト,ロフト0329,（不明）,ベルミス カラープラスBK M,1,4536,2026-04,2026-05-18 13:44:26
2026-04-30,ロフト,ロフト0329,ラフドット,ラフドットインティメイトウォッシュ MV,5,17910,2026-04,2026-05-18 13:44:26
2026-04-30,ロフト,ロフト0329,ラフドット,ラフドットインティメイトミスト MV,1,3132,2026-04,2026-05-18 13:44:26
2026-04-30,ロフト,ロフト0329,バイワンシー,バイワンシー モイストブースターホイップ,3,6600,2026-04,2026-05-18 13:44:26
2026-04-30,ロフト,ロフト0329,（不明）,ベルミス スリムフルレッグLーLL,1,4718,2026-04,2026-05-18 13:44:26
2026-04-30,ロフト,ロフト0329,（不明）,リムーブレギンスEB M-L,1,11182,2026-04,2026-05-18 13:44:26
2026-04-30,ロフト,ロフト0329,（不明）,リムーブレギンスEB L-LL,1,11182,2026-04,2026-05-18 13:44:26
2026-04-30,ロフト,ロフト0329,（不明）,スリムレギンス Premium Lv3,2,10890,2026-04,2026-05-18 13:44:26
2026-04-30,ロフト,ロフト0329,（不明）,スリムフルレッグ クールプラス L-LL,1,4718,2026-04,2026-05-18 13:44:26
2026-04-30,ロフト,ロフト0329,バイワンシー,バイワンシー スムース・リペアエッセンス,4,10800,2026-04,2026-05-18 13:44:26
2026-04-30,ロフト,ロフト0329,（不明）,ekam アドバンスドジェル,1,2709,2026-04,2026-05-18 13:44:26
2026-04-30,ロフト,ロフト0329,（不明）,ekam ホイップ洗顔,1,1800,2026-04,2026-05-18 13:44:26
2026-04-30,ロフト,ロフト0329,（不明）,Vイフェクト青麦LHAクレンジングジェル,1,2100,2026-04,2026-05-18 13:44:26
2026-04-30,ロフト,ロフト0330,（不明）,イオ エッセンス モイスト,1,2000,2026-04,2026-05-18 13:44:26
2026-04-30,ロフト,ロフト0330,（不明）,イオ クリーム シルキーリペア 200,2,3200,2026-04,2026-05-18 13:44:26
2026-04-30,ロフト,ロフト0330,（不明）,トリエ スプレー10 170,6,9600,2026-04,2026-05-18 13:44:26
2026-04-30,ロフト,ロフト0330,（不明）,ビューティアップナイトブラ ブラックM,4,11920,2026-04,2026-05-18 13:44:26
2026-04-30,ロフト,ロフト0330,（不明）,ビューティアップナイトブラ ブラックL,3,8940,2026-04,2026-05-18 13:44:26
2026-04-30,ロフト,ロフト0330,ラフドット,ラフドットインティメイトウォッシュ SB,8,28656,2026-04,2026-05-18 13:44:26
2026-04-30,ロフト,ロフト0330,（不明）,ビューティアップナイトブラ BグレーM,1,2980,2026-04,2026-05-18 13:44:26
2026-04-30,ロフト,ロフト0330,（不明）,ビューティアップナイトブラ BグレーL,3,8940,2026-04,2026-05-18 13:44:26
2026-04-30,ロフト,ロフト0330,ラフドット,ラフドットインティメイトウォッシュ PM,6,21492,2026-04,2026-05-18 13:44:26
2026-04-30,ロフト,ロフト0330,（不明）,ラフインティメイトフレッシュミスト PM,2,6264,2026-04,2026-05-18 13:44:26
2026-04-30,ロフト,ロフト0330,ラフドット,ラフドットインティメイトウォッシュ AL,2,7164,2026-04,2026-05-18 13:44:26
2026-04-30,ロフト,ロフト0330,レチスパ,レチスパ クリームシャンプー,4,12800,2026-04,2026-05-18 13:44:26
2026-04-30,ロフト,ロフト0330,レチスパ,レチスパ 頭皮用美容液,6,15000,2026-04,2026-05-18 13:44:26
2026-04-30,ロフト,ロフト0330,（不明）,ベルミス カラープラスBK L,2,9072,2026-04,2026-05-18 13:44:26
2026-04-30,ロフト,ロフト0330,ラフドット,ラフドット 薬用ホワイトセラム,2,6472,2026-04,2026-05-18 13:44:26
2026-04-30,ロフト,ロフト0330,ラフドット,ラフドットインティメイトウォッシュ MV,5,17910,2026-04,2026-05-18 13:44:26
2026-04-30,ロフト,ロフト0330,ラフドット,ラフドットインティメイトミスト MV,2,6264,2026-04,2026-05-18 13:44:26
2026-04-30,ロフト,ロフト0330,（不明）,ベルミス スリムフルレッグ M-L,1,4718,2026-04,2026-05-18 13:44:26
2026-04-30,ロフト,ロフト0330,（不明）,スリムレギンス Premium Lv2,1,5445,2026-04,2026-05-18 13:44:26
2026-04-30,ロフト,ロフト0330,（不明）,スリムレギンス Premium Lv3,1,5445,2026-04,2026-05-18 13:44:26
2026-04-30,ロフト,ロフト0330,（不明）,ekam ホイップ洗顔,1,1800,2026-04,2026-05-18 13:44:26
2026-04-30,ロフト,ロフト0331,（不明）,イオ シャンプー リラックスメント200,1,1600,2026-04,2026-05-18 13:44:26
2026-04-30,ロフト,ロフト0331,（不明）,トリエ スプレー10 170,4,6400,2026-04,2026-05-18 13:44:26
2026-04-30,ロフト,ロフト0331,ラフドット,ラフドットインティメイトウォッシュ SB,6,21492,2026-04,2026-05-18 13:44:26
2026-04-30,ロフト,ロフト0331,（不明）,ラフインティメイトフレッシュミスト SB,2,6264,2026-04,2026-05-18 13:44:26
2026-04-30,ロフト,ロフト0331,ラフドット,ラフドットインティメイトウォッシュ PM,4,14328,2026-04,2026-05-18 13:44:26
2026-04-30,ロフト,ロフト0331,（不明）,ベルミス カラープラスAGY M,1,4536,2026-04,2026-05-18 13:44:26
2026-04-30,ロフト,ロフト0331,ラフドット,ラフドットインティメイトウォッシュ MV,4,14328,2026-04,2026-05-18 13:44:26
2026-04-30,ロフト,ロフト0331,ラフドット,ラフドットインティメイトミスト MV,3,9396,2026-04,2026-05-18 13:44:26
2026-04-30,ロフト,ロフト0331,（不明）,laugh.ギフトBOX,2,7164,2026-04,2026-05-18 13:44:26
2026-04-30,ロフト,ロフト0331,（不明）,wolg BBクリーム ナチュラル,1,2709,2026-04,2026-05-18 13:44:26
2026-04-30,ロフト,ロフト0332,（不明）,イオ エッセンス スリーク,4,8000,2026-04,2026-05-18 13:44:26
2026-04-30,ロフト,ロフト0332,（不明）,イオ クリーム メルトリペア 200,2,3200,2026-04,2026-05-18 13:44:26
2026-04-30,ロフト,ロフト0332,（不明）,イオセラム シャンプー 200,2,4000,2026-04,2026-05-18 13:44:26
2026-04-30,ロフト,ロフト0332,（不明）,ビューティアップナイトブラ ブラックL,2,5960,2026-04,2026-05-18 13:44:26
2026-04-30,ロフト,ロフト0332,ラフドット,ラフドットインティメイトウォッシュ SB,14,50148,2026-04,2026-05-18 13:44:26
2026-04-30,ロフト,ロフト0332,（不明）,ラフインティメイトフレッシュミスト SB,1,3132,2026-04,2026-05-18 13:44:26
2026-04-30,ロフト,ロフト0332,ラフドット,ラフドットインティメイトウォッシュ PM,11,39402,2026-04,2026-05-18 13:44:26
2026-04-30,ロフト,ロフト0332,（不明）,ラフインティメイトフレッシュミスト PM,1,3132,2026-04,2026-05-18 13:44:26
2026-04-30,ロフト,ロフト0332,レチスパ,レチスパ クリームシャンプー,4,12800,2026-04,2026-05-18 13:44:26
2026-04-30,ロフト,ロフト0332,レチスパ,レチスパ ヘアオイル,1,2400,2026-04,2026-05-18 13:44:26
2026-04-30,ロフト,ロフト0332,（不明）,ベルミス スリムレギンス M-L,4,15960,2026-04,2026-05-18 13:44:26
2026-04-30,ロフト,ロフト0332,（不明）,ベルミス スリムレギンス L-LL,1,3990,2026-04,2026-05-18 13:44:26
2026-04-30,ロフト,ロフト0332,（不明）,ベルミス カラープラスBK M,2,9072,2026-04,2026-05-18 13:44:26
2026-04-30,ロフト,ロフト0332,ラフドット,ラフドット 薬用ホワイトセラム,1,3236,2026-04,2026-05-18 13:44:26
2026-04-30,ロフト,ロフト0332,ラフドット,ラフドットインティメイトウォッシュ MV,2,7164,2026-04,2026-05-18 13:44:26
2026-04-30,ロフト,ロフト0332,ラフドット,ラフドットインティメイトミスト MV,1,3132,2026-04,2026-05-18 13:44:26
2026-04-30,ロフト,ロフト0332,（不明）,スリムレギンス Premium Lv1,1,5445,2026-04,2026-05-18 13:44:26
2026-04-30,ロフト,ロフト0332,（不明）,スリムレギンス Premium Lv2,1,5445,2026-04,2026-05-18 13:44:26
2026-04-30,ロフト,ロフト0332,（不明）,スリムレギンス Premium Lv3,2,10890,2026-04,2026-05-18 13:44:26
2026-04-30,ロフト,ロフト0332,（不明）,スリムフルレッグ クールプラス M-L,2,9436,2026-04,2026-05-18 13:44:26
2026-04-30,ロフト,ロフト0332,（不明）,wolg BBクリーム ナチュラル,1,2709,2026-04,2026-05-18 13:44:26
2026-04-30,ロフト,ロフト0332,（不明）,かかと集中ピーリングマスク,1,580,2026-04,2026-05-18 13:44:26
2026-04-30,ロフト,ロフト0332,（不明）,Vイフェクト青麦LHAクレンジングジェル,1,2100,2026-04,2026-05-18 13:44:26
2026-04-30,ロフト,ロフト0333,（不明）,イオセラム クリーム 200,1,2000,2026-04,2026-05-18 13:44:26
2026-04-30,ロフト,ロフト0333,（不明）,ルベル ウィズ RP 140,1,1000,2026-04,2026-05-18 13:44:26
2026-04-30,ロフト,ロフト0333,（不明）,イオ シャンプー リラックスメント200,4,6400,2026-04,2026-05-18 13:44:26
2026-04-30,ロフト,ロフト0333,（不明）,イオ エッセンス モイスト,4,8000,2026-04,2026-05-18 13:44:26
2026-04-30,ロフト,ロフト0333,（不明）,イオ エッセンス スリーク,3,6000,2026-04,2026-05-18 13:44:26
2026-04-30,ロフト,ロフト0333,（不明）,イオ クリーム シルキーリペア 200,5,8000,2026-04,2026-05-18 13:44:26
2026-04-30,ロフト,ロフト0333,（不明）,イオセラム シャンプー 200,1,2000,2026-04,2026-05-18 13:44:26
2026-04-30,ロフト,ロフト0333,（不明）,ルベル ウィズ RP 140,1,1000,2026-04,2026-05-18 13:44:26
2026-04-30,ロフト,ロフト0333,（不明）,トリエ スプレー10 170,16,25600,2026-04,2026-05-18 13:44:26
2026-04-30,ロフト,ロフト0333,ラフドット,ラフドットインティメイトウォッシュ SB,16,57312,2026-04,2026-05-18 13:44:26
2026-04-30,ロフト,ロフト0333,ラフドット,ラフドットインティメイトウォッシュ PM,10,35820,2026-04,2026-05-18 13:44:26
2026-04-30,ロフト,ロフト0333,（不明）,ラフインティメイトフレッシュミスト PM,1,3132,2026-04,2026-05-18 13:44:26
2026-04-30,ロフト,ロフト0333,（不明）,ラフインティメイトフレッシュミスト AL,1,3132,2026-04,2026-05-18 13:44:26
2026-04-30,ロフト,ロフト0333,レチスパ,レチスパ クリームシャンプー,3,9600,2026-04,2026-05-18 13:44:26
2026-04-30,ロフト,ロフト0333,レチスパ,レチスパ 頭皮用美容液,4,10000,2026-04,2026-05-18 13:44:26
2026-04-30,ロフト,ロフト0333,（不明）,ベルミス カラープラスAGY L,1,4536,2026-04,2026-05-18 13:44:26
2026-04-30,ロフト,ロフト0333,ラフドット,ラフドット 薬用ホワイトセラム,1,3236,2026-04,2026-05-18 13:44:26
2026-04-30,ロフト,ロフト0333,ラフドット,ラフドットインティメイトウォッシュ MV,3,10746,2026-04,2026-05-18 13:44:26
2026-04-30,ロフト,ロフト0333,ラフドット,ラフドットインティメイトミスト MV,1,3132,2026-04,2026-05-18 13:44:26
2026-04-30,ロフト,ロフト0333,（不明）,ベルミス スリムフルレッグLーLL,1,4718,2026-04,2026-05-18 13:44:26
2026-04-30,ロフト,ロフト0333,（不明）,ベルミス スリムフルレッグ M-L,1,4718,2026-04,2026-05-18 13:44:26
2026-04-30,ロフト,ロフト0333,（不明）,リムーブレギンスEB M-L,1,11182,2026-04,2026-05-18 13:44:26
2026-04-30,ロフト,ロフト0333,（不明）,スリムレギンス Premium Lv1,1,5445,2026-04,2026-05-18 13:44:26
2026-04-30,ロフト,ロフト0335,（不明）,イオ シャンプー リラックスメント200,4,6400,2026-04,2026-05-18 13:44:26
2026-04-30,ロフト,ロフト0335,（不明）,イオ エッセンス モイスト,4,8000,2026-04,2026-05-18 13:44:26
2026-04-30,ロフト,ロフト0335,（不明）,イオ エッセンス スリーク,4,8000,2026-04,2026-05-18 13:44:26
2026-04-30,ロフト,ロフト0335,（不明）,イオ クリーム メルトリペア 200,3,4800,2026-04,2026-05-18 13:44:26
2026-04-30,ロフト,ロフト0335,（不明）,ルベル ウィズ MG 240,1,1000,2026-04,2026-05-18 13:44:26
2026-04-30,ロフト,ロフト0335,（不明）,ルベル ウィズ RP 140,1,1000,2026-04,2026-05-18 13:44:26
2026-04-30,ロフト,ロフト0335,ラフドット,ラフドットインティメイトウォッシュ SB,11,39402,2026-04,2026-05-18 13:44:26
2026-04-30,ロフト,ロフト0335,ラフドット,ラフドットインティメイトウォッシュ PM,9,32238,2026-04,2026-05-18 13:44:26
2026-04-30,ロフト,ロフト0335,（不明）,ラフインティメイトフレッシュミスト PM,3,9396,2026-04,2026-05-18 13:44:26
2026-04-30,ロフト,ロフト0335,レチスパ,レチスパ クリームシャンプー,6,19200,2026-04,2026-05-18 13:44:26
2026-04-30,ロフト,ロフト0335,レチスパ,レチスパ クリームシャンプーサシェ,17,3400,2026-04,2026-05-18 13:44:26
2026-04-30,ロフト,ロフト0335,レチスパ,レチスパ ヘアオイル,3,7200,2026-04,2026-05-18 13:44:26
2026-04-30,ロフト,ロフト0335,レチスパ,レチスパ 頭皮用美容液,3,7500,2026-04,2026-05-18 13:44:26
2026-04-30,ロフト,ロフト0335,（不明）,ベルミス スリムレギンス M-L,2,7980,2026-04,2026-05-18 13:44:26
2026-04-30,ロフト,ロフト0335,（不明）,ベルミス スリムレギンス L-LL,1,3990,2026-04,2026-05-18 13:44:26
2026-04-30,ロフト,ロフト0335,ラフドット,ラフドットインティメイトウォッシュ MV,5,17910,2026-04,2026-05-18 13:44:26
2026-04-30,ロフト,ロフト0335,ラフドット,ラフドットインティメイトミスト MV,2,6264,2026-04,2026-05-18 13:44:26
2026-04-30,ロフト,ロフト0335,バイワンシー,バイワンシー モイストブースターホイップ,2,4400,2026-04,2026-05-18 13:44:26
2026-04-30,ロフト,ロフト0335,（不明）,ベルミス スリムフルレッグLーLL,1,4718,2026-04,2026-05-18 13:44:26
2026-04-30,ロフト,ロフト0335,（不明）,スリムレギンス Premium Lv2,2,10890,2026-04,2026-05-18 13:44:26
2026-04-30,ロフト,ロフト0335,（不明）,スリムレギンス Premium Lv3,2,10890,2026-04,2026-05-18 13:44:26
2026-04-30,ロフト,ロフト0335,（不明）,wolg BBクリーム ナチュラル,4,10836,2026-04,2026-05-18 13:44:26
2026-04-30,ロフト,ロフト0336,（不明）,ルベル ウィズ SW 240,2,2000,2026-04,2026-05-18 13:44:26
2026-04-30,ロフト,ロフト0336,（不明）,トリエ スプレー10 170,4,6400,2026-04,2026-05-18 13:44:26
2026-04-30,ロフト,ロフト0336,（不明）,ビューティアップナイトブラ ブラックM,1,2980,2026-04,2026-05-18 13:44:26
2026-04-30,ロフト,ロフト0336,ラフドット,ラフドットインティメイトウォッシュ SB,5,17910,2026-04,2026-05-18 13:44:26
2026-04-30,ロフト,ロフト0336,（不明）,ビューティアップナイトブラ BグレーM,1,2980,2026-04,2026-05-18 13:44:26
2026-04-30,ロフト,ロフト0336,ラフドット,ラフドットインティメイトウォッシュ PM,4,14328,2026-04,2026-05-18 13:44:26
2026-04-30,ロフト,ロフト0336,レチスパ,レチスパ クリームシャンプー,1,3200,2026-04,2026-05-18 13:44:26
2026-04-30,ロフト,ロフト0336,レチスパ,レチスパ クリームシャンプーサシェ,11,2200,2026-04,2026-05-18 13:44:26
2026-04-30,ロフト,ロフト0336,レチスパ,レチスパ ヘアオイル,1,2400,2026-04,2026-05-18 13:44:26
2026-04-30,ロフト,ロフト0336,レチスパ,レチスパ 頭皮用美容液,1,2500,2026-04,2026-05-18 13:44:26
2026-04-30,ロフト,ロフト0336,（不明）,ベルミス スリムレギンス M-L,3,11970,2026-04,2026-05-18 13:44:26
2026-04-30,ロフト,ロフト0336,（不明）,ベルミス スリムレギンス L-LL,1,3990,2026-04,2026-05-18 13:44:26
2026-04-30,ロフト,ロフト0336,（不明）,ベルミス カラープラスBK M,2,9072,2026-04,2026-05-18 13:44:26
2026-04-30,ロフト,ロフト0336,（不明）,ベルミス カラープラスAGY L,1,4536,2026-04,2026-05-18 13:44:26
2026-04-30,ロフト,ロフト0336,ラフドット,ラフドット 薬用ホワイトセラム,1,3236,2026-04,2026-05-18 13:44:26
2026-04-30,ロフト,ロフト0336,ラフドット,ラフドットインティメイトウォッシュ MV,2,7164,2026-04,2026-05-18 13:44:26
2026-04-30,ロフト,ロフト0336,ラフドット,ラフドットインティメイトミスト MV,2,6264,2026-04,2026-05-18 13:44:26
2026-04-30,ロフト,ロフト0336,（不明）,スリムレギンス Premium Lv3,1,5445,2026-04,2026-05-18 13:44:26
2026-04-30,ロフト,ロフト0336,バイワンシー,バイワンシー ヒートケア・トリートメント,1,2700,2026-04,2026-05-18 13:44:26
2026-04-30,ロフト,ロフト0336,バイワンシー,バイワンシー スムース・リペアエッセンス,2,5400,2026-04,2026-05-18 13:44:26
2026-04-30,ロフト,ロフト0336,バイワンシー,バイワンシー スムースリペアESサシェ,9,2430,2026-04,2026-05-18 13:44:26
2026-04-30,ロフト,ロフト0336,バイワンシー,バイワンシー SP&TRサシェ,17,4590,2026-04,2026-05-18 13:44:26
2026-04-30,ロフト,ロフト0336,（不明）,ヒノキフットピーリングマスク,2,1440,2026-04,2026-05-18 13:44:26
2026-04-30,ロフト,ロフト0336,（不明）,フットピーリングダブルエッセンスマスク,2,1500,2026-04,2026-05-18 13:44:26
2026-04-30,ロフト,ロフト0336,（不明）,かかとソフトパッチ,1,750,2026-04,2026-05-18 13:44:26
2026-04-30,ロフト,ロフト0337,（不明）,イオ シャンプー リラックスメント200,1,1600,2026-04,2026-05-18 13:44:26
2026-04-30,ロフト,ロフト0337,（不明）,イオセラム シャンプー 200,2,4000,2026-04,2026-05-18 13:44:26
2026-04-30,ロフト,ロフト0337,（不明）,トリエ スプレー10 170,7,11200,2026-04,2026-05-18 13:44:26
2026-04-30,ロフト,ロフト0337,ラフドット,ラフドットインティメイトウォッシュ SB,7,25074,2026-04,2026-05-18 13:44:26
2026-04-30,ロフト,ロフト0337,ラフドット,ラフドットインティメイトウォッシュ PM,1,3582,2026-04,2026-05-18 13:44:26
2026-04-30,ロフト,ロフト0337,（不明）,ラフインティメイトフレッシュミスト PM,2,6264,2026-04,2026-05-18 13:44:26
2026-04-30,ロフト,ロフト0337,レチスパ,レチスパ クリームシャンプー,1,3200,2026-04,2026-05-18 13:44:26
2026-04-30,ロフト,ロフト0337,レチスパ,レチスパ クリームシャンプーサシェ,9,1800,2026-04,2026-05-18 13:44:26
2026-04-30,ロフト,ロフト0337,レチスパ,レチスパ 頭皮用美容液,1,2500,2026-04,2026-05-18 13:44:26
2026-04-30,ロフト,ロフト0337,（不明）,ベルミス スリムレギンス M-L,1,3990,2026-04,2026-05-18 13:44:26
2026-04-30,ロフト,ロフト0337,（不明）,ベルミス カラープラスBK M,1,4536,2026-04,2026-05-18 13:44:26
2026-04-30,ロフト,ロフト0337,ラフドット,ラフドットインティメイトウォッシュ MV,3,10746,2026-04,2026-05-18 13:44:26
2026-04-30,ロフト,ロフト0337,ラフドット,ラフドットインティメイトミスト MV,2,6264,2026-04,2026-05-18 13:44:26
2026-04-30,ロフト,ロフト0337,（不明）,ベルミス スリムフルレッグ M-L,1,4718,2026-04,2026-05-18 13:44:26
2026-04-30,ロフト,ロフト0337,（不明）,スリムレギンス Premium Lv3,1,5445,2026-04,2026-05-18 13:44:26
2026-04-30,ロフト,ロフト0338,（不明）,イオ シャンプー リラックスメント200,1,1600,2026-04,2026-05-18 13:44:26
2026-04-30,ロフト,ロフト0338,（不明）,ビューティアップナイトブラ ブラックM,1,2980,2026-04,2026-05-18 13:44:26
2026-04-30,ロフト,ロフト0338,ラフドット,ラフドットインティメイトウォッシュ SB,8,28656,2026-04,2026-05-18 13:44:26
2026-04-30,ロフト,ロフト0338,（不明）,ラフインティメイトフレッシュミスト SB,1,3132,2026-04,2026-05-18 13:44:26
2026-04-30,ロフト,ロフト0338,（不明）,ビューティアップナイトブラ BグレーM,1,2980,2026-04,2026-05-18 13:44:26
2026-04-30,ロフト,ロフト0338,（不明）,ビューティアップナイトブラ BグレーL,1,2980,2026-04,2026-05-18 13:44:26
2026-04-30,ロフト,ロフト0338,ラフドット,ラフドットインティメイトウォッシュ PM,11,39402,2026-04,2026-05-18 13:44:26
2026-04-30,ロフト,ロフト0338,（不明）,ラフインティメイトフレッシュミスト PM,2,6264,2026-04,2026-05-18 13:44:26
2026-04-30,ロフト,ロフト0338,ラフドット,ラフドットインティメイトウォッシュ AL,1,3582,2026-04,2026-05-18 13:44:26
2026-04-30,ロフト,ロフト0338,（不明）,ラフインティメイトフレッシュミスト AL,1,3132,2026-04,2026-05-18 13:44:26
2026-04-30,ロフト,ロフト0338,レチスパ,レチスパ クリームシャンプー,2,6400,2026-04,2026-05-18 13:44:26
2026-04-30,ロフト,ロフト0338,レチスパ,レチスパ クリームシャンプーサシェ,3,600,2026-04,2026-05-18 13:44:26
2026-04-30,ロフト,ロフト0338,（不明）,ベルミス スリムレギンス M-L,3,11970,2026-04,2026-05-18 13:44:26
2026-04-30,ロフト,ロフト0338,（不明）,ベルミス スリムレギンス L-LL,3,11970,2026-04,2026-05-18 13:44:26
2026-04-30,ロフト,ロフト0338,（不明）,ベルミス カラープラスBK L,1,4536,2026-04,2026-05-18 13:44:26
2026-04-30,ロフト,ロフト0338,ラフドット,ラフドット 薬用ホワイトセラム,2,6472,2026-04,2026-05-18 13:44:26
2026-04-30,ロフト,ロフト0338,ラフドット,ラフドット ヘアリムーバー,2,6800,2026-04,2026-05-18 13:44:26
2026-04-30,ロフト,ロフト0338,ラフドット,ラフドットインティメイトウォッシュ MV,4,14328,2026-04,2026-05-18 13:44:26
2026-04-30,ロフト,ロフト0338,バイワンシー,バイワンシー モイストブースターホイップ,1,2200,2026-04,2026-05-18 13:44:26
2026-04-30,ロフト,ロフト0338,（不明）,ベルミス スリムフルレッグLーLL,1,4718,2026-04,2026-05-18 13:44:26
2026-04-30,ロフト,ロフト0338,（不明）,リムーブレギンスEB L-LL,1,11182,2026-04,2026-05-18 13:44:26
2026-04-30,ロフト,ロフト0338,（不明）,スリムレギンス Premium Lv2,2,10890,2026-04,2026-05-18 13:44:26
2026-04-30,ロフト,ロフト0338,（不明）,スリムレギンス Premium Lv3,3,16335,2026-04,2026-05-18 13:44:26
2026-04-30,ロフト,ロフト0338,（不明）,スリムフルレッグ クールプラス M-L,1,4718,2026-04,2026-05-18 13:44:26
2026-04-30,ロフト,ロフト0338,（不明）,スリムフルレッグ クールプラス L-LL,1,4718,2026-04,2026-05-18 13:44:26
2026-04-30,ロフト,ロフト0338,バイワンシー,バイワンシー ピュア・アミノシャンプー,1,2700,2026-04,2026-05-18 13:44:26
2026-04-30,ロフト,ロフト0338,バイワンシー,バイワンシー ヒートケア・トリートメント,1,2700,2026-04,2026-05-18 13:44:26
2026-04-30,ロフト,ロフト0338,バイワンシー,バイワンシー スムース・リペアエッセンス,2,5400,2026-04,2026-05-18 13:44:26
2026-04-30,ロフト,ロフト0338,（不明）,ヒノキフットピーリングマスク,1,720,2026-04,2026-05-18 13:44:26
2026-04-30,ロフト,ロフト0338,（不明）,フットピーリングダブルエッセンスマスク,1,750,2026-04,2026-05-18 13:44:26
2026-04-30,ロフト,ロフト0338,（不明）,ティーブレスボディローショングリーン,1,1500,2026-04,2026-05-18 13:44:26
2026-04-30,ロフト,ロフト0338,（不明）,ティーブレスボディローションローズティー,1,1500,2026-04,2026-05-18 13:44:26
2026-04-30,ロフト,ロフト0339,（不明）,イオ クリーム シルキーリペア 200,7,11200,2026-04,2026-05-18 13:44:26
2026-04-30,ロフト,ロフト0339,（不明）,トリエ スプレー10 170,10,16000,2026-04,2026-05-18 13:44:26
2026-04-30,ロフト,ロフト0339,ラフドット,ラフドットインティメイトウォッシュ SB,4,14328,2026-04,2026-05-18 13:44:26
2026-04-30,ロフト,ロフト0339,ラフドット,ラフドットインティメイトウォッシュ PM,7,25074,2026-04,2026-05-18 13:44:26
2026-04-30,ロフト,ロフト0339,（不明）,ラフインティメイトフレッシュミスト PM,3,9396,2026-04,2026-05-18 13:44:26
2026-04-30,ロフト,ロフト0339,ラフドット,ラフドットインティメイトウォッシュ AL,1,3582,2026-04,2026-05-18 13:44:26
2026-04-30,ロフト,ロフト0339,（不明）,ベルミス スリムレギンス M-L,1,3990,2026-04,2026-05-18 13:44:26
2026-04-30,ロフト,ロフト0339,（不明）,ベルミス スリムレギンス L-LL,2,7980,2026-04,2026-05-18 13:44:26
2026-04-30,ロフト,ロフト0339,（不明）,ベルミス カラープラスBK M,1,4536,2026-04,2026-05-18 13:44:26
2026-04-30,ロフト,ロフト0339,（不明）,ベルミス カラープラスBK L,2,9072,2026-04,2026-05-18 13:44:26
2026-04-30,ロフト,ロフト0339,（不明）,ベルミス カラープラスAGY L,4,9072,2026-04,2026-05-18 13:44:26
2026-04-30,ロフト,ロフト0339,ラフドット,ラフドットインティメイトウォッシュ MV,3,10746,2026-04,2026-05-18 13:44:26
2026-04-30,ロフト,ロフト0339,ラフドット,ラフドットインティメイトミスト MV,1,3132,2026-04,2026-05-18 13:44:26
2026-04-30,ロフト,ロフト0339,バイワンシー,バイワンシー モイストブースターホイップ,2,4400,2026-04,2026-05-18 13:44:26
2026-04-30,ロフト,ロフト0339,（不明）,スリムレギンス Premium Lv3,2,10890,2026-04,2026-05-18 13:44:26
2026-04-30,ロフト,ロフト0340,（不明）,イオ シャンプー クリアメント200,2,3200,2026-04,2026-05-18 13:44:26
2026-04-30,ロフト,ロフト0340,（不明）,イオ エッセンス モイスト,1,2000,2026-04,2026-05-18 13:44:26
2026-04-30,ロフト,ロフト0340,（不明）,イオ シャンプー リラックスメント200,7,11200,2026-04,2026-05-18 13:44:26
2026-04-30,ロフト,ロフト0340,ラフドット,ラフドットインティメイトウォッシュ SB,4,14328,2026-04,2026-05-18 13:44:26
2026-04-30,ロフト,ロフト0340,ラフドット,ラフドットインティメイトウォッシュ PM,6,21492,2026-04,2026-05-18 13:44:26
2026-04-30,ロフト,ロフト0340,（不明）,ラフインティメイトフレッシュミスト PM,2,6264,2026-04,2026-05-18 13:44:26
2026-04-30,ロフト,ロフト0340,レチスパ,レチスパ クリームシャンプー,4,12800,2026-04,2026-05-18 13:44:26
2026-04-30,ロフト,ロフト0340,レチスパ,レチスパ クリームシャンプーサシェ,7,1400,2026-04,2026-05-18 13:44:26
2026-04-30,ロフト,ロフト0340,レチスパ,レチスパ ヘアオイル,2,4800,2026-04,2026-05-18 13:44:26
2026-04-30,ロフト,ロフト0340,（不明）,ベルミス カラープラスBK M,1,4536,2026-04,2026-05-18 13:44:26
2026-04-30,ロフト,ロフト0340,（不明）,ベルミス カラープラスAGY M,1,4536,2026-04,2026-05-18 13:44:26
2026-04-30,ロフト,ロフト0340,（不明）,ベルミス カラープラスBK L,3,13608,2026-04,2026-05-18 13:44:26
2026-04-30,ロフト,ロフト0340,ラフドット,ラフドットインティメイトウォッシュ MV,3,10746,2026-04,2026-05-18 13:44:26
2026-04-30,ロフト,ロフト0340,バイワンシー,バイワンシー モイストブースターホイップ,2,4400,2026-04,2026-05-18 13:44:26
2026-04-30,ロフト,ロフト0340,（不明）,ベルミス スリムフルレッグ M-L,1,4718,2026-04,2026-05-18 13:44:26
2026-04-30,ロフト,ロフト0340,（不明）,スリムレギンス Premium Lv3,1,5445,2026-04,2026-05-18 13:44:26
2026-04-30,ロフト,ロフト0340,（不明）,スリムフルレッグ クールプラス M-L,2,9436,2026-04,2026-05-18 13:44:26
2026-04-30,ロフト,ロフト0340,（不明）,スリムフルレッグ クールプラス L-LL,1,4718,2026-04,2026-05-18 13:44:26
2026-04-30,ロフト,ロフト0340,バイワンシー,バイワンシー ピュア・アミノシャンプー,1,2700,2026-04,2026-05-18 13:44:26
2026-04-30,ロフト,ロフト0340,バイワンシー,バイワンシー ヒートケア・トリートメント,2,5400,2026-04,2026-05-18 13:44:26
2026-04-30,ロフト,ロフト0340,バイワンシー,バイワンシー スムース・リペアエッセンス,5,13500,2026-04,2026-05-18 13:44:26
2026-04-30,ロフト,ロフト0340,バイワンシー,バイワンシー SP&TRサシェ,22,5940,2026-04,2026-05-18 13:44:26
2026-04-30,ロフト,ロフト0341,（不明）,イオ シャンプー クリアメント200,3,4800,2026-04,2026-05-18 13:44:26
2026-04-30,ロフト,ロフト0341,（不明）,イオ エッセンス モイスト,2,4000,2026-04,2026-05-18 13:44:26
2026-04-30,ロフト,ロフト0341,（不明）,トリエ スプレー10 170,3,4800,2026-04,2026-05-18 13:44:26
2026-04-30,ロフト,ロフト0341,（不明）,イオ クリーム シルキーリペア 200,5,8000,2026-04,2026-05-18 13:44:26
2026-04-30,ロフト,ロフト0341,（不明）,イオ クリーム メルトリペア 200,3,4800,2026-04,2026-05-18 13:44:26
2026-04-30,ロフト,ロフト0341,（不明）,ルベル ウィズ EP 140,1,1200,2026-04,2026-05-18 13:44:26
2026-04-30,ロフト,ロフト0341,（不明）,トリエ スプレー10 170,1,1600,2026-04,2026-05-18 13:44:26
2026-04-30,ロフト,ロフト0341,ラフドット,ラフドットインティメイトウォッシュ SB,10,35820,2026-04,2026-05-18 13:44:26
2026-04-30,ロフト,ロフト0341,（不明）,ラフインティメイトフレッシュミスト SB,3,9396,2026-04,2026-05-18 13:44:26
2026-04-30,ロフト,ロフト0341,ラフドット,ラフドットインティメイトウォッシュ PM,9,32238,2026-04,2026-05-18 13:44:26
2026-04-30,ロフト,ロフト0341,ラフドット,ラフドットインティメイトウォッシュ AL,2,7164,2026-04,2026-05-18 13:44:26
2026-04-30,ロフト,ロフト0341,（不明）,ラフインティメイトフレッシュミスト AL,1,3132,2026-04,2026-05-18 13:44:26
2026-04-30,ロフト,ロフト0341,レチスパ,レチスパ クリームシャンプー,2,6400,2026-04,2026-05-18 13:44:26
2026-04-30,ロフト,ロフト0341,レチスパ,レチスパ クリームシャンプーサシェ,5,1000,2026-04,2026-05-18 13:44:26
2026-04-30,ロフト,ロフト0341,レチスパ,レチスパ ヘアオイル,1,2400,2026-04,2026-05-18 13:44:26
2026-04-30,ロフト,ロフト0341,レチスパ,レチスパ 頭皮用美容液,1,2500,2026-04,2026-05-18 13:44:26
2026-04-30,ロフト,ロフト0341,（不明）,ベルミス スリムレギンス M-L,3,11970,2026-04,2026-05-18 13:44:26
2026-04-30,ロフト,ロフト0341,（不明）,ベルミス スリムレギンス L-LL,1,3990,2026-04,2026-05-18 13:44:26
2026-04-30,ロフト,ロフト0341,（不明）,ベルミス カラープラスBK M,2,9072,2026-04,2026-05-18 13:44:26
2026-04-30,ロフト,ロフト0341,ラフドット,ラフドット 薬用ホワイトセラム,4,12944,2026-04,2026-05-18 13:44:26
2026-04-30,ロフト,ロフト0341,ラフドット,ラフドットインティメイトウォッシュ MV,1,3582,2026-04,2026-05-18 13:44:26
2026-04-30,ロフト,ロフト0341,バイワンシー,バイワンシー モイストブースターホイップ,2,4400,2026-04,2026-05-18 13:44:26
2026-04-30,ロフト,ロフト0341,（不明）,スリムレギンス Premium Lv3,1,5445,2026-04,2026-05-18 13:44:26
2026-04-30,ロフト,ロフト0341,（不明）,スリムフルレッグ クールプラス M-L,1,4718,2026-04,2026-05-18 13:44:26
2026-04-30,ロフト,ロフト0341,バイワンシー,バイワンシー スムース・リペアエッセンス,4,10800,2026-04,2026-05-18 13:44:26
2026-04-30,ロフト,ロフト0341,（不明）,ekam アドバンスドジェル,1,2709,2026-04,2026-05-18 13:44:26
2026-04-30,ロフト,ロフト0342,（不明）,イオ ディープマスク,2,6000,2026-04,2026-05-18 13:44:26
2026-04-30,ロフト,ロフト0342,（不明）,イオセラム シャンプー 200,6,12000,2026-04,2026-05-18 13:44:26
2026-04-30,ロフト,ロフト0342,（不明）,イオセラム オイル 100,1,2400,2026-04,2026-05-18 13:44:26
2026-04-30,ロフト,ロフト0342,（不明）,ルベル ウィズ EP 140,1,1200,2026-04,2026-05-18 13:44:26
2026-04-30,ロフト,ロフト0342,（不明）,ルベル ウィズ EP 260,1,2200,2026-04,2026-05-18 13:44:26
2026-04-30,ロフト,ロフト0342,（不明）,トリエ スプレー10 170,18,28800,2026-04,2026-05-18 13:44:26
2026-04-30,ロフト,ロフト0342,ラフドット,ラフドットインティメイトウォッシュ SB,1,3582,2026-04,2026-05-18 13:44:26
2026-04-30,ロフト,ロフト0342,（不明）,ラフインティメイトフレッシュミスト SB,2,6264,2026-04,2026-05-18 13:44:26
2026-04-30,ロフト,ロフト0342,ラフドット,ラフドットインティメイトウォッシュ PM,3,10746,2026-04,2026-05-18 13:44:26
2026-04-30,ロフト,ロフト0342,（不明）,ラフインティメイトフレッシュミスト PM,3,9396,2026-04,2026-05-18 13:44:26
2026-04-30,ロフト,ロフト0342,ラフドット,ラフドットインティメイトウォッシュ AL,1,3582,2026-04,2026-05-18 13:44:26
2026-04-30,ロフト,ロフト0342,レチスパ,レチスパ クリームシャンプーサシェ,18,3600,2026-04,2026-05-18 13:44:26
2026-04-30,ロフト,ロフト0342,レチスパ,レチスパ ヘアオイル,1,2400,2026-04,2026-05-18 13:44:26
2026-04-30,ロフト,ロフト0342,（不明）,ベルミス カラープラスBK L,1,4536,2026-04,2026-05-18 13:44:26
2026-04-30,ロフト,ロフト0342,（不明）,ベルミス カラープラスAGY L,1,4536,2026-04,2026-05-18 13:44:26
2026-04-30,ロフト,ロフト0342,ラフドット,ラフドットインティメイトウォッシュ MV,5,17910,2026-04,2026-05-18 13:44:26
2026-04-30,ロフト,ロフト0342,ラフドット,ラフドットインティメイトミスト MV,1,3132,2026-04,2026-05-18 13:44:26
2026-04-30,ロフト,ロフト0342,（不明）,スリムレギンス Premium Lv1,1,5445,2026-04,2026-05-18 13:44:26
2026-04-30,ロフト,ロフト0342,（不明）,スリムレギンス Premium Lv3,1,5445,2026-04,2026-05-18 13:44:26
2026-04-30,ロフト,ロフト0342,（不明）,wolg BBクリーム ナチュラル,3,8127,2026-04,2026-05-18 13:44:26
2026-04-30,ロフト,ロフト0342,（不明）,ekam アドバンスドジェル,2,5418,2026-04,2026-05-18 13:44:26
2026-04-30,ロフト,ロフト0342,（不明）,ekam アドバンスドセラム,1,3164,2026-04,2026-05-18 13:44:26
2026-04-30,ロフト,ロフト0342,（不明）,ekam ホイップ洗顔,2,3600,2026-04,2026-05-18 13:44:26
2026-04-30,ロフト,ロフト0343,（不明）,イオセラム クリーム 200,2,4000,2026-04,2026-05-18 13:44:26
2026-04-30,ロフト,ロフト0343,（不明）,イオ シャンプー リラックスメント200,5,8000,2026-04,2026-05-18 13:44:26
2026-04-30,ロフト,ロフト0343,（不明）,イオ エッセンス モイスト,3,6000,2026-04,2026-05-18 13:44:26
2026-04-30,ロフト,ロフト0343,（不明）,イオ クリーム メルトリペア 200,2,3200,2026-04,2026-05-18 13:44:26
2026-04-30,ロフト,ロフト0343,（不明）,イオセラム シャンプー 200,6,12000,2026-04,2026-05-18 13:44:26
2026-04-30,ロフト,ロフト0343,（不明）,イオセラム クリーム 200,1,2000,2026-04,2026-05-18 13:44:26
2026-04-30,ロフト,ロフト0343,（不明）,イオセラム オイル 100,4,9600,2026-04,2026-05-18 13:44:26
2026-04-30,ロフト,ロフト0343,（不明）,トリエ スプレー10 170,20,32000,2026-04,2026-05-18 13:44:26
2026-04-30,ロフト,ロフト0343,ラフドット,ラフドットインティメイトウォッシュ SB,4,14328,2026-04,2026-05-18 13:44:26
2026-04-30,ロフト,ロフト0343,（不明）,ラフインティメイトフレッシュミスト SB,1,3132,2026-04,2026-05-18 13:44:26
2026-04-30,ロフト,ロフト0343,ラフドット,ラフドットインティメイトウォッシュ PM,6,21492,2026-04,2026-05-18 13:44:26
2026-04-30,ロフト,ロフト0343,（不明）,ラフインティメイトフレッシュミスト PM,3,9396,2026-04,2026-05-18 13:44:26
2026-04-30,ロフト,ロフト0343,ラフドット,ラフドットインティメイトウォッシュ AL,1,3582,2026-04,2026-05-18 13:44:26
2026-04-30,ロフト,ロフト0343,レチスパ,レチスパ クリームシャンプー,1,3200,2026-04,2026-05-18 13:44:26
2026-04-30,ロフト,ロフト0343,レチスパ,レチスパ クリームシャンプーサシェ,10,2000,2026-04,2026-05-18 13:44:26
2026-04-30,ロフト,ロフト0343,レチスパ,レチスパ ヘアオイル,1,2400,2026-04,2026-05-18 13:44:26
2026-04-30,ロフト,ロフト0343,レチスパ,レチスパ 頭皮用美容液,2,5000,2026-04,2026-05-18 13:44:26
2026-04-30,ロフト,ロフト0343,（不明）,ベルミス カラープラスBK M,1,4536,2026-04,2026-05-18 13:44:26
2026-04-30,ロフト,ロフト0343,（不明）,ベルミス カラープラスAGY M,1,4536,2026-04,2026-05-18 13:44:26
2026-04-30,ロフト,ロフト0343,（不明）,ベルミス カラープラスAGY L,1,4536,2026-04,2026-05-18 13:44:26
2026-04-30,ロフト,ロフト0343,ラフドット,ラフドットインティメイトウォッシュ MV,1,3582,2026-04,2026-05-18 13:44:26
2026-04-30,ロフト,ロフト0343,ラフドット,ラフドットインティメイトミスト MV,1,3132,2026-04,2026-05-18 13:44:26
2026-04-30,ロフト,ロフト0343,（不明）,スリムレギンス Premium Lv3,2,10890,2026-04,2026-05-18 13:44:26
2026-04-30,ロフト,ロフト0343,（不明）,wolg BBクリーム ナチュラル,2,5418,2026-04,2026-05-18 13:44:26
2026-04-30,ロフト,ロフト0343,（不明）,ekam アドバンスドセラム,1,3164,2026-04,2026-05-18 13:44:26
2026-04-30,ロフト,ロフト0344,（不明）,イオ シャンプー リラックスメント200,1,1600,2026-04,2026-05-18 13:44:26
2026-04-30,ロフト,ロフト0344,（不明）,イオ エッセンス スリーク,6,12000,2026-04,2026-05-18 13:44:26
2026-04-30,ロフト,ロフト0344,（不明）,イオ クリーム シルキーリペア 200,1,1600,2026-04,2026-05-18 13:44:26
2026-04-30,ロフト,ロフト0344,（不明）,イオセラム シャンプー 200,4,8000,2026-04,2026-05-18 13:44:26
2026-04-30,ロフト,ロフト0344,（不明）,イオセラム クリーム 200,1,2000,2026-04,2026-05-18 13:44:26
2026-04-30,ロフト,ロフト0344,（不明）,イオセラム オイル 100,3,7200,2026-04,2026-05-18 13:44:26
2026-04-30,ロフト,ロフト0344,ラフドット,ラフドットインティメイトウォッシュ SB,2,7164,2026-04,2026-05-18 13:44:26
2026-04-30,ロフト,ロフト0344,（不明）,ラフインティメイトフレッシュミスト SB,1,3132,2026-04,2026-05-18 13:44:26
2026-04-30,ロフト,ロフト0344,ラフドット,ラフドットインティメイトウォッシュ PM,10,35820,2026-04,2026-05-18 13:44:26
2026-04-30,ロフト,ロフト0344,（不明）,ラフインティメイトフレッシュミスト PM,2,6264,2026-04,2026-05-18 13:44:26
2026-04-30,ロフト,ロフト0344,（不明）,ベルミス カラープラスBK L,1,4536,2026-04,2026-05-18 13:44:26
2026-04-30,ロフト,ロフト0344,ラフドット,ラフドット 薬用ホワイトセラム,2,6472,2026-04,2026-05-18 13:44:26
2026-04-30,ロフト,ロフト0344,ラフドット,ラフドットインティメイトウォッシュ MV,4,14328,2026-04,2026-05-18 13:44:26
2026-04-30,ロフト,ロフト0344,ラフドット,ラフドットインティメイトミスト MV,1,3132,2026-04,2026-05-18 13:44:26
2026-04-30,ロフト,ロフト0344,バイワンシー,バイワンシー モイストブースターホイップ,5,11000,2026-04,2026-05-18 13:44:26
2026-04-30,ロフト,ロフト0344,（不明）,ベルミス スリムフルレッグLーLL,2,9436,2026-04,2026-05-18 13:44:26
2026-04-30,ロフト,ロフト0344,（不明）,スリムレギンス Premium Lv2,1,5445,2026-04,2026-05-18 13:44:26
2026-04-30,ロフト,ロフト0345,（不明）,イオ エッセンス フォルティ,1,2000,2026-04,2026-05-18 13:44:26
2026-04-30,ロフト,ロフト0345,（不明）,イオ エッセンス モイスト,3,6000,2026-04,2026-05-18 13:44:26
2026-04-30,ロフト,ロフト0345,（不明）,イオ クリーム シルキーリペア 200,4,6400,2026-04,2026-05-18 13:44:26
2026-04-30,ロフト,ロフト0345,（不明）,イオセラム シャンプー 200,2,4000,2026-04,2026-05-18 13:44:26
2026-04-30,ロフト,ロフト0345,（不明）,イオセラム マスク 170,1,3200,2026-04,2026-05-18 13:44:26
2026-04-30,ロフト,ロフト0345,（不明）,トリエ スプレー10 170,4,6400,2026-04,2026-05-18 13:44:26
2026-04-30,ロフト,ロフト0345,ラフドット,ラフドットインティメイトウォッシュ SB,10,35820,2026-04,2026-05-18 13:44:26
2026-04-30,ロフト,ロフト0345,（不明）,ラフインティメイトフレッシュミスト SB,2,6264,2026-04,2026-05-18 13:44:26
2026-04-30,ロフト,ロフト0345,ラフドット,ラフドットインティメイトウォッシュ PM,12,42984,2026-04,2026-05-18 13:44:26
2026-04-30,ロフト,ロフト0345,（不明）,ラフインティメイトフレッシュミスト PM,5,15660,2026-04,2026-05-18 13:44:26
2026-04-30,ロフト,ロフト0345,ラフドット,ラフドットインティメイトウォッシュ AL,4,14328,2026-04,2026-05-18 13:44:26
2026-04-30,ロフト,ロフト0345,レチスパ,レチスパ クリームシャンプー,1,3200,2026-04,2026-05-18 13:44:26
2026-04-30,ロフト,ロフト0345,レチスパ,レチスパ クリームシャンプーサシェ,2,400,2026-04,2026-05-18 13:44:26
2026-04-30,ロフト,ロフト0345,レチスパ,レチスパ クリームシャンプー詰替,2,6200,2026-04,2026-05-18 13:44:26
2026-04-30,ロフト,ロフト0345,レチスパ,レチスパ 頭皮用美容液,1,2500,2026-04,2026-05-18 13:44:26
2026-04-30,ロフト,ロフト0345,（不明）,ベルミス カラープラスBK L,3,13608,2026-04,2026-05-18 13:44:26
2026-04-30,ロフト,ロフト0345,（不明）,ベルミス カラープラスAGY L,3,13608,2026-04,2026-05-18 13:44:26
2026-04-30,ロフト,ロフト0345,ラフドット,ラフドット 薬用ホワイトセラム,1,3236,2026-04,2026-05-18 13:44:26
2026-04-30,ロフト,ロフト0345,ラフドット,ラフドットインティメイトウォッシュ MV,2,7164,2026-04,2026-05-18 13:44:26
2026-04-30,ロフト,ロフト0345,バイワンシー,バイワンシー モイストブースターホイップ,1,2200,2026-04,2026-05-18 13:44:26
2026-04-30,ロフト,ロフト0345,（不明）,ベルミス スリムフルレッグ M-L,2,9436,2026-04,2026-05-18 13:44:26
2026-04-30,ロフト,ロフト0345,（不明）,リムーブレギンスEB L-LL,2,22364,2026-04,2026-05-18 13:44:26
2026-04-30,ロフト,ロフト0345,（不明）,スリムレギンス Premium Lv2,1,5445,2026-04,2026-05-18 13:44:26
2026-04-30,ロフト,ロフト0345,（不明）,スリムレギンス Premium Lv3,2,10890,2026-04,2026-05-18 13:44:26
2026-04-30,ロフト,ロフト0345,（不明）,スリムフルレッグ クールプラス M-L,3,14154,2026-04,2026-05-18 13:44:26
2026-04-30,ロフト,ロフト0345,（不明）,スリムフルレッグ クールプラス L-LL,1,4718,2026-04,2026-05-18 13:44:26
2026-04-30,ロフト,ロフト0345,（不明）,ekam アドバンスドジェル,3,8127,2026-04,2026-05-18 13:44:26
2026-04-30,ロフト,ロフト0345,（不明）,ekam ホイップ洗顔,1,1800,2026-04,2026-05-18 13:44:26
2026-04-30,ロフト,ロフト0345,（不明）,ティーブレスボディローショングリーン,1,1500,2026-04,2026-05-18 13:44:26
2026-04-30,ロフト,ロフト0346,（不明）,イオ クリーム メルトリペア 200,1,1600,2026-04,2026-05-18 13:44:26
2026-04-30,ロフト,ロフト0346,（不明）,イオセラム オイル 100,2,4800,2026-04,2026-05-18 13:44:26
2026-04-30,ロフト,ロフト0346,（不明）,ビューティアップナイトブラ ブラックM,1,2980,2026-04,2026-05-18 13:44:26
2026-04-30,ロフト,ロフト0346,（不明）,ビューティアップナイトブラ ブラックL,3,8940,2026-04,2026-05-18 13:44:26
2026-04-30,ロフト,ロフト0346,ラフドット,ラフドットインティメイトウォッシュ SB,7,25074,2026-04,2026-05-18 13:44:26
2026-04-30,ロフト,ロフト0346,（不明）,ラフインティメイトフレッシュミスト SB,3,9396,2026-04,2026-05-18 13:44:26
2026-04-30,ロフト,ロフト0346,（不明）,ビューティアップナイトブラ BグレーL,1,2980,2026-04,2026-05-18 13:44:26
2026-04-30,ロフト,ロフト0346,ラフドット,ラフドットインティメイトウォッシュ PM,9,32238,2026-04,2026-05-18 13:44:26
2026-04-30,ロフト,ロフト0346,（不明）,ラフインティメイトフレッシュミスト PM,1,3132,2026-04,2026-05-18 13:44:26
2026-04-30,ロフト,ロフト0346,レチスパ,レチスパ クリームシャンプー,1,3200,2026-04,2026-05-18 13:44:26
2026-04-30,ロフト,ロフト0346,レチスパ,レチスパ クリームシャンプーサシェ,10,2000,2026-04,2026-05-18 13:44:26
2026-04-30,ロフト,ロフト0346,レチスパ,レチスパ ヘアオイル,2,4800,2026-04,2026-05-18 13:44:26
2026-04-30,ロフト,ロフト0346,レチスパ,レチスパ 頭皮用美容液,3,7500,2026-04,2026-05-18 13:44:26
2026-04-30,ロフト,ロフト0346,（不明）,ベルミス スリムレギンス L-LL,3,11970,2026-04,2026-05-18 13:44:26
2026-04-30,ロフト,ロフト0346,（不明）,ベルミス カラープラスBK M,1,4536,2026-04,2026-05-18 13:44:26
2026-04-30,ロフト,ロフト0346,（不明）,ベルミス カラープラスAGY M,1,4536,2026-04,2026-05-18 13:44:26
2026-04-30,ロフト,ロフト0346,ラフドット,ラフドット 薬用ホワイトセラム,2,6472,2026-04,2026-05-18 13:44:26
2026-04-30,ロフト,ロフト0346,ラフドット,ラフドット ヘアリムーバー,1,3400,2026-04,2026-05-18 13:44:26
2026-04-30,ロフト,ロフト0346,ラフドット,ラフドットインティメイトウォッシュ MV,4,14328,2026-04,2026-05-18 13:44:26
2026-04-30,ロフト,ロフト0346,バイワンシー,バイワンシー モイストブースターホイップ,1,2200,2026-04,2026-05-18 13:44:26
2026-04-30,ロフト,ロフト0346,（不明）,スリムレギンス Premium Lv1,1,5445,2026-04,2026-05-18 13:44:26
2026-04-30,ロフト,ロフト0346,（不明）,スリムレギンス Premium Lv3,2,10890,2026-04,2026-05-18 13:44:26
2026-04-30,ロフト,ロフト0346,（不明）,スリムフルレッグ クールプラス L-LL,2,9436,2026-04,2026-05-18 13:44:26
2026-04-30,ロフト,ロフト0346,バイワンシー,バイワンシー ピュア・アミノシャンプー,1,2700,2026-04,2026-05-18 13:44:26
2026-04-30,ロフト,ロフト0346,バイワンシー,バイワンシー ヒートケア・トリートメント,1,2700,2026-04,2026-05-18 13:44:26
2026-04-30,ロフト,ロフト0346,バイワンシー,バイワンシー スムース・リペアエッセンス,1,2700,2026-04,2026-05-18 13:44:26
2026-04-30,ロフト,ロフト0347,（不明）,イオ エッセンス モイスト,1,2000,2026-04,2026-05-18 13:44:26
2026-04-30,ロフト,ロフト0347,（不明）,イオセラム オイル 100,2,4800,2026-04,2026-05-18 13:44:26
2026-04-30,ロフト,ロフト0347,（不明）,イオ クリーム メルトリペア 200,2,3200,2026-04,2026-05-18 13:44:26
2026-04-30,ロフト,ロフト0347,（不明）,ビューティアップナイトブラ ブラックM,1,2980,2026-04,2026-05-18 13:44:26
2026-04-30,ロフト,ロフト0347,（不明）,ビューティアップナイトブラ ブラックL,2,5960,2026-04,2026-05-18 13:44:26
2026-04-30,ロフト,ロフト0347,ラフドット,ラフドットインティメイトウォッシュ SB,11,39402,2026-04,2026-05-18 13:44:26
2026-04-30,ロフト,ロフト0347,（不明）,ラフインティメイトフレッシュミスト SB,2,6264,2026-04,2026-05-18 13:44:26
2026-04-30,ロフト,ロフト0347,（不明）,ビューティアップナイトブラ BグレーM,1,2980,2026-04,2026-05-18 13:44:26
2026-04-30,ロフト,ロフト0347,（不明）,ビューティアップナイトブラ BグレーL,1,2980,2026-04,2026-05-18 13:44:26
2026-04-30,ロフト,ロフト0347,ラフドット,ラフドットインティメイトウォッシュ PM,12,42984,2026-04,2026-05-18 13:44:26
2026-04-30,ロフト,ロフト0347,（不明）,ラフインティメイトフレッシュミスト PM,2,6264,2026-04,2026-05-18 13:44:26
2026-04-30,ロフト,ロフト0347,レチスパ,レチスパ クリームシャンプー,3,9600,2026-04,2026-05-18 13:44:26
2026-04-30,ロフト,ロフト0347,レチスパ,レチスパ クリームシャンプーサシェ,13,2600,2026-04,2026-05-18 13:44:26
2026-04-30,ロフト,ロフト0347,レチスパ,レチスパ ヘアオイル,2,4800,2026-04,2026-05-18 13:44:26
2026-04-30,ロフト,ロフト0347,（不明）,ベルミス スリムレギンス M-L,5,19950,2026-04,2026-05-18 13:44:26
2026-04-30,ロフト,ロフト0347,（不明）,ベルミス カラープラスBK M,3,13608,2026-04,2026-05-18 13:44:26
2026-04-30,ロフト,ロフト0347,（不明）,ベルミス カラープラスAGY M,1,4536,2026-04,2026-05-18 13:44:26
2026-04-30,ロフト,ロフト0347,（不明）,ベルミス カラープラスBK L,1,4536,2026-04,2026-05-18 13:44:26
2026-04-30,ロフト,ロフト0347,ラフドット,ラフドット 薬用ホワイトセラム,9,29124,2026-04,2026-05-18 13:44:26
2026-04-30,ロフト,ロフト0347,ラフドット,ラフドット ヘアリムーバー,2,6800,2026-04,2026-05-18 13:44:26
2026-04-30,ロフト,ロフト0347,ラフドット,ラフドットインティメイトウォッシュ MV,11,39402,2026-04,2026-05-18 13:44:26
2026-04-30,ロフト,ロフト0347,ラフドット,ラフドットインティメイトミスト MV,2,6264,2026-04,2026-05-18 13:44:26
2026-04-30,ロフト,ロフト0347,バイワンシー,バイワンシー モイストブースターホイップ,1,2200,2026-04,2026-05-18 13:44:26
2026-04-30,ロフト,ロフト0347,（不明）,ベルミス スリムフルレッグLーLL,2,9436,2026-04,2026-05-18 13:44:26
2026-04-30,ロフト,ロフト0347,（不明）,スリムレギンス Premium Lv1,1,5445,2026-04,2026-05-18 13:44:26
2026-04-30,ロフト,ロフト0347,バイワンシー,バイワンシー スムース・リペアエッセンス,3,8100,2026-04,2026-05-18 13:44:26
2026-04-30,ロフト,ロフト0347,（不明）,ekam アドバンスドジェル,1,2709,2026-04,2026-05-18 13:44:26
2026-04-30,ロフト,ロフト0347,（不明）,ekam ホイップ洗顔,1,1800,2026-04,2026-05-18 13:44:26
2026-04-30,ロフト,ロフト0347,（不明）,ティーブレスボディローショングリーン,1,1500,2026-04,2026-05-18 13:44:26
2026-04-30,ロフト,ロフト0348,（不明）,イオ シャンプー クリアメント200,3,4800,2026-04,2026-05-18 13:44:26
2026-04-30,ロフト,ロフト0348,（不明）,イオ シャンプー リラックスメント200,2,3200,2026-04,2026-05-18 13:44:26
2026-04-30,ロフト,ロフト0348,（不明）,イオセラム クリーム 200,1,2000,2026-04,2026-05-18 13:44:26
2026-04-30,ロフト,ロフト0348,（不明）,イオセラム オイル 100,2,4800,2026-04,2026-05-18 13:44:26
2026-04-30,ロフト,ロフト0348,（不明）,ルベル ウィズ CY 240,1,1400,2026-04,2026-05-18 13:44:26
2026-04-30,ロフト,ロフト0348,（不明）,トリエ スプレー10 170,2,3200,2026-04,2026-05-18 13:44:26
2026-04-30,ロフト,ロフト0348,（不明）,ビューティアップナイトブラ ブラックM,2,5960,2026-04,2026-05-18 13:44:26
2026-04-30,ロフト,ロフト0348,ラフドット,ラフドットインティメイトウォッシュ SB,13,46566,2026-04,2026-05-18 13:44:26
2026-04-30,ロフト,ロフト0348,（不明）,ビューティアップナイトブラ BグレーM,1,2980,2026-04,2026-05-18 13:44:26
2026-04-30,ロフト,ロフト0348,（不明）,ビューティアップナイトブラ BグレーL,1,2980,2026-04,2026-05-18 13:44:26
2026-04-30,ロフト,ロフト0348,ラフドット,ラフドットインティメイトウォッシュ PM,11,39402,2026-04,2026-05-18 13:44:26
2026-04-30,ロフト,ロフト0348,（不明）,ラフインティメイトフレッシュミスト PM,2,6264,2026-04,2026-05-18 13:44:26
2026-04-30,ロフト,ロフト0348,レチスパ,レチスパ クリームシャンプーサシェ,13,2600,2026-04,2026-05-18 13:44:26
2026-04-30,ロフト,ロフト0348,レチスパ,レチスパ 頭皮用美容液,4,10000,2026-04,2026-05-18 13:44:26
2026-04-30,ロフト,ロフト0348,（不明）,ベルミス スリムレギンス M-L,1,3990,2026-04,2026-05-18 13:44:26
2026-04-30,ロフト,ロフト0348,（不明）,ベルミス カラープラスBK M,2,9072,2026-04,2026-05-18 13:44:26
2026-04-30,ロフト,ロフト0348,（不明）,ベルミス カラープラスBK L,1,4536,2026-04,2026-05-18 13:44:26
2026-04-30,ロフト,ロフト0348,（不明）,ベルミス カラープラスAGY L,1,4536,2026-04,2026-05-18 13:44:26
2026-04-30,ロフト,ロフト0348,ラフドット,ラフドットインティメイトウォッシュ MV,3,10746,2026-04,2026-05-18 13:44:26
2026-04-30,ロフト,ロフト0348,バイワンシー,バイワンシー モイストブースターホイップ,3,6600,2026-04,2026-05-18 13:44:26
2026-04-30,ロフト,ロフト0348,（不明）,スリムレギンス Premium Lv1,1,5445,2026-04,2026-05-18 13:44:26
2026-04-30,ロフト,ロフト0348,（不明）,スリムフルレッグ クールプラス M-L,1,4718,2026-04,2026-05-18 13:44:26
2026-04-30,ロフト,ロフト0348,（不明）,ekam アドバンスドジェル,2,5418,2026-04,2026-05-18 13:44:26
2026-04-30,ロフト,ロフト0348,（不明）,ekam アドバンスドセラム,1,3164,2026-04,2026-05-18 13:44:26
2026-04-30,ロフト,ロフト0348,（不明）,VイフェクトFCポアタイトアンプル,1,2700,2026-04,2026-05-18 13:44:26
2026-04-30,ロフト,ロフト0348,（不明）,VイフェクトFCポアベルベットクリーム,1,2980,2026-04,2026-05-18 13:44:26
2026-04-30,ロフト,ロフト0348,（不明）,Vイフェクト青麦LHAクレンジングジェル,1,2100,2026-04,2026-05-18 13:44:26
2026-04-30,ロフト,ロフト0349,（不明）,イオセラム シャンプー 200,1,2000,2026-04,2026-05-18 13:44:26
2026-04-30,ロフト,ロフト0349,（不明）,イオ シャンプー クリアメント200,1,1600,2026-04,2026-05-18 13:44:26
2026-04-30,ロフト,ロフト0349,（不明）,イオ エッセンス スリーク,1,2000,2026-04,2026-05-18 13:44:26
2026-04-30,ロフト,ロフト0349,（不明）,イオセラム オイル 100,1,2400,2026-04,2026-05-18 13:44:26
2026-04-30,ロフト,ロフト0349,ラフドット,ラフドットインティメイトウォッシュ SB,1,3582,2026-04,2026-05-18 13:44:26
2026-04-30,ロフト,ロフト0349,ラフドット,ラフドットインティメイトウォッシュ PM,4,14328,2026-04,2026-05-18 13:44:26
2026-04-30,ロフト,ロフト0349,（不明）,ラフインティメイトフレッシュミスト PM,1,3132,2026-04,2026-05-18 13:44:26
2026-04-30,ロフト,ロフト0349,レチスパ,レチスパ クリームシャンプー,4,12800,2026-04,2026-05-18 13:44:26
2026-04-30,ロフト,ロフト0349,レチスパ,レチスパ クリームシャンプーサシェ,14,2800,2026-04,2026-05-18 13:44:26
2026-04-30,ロフト,ロフト0349,レチスパ,レチスパ 頭皮用美容液,3,7500,2026-04,2026-05-18 13:44:26
2026-04-30,ロフト,ロフト0349,（不明）,ベルミス スリムレギンス M-L,1,3990,2026-04,2026-05-18 13:44:26
2026-04-30,ロフト,ロフト0349,ラフドット,ラフドットインティメイトウォッシュ MV,3,10746,2026-04,2026-05-18 13:44:26
2026-04-30,ロフト,ロフト0349,ラフドット,ラフドットインティメイトミスト MV,2,6264,2026-04,2026-05-18 13:44:26
2026-04-30,ロフト,ロフト0349,（不明）,laugh.ギフトBOX,1,3582,2026-04,2026-05-18 13:44:26
2026-04-30,ロフト,ロフト0349,（不明）,ベルミス スリムフルレッグ M-L,1,4718,2026-04,2026-05-18 13:44:26
2026-04-30,ロフト,ロフト0349,（不明）,スリムレギンス Premium Lv2,1,5445,2026-04,2026-05-18 13:44:26
2026-04-30,ロフト,ロフト0350,（不明）,イオセラム シャンプー 200,1,2000,2026-04,2026-05-18 13:44:26
2026-04-30,ロフト,ロフト0350,（不明）,イオセラム クリーム 200,3,6000,2026-04,2026-05-18 13:44:26
2026-04-30,ロフト,ロフト0350,（不明）,イオセラム オイル 100,1,2400,2026-04,2026-05-18 13:44:26
2026-04-30,ロフト,ロフト0350,（不明）,イオ クリーム メルトリペア 200,2,3200,2026-04,2026-05-18 13:44:26
2026-04-30,ロフト,ロフト0350,（不明）,ルベル ウィズ RP 140,1,1000,2026-04,2026-05-18 13:44:26
2026-04-30,ロフト,ロフト0350,（不明）,ビューティアップナイトブラ ブラックL,2,5960,2026-04,2026-05-18 13:44:26
2026-04-30,ロフト,ロフト0350,ラフドット,ラフドットインティメイトウォッシュ SB,9,32238,2026-04,2026-05-18 13:44:26
2026-04-30,ロフト,ロフト0350,（不明）,ラフインティメイトフレッシュミスト SB,1,3132,2026-04,2026-05-18 13:44:26
2026-04-30,ロフト,ロフト0350,ラフドット,ラフドットインティメイトウォッシュ PM,4,14328,2026-04,2026-05-18 13:44:26
2026-04-30,ロフト,ロフト0350,（不明）,ラフインティメイトフレッシュミスト PM,2,6264,2026-04,2026-05-18 13:44:26
2026-04-30,ロフト,ロフト0350,ラフドット,ラフドットインティメイトウォッシュ AL,3,10746,2026-04,2026-05-18 13:44:26
2026-04-30,ロフト,ロフト0350,（不明）,ラフインティメイトフレッシュミスト AL,1,3132,2026-04,2026-05-18 13:44:26
2026-04-30,ロフト,ロフト0350,レチスパ,レチスパ クリームシャンプーサシェ,11,2200,2026-04,2026-05-18 13:44:26
2026-04-30,ロフト,ロフト0350,（不明）,ベルミス カラープラスBK M,1,4536,2026-04,2026-05-18 13:44:26
2026-04-30,ロフト,ロフト0350,ラフドット,ラフドット 薬用ホワイトセラム,1,3236,2026-04,2026-05-18 13:44:26
2026-04-30,ロフト,ロフト0350,ラフドット,ラフドット ヘアリムーバー,1,3400,2026-04,2026-05-18 13:44:26
2026-04-30,ロフト,ロフト0350,ラフドット,ラフドットインティメイトウォッシュ MV,4,14328,2026-04,2026-05-18 13:44:26
2026-04-30,ロフト,ロフト0350,ラフドット,ラフドットインティメイトミスト MV,1,3132,2026-04,2026-05-18 13:44:26
2026-04-30,ロフト,ロフト0350,（不明）,スリムレギンス Premium Lv2,1,5445,2026-04,2026-05-18 13:44:26
2026-04-30,ロフト,ロフト0350,（不明）,スリムレギンス Premium Lv3,1,5445,2026-04,2026-05-18 13:44:26
2026-04-30,ロフト,ロフト0350,（不明）,スリムフルレッグ クールプラス M-L,1,4718,2026-04,2026-05-18 13:44:26
2026-04-30,ロフト,ロフト0350,バイワンシー,バイワンシー ピュア・アミノシャンプー,3,8100,2026-04,2026-05-18 13:44:26
2026-04-30,ロフト,ロフト0350,バイワンシー,バイワンシー スムース・リペアエッセンス,3,8100,2026-04,2026-05-18 13:44:26
2026-04-30,ロフト,ロフト0350,バイワンシー,バイワンシー スムースリペアESサシェ,8,2160,2026-04,2026-05-18 13:44:26
2026-04-30,ロフト,ロフト0350,（不明）,ekam アドバンスドジェル,1,2709,2026-04,2026-05-18 13:44:26
2026-04-30,ロフト,ロフト0350,（不明）,ヒノキフットピーリングマスク,4,2880,2026-04,2026-05-18 13:44:26
2026-04-30,ロフト,ロフト0350,（不明）,フットピーリングダブルエッセンスマスク,6,4500,2026-04,2026-05-18 13:44:26
2026-04-30,ロフト,ロフト0350,（不明）,かかと集中ピーリングマスク,1,580,2026-04,2026-05-18 13:44:26
2026-04-30,ロフト,ロフト0350,（不明）,かかとソフトパッチ,3,2250,2026-04,2026-05-18 13:44:26
2026-04-30,ロフト,ロフト0352,（不明）,ルベル ウィズ JO 240,1,1000,2026-04,2026-05-18 13:44:26
2026-04-30,ロフト,ロフト0352,（不明）,イオ エッセンス スリーク,1,2000,2026-04,2026-05-18 13:44:26
2026-04-30,ロフト,ロフト0352,（不明）,イオセラム シャンプー 200,2,4000,2026-04,2026-05-18 13:44:26
2026-04-30,ロフト,ロフト0352,（不明）,イオセラム オイル 100,1,2400,2026-04,2026-05-18 13:44:26
2026-04-30,ロフト,ロフト0352,（不明）,トリエ スプレー10 170,2,3200,2026-04,2026-05-18 13:44:26
2026-04-30,ロフト,ロフト0352,ラフドット,ラフドットインティメイトウォッシュ SB,10,35820,2026-04,2026-05-18 13:44:26
2026-04-30,ロフト,ロフト0352,ラフドット,ラフドットインティメイトウォッシュ PM,8,28656,2026-04,2026-05-18 13:44:26
2026-04-30,ロフト,ロフト0352,ラフドット,ラフドットインティメイトウォッシュ AL,2,7164,2026-04,2026-05-18 13:44:26
2026-04-30,ロフト,ロフト0352,レチスパ,レチスパ クリームシャンプー,1,3200,2026-04,2026-05-18 13:44:26
2026-04-30,ロフト,ロフト0352,レチスパ,レチスパ クリームシャンプーサシェ,7,1400,2026-04,2026-05-18 13:44:26
2026-04-30,ロフト,ロフト0352,レチスパ,レチスパ 頭皮用美容液,1,2500,2026-04,2026-05-18 13:44:26
2026-04-30,ロフト,ロフト0352,（不明）,ベルミス スリムレギンス L-LL,2,7980,2026-04,2026-05-18 13:44:26
2026-04-30,ロフト,ロフト0352,（不明）,ベルミス カラープラスAGY M,1,4536,2026-04,2026-05-18 13:44:26
2026-04-30,ロフト,ロフト0352,ラフドット,ラフドット 薬用ホワイトセラム,1,3236,2026-04,2026-05-18 13:44:26
2026-04-30,ロフト,ロフト0352,ラフドット,ラフドットインティメイトウォッシュ MV,5,17910,2026-04,2026-05-18 13:44:26
2026-04-30,ロフト,ロフト0352,ラフドット,ラフドットインティメイトミスト MV,1,3132,2026-04,2026-05-18 13:44:26
2026-04-30,ロフト,ロフト0352,バイワンシー,バイワンシー モイストブースターホイップ,4,8800,2026-04,2026-05-18 13:44:26
2026-04-30,ロフト,ロフト0352,（不明）,ベルミス スリムフルレッグ M-L,2,9436,2026-04,2026-05-18 13:44:26
2026-04-30,ロフト,ロフト0352,（不明）,スリムレギンス Premium Lv1,1,5445,2026-04,2026-05-18 13:44:26
2026-04-30,ロフト,ロフト0352,（不明）,スリムレギンス Premium Lv3,3,16335,2026-04,2026-05-18 13:44:26
2026-04-30,ロフト,ロフト0352,（不明）,スリムフルレッグ クールプラス M-L,2,9436,2026-04,2026-05-18 13:44:26
2026-04-30,ロフト,ロフト0352,（不明）,スリムフルレッグ クールプラス L-LL,2,9436,2026-04,2026-05-18 13:44:26
2026-04-30,ロフト,ロフト0353,（不明）,イオ シャンプー リラックスメント200,1,1600,2026-04,2026-05-18 13:44:26
2026-04-30,ロフト,ロフト0353,（不明）,ルベル ウィズ MG 240,2,2000,2026-04,2026-05-18 13:44:26
2026-04-30,ロフト,ロフト0353,（不明）,ルベル ウィズ JO 240,1,1000,2026-04,2026-05-18 13:44:26
2026-04-30,ロフト,ロフト0353,（不明）,ルベル ウィズ RP 140,3,3000,2026-04,2026-05-18 13:44:26
2026-04-30,ロフト,ロフト0353,（不明）,イオ シャンプー クリアメント200,2,3200,2026-04,2026-05-18 13:44:26
2026-04-30,ロフト,ロフト0353,（不明）,イオ エッセンス モイスト,1,2000,2026-04,2026-05-18 13:44:26
2026-04-30,ロフト,ロフト0353,（不明）,イオ クリーム シルキーリペア 200,9,14400,2026-04,2026-05-18 13:44:26
2026-04-30,ロフト,ロフト0353,（不明）,イオ クリーム メルトリペア 200,3,4800,2026-04,2026-05-18 13:44:26
2026-04-30,ロフト,ロフト0353,（不明）,イオセラム シャンプー 200,1,2000,2026-04,2026-05-18 13:44:26
2026-04-30,ロフト,ロフト0353,（不明）,ビューティアップナイトブラ ブラックM,3,8940,2026-04,2026-05-18 13:44:26
2026-04-30,ロフト,ロフト0353,（不明）,ビューティアップナイトブラ ブラックL,2,5960,2026-04,2026-05-18 13:44:26
2026-04-30,ロフト,ロフト0353,ラフドット,ラフドットインティメイトウォッシュ SB,8,28656,2026-04,2026-05-18 13:44:26
2026-04-30,ロフト,ロフト0353,（不明）,ラフインティメイトフレッシュミスト SB,1,3132,2026-04,2026-05-18 13:44:26
2026-04-30,ロフト,ロフト0353,（不明）,ビューティアップナイトブラ BグレーM,1,2980,2026-04,2026-05-18 13:44:26
2026-04-30,ロフト,ロフト0353,ラフドット,ラフドットインティメイトウォッシュ PM,12,42984,2026-04,2026-05-18 13:44:26
2026-04-30,ロフト,ロフト0353,（不明）,ラフインティメイトフレッシュミスト PM,2,6264,2026-04,2026-05-18 13:44:26
2026-04-30,ロフト,ロフト0353,ラフドット,ラフドットインティメイトウォッシュ AL,4,14328,2026-04,2026-05-18 13:44:26
2026-04-30,ロフト,ロフト0353,レチスパ,レチスパ クリームシャンプーサシェ,9,1800,2026-04,2026-05-18 13:44:26
2026-04-30,ロフト,ロフト0353,レチスパ,レチスパ ヘアオイル,2,4800,2026-04,2026-05-18 13:44:26
2026-04-30,ロフト,ロフト0353,レチスパ,レチスパ 頭皮用美容液,4,10000,2026-04,2026-05-18 13:44:26
2026-04-30,ロフト,ロフト0353,（不明）,ベルミス スリムレギンス M-L,1,3990,2026-04,2026-05-18 13:44:26
2026-04-30,ロフト,ロフト0353,（不明）,ベルミス スリムレギンス L-LL,3,11970,2026-04,2026-05-18 13:44:26
2026-04-30,ロフト,ロフト0353,（不明）,ベルミス カラープラスBK L,2,9072,2026-04,2026-05-18 13:44:26
2026-04-30,ロフト,ロフト0353,ラフドット,ラフドット 薬用ホワイトセラム,5,16180,2026-04,2026-05-18 13:44:26
2026-04-30,ロフト,ロフト0353,ラフドット,ラフドットインティメイトウォッシュ MV,4,14328,2026-04,2026-05-18 13:44:26
2026-04-30,ロフト,ロフト0353,ラフドット,ラフドットインティメイトミスト MV,1,3132,2026-04,2026-05-18 13:44:26
2026-04-30,ロフト,ロフト0353,（不明）,ベルミス スリムフルレッグ M-L,1,4718,2026-04,2026-05-18 13:44:26
2026-04-30,ロフト,ロフト0353,（不明）,リムーブレギンスEB L-LL,1,11182,2026-04,2026-05-18 13:44:26
2026-04-30,ロフト,ロフト0353,（不明）,スリムレギンス Premium Lv2,1,5445,2026-04,2026-05-18 13:44:26
2026-04-30,ロフト,ロフト0353,（不明）,スリムフルレッグ クールプラス M-L,2,9436,2026-04,2026-05-18 13:44:26
2026-04-30,ロフト,ロフト0353,（不明）,スリムフルレッグ クールプラス L-LL,4,18872,2026-04,2026-05-18 13:44:26
2026-04-30,ロフト,ロフト0353,（不明）,ekam アドバンスドジェル,1,2709,2026-04,2026-05-18 13:44:26
2026-04-30,ロフト,ロフト0354,（不明）,イオ エッセンス スリーク,1,2000,2026-04,2026-05-18 13:44:26
2026-04-30,ロフト,ロフト0354,（不明）,ルベル ウィズ JO 240,1,1000,2026-04,2026-05-18 13:44:26
2026-04-30,ロフト,ロフト0354,（不明）,イオ クリーム シルキーリペア 200,1,1600,2026-04,2026-05-18 13:44:26
2026-04-30,ロフト,ロフト0354,（不明）,イオセラム クリーム 200,1,2000,2026-04,2026-05-18 13:44:26
2026-04-30,ロフト,ロフト0354,ラフドット,ラフドットインティメイトウォッシュ SB,13,46566,2026-04,2026-05-18 13:44:26
2026-04-30,ロフト,ロフト0354,（不明）,ラフインティメイトフレッシュミスト SB,1,3132,2026-04,2026-05-18 13:44:26
2026-04-30,ロフト,ロフト0354,（不明）,ビューティアップナイトブラ BグレーM,1,2980,2026-04,2026-05-18 13:44:26
2026-04-30,ロフト,ロフト0354,ラフドット,ラフドットインティメイトウォッシュ PM,14,50148,2026-04,2026-05-18 13:44:26
2026-04-30,ロフト,ロフト0354,（不明）,ラフインティメイトフレッシュミスト PM,4,12528,2026-04,2026-05-18 13:44:26
2026-04-30,ロフト,ロフト0354,レチスパ,レチスパ クリームシャンプー,4,12800,2026-04,2026-05-18 13:44:26
2026-04-30,ロフト,ロフト0354,レチスパ,レチスパ クリームシャンプーサシェ,13,2600,2026-04,2026-05-18 13:44:26
2026-04-30,ロフト,ロフト0354,レチスパ,レチスパ ヘアオイル,1,2400,2026-04,2026-05-18 13:44:26
2026-04-30,ロフト,ロフト0354,レチスパ,レチスパ 頭皮用美容液,1,2500,2026-04,2026-05-18 13:44:26
2026-04-30,ロフト,ロフト0354,（不明）,ベルミス スリムレギンス M-L,2,7980,2026-04,2026-05-18 13:44:26
2026-04-30,ロフト,ロフト0354,（不明）,ベルミス カラープラスBK M,2,9072,2026-04,2026-05-18 13:44:26
2026-04-30,ロフト,ロフト0354,（不明）,ベルミス カラープラスBK L,1,4536,2026-04,2026-05-18 13:44:26
2026-04-30,ロフト,ロフト0354,（不明）,ベルミス カラープラスAGY L,1,4536,2026-04,2026-05-18 13:44:26
2026-04-30,ロフト,ロフト0354,ラフドット,ラフドット 薬用ホワイトセラム,5,16180,2026-04,2026-05-18 13:44:26
2026-04-30,ロフト,ロフト0354,ラフドット,ラフドット ヘアリムーバー,7,23800,2026-04,2026-05-18 13:44:26
2026-04-30,ロフト,ロフト0354,ラフドット,ラフドットインティメイトウォッシュ MV,7,25074,2026-04,2026-05-18 13:44:26
2026-04-30,ロフト,ロフト0354,バイワンシー,バイワンシー モイストブースターホイップ,1,2200,2026-04,2026-05-18 13:44:26
2026-04-30,ロフト,ロフト0354,（不明）,スリムレギンス Premium Lv1,2,10890,2026-04,2026-05-18 13:44:26
2026-04-30,ロフト,ロフト0354,（不明）,スリムレギンス Premium Lv2,2,10890,2026-04,2026-05-18 13:44:26
2026-04-30,ロフト,ロフト0354,（不明）,スリムフルレッグ クールプラス L-LL,1,4718,2026-04,2026-05-18 13:44:26
2026-04-30,ロフト,ロフト0354,バイワンシー,バイワンシー ピュア・アミノシャンプー,3,8100,2026-04,2026-05-18 13:44:26
2026-04-30,ロフト,ロフト0354,バイワンシー,バイワンシー ヒートケア・トリートメント,2,5400,2026-04,2026-05-18 13:44:26
2026-04-30,ロフト,ロフト0354,バイワンシー,バイワンシー スムース・リペアエッセンス,1,2700,2026-04,2026-05-18 13:44:26
2026-04-30,ロフト,ロフト0354,バイワンシー,バイワンシー スムースリペアESサシェ,5,1350,2026-04,2026-05-18 13:44:26
2026-04-30,ロフト,ロフト0354,バイワンシー,バイワンシー SP&TRサシェ,19,5130,2026-04,2026-05-18 13:44:26
2026-04-30,ロフト,ロフト0354,（不明）,ekam アドバンスドジェル,2,5418,2026-04,2026-05-18 13:44:26
2026-04-30,ロフト,ロフト0354,（不明）,ekam ホイップ洗顔,2,3600,2026-04,2026-05-18 13:44:26
2026-04-30,ロフト,ロフト0354,（不明）,ヒノキフットピーリングマスク,2,1440,2026-04,2026-05-18 13:44:26
2026-04-30,ロフト,ロフト0354,（不明）,かかと集中ピーリングマスク,2,1160,2026-04,2026-05-18 13:44:26
2026-04-30,ロフト,ロフト0354,（不明）,Vイフェクト青麦ジンクセラム,1,2300,2026-04,2026-05-18 13:44:26
2026-04-30,ロフト,ロフト0354,（不明）,ティーブレスボディローションホワイト,3,4500,2026-04,2026-05-18 13:44:26
2026-04-30,ロフト,ロフト0354,（不明）,ティーブレスボディローショングリーン,1,1500,2026-04,2026-05-18 13:44:26
2026-04-30,ロフト,ロフト0355,（不明）,イオ エッセンス モイスト,1,2000,2026-04,2026-05-18 13:44:26
2026-04-30,ロフト,ロフト0355,（不明）,イオ クリーム シルキーリペア 200,2,3200,2026-04,2026-05-18 13:44:26
2026-04-30,ロフト,ロフト0355,（不明）,イオ クリーム メルトリペア 200,1,1600,2026-04,2026-05-18 13:44:26
2026-04-30,ロフト,ロフト0355,（不明）,イオセラム クリーム 200,2,4000,2026-04,2026-05-18 13:44:26
2026-04-30,ロフト,ロフト0355,（不明）,イオセラム マスク 170,2,6400,2026-04,2026-05-18 13:44:26
2026-04-30,ロフト,ロフト0355,（不明）,トリエ スプレー10 170,6,9600,2026-04,2026-05-18 13:44:26
2026-04-30,ロフト,ロフト0355,（不明）,ビューティアップナイトブラ ブラックL,1,2980,2026-04,2026-05-18 13:44:26
2026-04-30,ロフト,ロフト0355,ラフドット,ラフドットインティメイトウォッシュ SB,8,28656,2026-04,2026-05-18 13:44:26
2026-04-30,ロフト,ロフト0355,（不明）,ラフインティメイトフレッシュミスト SB,3,9396,2026-04,2026-05-18 13:44:26
2026-04-30,ロフト,ロフト0355,（不明）,ビューティアップナイトブラ BグレーL,1,2980,2026-04,2026-05-18 13:44:26
2026-04-30,ロフト,ロフト0355,ラフドット,ラフドットインティメイトウォッシュ PM,12,42984,2026-04,2026-05-18 13:44:26
2026-04-30,ロフト,ロフト0355,（不明）,ラフインティメイトフレッシュミスト PM,2,6264,2026-04,2026-05-18 13:44:26
2026-04-30,ロフト,ロフト0355,（不明）,ラフインティメイトフレッシュミスト AL,1,3132,2026-04,2026-05-18 13:44:26
2026-04-30,ロフト,ロフト0355,レチスパ,レチスパ クリームシャンプー,2,6400,2026-04,2026-05-18 13:44:26
2026-04-30,ロフト,ロフト0355,レチスパ,レチスパ クリームシャンプーサシェ,6,1200,2026-04,2026-05-18 13:44:26
2026-04-30,ロフト,ロフト0355,レチスパ,レチスパ ヘアオイル,1,2400,2026-04,2026-05-18 13:44:26
2026-04-30,ロフト,ロフト0355,レチスパ,レチスパ 頭皮用美容液,1,2500,2026-04,2026-05-18 13:44:26
2026-04-30,ロフト,ロフト0355,（不明）,ベルミス スリムレギンス M-L,2,7980,2026-04,2026-05-18 13:44:26
2026-04-30,ロフト,ロフト0355,（不明）,ベルミス スリムレギンス L-LL,1,3990,2026-04,2026-05-18 13:44:26
2026-04-30,ロフト,ロフト0355,（不明）,ベルミス カラープラスBK M,1,4536,2026-04,2026-05-18 13:44:26
2026-04-30,ロフト,ロフト0355,ラフドット,ラフドット 薬用ホワイトセラム,1,3236,2026-04,2026-05-18 13:44:26
2026-04-30,ロフト,ロフト0355,ラフドット,ラフドットインティメイトウォッシュ MV,2,7164,2026-04,2026-05-18 13:44:26
2026-04-30,ロフト,ロフト0355,（不明）,リムーブレギンスEB L-LL,2,22364,2026-04,2026-05-18 13:44:26
2026-04-30,ロフト,ロフト0355,（不明）,スリムレギンス Premium Lv1,1,5445,2026-04,2026-05-18 13:44:26
2026-04-30,ロフト,ロフト0355,（不明）,スリムフルレッグ クールプラス M-L,3,14154,2026-04,2026-05-18 13:44:26
2026-04-30,ロフト,ロフト0355,（不明）,wolg BBクリーム ナチュラル,2,5418,2026-04,2026-05-18 13:44:26
2026-04-30,ロフト,ロフト0355,（不明）,ekam アドバンスドジェル,2,5418,2026-04,2026-05-18 13:44:26
2026-04-30,ロフト,ロフト0356,（不明）,イオ エッセンス スリーク,1,2000,2026-04,2026-05-18 13:44:26
2026-04-30,ロフト,ロフト0356,（不明）,イオセラム シャンプー 200,2,4000,2026-04,2026-05-18 13:44:26
2026-04-30,ロフト,ロフト0356,（不明）,イオセラム クリーム 200,4,8000,2026-04,2026-05-18 13:44:26
2026-04-30,ロフト,ロフト0356,（不明）,イオ クリーム シルキーリペア 200,1,1600,2026-04,2026-05-18 13:44:26
2026-04-30,ロフト,ロフト0356,（不明）,イオ クリーム メルトリペア 200,2,3200,2026-04,2026-05-18 13:44:26
2026-04-30,ロフト,ロフト0356,（不明）,ルベル ウィズ RP 140,1,1000,2026-04,2026-05-18 13:44:26
2026-04-30,ロフト,ロフト0356,ラフドット,ラフドットインティメイトウォッシュ SB,8,28656,2026-04,2026-05-18 13:44:26
2026-04-30,ロフト,ロフト0356,（不明）,ラフインティメイトフレッシュミスト SB,1,3132,2026-04,2026-05-18 13:44:26
2026-04-30,ロフト,ロフト0356,ラフドット,ラフドットインティメイトウォッシュ PM,4,14328,2026-04,2026-05-18 13:44:26
2026-04-30,ロフト,ロフト0356,（不明）,ラフインティメイトフレッシュミスト PM,2,6264,2026-04,2026-05-18 13:44:26
2026-04-30,ロフト,ロフト0356,ラフドット,ラフドットインティメイトウォッシュ AL,1,3582,2026-04,2026-05-18 13:44:26
2026-04-30,ロフト,ロフト0356,（不明）,ベルミス スリムレギンス M-L,1,3990,2026-04,2026-05-18 13:44:26
2026-04-30,ロフト,ロフト0356,（不明）,ベルミス カラープラスBK M,1,4536,2026-04,2026-05-18 13:44:26
2026-04-30,ロフト,ロフト0356,ラフドット,ラフドットインティメイトウォッシュ MV,3,10746,2026-04,2026-05-18 13:44:26
2026-04-30,ロフト,ロフト0356,ラフドット,ラフドットインティメイトミスト MV,3,9396,2026-04,2026-05-18 13:44:26
2026-04-30,ロフト,ロフト0356,（不明）,スリムレギンス Premium Lv1,1,5445,2026-04,2026-05-18 13:44:26
2026-04-30,ロフト,ロフト0356,（不明）,スリムレギンス Premium Lv2,1,5445,2026-04,2026-05-18 13:44:26
2026-04-30,ロフト,ロフト0356,（不明）,スリムレギンス Premium Lv3,1,5445,2026-04,2026-05-18 13:44:26
2026-04-30,ロフト,ロフト0356,（不明）,スリムフルレッグ クールプラス M-L,1,4718,2026-04,2026-05-18 13:44:26
2026-04-30,ロフト,ロフト0357,（不明）,イオ クリーム メルトリペア 200,2,3200,2026-04,2026-05-18 13:44:26
2026-04-30,ロフト,ロフト0357,ラフドット,ラフドットインティメイトウォッシュ SB,13,46566,2026-04,2026-05-18 13:44:26
2026-04-30,ロフト,ロフト0357,ラフドット,ラフドットインティメイトウォッシュ PM,18,64476,2026-04,2026-05-18 13:44:26
2026-04-30,ロフト,ロフト0357,（不明）,ラフインティメイトフレッシュミスト PM,1,3132,2026-04,2026-05-18 13:44:26
2026-04-30,ロフト,ロフト0357,レチスパ,レチスパ クリームシャンプー,3,9600,2026-04,2026-05-18 13:44:26
2026-04-30,ロフト,ロフト0357,レチスパ,レチスパ クリームシャンプーサシェ,25,5000,2026-04,2026-05-18 13:44:26
2026-04-30,ロフト,ロフト0357,レチスパ,レチスパ 頭皮用美容液,1,2500,2026-04,2026-05-18 13:44:26
2026-04-30,ロフト,ロフト0357,（不明）,ベルミス スリムレギンス M-L,1,3990,2026-04,2026-05-18 13:44:26
2026-04-30,ロフト,ロフト0357,（不明）,ベルミス カラープラスBK L,1,4536,2026-04,2026-05-18 13:44:26
2026-04-30,ロフト,ロフト0357,ラフドット,ラフドット 薬用ホワイトセラム,1,3236,2026-04,2026-05-18 13:44:26
2026-04-30,ロフト,ロフト0357,ラフドット,ラフドットインティメイトウォッシュ MV,5,17910,2026-04,2026-05-18 13:44:26
2026-04-30,ロフト,ロフト0357,ラフドット,ラフドットインティメイトミスト MV,1,3132,2026-04,2026-05-18 13:44:26
2026-04-30,ロフト,ロフト0357,バイワンシー,バイワンシー モイストブースターホイップ,2,4400,2026-04,2026-05-18 13:44:26
2026-04-30,ロフト,ロフト0357,（不明）,スリムレギンス Premium Lv3,2,10890,2026-04,2026-05-18 13:44:26
2026-04-30,ロフト,ロフト0357,（不明）,スリムフルレッグ クールプラス L-LL,1,4718,2026-04,2026-05-18 13:44:26
2026-04-30,ロフト,ロフト0357,（不明）,wolg BBクリーム ナチュラル,1,2709,2026-04,2026-05-18 13:44:26
2026-04-30,ロフト,ロフト0357,バイワンシー,バイワンシー ピュア・アミノシャンプー,2,5400,2026-04,2026-05-18 13:44:26
2026-04-30,ロフト,ロフト0357,バイワンシー,バイワンシー ヒートケア・トリートメント,1,2700,2026-04,2026-05-18 13:44:26
2026-04-30,ロフト,ロフト0357,バイワンシー,バイワンシー スムース・リペアエッセンス,6,16200,2026-04,2026-05-18 13:44:26
2026-04-30,ロフト,ロフト0357,バイワンシー,バイワンシー スムースリペアESサシェ,8,2160,2026-04,2026-05-18 13:44:26
2026-04-30,ロフト,ロフト0357,バイワンシー,バイワンシー SP&TRサシェ,11,2970,2026-04,2026-05-18 13:44:26
2026-04-30,ロフト,ロフト0357,（不明）,ekam アドバンスドジェル,4,10836,2026-04,2026-05-18 13:44:26
2026-04-30,ロフト,ロフト0357,（不明）,ekam アドバンスドセラム,1,3164,2026-04,2026-05-18 13:44:26
2026-04-30,ロフト,ロフト0357,（不明）,ekam ホイップ洗顔,2,3600,2026-04,2026-05-18 13:44:26
2026-04-30,ロフト,ロフト0358,（不明）,イオ エッセンス フォルティ,1,2000,2026-04,2026-05-18 13:44:26
2026-04-30,ロフト,ロフト0358,（不明）,イオ クリーム シルキーリペア 200,1,1600,2026-04,2026-05-18 13:44:26
2026-04-30,ロフト,ロフト0358,（不明）,イオ クリーム メルトリペア 200,1,1600,2026-04,2026-05-18 13:44:26
2026-04-30,ロフト,ロフト0358,（不明）,ビューティアップナイトブラ ブラックM,1,2980,2026-04,2026-05-18 13:44:26
2026-04-30,ロフト,ロフト0358,（不明）,ビューティアップナイトブラ ブラックL,1,2980,2026-04,2026-05-18 13:44:26
2026-04-30,ロフト,ロフト0358,ラフドット,ラフドットインティメイトウォッシュ SB,7,25074,2026-04,2026-05-18 13:44:26
2026-04-30,ロフト,ロフト0358,（不明）,ラフインティメイトフレッシュミスト SB,4,12528,2026-04,2026-05-18 13:44:26
2026-04-30,ロフト,ロフト0358,（不明）,ビューティアップナイトブラ BグレーM,2,5960,2026-04,2026-05-18 13:44:26
2026-04-30,ロフト,ロフト0358,（不明）,ビューティアップナイトブラ BグレーL,1,2980,2026-04,2026-05-18 13:44:26
2026-04-30,ロフト,ロフト0358,ラフドット,ラフドットインティメイトウォッシュ PM,13,46566,2026-04,2026-05-18 13:44:26
2026-04-30,ロフト,ロフト0358,（不明）,ラフインティメイトフレッシュミスト PM,1,3132,2026-04,2026-05-18 13:44:26
2026-04-30,ロフト,ロフト0358,レチスパ,レチスパ クリームシャンプー,2,6400,2026-04,2026-05-18 13:44:26
2026-04-30,ロフト,ロフト0358,レチスパ,レチスパ クリームシャンプーサシェ,3,600,2026-04,2026-05-18 13:44:26
2026-04-30,ロフト,ロフト0358,レチスパ,レチスパ ヘアオイル,3,7200,2026-04,2026-05-18 13:44:26
2026-04-30,ロフト,ロフト0358,レチスパ,レチスパ 頭皮用美容液,1,2500,2026-04,2026-05-18 13:44:26
2026-04-30,ロフト,ロフト0358,（不明）,ベルミス スリムレギンス M-L,3,11970,2026-04,2026-05-18 13:44:26
2026-04-30,ロフト,ロフト0358,（不明）,ベルミス スリムレギンス L-LL,1,3990,2026-04,2026-05-18 13:44:26
2026-04-30,ロフト,ロフト0358,（不明）,ベルミス カラープラスBK M,3,13608,2026-04,2026-05-18 13:44:26
2026-04-30,ロフト,ロフト0358,（不明）,ベルミス カラープラスAGY M,1,4536,2026-04,2026-05-18 13:44:26
2026-04-30,ロフト,ロフト0358,ラフドット,ラフドット 薬用ホワイトセラム,2,6472,2026-04,2026-05-18 13:44:26
2026-04-30,ロフト,ロフト0358,ラフドット,ラフドットインティメイトウォッシュ MV,3,10746,2026-04,2026-05-18 13:44:26
2026-04-30,ロフト,ロフト0358,ラフドット,ラフドットインティメイトミスト MV,3,9396,2026-04,2026-05-18 13:44:26
2026-04-30,ロフト,ロフト0358,バイワンシー,バイワンシー モイストブースターホイップ,6,13200,2026-04,2026-05-18 13:44:26
2026-04-30,ロフト,ロフト0358,（不明）,スリムレギンス Premium Lv1,1,5445,2026-04,2026-05-18 13:44:26
2026-04-30,ロフト,ロフト0358,（不明）,スリムレギンス Premium Lv2,2,10890,2026-04,2026-05-18 13:44:26
2026-04-30,ロフト,ロフト0358,（不明）,スリムレギンス Premium Lv3,1,5445,2026-04,2026-05-18 13:44:26
2026-04-30,ロフト,ロフト0358,（不明）,ティーブレスボディローションアールグレイ,1,1500,2026-04,2026-05-18 13:44:26
2026-04-30,ロフト,ロフト0359,（不明）,イオ クリーム シルキーリペア 200,1,1600,2026-04,2026-05-18 13:44:26
2026-04-30,ロフト,ロフト0359,（不明）,イオセラム クリーム 200,2,4000,2026-04,2026-05-18 13:44:26
2026-04-30,ロフト,ロフト0359,ラフドット,ラフドットインティメイトウォッシュ SB,3,10746,2026-04,2026-05-18 13:44:26
2026-04-30,ロフト,ロフト0359,（不明）,ラフインティメイトフレッシュミスト SB,1,3132,2026-04,2026-05-18 13:44:26
2026-04-30,ロフト,ロフト0359,ラフドット,ラフドットインティメイトウォッシュ PM,3,10746,2026-04,2026-05-18 13:44:26
2026-04-30,ロフト,ロフト0359,（不明）,ラフインティメイトフレッシュミスト PM,1,3132,2026-04,2026-05-18 13:44:26
2026-04-30,ロフト,ロフト0359,レチスパ,レチスパ クリームシャンプー,1,3200,2026-04,2026-05-18 13:44:26
2026-04-30,ロフト,ロフト0359,レチスパ,レチスパ クリームシャンプーサシェ,5,1000,2026-04,2026-05-18 13:44:26
2026-04-30,ロフト,ロフト0359,レチスパ,レチスパ 頭皮用美容液,2,5000,2026-04,2026-05-18 13:44:26
2026-04-30,ロフト,ロフト0359,ラフドット,ラフドットインティメイトウォッシュ MV,1,3582,2026-04,2026-05-18 13:44:26
2026-04-30,ロフト,ロフト0359,（不明）,スリムレギンス Premium Lv1,1,5445,2026-04,2026-05-18 13:44:26
2026-04-30,ロフト,ロフト0359,（不明）,スリムレギンス Premium Lv3,1,5445,2026-04,2026-05-18 13:44:26
2026-04-30,ロフト,ロフト0359,（不明）,スリムフルレッグ クールプラス L-LL,1,4718,2026-04,2026-05-18 13:44:26
2026-04-30,ロフト,ロフト0359,（不明）,wolg BBクリーム ナチュラル,4,10836,2026-04,2026-05-18 13:44:26
2026-04-30,ロフト,ロフト0360,（不明）,イオ クリーム メルトリペア 200,1,1600,2026-04,2026-05-18 13:44:26
2026-04-30,ロフト,ロフト0360,（不明）,イオセラム クリーム 200,3,6000,2026-04,2026-05-18 13:44:26
2026-04-30,ロフト,ロフト0360,（不明）,イオセラム マスク 170,1,3200,2026-04,2026-05-18 13:44:26
2026-04-30,ロフト,ロフト0360,（不明）,トリエ スプレー10 170,5,8000,2026-04,2026-05-18 13:44:26
2026-04-30,ロフト,ロフト0360,ラフドット,ラフドットインティメイトウォッシュ SB,3,10746,2026-04,2026-05-18 13:44:26
2026-04-30,ロフト,ロフト0360,（不明）,ラフインティメイトフレッシュミスト SB,2,6264,2026-04,2026-05-18 13:44:26
2026-04-30,ロフト,ロフト0360,ラフドット,ラフドットインティメイトウォッシュ PM,5,17910,2026-04,2026-05-18 13:44:26
2026-04-30,ロフト,ロフト0360,ラフドット,ラフドットインティメイトウォッシュ AL,2,7164,2026-04,2026-05-18 13:44:26
2026-04-30,ロフト,ロフト0360,レチスパ,レチスパ クリームシャンプーサシェ,1,200,2026-04,2026-05-18 13:44:26
2026-04-30,ロフト,ロフト0360,レチスパ,レチスパ 頭皮用美容液,2,5000,2026-04,2026-05-18 13:44:26
2026-04-30,ロフト,ロフト0360,（不明）,ベルミス スリムレギンス L-LL,1,3990,2026-04,2026-05-18 13:44:26
2026-04-30,ロフト,ロフト0360,ラフドット,ラフドット 薬用ホワイトセラム,1,3236,2026-04,2026-05-18 13:44:26
2026-04-30,ロフト,ロフト0360,ラフドット,ラフドットインティメイトウォッシュ MV,3,10746,2026-04,2026-05-18 13:44:26
2026-04-30,ロフト,ロフト0360,ラフドット,ラフドットインティメイトミスト MV,1,3132,2026-04,2026-05-18 13:44:26
2026-04-30,ロフト,ロフト0360,（不明）,スリムレギンス Premium Lv2,1,5445,2026-04,2026-05-18 13:44:26
2026-04-30,ロフト,ロフト0360,バイワンシー,バイワンシー スムース・リペアエッセンス,1,2700,2026-04,2026-05-18 13:44:26
2026-04-30,ロフト,ロフト0361,（不明）,イオ クリーム シルキーリペア 200,2,3200,2026-04,2026-05-18 13:44:26
2026-04-30,ロフト,ロフト0361,（不明）,イオ クリーム メルトリペア 200,1,1600,2026-04,2026-05-18 13:44:26
2026-04-30,ロフト,ロフト0361,（不明）,トリエ スプレー10 170,2,3200,2026-04,2026-05-18 13:44:26
2026-04-30,ロフト,ロフト0361,ラフドット,ラフドットインティメイトウォッシュ SB,14,50148,2026-04,2026-05-18 13:44:26
2026-04-30,ロフト,ロフト0361,ラフドット,ラフドットインティメイトウォッシュ PM,5,17910,2026-04,2026-05-18 13:44:26
2026-04-30,ロフト,ロフト0361,（不明）,ラフインティメイトフレッシュミスト PM,1,3132,2026-04,2026-05-18 13:44:26
2026-04-30,ロフト,ロフト0361,ラフドット,ラフドットインティメイトウォッシュ AL,3,10746,2026-04,2026-05-18 13:44:26
2026-04-30,ロフト,ロフト0361,（不明）,ラフインティメイトフレッシュミスト AL,1,3132,2026-04,2026-05-18 13:44:26
2026-04-30,ロフト,ロフト0361,（不明）,ベルミス スリムレギンス M-L,1,3990,2026-04,2026-05-18 13:44:26
2026-04-30,ロフト,ロフト0361,（不明）,ベルミス スリムレギンス L-LL,1,3990,2026-04,2026-05-18 13:44:26
2026-04-30,ロフト,ロフト0361,（不明）,ベルミス カラープラスBK M,2,9072,2026-04,2026-05-18 13:44:26
2026-04-30,ロフト,ロフト0361,ラフドット,ラフドットインティメイトウォッシュ MV,5,17910,2026-04,2026-05-18 13:44:26
2026-04-30,ロフト,ロフト0361,ラフドット,ラフドットインティメイトミスト MV,1,3132,2026-04,2026-05-18 13:44:26
2026-04-30,ロフト,ロフト0361,バイワンシー,バイワンシー モイストブースターホイップ,2,4400,2026-04,2026-05-18 13:44:26
2026-04-30,ロフト,ロフト0361,（不明）,スリムレギンス Premium Lv1,1,5445,2026-04,2026-05-18 13:44:26
2026-04-30,ロフト,ロフト0361,（不明）,スリムレギンス Premium Lv2,1,5445,2026-04,2026-05-18 13:44:26
2026-04-30,ロフト,ロフト0361,（不明）,スリムレギンス Premium Lv3,4,21780,2026-04,2026-05-18 13:44:26
2026-04-30,ロフト,ロフト0361,（不明）,スリムフルレッグ クールプラス M-L,1,4718,2026-04,2026-05-18 13:44:26
2026-04-30,ロフト,ロフト0361,バイワンシー,バイワンシー ピュア・アミノシャンプー,1,2700,2026-04,2026-05-18 13:44:26
2026-04-30,ロフト,ロフト0361,バイワンシー,バイワンシー ヒートケア・トリートメント,1,2700,2026-04,2026-05-18 13:44:26
2026-04-30,ロフト,ロフト0361,バイワンシー,バイワンシー スムース・リペアエッセンス,1,2700,2026-04,2026-05-18 13:44:26
2026-04-30,ロフト,ロフト0361,バイワンシー,バイワンシー SP&TRサシェ,10,2700,2026-04,2026-05-18 13:44:26
2026-04-30,ロフト,ロフト0361,（不明）,ekam アドバンスドジェル,1,2709,2026-04,2026-05-18 13:44:26
2026-04-30,ロフト,ロフト0361,（不明）,ekam アドバンスドセラム,1,3164,2026-04,2026-05-18 13:44:26
2026-04-30,ロフト,ロフト0361,（不明）,VイフェクトFCポアタイトアンプル,1,2700,2026-04,2026-05-18 13:44:26
2026-04-30,ロフト,ロフト0362,（不明）,イオ シャンプー クリアメント200,2,3200,2026-04,2026-05-18 13:44:26
2026-04-30,ロフト,ロフト0362,（不明）,イオ エッセンス モイスト,6,12000,2026-04,2026-05-18 13:44:26
2026-04-30,ロフト,ロフト0362,（不明）,イオ エッセンス スリーク,2,4000,2026-04,2026-05-18 13:44:26
2026-04-30,ロフト,ロフト0362,（不明）,イオ クリーム シルキーリペア 200,7,11200,2026-04,2026-05-18 13:44:26
2026-04-30,ロフト,ロフト0362,（不明）,イオ クリーム メルトリペア 200,3,4800,2026-04,2026-05-18 13:44:26
2026-04-30,ロフト,ロフト0362,（不明）,トリエ スプレー10 170,4,6400,2026-04,2026-05-18 13:44:26
2026-04-30,ロフト,ロフト0362,ラフドット,ラフドットインティメイトウォッシュ SB,9,32238,2026-04,2026-05-18 13:44:26
2026-04-30,ロフト,ロフト0362,（不明）,ラフインティメイトフレッシュミスト SB,2,6264,2026-04,2026-05-18 13:44:26
2026-04-30,ロフト,ロフト0362,ラフドット,ラフドットインティメイトウォッシュ PM,14,50148,2026-04,2026-05-18 13:44:26
2026-04-30,ロフト,ロフト0362,（不明）,ベルミス スリムレギンス M-L,1,3990,2026-04,2026-05-18 13:44:26
2026-04-30,ロフト,ロフト0362,（不明）,ベルミス スリムレギンス L-LL,2,7980,2026-04,2026-05-18 13:44:26
2026-04-30,ロフト,ロフト0362,（不明）,ベルミス カラープラスBK M,1,4536,2026-04,2026-05-18 13:44:26
2026-04-30,ロフト,ロフト0362,（不明）,ベルミス カラープラスBK L,1,4536,2026-04,2026-05-18 13:44:26
2026-04-30,ロフト,ロフト0362,ラフドット,ラフドット 薬用ホワイトセラム,1,3236,2026-04,2026-05-18 13:44:26
2026-04-30,ロフト,ロフト0362,ラフドット,ラフドットインティメイトウォッシュ MV,5,17910,2026-04,2026-05-18 13:44:26
2026-04-30,ロフト,ロフト0362,ラフドット,ラフドットインティメイトミスト MV,1,3132,2026-04,2026-05-18 13:44:26
2026-04-30,ロフト,ロフト0362,バイワンシー,バイワンシー モイストブースターホイップ,2,4400,2026-04,2026-05-18 13:44:26
2026-04-30,ロフト,ロフト0362,（不明）,スリムレギンス Premium Lv2,2,10890,2026-04,2026-05-18 13:44:26
2026-04-30,ロフト,ロフト0362,（不明）,スリムレギンス Premium Lv3,2,10890,2026-04,2026-05-18 13:44:26
2026-04-30,ロフト,ロフト0362,（不明）,スリムフルレッグ クールプラス M-L,2,9436,2026-04,2026-05-18 13:44:26
2026-04-30,ロフト,ロフト0362,（不明）,スリムフルレッグ クールプラス L-LL,1,4718,2026-04,2026-05-18 13:44:26
2026-04-30,ロフト,ロフト0363,（不明）,イオセラム シャンプー 200,2,4000,2026-04,2026-05-18 13:44:26
2026-04-30,ロフト,ロフト0363,（不明）,イオセラム クリーム 200,1,2000,2026-04,2026-05-18 13:44:26
2026-04-30,ロフト,ロフト0363,ラフドット,ラフドットインティメイトウォッシュ SB,5,17910,2026-04,2026-05-18 13:44:26
2026-04-30,ロフト,ロフト0363,（不明）,ラフインティメイトフレッシュミスト SB,1,3132,2026-04,2026-05-18 13:44:26
2026-04-30,ロフト,ロフト0363,ラフドット,ラフドットインティメイトウォッシュ PM,1,3582,2026-04,2026-05-18 13:44:26
2026-04-30,ロフト,ロフト0363,レチスパ,レチスパ クリームシャンプーサシェ,2,400,2026-04,2026-05-18 13:44:26
2026-04-30,ロフト,ロフト0363,レチスパ,レチスパ 頭皮用美容液,1,2500,2026-04,2026-05-18 13:44:26
2026-04-30,ロフト,ロフト0363,（不明）,ベルミス カラープラスAGY L,1,4536,2026-04,2026-05-18 13:44:26
2026-04-30,ロフト,ロフト0363,ラフドット,ラフドットインティメイトウォッシュ MV,4,14328,2026-04,2026-05-18 13:44:26
2026-04-30,ロフト,ロフト0363,ラフドット,ラフドットインティメイトミスト MV,1,3132,2026-04,2026-05-18 13:44:26
2026-04-30,ロフト,ロフト0363,バイワンシー,バイワンシー ピュア・アミノシャンプー,2,5400,2026-04,2026-05-18 13:44:26
2026-04-30,ロフト,ロフト0363,バイワンシー,バイワンシー ヒートケア・トリートメント,2,5400,2026-04,2026-05-18 13:44:26
2026-04-30,ロフト,ロフト0363,バイワンシー,バイワンシー スムース・リペアエッセンス,3,8100,2026-04,2026-05-18 13:44:26
2026-04-30,ロフト,ロフト0364,（不明）,イオ クリーム メルトリペア 200,1,1600,2026-04,2026-05-18 13:44:26
2026-04-30,ロフト,ロフト0364,（不明）,トリエ スプレー10 170,1,1600,2026-04,2026-05-18 13:44:26
2026-04-30,ロフト,ロフト0364,ラフドット,ラフドットインティメイトウォッシュ SB,9,32238,2026-04,2026-05-18 13:44:26
2026-04-30,ロフト,ロフト0364,（不明）,ラフインティメイトフレッシュミスト SB,2,6264,2026-04,2026-05-18 13:44:26
2026-04-30,ロフト,ロフト0364,ラフドット,ラフドットインティメイトウォッシュ PM,12,42984,2026-04,2026-05-18 13:44:26
2026-04-30,ロフト,ロフト0364,（不明）,ラフインティメイトフレッシュミスト PM,2,6264,2026-04,2026-05-18 13:44:26
2026-04-30,ロフト,ロフト0364,ラフドット,ラフドットインティメイトウォッシュ AL,3,10746,2026-04,2026-05-18 13:44:26
2026-04-30,ロフト,ロフト0364,レチスパ,レチスパ クリームシャンプー,1,3200,2026-04,2026-05-18 13:44:26
2026-04-30,ロフト,ロフト0364,（不明）,ベルミス スリムレギンス M-L,2,7980,2026-04,2026-05-18 13:44:26
2026-04-30,ロフト,ロフト0364,ラフドット,ラフドットインティメイトウォッシュ MV,2,7164,2026-04,2026-05-18 13:44:26
2026-04-30,ロフト,ロフト0364,バイワンシー,バイワンシー モイストブースターホイップ,1,2200,2026-04,2026-05-18 13:44:26
2026-04-30,ロフト,ロフト0364,（不明）,wolg BBクリーム ナチュラル,1,2709,2026-04,2026-05-18 13:44:26
2026-04-30,ロフト,ロフト0364,（不明）,ekam アドバンスドジェル,1,2709,2026-04,2026-05-18 13:44:26
2026-04-30,ロフト,ロフト0365,（不明）,イオ シャンプー リラックスメント200,5,8000,2026-04,2026-05-18 13:44:26
2026-04-30,ロフト,ロフト0365,（不明）,イオ エッセンス スリーク,5,10000,2026-04,2026-05-18 13:44:26
2026-04-30,ロフト,ロフト0365,（不明）,イオ クリーム メルトリペア 200,2,3200,2026-04,2026-05-18 13:44:26
2026-04-30,ロフト,ロフト0365,（不明）,イオセラム クリーム 200,2,4000,2026-04,2026-05-18 13:44:26
2026-04-30,ロフト,ロフト0365,ラフドット,ラフドットインティメイトウォッシュ SB,7,25074,2026-04,2026-05-18 13:44:26
2026-04-30,ロフト,ロフト0365,ラフドット,ラフドットインティメイトウォッシュ PM,6,21492,2026-04,2026-05-18 13:44:26
2026-04-30,ロフト,ロフト0365,（不明）,ラフインティメイトフレッシュミスト PM,1,3132,2026-04,2026-05-18 13:44:26
2026-04-30,ロフト,ロフト0365,レチスパ,レチスパ クリームシャンプー,2,6400,2026-04,2026-05-18 13:44:26
2026-04-30,ロフト,ロフト0365,レチスパ,レチスパ クリームシャンプーサシェ,4,800,2026-04,2026-05-18 13:44:26
2026-04-30,ロフト,ロフト0365,レチスパ,レチスパ 頭皮用美容液,2,5000,2026-04,2026-05-18 13:44:26
2026-04-30,ロフト,ロフト0365,（不明）,ベルミス スリムレギンス M-L,2,7980,2026-04,2026-05-18 13:44:26
2026-04-30,ロフト,ロフト0365,（不明）,ベルミス カラープラスBK M,2,9072,2026-04,2026-05-18 13:44:26
2026-04-30,ロフト,ロフト0365,（不明）,ベルミス カラープラスBK L,1,4536,2026-04,2026-05-18 13:44:26
2026-04-30,ロフト,ロフト0365,ラフドット,ラフドット 薬用ホワイトセラム,3,9708,2026-04,2026-05-18 13:44:26
2026-04-30,ロフト,ロフト0365,ラフドット,ラフドットインティメイトウォッシュ MV,2,7164,2026-04,2026-05-18 13:44:26
2026-04-30,ロフト,ロフト0365,ラフドット,ラフドットインティメイトミスト MV,1,3132,2026-04,2026-05-18 13:44:26
2026-04-30,ロフト,ロフト0365,（不明）,スリムレギンス Premium Lv3,4,21780,2026-04,2026-05-18 13:44:26
2026-04-30,ロフト,ロフト0365,バイワンシー,バイワンシー ヒートケア・トリートメント,1,2700,2026-04,2026-05-18 13:44:26
2026-04-30,ロフト,ロフト0365,バイワンシー,バイワンシー スムース・リペアエッセンス,6,16200,2026-04,2026-05-18 13:44:26
2026-04-30,ロフト,ロフト0365,バイワンシー,バイワンシー スムースリペアESサシェ,6,1620,2026-04,2026-05-18 13:44:26
2026-04-30,ロフト,ロフト0365,バイワンシー,バイワンシー SP&TRサシェ,13,3510,2026-04,2026-05-18 13:44:26
2026-04-30,ロフト,ロフト0365,（不明）,VイフェクトFCポアフィットマスク7枚入,1,1400,2026-04,2026-05-18 13:44:26
2026-04-30,ロフト,ロフト0365,（不明）,Vイフェクト青麦LHAクレンジングジェル,1,2100,2026-04,2026-05-18 13:44:26
2026-04-30,ロフト,ロフト0366,（不明）,イオ シャンプー リラックスメント200,1,1600,2026-04,2026-05-18 13:44:26
2026-04-30,ロフト,ロフト0366,（不明）,イオ エッセンス モイスト,1,2000,2026-04,2026-05-18 13:44:26
2026-04-30,ロフト,ロフト0366,（不明）,イオ クリーム シルキーリペア 200,1,1600,2026-04,2026-05-18 13:44:26
2026-04-30,ロフト,ロフト0366,（不明）,イオ クリーム メルトリペア 200,3,4800,2026-04,2026-05-18 13:44:26
2026-04-30,ロフト,ロフト0366,（不明）,イオセラム シャンプー 200,2,4000,2026-04,2026-05-18 13:44:26
2026-04-30,ロフト,ロフト0366,（不明）,トリエ スプレー10 170,12,19200,2026-04,2026-05-18 13:44:26
2026-04-30,ロフト,ロフト0366,ラフドット,ラフドットインティメイトウォッシュ SB,2,7164,2026-04,2026-05-18 13:44:26
2026-04-30,ロフト,ロフト0366,ラフドット,ラフドットインティメイトウォッシュ PM,4,14328,2026-04,2026-05-18 13:44:26
2026-04-30,ロフト,ロフト0366,（不明）,ラフインティメイトフレッシュミスト PM,2,6264,2026-04,2026-05-18 13:44:26
2026-04-30,ロフト,ロフト0366,ラフドット,ラフドットインティメイトウォッシュ AL,3,10746,2026-04,2026-05-18 13:44:26
2026-04-30,ロフト,ロフト0366,レチスパ,レチスパ クリームシャンプー,1,3200,2026-04,2026-05-18 13:44:26
2026-04-30,ロフト,ロフト0366,レチスパ,レチスパ クリームシャンプーサシェ,2,400,2026-04,2026-05-18 13:44:26
2026-04-30,ロフト,ロフト0366,レチスパ,レチスパ 頭皮用美容液,2,5000,2026-04,2026-05-18 13:44:26
2026-04-30,ロフト,ロフト0366,（不明）,ベルミス スリムレギンス L-LL,2,7980,2026-04,2026-05-18 13:44:26
2026-04-30,ロフト,ロフト0366,（不明）,ベルミス カラープラスAGY L,1,4536,2026-04,2026-05-18 13:44:26
2026-04-30,ロフト,ロフト0366,ラフドット,ラフドットインティメイトウォッシュ MV,3,10746,2026-04,2026-05-18 13:44:26
2026-04-30,ロフト,ロフト0366,ラフドット,ラフドットインティメイトミスト MV,2,6264,2026-04,2026-05-18 13:44:26
2026-04-30,ロフト,ロフト0366,（不明）,ベルミス スリムフルレッグ M-L,1,4718,2026-04,2026-05-18 13:44:26
2026-04-30,ロフト,ロフト0366,（不明）,スリムレギンス Premium Lv3,2,10890,2026-04,2026-05-18 13:44:26
2026-04-30,ロフト,ロフト0366,（不明）,スリムフルレッグ クールプラス M-L,1,4718,2026-04,2026-05-18 13:44:26
2026-04-30,ロフト,ロフト0366,（不明）,wolg BBクリーム ナチュラル,3,8127,2026-04,2026-05-18 13:44:26
2026-04-30,ロフト,ロフト0367,（不明）,イオ シャンプー クリアメント200,1,1600,2026-04,2026-05-18 13:44:26
2026-04-30,ロフト,ロフト0367,（不明）,イオ シャンプー リラックスメント200,2,3200,2026-04,2026-05-18 13:44:26
2026-04-30,ロフト,ロフト0367,（不明）,イオ クリーム メルトリペア 200,5,8000,2026-04,2026-05-18 13:44:26
2026-04-30,ロフト,ロフト0367,（不明）,トリエ スプレー10 170,8,12800,2026-04,2026-05-18 13:44:26
2026-04-30,ロフト,ロフト0367,ラフドット,ラフドットインティメイトウォッシュ SB,8,28656,2026-04,2026-05-18 13:44:26
2026-04-30,ロフト,ロフト0367,ラフドット,ラフドットインティメイトウォッシュ PM,15,53730,2026-04,2026-05-18 13:44:26
2026-04-30,ロフト,ロフト0367,（不明）,ラフインティメイトフレッシュミスト PM,2,6264,2026-04,2026-05-18 13:44:26
2026-04-30,ロフト,ロフト0367,ラフドット,ラフドットインティメイトウォッシュ AL,1,3582,2026-04,2026-05-18 13:44:26
2026-04-30,ロフト,ロフト0367,（不明）,ラフインティメイトフレッシュミスト AL,1,3132,2026-04,2026-05-18 13:44:26
2026-04-30,ロフト,ロフト0367,レチスパ,レチスパ クリームシャンプー,6,19200,2026-04,2026-05-18 13:44:26
2026-04-30,ロフト,ロフト0367,レチスパ,レチスパ クリームシャンプーサシェ,11,2200,2026-04,2026-05-18 13:44:26
2026-04-30,ロフト,ロフト0367,（不明）,ベルミス スリムレギンス M-L,3,11970,2026-04,2026-05-18 13:44:26
2026-04-30,ロフト,ロフト0367,（不明）,ベルミス スリムレギンス L-LL,1,3990,2026-04,2026-05-18 13:44:26
2026-04-30,ロフト,ロフト0367,（不明）,ベルミス カラープラスAGY M,1,4536,2026-04,2026-05-18 13:44:26
2026-04-30,ロフト,ロフト0367,ラフドット,ラフドットインティメイトウォッシュ MV,5,17910,2026-04,2026-05-18 13:44:26
2026-04-30,ロフト,ロフト0367,ラフドット,ラフドットインティメイトミスト MV,2,6264,2026-04,2026-05-18 13:44:26
2026-04-30,ロフト,ロフト0367,バイワンシー,バイワンシー モイストブースターホイップ,1,2200,2026-04,2026-05-18 13:44:26
2026-04-30,ロフト,ロフト0368,（不明）,イオ シャンプー クリアメント200,3,4800,2026-04,2026-05-18 13:44:26
2026-04-30,ロフト,ロフト0368,（不明）,イオ シャンプー リラックスメント200,6,9600,2026-04,2026-05-18 13:44:26
2026-04-30,ロフト,ロフト0368,（不明）,イオ クリーム シルキーリペア 200,3,4800,2026-04,2026-05-18 13:44:26
2026-04-30,ロフト,ロフト0368,（不明）,イオ クリーム メルトリペア 200,9,14400,2026-04,2026-05-18 13:44:26
2026-04-30,ロフト,ロフト0368,（不明）,イオセラム クリーム 200,12,24000,2026-04,2026-05-18 13:44:26
2026-04-30,ロフト,ロフト0368,（不明）,イオセラム オイル 100,3,7200,2026-04,2026-05-18 13:44:26
2026-04-30,ロフト,ロフト0368,（不明）,ルベル ウィズ SW 240,3,3000,2026-04,2026-05-18 13:44:26
2026-04-30,ロフト,ロフト0368,（不明）,ルベル ウィズ EP 140,1,1200,2026-04,2026-05-18 13:44:26
2026-04-30,ロフト,ロフト0368,（不明）,トリエ スプレー10 170,7,11200,2026-04,2026-05-18 13:44:26
2026-04-30,ロフト,ロフト0368,（不明）,ビューティアップナイトブラ ブラックM,3,8940,2026-04,2026-05-18 13:44:26
2026-04-30,ロフト,ロフト0368,（不明）,ビューティアップナイトブラ ブラックL,2,5960,2026-04,2026-05-18 13:44:26
2026-04-30,ロフト,ロフト0368,ラフドット,ラフドットインティメイトウォッシュ SB,17,60894,2026-04,2026-05-18 13:44:26
2026-04-30,ロフト,ロフト0368,（不明）,ラフインティメイトフレッシュミスト SB,3,9396,2026-04,2026-05-18 13:44:26
2026-04-30,ロフト,ロフト0368,（不明）,ビューティアップナイトブラ BグレーM,1,2980,2026-04,2026-05-18 13:44:26
2026-04-30,ロフト,ロフト0368,（不明）,ビューティアップナイトブラ BグレーL,1,2980,2026-04,2026-05-18 13:44:26
2026-04-30,ロフト,ロフト0368,ラフドット,ラフドットインティメイトウォッシュ PM,20,71640,2026-04,2026-05-18 13:44:26
2026-04-30,ロフト,ロフト0368,レチスパ,レチスパ クリームシャンプー,1,3200,2026-04,2026-05-18 13:44:26
2026-04-30,ロフト,ロフト0368,レチスパ,レチスパ 頭皮用美容液,3,7500,2026-04,2026-05-18 13:44:26
2026-04-30,ロフト,ロフト0368,（不明）,ベルミス スリムレギンス M-L,1,3990,2026-04,2026-05-18 13:44:26
2026-04-30,ロフト,ロフト0368,（不明）,ベルミス スリムレギンス L-LL,1,3990,2026-04,2026-05-18 13:44:26
2026-04-30,ロフト,ロフト0368,（不明）,ベルミス カラープラスBK M,2,9072,2026-04,2026-05-18 13:44:26
2026-04-30,ロフト,ロフト0368,（不明）,ベルミス カラープラスBK L,1,4536,2026-04,2026-05-18 13:44:26
2026-04-30,ロフト,ロフト0368,ラフドット,ラフドット 薬用ホワイトセラム,1,3236,2026-04,2026-05-18 13:44:26
2026-04-30,ロフト,ロフト0368,ラフドット,ラフドット ヘアリムーバー,2,6800,2026-04,2026-05-18 13:44:26
2026-04-30,ロフト,ロフト0368,ラフドット,ラフドットインティメイトウォッシュ MV,7,25074,2026-04,2026-05-18 13:44:26
2026-04-30,ロフト,ロフト0368,ラフドット,ラフドットインティメイトミスト MV,3,9396,2026-04,2026-05-18 13:44:26
2026-04-30,ロフト,ロフト0368,バイワンシー,バイワンシー モイストブースターホイップ,1,2200,2026-04,2026-05-18 13:44:26
2026-04-30,ロフト,ロフト0368,（不明）,ベルミス スリムフルレッグ M-L,1,4718,2026-04,2026-05-18 13:44:26
2026-04-30,ロフト,ロフト0368,（不明）,スリムレギンス Premium Lv3,1,5445,2026-04,2026-05-18 13:44:26
2026-04-30,ロフト,ロフト0368,（不明）,wolg BBクリーム ナチュラル,5,13545,2026-04,2026-05-18 13:44:26
2026-04-30,ロフト,ロフト0368,バイワンシー,バイワンシー ピュア・アミノシャンプー,3,8100,2026-04,2026-05-18 13:44:26
2026-04-30,ロフト,ロフト0368,バイワンシー,バイワンシー ヒートケア・トリートメント,3,8100,2026-04,2026-05-18 13:44:26
2026-04-30,ロフト,ロフト0368,バイワンシー,バイワンシー スムース・リペアエッセンス,5,13500,2026-04,2026-05-18 13:44:26
2026-04-30,ロフト,ロフト0368,（不明）,ekam アドバンスドジェル,1,2709,2026-04,2026-05-18 13:44:26
2026-04-30,ロフト,ロフト0368,（不明）,ヒノキフットピーリングマスク,2,1440,2026-04,2026-05-18 13:44:26
2026-04-30,ロフト,ロフト0368,（不明）,フットピーリングダブルエッセンスマスク,4,3000,2026-04,2026-05-18 13:44:26
2026-04-30,ロフト,ロフト0368,（不明）,かかと集中ピーリングマスク,3,1740,2026-04,2026-05-18 13:44:26
2026-04-30,ロフト,ロフト0368,（不明）,Vイフェクトコラーゲンラップマスク,1,2600,2026-04,2026-05-18 13:44:26
2026-04-30,ロフト,ロフト0368,（不明）,かかとソフトパッチ,1,750,2026-04,2026-05-18 13:44:26
2026-04-30,ロフト,ロフト0368,（不明）,ティーブレスボディローションアールグレイ,1,1500,2026-04,2026-05-18 13:44:26
2026-04-30,ロフト,ロフト0368,（不明）,ティーブレスボディローショングリーン,1,1500,2026-04,2026-05-18 13:44:26
2026-04-30,ロフト,ロフト0368,（不明）,ティーブレスボディローションローズティー,1,1500,2026-04,2026-05-18 13:44:26
2026-04-30,ロフト,ロフト0369,（不明）,イオセラム シャンプー 200,1,2000,2026-04,2026-05-18 13:44:26
2026-04-30,ロフト,ロフト0369,（不明）,イオ シャンプー リラックスメント200,3,4800,2026-04,2026-05-18 13:44:26
2026-04-30,ロフト,ロフト0369,（不明）,イオ クリーム シルキーリペア 200,1,1600,2026-04,2026-05-18 13:44:26
2026-04-30,ロフト,ロフト0369,（不明）,イオ クリーム メルトリペア 200,4,6400,2026-04,2026-05-18 13:44:26
2026-04-30,ロフト,ロフト0369,（不明）,イオセラム シャンプー 200,2,4000,2026-04,2026-05-18 13:44:26
2026-04-30,ロフト,ロフト0369,（不明）,イオセラム クリーム 200,7,14000,2026-04,2026-05-18 13:44:26
2026-04-30,ロフト,ロフト0369,（不明）,トリエ スプレー10 170,3,4800,2026-04,2026-05-18 13:44:26
2026-04-30,ロフト,ロフト0369,ラフドット,ラフドットインティメイトウォッシュ SB,9,32238,2026-04,2026-05-18 13:44:26
2026-04-30,ロフト,ロフト0369,（不明）,ラフインティメイトフレッシュミスト SB,1,3132,2026-04,2026-05-18 13:44:26
2026-04-30,ロフト,ロフト0369,ラフドット,ラフドットインティメイトウォッシュ PM,5,17910,2026-04,2026-05-18 13:44:26
2026-04-30,ロフト,ロフト0369,ラフドット,ラフドットインティメイトウォッシュ AL,1,3582,2026-04,2026-05-18 13:44:26
2026-04-30,ロフト,ロフト0369,レチスパ,レチスパ ヘアオイル,3,7200,2026-04,2026-05-18 13:44:26
2026-04-30,ロフト,ロフト0369,（不明）,ベルミス カラープラスBK M,2,9072,2026-04,2026-05-18 13:44:26
2026-04-30,ロフト,ロフト0369,ラフドット,ラフドットインティメイトウォッシュ MV,3,10746,2026-04,2026-05-18 13:44:26
2026-04-30,ロフト,ロフト0369,ラフドット,ラフドットインティメイトミスト MV,1,3132,2026-04,2026-05-18 13:44:26
2026-04-30,ロフト,ロフト0369,バイワンシー,バイワンシー モイストブースターホイップ,1,2200,2026-04,2026-05-18 13:44:26
2026-04-30,ロフト,ロフト0369,（不明）,スリムレギンス Premium Lv3,1,5445,2026-04,2026-05-18 13:44:26
2026-04-30,ロフト,ロフト0369,（不明）,スリムフルレッグ クールプラス L-LL,1,4718,2026-04,2026-05-18 13:44:26
2026-04-30,ロフト,ロフト0369,（不明）,インシトゥ ハーブラピール,1,2400,2026-04,2026-05-18 13:44:26
2026-04-30,ロフト,ロフト0369,（不明）,wolg BBクリーム ナチュラル,2,5418,2026-04,2026-05-18 13:44:26
2026-04-30,ロフト,ロフト0369,（不明）,ekam アドバンスドジェル,2,5418,2026-04,2026-05-18 13:44:26
2026-04-30,ロフト,ロフト0369,（不明）,ヒノキフットピーリングマスク,1,720,2026-04,2026-05-18 13:44:26
2026-04-30,ロフト,ロフト0369,（不明）,フットピーリングダブルエッセンスマスク,1,750,2026-04,2026-05-18 13:44:26
2026-04-30,ロフト,ロフト0370,（不明）,イオ シャンプー クリアメント200,2,3200,2026-04,2026-05-18 13:44:26
2026-04-30,ロフト,ロフト0370,（不明）,イオ エッセンス モイスト,1,2000,2026-04,2026-05-18 13:44:26
2026-04-30,ロフト,ロフト0370,（不明）,イオ エッセンス スリーク,4,8000,2026-04,2026-05-18 13:44:26
2026-04-30,ロフト,ロフト0370,（不明）,イオセラム オイル 100,2,4800,2026-04,2026-05-18 13:44:26
2026-04-30,ロフト,ロフト0370,ラフドット,ラフドットインティメイトウォッシュ SB,6,21492,2026-04,2026-05-18 13:44:26
2026-04-30,ロフト,ロフト0370,（不明）,ラフインティメイトフレッシュミスト SB,1,3132,2026-04,2026-05-18 13:44:26
2026-04-30,ロフト,ロフト0370,ラフドット,ラフドットインティメイトウォッシュ PM,12,42984,2026-04,2026-05-18 13:44:26
2026-04-30,ロフト,ロフト0370,レチスパ,レチスパ クリームシャンプー,1,3200,2026-04,2026-05-18 13:44:26
2026-04-30,ロフト,ロフト0370,レチスパ,レチスパ クリームシャンプーサシェ,5,1000,2026-04,2026-05-18 13:44:26
2026-04-30,ロフト,ロフト0370,レチスパ,レチスパ 頭皮用美容液,1,2500,2026-04,2026-05-18 13:44:26
2026-04-30,ロフト,ロフト0370,（不明）,ベルミス スリムレギンス M-L,3,11970,2026-04,2026-05-18 13:44:26
2026-04-30,ロフト,ロフト0370,（不明）,ベルミス スリムレギンス L-LL,1,3990,2026-04,2026-05-18 13:44:26
2026-04-30,ロフト,ロフト0370,（不明）,ベルミス カラープラスAGY M,1,4536,2026-04,2026-05-18 13:44:26
2026-04-30,ロフト,ロフト0370,（不明）,ベルミス カラープラスBK L,2,9072,2026-04,2026-05-18 13:44:26
2026-04-30,ロフト,ロフト0370,ラフドット,ラフドット 薬用ホワイトセラム,2,6472,2026-04,2026-05-18 13:44:26
2026-04-30,ロフト,ロフト0370,ラフドット,ラフドットインティメイトウォッシュ MV,7,25074,2026-04,2026-05-18 13:44:26
2026-04-30,ロフト,ロフト0370,（不明）,リムーブレギンスEB L-LL,1,11182,2026-04,2026-05-18 13:44:26
2026-04-30,ロフト,ロフト0370,（不明）,スリムレギンス Premium Lv2,1,5445,2026-04,2026-05-18 13:44:26
2026-04-30,ロフト,ロフト0370,（不明）,スリムフルレッグ クールプラス M-L,1,4718,2026-04,2026-05-18 13:44:26
2026-04-30,ロフト,ロフト0370,（不明）,wolg BBクリーム ナチュラル,2,5418,2026-04,2026-05-18 13:44:26
2026-04-30,ロフト,ロフト0370,バイワンシー,バイワンシー ピュア・アミノシャンプー,2,5400,2026-04,2026-05-18 13:44:26
2026-04-30,ロフト,ロフト0370,バイワンシー,バイワンシー ヒートケア・トリートメント,1,2700,2026-04,2026-05-18 13:44:26
2026-04-30,ロフト,ロフト0370,バイワンシー,バイワンシー スムース・リペアエッセンス,2,5400,2026-04,2026-05-18 13:44:26
2026-04-30,ロフト,ロフト0370,（不明）,ekam アドバンスドジェル,5,13545,2026-04,2026-05-18 13:44:26
2026-04-30,ロフト,ロフト0370,（不明）,ekam ホイップ洗顔,1,1800,2026-04,2026-05-18 13:44:26
2026-04-30,ロフト,ロフト0371,（不明）,イオ エッセンス モイスト,1,2000,2026-04,2026-05-18 13:44:26
2026-04-30,ロフト,ロフト0371,（不明）,イオセラム シャンプー 200,1,2000,2026-04,2026-05-18 13:44:26
2026-04-30,ロフト,ロフト0371,（不明）,イオ クリーム シルキーリペア 200,4,6400,2026-04,2026-05-18 13:44:26
2026-04-30,ロフト,ロフト0371,（不明）,トリエ スプレー10 170,1,1600,2026-04,2026-05-18 13:44:26
2026-04-30,ロフト,ロフト0371,ラフドット,ラフドットインティメイトウォッシュ SB,1,3582,2026-04,2026-05-18 13:44:26
2026-04-30,ロフト,ロフト0371,ラフドット,ラフドットインティメイトウォッシュ PM,6,21492,2026-04,2026-05-18 13:44:26
2026-04-30,ロフト,ロフト0371,（不明）,ラフインティメイトフレッシュミスト PM,2,6264,2026-04,2026-05-18 13:44:26
2026-04-30,ロフト,ロフト0371,ラフドット,ラフドットインティメイトウォッシュ AL,1,3582,2026-04,2026-05-18 13:44:26
2026-04-30,ロフト,ロフト0371,レチスパ,レチスパ クリームシャンプー,1,3200,2026-04,2026-05-18 13:44:26
2026-04-30,ロフト,ロフト0371,レチスパ,レチスパ クリームシャンプーサシェ,3,600,2026-04,2026-05-18 13:44:26
2026-04-30,ロフト,ロフト0371,ラフドット,ラフドットインティメイトウォッシュ MV,2,7164,2026-04,2026-05-18 13:44:26
2026-04-30,ロフト,ロフト0372,（不明）,イオ シャンプー リラックスメント200,1,1600,2026-04,2026-05-18 13:44:26
2026-04-30,ロフト,ロフト0372,（不明）,トリエ スプレー10 170,8,12800,2026-04,2026-05-18 13:44:26
2026-04-30,ロフト,ロフト0372,ラフドット,ラフドットインティメイトウォッシュ SB,7,25074,2026-04,2026-05-18 13:44:26
2026-04-30,ロフト,ロフト0372,（不明）,ラフインティメイトフレッシュミスト SB,3,9396,2026-04,2026-05-18 13:44:26
2026-04-30,ロフト,ロフト0372,ラフドット,ラフドットインティメイトウォッシュ PM,15,53730,2026-04,2026-05-18 13:44:26
2026-04-30,ロフト,ロフト0372,（不明）,ラフインティメイトフレッシュミスト PM,5,15660,2026-04,2026-05-18 13:44:26
2026-04-30,ロフト,ロフト0372,ラフドット,ラフドットインティメイトウォッシュ AL,2,7164,2026-04,2026-05-18 13:44:26
2026-04-30,ロフト,ロフト0372,レチスパ,レチスパ クリームシャンプー,2,6400,2026-04,2026-05-18 13:44:26
2026-04-30,ロフト,ロフト0372,レチスパ,レチスパ クリームシャンプーサシェ,11,2200,2026-04,2026-05-18 13:44:26
2026-04-30,ロフト,ロフト0372,レチスパ,レチスパ ヘアオイル,2,4800,2026-04,2026-05-18 13:44:26
2026-04-30,ロフト,ロフト0372,レチスパ,レチスパ 頭皮用美容液,1,2500,2026-04,2026-05-18 13:44:26
2026-04-30,ロフト,ロフト0372,（不明）,ベルミス スリムレギンス M-L,2,7980,2026-04,2026-05-18 13:44:26
2026-04-30,ロフト,ロフト0372,（不明）,ベルミス カラープラスBK L,2,9072,2026-04,2026-05-18 13:44:26
2026-04-30,ロフト,ロフト0372,ラフドット,ラフドット 薬用ホワイトセラム,3,9708,2026-04,2026-05-18 13:44:26
2026-04-30,ロフト,ロフト0372,ラフドット,ラフドットインティメイトウォッシュ MV,4,14328,2026-04,2026-05-18 13:44:26
2026-04-30,ロフト,ロフト0372,バイワンシー,バイワンシー モイストブースターホイップ,2,4400,2026-04,2026-05-18 13:44:26
2026-04-30,ロフト,ロフト0372,（不明）,スリムレギンス Premium Lv3,1,5445,2026-04,2026-05-18 13:44:26
2026-04-30,ロフト,ロフト0372,（不明）,wolg BBクリーム ナチュラル,2,5418,2026-04,2026-05-18 13:44:26
2026-04-30,ロフト,ロフト0372,バイワンシー,バイワンシー スムース・リペアエッセンス,4,10800,2026-04,2026-05-18 13:44:26
2026-04-30,ロフト,ロフト0373,（不明）,イオセラム クリーム 200,1,2000,2026-04,2026-05-18 13:44:26
2026-04-30,ロフト,ロフト0373,ラフドット,ラフドットインティメイトウォッシュ SB,7,25074,2026-04,2026-05-18 13:44:26
2026-04-30,ロフト,ロフト0373,ラフドット,ラフドットインティメイトウォッシュ PM,2,7164,2026-04,2026-05-18 13:44:26
2026-04-30,ロフト,ロフト0373,（不明）,ラフインティメイトフレッシュミスト PM,1,3132,2026-04,2026-05-18 13:44:26
2026-04-30,ロフト,ロフト0373,（不明）,ラフインティメイトフレッシュミスト AL,1,3132,2026-04,2026-05-18 13:44:26
2026-04-30,ロフト,ロフト0373,レチスパ,レチスパ クリームシャンプー,1,3200,2026-04,2026-05-18 13:44:26
2026-04-30,ロフト,ロフト0373,レチスパ,レチスパ 頭皮用美容液,2,5000,2026-04,2026-05-18 13:44:26
2026-04-30,ロフト,ロフト0373,ラフドット,ラフドットインティメイトウォッシュ MV,1,3582,2026-04,2026-05-18 13:44:26
2026-04-30,ロフト,ロフト0373,バイワンシー,バイワンシー モイストブースターホイップ,1,2200,2026-04,2026-05-18 13:44:26
2026-04-30,ロフト,ロフト0373,（不明）,スリムフルレッグ クールプラス M-L,1,4718,2026-04,2026-05-18 13:44:26
2026-04-30,ロフト,ロフト0373,バイワンシー,バイワンシー ピュア・アミノシャンプー,1,2700,2026-04,2026-05-18 13:44:26
2026-04-30,ロフト,ロフト0373,バイワンシー,バイワンシー ヒートケア・トリートメント,2,5400,2026-04,2026-05-18 13:44:26
2026-04-30,ロフト,ロフト0373,（不明）,ekam アドバンスドジェル,3,8127,2026-04,2026-05-18 13:44:26
2026-04-30,ロフト,ロフト0373,（不明）,ekam ホイップ洗顔,1,1800,2026-04,2026-05-18 13:44:26
2026-04-30,ロフト,ロフト0374,（不明）,イオ シャンプー クリアメント200,1,1600,2026-04,2026-05-18 13:44:26
2026-04-30,ロフト,ロフト0374,（不明）,イオ シャンプー リラックスメント200,4,6400,2026-04,2026-05-18 13:44:26
2026-04-30,ロフト,ロフト0374,（不明）,イオ エッセンス スリーク,1,2000,2026-04,2026-05-18 13:44:26
2026-04-30,ロフト,ロフト0374,（不明）,イオ クリーム シルキーリペア 200,9,14400,2026-04,2026-05-18 13:44:26
2026-04-30,ロフト,ロフト0374,（不明）,イオ クリーム メルトリペア 200,5,8000,2026-04,2026-05-18 13:44:26
2026-04-30,ロフト,ロフト0374,（不明）,イオセラム クリーム 200,1,2000,2026-04,2026-05-18 13:44:26
2026-04-30,ロフト,ロフト0374,（不明）,イオセラム オイル 100,2,4800,2026-04,2026-05-18 13:44:26
2026-04-30,ロフト,ロフト0374,（不明）,ルベル ウィズ RP 140,1,1000,2026-04,2026-05-18 13:44:26
2026-04-30,ロフト,ロフト0374,（不明）,トリエ スプレー10 170,1,1600,2026-04,2026-05-18 13:44:26
2026-04-30,ロフト,ロフト0374,（不明）,ビューティアップナイトブラ ブラックM,1,2980,2026-04,2026-05-18 13:44:26
2026-04-30,ロフト,ロフト0374,（不明）,ビューティアップナイトブラ ブラックL,3,8940,2026-04,2026-05-18 13:44:26
2026-04-30,ロフト,ロフト0374,ラフドット,ラフドットインティメイトウォッシュ SB,9,32238,2026-04,2026-05-18 13:44:26
2026-04-30,ロフト,ロフト0374,（不明）,ビューティアップナイトブラ BグレーM,1,2980,2026-04,2026-05-18 13:44:26
2026-04-30,ロフト,ロフト0374,（不明）,ビューティアップナイトブラ BグレーL,2,5960,2026-04,2026-05-18 13:44:26
2026-04-30,ロフト,ロフト0374,ラフドット,ラフドットインティメイトウォッシュ PM,14,50148,2026-04,2026-05-18 13:44:26
2026-04-30,ロフト,ロフト0374,（不明）,ラフインティメイトフレッシュミスト PM,2,6264,2026-04,2026-05-18 13:44:26
2026-04-30,ロフト,ロフト0374,レチスパ,レチスパ クリームシャンプー,2,6400,2026-04,2026-05-18 13:44:26
2026-04-30,ロフト,ロフト0374,レチスパ,レチスパ クリームシャンプーサシェ,6,1200,2026-04,2026-05-18 13:44:26
2026-04-30,ロフト,ロフト0374,レチスパ,レチスパ ヘアオイル,4,9600,2026-04,2026-05-18 13:44:26
2026-04-30,ロフト,ロフト0374,レチスパ,レチスパ 頭皮用美容液,6,15000,2026-04,2026-05-18 13:44:26
2026-04-30,ロフト,ロフト0374,（不明）,ベルミス スリムレギンス M-L,4,15960,2026-04,2026-05-18 13:44:26
2026-04-30,ロフト,ロフト0374,（不明）,ベルミス スリムレギンス L-LL,1,3990,2026-04,2026-05-18 13:44:26
2026-04-30,ロフト,ロフト0374,（不明）,ベルミス カラープラスBK M,2,9072,2026-04,2026-05-18 13:44:26
2026-04-30,ロフト,ロフト0374,（不明）,ベルミス カラープラスBK L,1,4536,2026-04,2026-05-18 13:44:26
2026-04-30,ロフト,ロフト0374,（不明）,ベルミス カラープラスAGY L,1,4536,2026-04,2026-05-18 13:44:26
2026-04-30,ロフト,ロフト0374,ラフドット,ラフドット ヘアリムーバー,3,10200,2026-04,2026-05-18 13:44:26
2026-04-30,ロフト,ロフト0374,ラフドット,ラフドットインティメイトウォッシュ MV,2,7164,2026-04,2026-05-18 13:44:26
2026-04-30,ロフト,ロフト0374,バイワンシー,バイワンシー モイストブースターホイップ,2,4400,2026-04,2026-05-18 13:44:26
2026-04-30,ロフト,ロフト0374,（不明）,リムーブレギンスEB L-LL,1,11182,2026-04,2026-05-18 13:44:26
2026-04-30,ロフト,ロフト0374,（不明）,スリムレギンス Premium Lv2,1,5445,2026-04,2026-05-18 13:44:26
2026-04-30,ロフト,ロフト0374,（不明）,スリムレギンス Premium Lv3,1,5445,2026-04,2026-05-18 13:44:26
2026-04-30,ロフト,ロフト0374,（不明）,スリムフルレッグ クールプラス L-LL,1,4718,2026-04,2026-05-18 13:44:26
2026-04-30,ロフト,ロフト0374,（不明）,インシトゥ ハーブラピール,2,4800,2026-04,2026-05-18 13:44:26
2026-04-30,ロフト,ロフト0374,（不明）,wolg BBクリーム ナチュラル,3,8127,2026-04,2026-05-18 13:44:26
2026-04-30,ロフト,ロフト0374,バイワンシー,バイワンシー ピュア・アミノシャンプー,2,5400,2026-04,2026-05-18 13:44:26
2026-04-30,ロフト,ロフト0374,バイワンシー,バイワンシー ヒートケア・トリートメント,3,8100,2026-04,2026-05-18 13:44:26
2026-04-30,ロフト,ロフト0374,バイワンシー,バイワンシー スムース・リペアエッセンス,3,8100,2026-04,2026-05-18 13:44:26
2026-04-30,ロフト,ロフト0374,バイワンシー,バイワンシー スムースリペアESサシェ,6,1620,2026-04,2026-05-18 13:44:26
2026-04-30,ロフト,ロフト0374,バイワンシー,バイワンシー SP&TRサシェ,14,3780,2026-04,2026-05-18 13:44:26
2026-04-30,ロフト,ロフト0374,（不明）,ekam アドバンスドジェル,5,13545,2026-04,2026-05-18 13:44:26
2026-04-30,ロフト,ロフト0374,（不明）,ekam アドバンスドセラム,1,3164,2026-04,2026-05-18 13:44:26
2026-04-30,ロフト,ロフト0374,（不明）,ekam ホイップ洗顔,2,3600,2026-04,2026-05-18 13:44:26
2026-04-30,ロフト,ロフト0374,（不明）,ティーブレスボディローショングリーン,3,4500,2026-04,2026-05-18 13:44:26
2026-04-30,ロフト,ロフト0374,（不明）,ティーブレスボディローションローズティー,3,4500,2026-04,2026-05-18 13:44:26
2026-04-30,ロフト,ロフト0375,（不明）,イオ シャンプー クリアメント200,2,3200,2026-04,2026-05-18 13:44:26
2026-04-30,ロフト,ロフト0375,（不明）,イオ エッセンス モイスト,1,2000,2026-04,2026-05-18 13:44:26
2026-04-30,ロフト,ロフト0375,（不明）,ルベル ウィズ EP 140,2,2400,2026-04,2026-05-18 13:44:26
2026-04-30,ロフト,ロフト0375,（不明）,イオセラム シャンプー 200,2,4000,2026-04,2026-05-18 13:44:26
2026-04-30,ロフト,ロフト0375,（不明）,トリエ スプレー10 170,4,6400,2026-04,2026-05-18 13:44:26
2026-04-30,ロフト,ロフト0375,ラフドット,ラフドットインティメイトウォッシュ SB,11,39402,2026-04,2026-05-18 13:44:26
2026-04-30,ロフト,ロフト0375,（不明）,ラフインティメイトフレッシュミスト SB,1,3132,2026-04,2026-05-18 13:44:26
2026-04-30,ロフト,ロフト0375,ラフドット,ラフドットインティメイトウォッシュ PM,3,10746,2026-04,2026-05-18 13:44:26
2026-04-30,ロフト,ロフト0375,ラフドット,ラフドットインティメイトウォッシュ AL,1,3582,2026-04,2026-05-18 13:44:26
2026-04-30,ロフト,ロフト0375,ラフドット,ラフドット 薬用ホワイトセラム,3,9708,2026-04,2026-05-18 13:44:26
2026-04-30,ロフト,ロフト0375,ラフドット,ラフドット ヘアリムーバー,6,20400,2026-04,2026-05-18 13:44:26
2026-04-30,ロフト,ロフト0375,ラフドット,ラフドットインティメイトウォッシュ MV,5,17910,2026-04,2026-05-18 13:44:26
2026-04-30,ロフト,ロフト0375,ラフドット,ラフドットインティメイトミスト MV,3,9396,2026-04,2026-05-18 13:44:26
2026-04-30,ロフト,ロフト0375,（不明）,ベルミス スリムフルレッグLーLL,1,4718,2026-04,2026-05-18 13:44:26
2026-04-30,ロフト,ロフト0375,（不明）,スリムフルレッグ クールプラス L-LL,1,4718,2026-04,2026-05-18 13:44:26
2026-04-30,ロフト,ロフト0376,（不明）,イオ シャンプー クリアメント200,2,3200,2026-04,2026-05-18 13:44:26
2026-04-30,ロフト,ロフト0376,（不明）,イオ シャンプー リラックスメント200,2,3200,2026-04,2026-05-18 13:44:26
2026-04-30,ロフト,ロフト0376,ラフドット,ラフドットインティメイトウォッシュ SB,8,28656,2026-04,2026-05-18 13:44:26
2026-04-30,ロフト,ロフト0376,（不明）,ラフインティメイトフレッシュミスト SB,2,6264,2026-04,2026-05-18 13:44:26
2026-04-30,ロフト,ロフト0376,ラフドット,ラフドットインティメイトウォッシュ PM,13,46566,2026-04,2026-05-18 13:44:26
2026-04-30,ロフト,ロフト0376,（不明）,ラフインティメイトフレッシュミスト PM,3,9396,2026-04,2026-05-18 13:44:26
2026-04-30,ロフト,ロフト0376,レチスパ,レチスパ クリームシャンプー,2,6400,2026-04,2026-05-18 13:44:26
2026-04-30,ロフト,ロフト0376,レチスパ,レチスパ クリームシャンプーサシェ,13,2600,2026-04,2026-05-18 13:44:26
2026-04-30,ロフト,ロフト0376,ラフドット,ラフドット 薬用ホワイトセラム,5,16180,2026-04,2026-05-18 13:44:26
2026-04-30,ロフト,ロフト0376,ラフドット,ラフドットインティメイトウォッシュ MV,7,25074,2026-04,2026-05-18 13:44:26
2026-04-30,ロフト,ロフト0376,ラフドット,ラフドットインティメイトミスト MV,2,6264,2026-04,2026-05-18 13:44:26
2026-04-30,ロフト,ロフト0376,バイワンシー,バイワンシー モイストブースターホイップ,1,2200,2026-04,2026-05-18 13:44:26
2026-04-30,ロフト,ロフト0376,（不明）,スリムレギンス Premium Lv3,1,5445,2026-04,2026-05-18 13:44:26
2026-04-30,ロフト,ロフト0376,（不明）,スリムフルレッグ クールプラス M-L,1,4718,2026-04,2026-05-18 13:44:26
2026-04-30,ロフト,ロフト0376,（不明）,wolg BBクリーム ナチュラル,3,8127,2026-04,2026-05-18 13:44:26
2026-04-30,ロフト,ロフト0376,バイワンシー,バイワンシー ピュア・アミノシャンプー,2,5400,2026-04,2026-05-18 13:44:26
2026-04-30,ロフト,ロフト0376,バイワンシー,バイワンシー ヒートケア・トリートメント,4,10800,2026-04,2026-05-18 13:44:26
2026-04-30,ロフト,ロフト0376,バイワンシー,バイワンシー スムース・リペアエッセンス,3,8100,2026-04,2026-05-18 13:44:26
2026-04-30,ロフト,ロフト0377,（不明）,イオ クリーム シルキーリペア 200,1,1600,2026-04,2026-05-18 13:44:26
2026-04-30,ロフト,ロフト0377,（不明）,イオ クリーム メルトリペア 200,3,4800,2026-04,2026-05-18 13:44:26
2026-04-30,ロフト,ロフト0377,（不明）,ルベル ウィズ RP 140,1,1000,2026-04,2026-05-18 13:44:26
2026-04-30,ロフト,ロフト0377,（不明）,トリエ スプレー10 170,2,3200,2026-04,2026-05-18 13:44:26
2026-04-30,ロフト,ロフト0377,ラフドット,ラフドットインティメイトウォッシュ SB,7,25074,2026-04,2026-05-18 13:44:26
2026-04-30,ロフト,ロフト0377,（不明）,ラフインティメイトフレッシュミスト SB,2,6264,2026-04,2026-05-18 13:44:26
2026-04-30,ロフト,ロフト0377,ラフドット,ラフドットインティメイトウォッシュ PM,3,10746,2026-04,2026-05-18 13:44:26
2026-04-30,ロフト,ロフト0377,ラフドット,ラフドットインティメイトウォッシュ AL,1,3582,2026-04,2026-05-18 13:44:26
2026-04-30,ロフト,ロフト0377,ラフドット,ラフドットインティメイトウォッシュ MV,1,3582,2026-04,2026-05-18 13:44:26
2026-04-30,ロフト,ロフト0377,バイワンシー,バイワンシー モイストブースターホイップ,1,2200,2026-04,2026-05-18 13:44:26
2026-04-30,ロフト,ロフト0377,（不明）,スリムレギンス Premium Lv2,1,5445,2026-04,2026-05-18 13:44:26
2026-04-30,ロフト,ロフト0377,（不明）,スリムレギンス Premium Lv3,2,10890,2026-04,2026-05-18 13:44:26
2026-04-30,ロフト,ロフト0377,バイワンシー,バイワンシー ヒートケア・トリートメント,1,2700,2026-04,2026-05-18 13:44:26
2026-04-30,ロフト,ロフト0377,バイワンシー,バイワンシー スムース・リペアエッセンス,3,8100,2026-04,2026-05-18 13:44:26
2026-04-30,ロフト,ロフト0377,バイワンシー,バイワンシー スムースリペアESサシェ,4,1080,2026-04,2026-05-18 13:44:26
2026-04-30,ロフト,ロフト0377,バイワンシー,バイワンシー SP&TRサシェ,10,2700,2026-04,2026-05-18 13:44:26
2026-04-30,ロフト,ロフト0378,（不明）,イオ シャンプー クリアメント200,1,1600,2026-04,2026-05-18 13:44:26
2026-04-30,ロフト,ロフト0378,（不明）,イオ シャンプー リラックスメント200,4,6400,2026-04,2026-05-18 13:44:26
2026-04-30,ロフト,ロフト0378,（不明）,イオ クリーム メルトリペア 200,2,3200,2026-04,2026-05-18 13:44:26
2026-04-30,ロフト,ロフト0378,（不明）,トリエ スプレー10 170,19,30400,2026-04,2026-05-18 13:44:26
2026-04-30,ロフト,ロフト0378,ラフドット,ラフドットインティメイトウォッシュ SB,10,35820,2026-04,2026-05-18 13:44:26
2026-04-30,ロフト,ロフト0378,（不明）,ラフインティメイトフレッシュミスト SB,1,3132,2026-04,2026-05-18 13:44:26
2026-04-30,ロフト,ロフト0378,ラフドット,ラフドットインティメイトウォッシュ PM,8,28656,2026-04,2026-05-18 13:44:26
2026-04-30,ロフト,ロフト0378,（不明）,ラフインティメイトフレッシュミスト PM,1,3132,2026-04,2026-05-18 13:44:26
2026-04-30,ロフト,ロフト0378,ラフドット,ラフドットインティメイトウォッシュ AL,1,3582,2026-04,2026-05-18 13:44:26
2026-04-30,ロフト,ロフト0378,レチスパ,レチスパ クリームシャンプー,1,3200,2026-04,2026-05-18 13:44:26
2026-04-30,ロフト,ロフト0378,レチスパ,レチスパ クリームシャンプーサシェ,10,2000,2026-04,2026-05-18 13:44:26
2026-04-30,ロフト,ロフト0378,レチスパ,レチスパ 頭皮用美容液,3,7500,2026-04,2026-05-18 13:44:26
2026-04-30,ロフト,ロフト0378,（不明）,ベルミス スリムレギンス M-L,4,15960,2026-04,2026-05-18 13:44:26
2026-04-30,ロフト,ロフト0378,（不明）,ベルミス カラープラスAGY L,1,4536,2026-04,2026-05-18 13:44:26
2026-04-30,ロフト,ロフト0378,ラフドット,ラフドットインティメイトウォッシュ MV,4,14328,2026-04,2026-05-18 13:44:26
2026-04-30,ロフト,ロフト0378,（不明）,スリムレギンス Premium Lv2,2,10890,2026-04,2026-05-18 13:44:26
2026-04-30,ロフト,ロフト0378,（不明）,スリムレギンス Premium Lv3,3,16335,2026-04,2026-05-18 13:44:26
2026-04-30,ロフト,ロフト0378,（不明）,スリムフルレッグ クールプラス L-LL,1,4718,2026-04,2026-05-18 13:44:26
2026-04-30,ロフト,ロフト0378,（不明）,ekam アドバンスドジェル,2,5418,2026-04,2026-05-18 13:44:26
2026-04-30,ロフト,ロフト0379,（不明）,イオ エッセンス スリーク,1,2000,2026-04,2026-05-18 13:44:26
2026-04-30,ロフト,ロフト0379,（不明）,イオ クリーム シルキーリペア 200,2,3200,2026-04,2026-05-18 13:44:26
2026-04-30,ロフト,ロフト0379,（不明）,トリエ スプレー10 170,2,3200,2026-04,2026-05-18 13:44:26
2026-04-30,ロフト,ロフト0379,ラフドット,ラフドットインティメイトウォッシュ SB,4,14328,2026-04,2026-05-18 13:44:26
2026-04-30,ロフト,ロフト0379,ラフドット,ラフドットインティメイトウォッシュ PM,3,10746,2026-04,2026-05-18 13:44:26
2026-04-30,ロフト,ロフト0379,（不明）,ラフインティメイトフレッシュミスト PM,1,3132,2026-04,2026-05-18 13:44:26
2026-04-30,ロフト,ロフト0379,レチスパ,レチスパ クリームシャンプー,1,3200,2026-04,2026-05-18 13:44:26
2026-04-30,ロフト,ロフト0379,レチスパ,レチスパ クリームシャンプーサシェ,2,400,2026-04,2026-05-18 13:44:26
2026-04-30,ロフト,ロフト0379,レチスパ,レチスパ 頭皮用美容液,1,2500,2026-04,2026-05-18 13:44:26
2026-04-30,ロフト,ロフト0379,（不明）,ベルミス スリムレギンス M-L,3,11970,2026-04,2026-05-18 13:44:26
2026-04-30,ロフト,ロフト0379,（不明）,ベルミス カラープラスBK L,1,4536,2026-04,2026-05-18 13:44:26
2026-04-30,ロフト,ロフト0379,ラフドット,ラフドットインティメイトウォッシュ MV,1,3582,2026-04,2026-05-18 13:44:26
2026-04-30,ロフト,ロフト0379,（不明）,スリムレギンス Premium Lv2,1,5445,2026-04,2026-05-18 13:44:26
2026-04-30,ロフト,ロフト0380,（不明）,イオ エッセンス モイスト,1,2000,2026-04,2026-05-18 13:44:26
2026-04-30,ロフト,ロフト0380,（不明）,イオ クリーム メルトリペア 200,3,4800,2026-04,2026-05-18 13:44:26
2026-04-30,ロフト,ロフト0380,（不明）,イオセラム オイル 100,1,2400,2026-04,2026-05-18 13:44:26
2026-04-30,ロフト,ロフト0380,ラフドット,ラフドットインティメイトウォッシュ SB,7,25074,2026-04,2026-05-18 13:44:26
2026-04-30,ロフト,ロフト0380,（不明）,ラフインティメイトフレッシュミスト SB,1,3132,2026-04,2026-05-18 13:44:26
2026-04-30,ロフト,ロフト0380,ラフドット,ラフドットインティメイトウォッシュ PM,8,28656,2026-04,2026-05-18 13:44:26
2026-04-30,ロフト,ロフト0380,（不明）,ラフインティメイトフレッシュミスト PM,1,3132,2026-04,2026-05-18 13:44:26
2026-04-30,ロフト,ロフト0380,ラフドット,ラフドットインティメイトウォッシュ AL,1,3582,2026-04,2026-05-18 13:44:26
2026-04-30,ロフト,ロフト0380,レチスパ,レチスパ クリームシャンプーサシェ,2,400,2026-04,2026-05-18 13:44:26
2026-04-30,ロフト,ロフト0380,（不明）,ベルミス スリムレギンス M-L,1,3990,2026-04,2026-05-18 13:44:26
2026-04-30,ロフト,ロフト0380,（不明）,ベルミス スリムレギンス L-LL,1,3990,2026-04,2026-05-18 13:44:26
2026-04-30,ロフト,ロフト0380,（不明）,ベルミス カラープラスBK L,1,4536,2026-04,2026-05-18 13:44:26
2026-04-30,ロフト,ロフト0380,ラフドット,ラフドット 薬用ホワイトセラム,1,3236,2026-04,2026-05-18 13:44:26
2026-04-30,ロフト,ロフト0380,ラフドット,ラフドットインティメイトウォッシュ MV,5,17910,2026-04,2026-05-18 13:44:26
2026-04-30,ロフト,ロフト0380,バイワンシー,バイワンシー モイストブースターホイップ,2,4400,2026-04,2026-05-18 13:44:26
2026-04-30,ロフト,ロフト0380,（不明）,ベルミス スリムフルレッグLーLL,2,9436,2026-04,2026-05-18 13:44:26
2026-04-30,ロフト,ロフト0380,バイワンシー,バイワンシー ピュア・アミノシャンプー,3,8100,2026-04,2026-05-18 13:44:26
2026-04-30,ロフト,ロフト0380,バイワンシー,バイワンシー ヒートケア・トリートメント,4,10800,2026-04,2026-05-18 13:44:26
2026-04-30,ロフト,ロフト0381,（不明）,イオセラム シャンプー 200,1,2000,2026-04,2026-05-18 13:44:26
2026-04-30,ロフト,ロフト0381,（不明）,イオ エッセンス モイスト,1,2000,2026-04,2026-05-18 13:44:26
2026-04-30,ロフト,ロフト0381,（不明）,イオ クリーム シルキーリペア 200,1,1600,2026-04,2026-05-18 13:44:26
2026-04-30,ロフト,ロフト0381,（不明）,ルベル ウィズ RP 140,2,2000,2026-04,2026-05-18 13:44:26
2026-04-30,ロフト,ロフト0381,（不明）,ルベル ウィズ EP 140,3,3600,2026-04,2026-05-18 13:44:26
2026-04-30,ロフト,ロフト0381,（不明）,トリエ スプレー10 170,18,28800,2026-04,2026-05-18 13:44:26
2026-04-30,ロフト,ロフト0381,ラフドット,ラフドットインティメイトウォッシュ SB,10,35820,2026-04,2026-05-18 13:44:26
2026-04-30,ロフト,ロフト0381,（不明）,ラフインティメイトフレッシュミスト SB,3,9396,2026-04,2026-05-18 13:44:26
2026-04-30,ロフト,ロフト0381,ラフドット,ラフドットインティメイトウォッシュ PM,9,32238,2026-04,2026-05-18 13:44:26
2026-04-30,ロフト,ロフト0381,（不明）,ラフインティメイトフレッシュミスト PM,1,3132,2026-04,2026-05-18 13:44:26
2026-04-30,ロフト,ロフト0381,レチスパ,レチスパ クリームシャンプー,1,3200,2026-04,2026-05-18 13:44:26
2026-04-30,ロフト,ロフト0381,レチスパ,レチスパ クリームシャンプーサシェ,10,2000,2026-04,2026-05-18 13:44:26
2026-04-30,ロフト,ロフト0381,レチスパ,レチスパ 頭皮用美容液,1,2500,2026-04,2026-05-18 13:44:26
2026-04-30,ロフト,ロフト0381,（不明）,ベルミス スリムレギンス M-L,1,3990,2026-04,2026-05-18 13:44:26
2026-04-30,ロフト,ロフト0381,（不明）,ベルミス カラープラスBK M,1,4536,2026-04,2026-05-18 13:44:26
2026-04-30,ロフト,ロフト0381,ラフドット,ラフドット 薬用ホワイトセラム,1,3236,2026-04,2026-05-18 13:44:26
2026-04-30,ロフト,ロフト0381,ラフドット,ラフドットインティメイトウォッシュ MV,4,14328,2026-04,2026-05-18 13:44:26
2026-04-30,ロフト,ロフト0381,ラフドット,ラフドットインティメイトミスト MV,2,6264,2026-04,2026-05-18 13:44:26
2026-04-30,ロフト,ロフト0381,バイワンシー,バイワンシー モイストブースターホイップ,3,6600,2026-04,2026-05-18 13:44:26
2026-04-30,ロフト,ロフト0381,（不明）,スリムレギンス Premium Lv3,2,10890,2026-04,2026-05-18 13:44:26
2026-04-30,ロフト,ロフト0381,（不明）,スリムフルレッグ クールプラス M-L,1,4718,2026-04,2026-05-18 13:44:26
2026-04-30,ロフト,ロフト0381,（不明）,wolg BBクリーム ナチュラル,3,8127,2026-04,2026-05-18 13:44:26
2026-04-30,ロフト,ロフト0381,バイワンシー,バイワンシー ピュア・アミノシャンプー,5,13500,2026-04,2026-05-18 13:44:26
2026-04-30,ロフト,ロフト0381,バイワンシー,バイワンシー ヒートケア・トリートメント,3,8100,2026-04,2026-05-18 13:44:26
2026-04-30,ロフト,ロフト0381,バイワンシー,バイワンシー スムース・リペアエッセンス,8,21600,2026-04,2026-05-18 13:44:26
2026-04-30,ロフト,ロフト0381,バイワンシー,バイワンシー スムースリペアESサシェ,11,2970,2026-04,2026-05-18 13:44:26
2026-04-30,ロフト,ロフト0381,バイワンシー,バイワンシー SP&TRサシェ,8,2160,2026-04,2026-05-18 13:44:26
2026-04-30,ロフト,ロフト0381,（不明）,ekam アドバンスドジェル,3,8127,2026-04,2026-05-18 13:44:26
2026-04-30,ロフト,ロフト0381,（不明）,ekam アドバンスドセラム,1,3164,2026-04,2026-05-18 13:44:26
2026-04-30,ロフト,ロフト0382,（不明）,ルベル ウィズ JO 240,2,2000,2026-04,2026-05-18 13:44:26
2026-04-30,ロフト,ロフト0382,（不明）,イオ シャンプー リラックスメント200,6,9600,2026-04,2026-05-18 13:44:26
2026-04-30,ロフト,ロフト0382,（不明）,イオ クリーム メルトリペア 200,3,4800,2026-04,2026-05-18 13:44:26
2026-04-30,ロフト,ロフト0382,（不明）,イオセラム クリーム 200,7,14000,2026-04,2026-05-18 13:44:26
2026-04-30,ロフト,ロフト0382,（不明）,トリエ スプレー10 170,1,1600,2026-04,2026-05-18 13:44:26
2026-04-30,ロフト,ロフト0382,（不明）,ビューティアップナイトブラ ブラックM,1,2980,2026-04,2026-05-18 13:44:26
2026-04-30,ロフト,ロフト0382,（不明）,ビューティアップナイトブラ ブラックL,2,5960,2026-04,2026-05-18 13:44:26
2026-04-30,ロフト,ロフト0382,ラフドット,ラフドットインティメイトウォッシュ SB,10,35820,2026-04,2026-05-18 13:44:26
2026-04-30,ロフト,ロフト0382,（不明）,ラフインティメイトフレッシュミスト SB,1,3132,2026-04,2026-05-18 13:44:26
2026-04-30,ロフト,ロフト0382,（不明）,ビューティアップナイトブラ BグレーM,2,5960,2026-04,2026-05-18 13:44:26
2026-04-30,ロフト,ロフト0382,（不明）,ビューティアップナイトブラ BグレーL,1,2980,2026-04,2026-05-18 13:44:26
2026-04-30,ロフト,ロフト0382,ラフドット,ラフドットインティメイトウォッシュ PM,11,39402,2026-04,2026-05-18 13:44:26
2026-04-30,ロフト,ロフト0382,（不明）,ラフインティメイトフレッシュミスト PM,3,9396,2026-04,2026-05-18 13:44:26
2026-04-30,ロフト,ロフト0382,ラフドット,ラフドットインティメイトウォッシュ AL,1,3582,2026-04,2026-05-18 13:44:26
2026-04-30,ロフト,ロフト0382,レチスパ,レチスパ クリームシャンプー,3,9600,2026-04,2026-05-18 13:44:26
2026-04-30,ロフト,ロフト0382,レチスパ,レチスパ クリームシャンプーサシェ,11,2200,2026-04,2026-05-18 13:44:26
2026-04-30,ロフト,ロフト0382,レチスパ,レチスパ ヘアオイル,1,2400,2026-04,2026-05-18 13:44:26
2026-04-30,ロフト,ロフト0382,レチスパ,レチスパ 頭皮用美容液,3,7500,2026-04,2026-05-18 13:44:26
2026-04-30,ロフト,ロフト0382,（不明）,ベルミス スリムレギンス M-L,2,7980,2026-04,2026-05-18 13:44:26
2026-04-30,ロフト,ロフト0382,（不明）,ベルミス スリムレギンス L-LL,4,15960,2026-04,2026-05-18 13:44:26
2026-04-30,ロフト,ロフト0382,（不明）,ベルミス カラープラスBK M,1,4536,2026-04,2026-05-18 13:44:26
2026-04-30,ロフト,ロフト0382,（不明）,ベルミス カラープラスBK L,1,4536,2026-04,2026-05-18 13:44:26
2026-04-30,ロフト,ロフト0382,ラフドット,ラフドットインティメイトウォッシュ MV,2,7164,2026-04,2026-05-18 13:44:26
2026-04-30,ロフト,ロフト0382,ラフドット,ラフドットインティメイトミスト MV,2,6264,2026-04,2026-05-18 13:44:26
2026-04-30,ロフト,ロフト0382,バイワンシー,バイワンシー モイストブースターホイップ,3,6600,2026-04,2026-05-18 13:44:26
2026-04-30,ロフト,ロフト0382,（不明）,ベルミス スリムフルレッグ M-L,1,4718,2026-04,2026-05-18 13:44:26
2026-04-30,ロフト,ロフト0382,（不明）,リムーブレギンスEB M-L,1,11182,2026-04,2026-05-18 13:44:26
2026-04-30,ロフト,ロフト0382,（不明）,スリムレギンス Premium Lv3,2,10890,2026-04,2026-05-18 13:44:26
2026-04-30,ロフト,ロフト0382,（不明）,スリムフルレッグ クールプラス L-LL,1,4718,2026-04,2026-05-18 13:44:26
2026-04-30,ロフト,ロフト0382,（不明）,wolg BBクリーム ナチュラル,3,8127,2026-04,2026-05-18 13:44:26
2026-04-30,ロフト,ロフト0382,バイワンシー,バイワンシー ピュア・アミノシャンプー,4,10800,2026-04,2026-05-18 13:44:26
2026-04-30,ロフト,ロフト0382,バイワンシー,バイワンシー ヒートケア・トリートメント,6,16200,2026-04,2026-05-18 13:44:26
2026-04-30,ロフト,ロフト0382,バイワンシー,バイワンシー スムース・リペアエッセンス,6,16200,2026-04,2026-05-18 13:44:26
2026-04-30,ロフト,ロフト0382,バイワンシー,バイワンシー スムースリペアESサシェ,6,1620,2026-04,2026-05-18 13:44:26
2026-04-30,ロフト,ロフト0382,バイワンシー,バイワンシー SP&TRサシェ,21,5670,2026-04,2026-05-18 13:44:26
2026-04-30,ロフト,ロフト0382,（不明）,ekam ホイップ洗顔,1,1800,2026-04,2026-05-18 13:44:26
2026-04-30,ロフト,ロフト0382,（不明）,ヒノキフットピーリングマスク,1,720,2026-04,2026-05-18 13:44:26
2026-04-30,ロフト,ロフト0382,（不明）,フットピーリングダブルエッセンスマスク,1,750,2026-04,2026-05-18 13:44:26
2026-04-30,ロフト,ロフト0382,（不明）,かかと集中ピーリングマスク,1,580,2026-04,2026-05-18 13:44:26
2026-04-30,ロフト,ロフト0382,（不明）,Vイフェクト青麦LHAクレンジングジェル,1,2100,2026-04,2026-05-18 13:44:26
2026-04-30,ロフト,ロフト0382,（不明）,かかとソフトパッチ,1,750,2026-04,2026-05-18 13:44:26
2026-04-30,ロフト,ロフト0383,（不明）,イオ シャンプー リラックスメント200,1,1600,2026-04,2026-05-18 13:44:26
2026-04-30,ロフト,ロフト0383,（不明）,ルベル ウィズ SW 240,2,2000,2026-04,2026-05-18 13:44:26
2026-04-30,ロフト,ロフト0383,（不明）,イオ エッセンス モイスト,2,4000,2026-04,2026-05-18 13:44:26
2026-04-30,ロフト,ロフト0383,（不明）,イオセラム クリーム 200,1,2000,2026-04,2026-05-18 13:44:26
2026-04-30,ロフト,ロフト0383,ラフドット,ラフドットインティメイトウォッシュ SB,12,42984,2026-04,2026-05-18 13:44:26
2026-04-30,ロフト,ロフト0383,（不明）,ラフインティメイトフレッシュミスト SB,1,3132,2026-04,2026-05-18 13:44:26
2026-04-30,ロフト,ロフト0383,ラフドット,ラフドットインティメイトウォッシュ PM,9,32238,2026-04,2026-05-18 13:44:26
2026-04-30,ロフト,ロフト0383,（不明）,ラフインティメイトフレッシュミスト PM,1,3132,2026-04,2026-05-18 13:44:26
2026-04-30,ロフト,ロフト0383,ラフドット,ラフドットインティメイトウォッシュ AL,1,3582,2026-04,2026-05-18 13:44:26
2026-04-30,ロフト,ロフト0383,（不明）,ベルミス スリムレギンス M-L,3,11970,2026-04,2026-05-18 13:44:26
2026-04-30,ロフト,ロフト0383,（不明）,ベルミス スリムレギンス L-LL,2,7980,2026-04,2026-05-18 13:44:26
2026-04-30,ロフト,ロフト0383,ラフドット,ラフドット 薬用ホワイトセラム,1,3236,2026-04,2026-05-18 13:44:26
2026-04-30,ロフト,ロフト0383,ラフドット,ラフドット ヘアリムーバー,1,3400,2026-04,2026-05-18 13:44:26
2026-04-30,ロフト,ロフト0383,ラフドット,ラフドットインティメイトウォッシュ MV,3,10746,2026-04,2026-05-18 13:44:26
2026-04-30,ロフト,ロフト0383,ラフドット,ラフドットインティメイトミスト MV,1,3132,2026-04,2026-05-18 13:44:26
2026-04-30,ロフト,ロフト0383,（不明）,ベルミス スリムフルレッグ M-L,1,4718,2026-04,2026-05-18 13:44:26
2026-04-30,ロフト,ロフト0383,（不明）,スリムレギンス Premium Lv3,4,21780,2026-04,2026-05-18 13:44:26
2026-04-30,ロフト,ロフト0383,（不明）,スリムフルレッグ クールプラス M-L,2,9436,2026-04,2026-05-18 13:44:26
2026-04-30,ロフト,ロフト0383,（不明）,wolg BBクリーム ナチュラル,1,2709,2026-04,2026-05-18 13:44:26
2026-04-30,ロフト,ロフト0383,バイワンシー,バイワンシー スムース・リペアエッセンス,1,2700,2026-04,2026-05-18 13:44:26
2026-04-30,ロフト,ロフト0383,（不明）,ekam アドバンスドジェル,2,5418,2026-04,2026-05-18 13:44:26
2026-04-30,ロフト,ロフト0384,（不明）,ルベル ウィズ SW 240,1,1000,2026-04,2026-05-18 13:44:26
2026-04-30,ロフト,ロフト0384,（不明）,イオ クリーム シルキーリペア 200,2,3200,2026-04,2026-05-18 13:44:26
2026-04-30,ロフト,ロフト0384,（不明）,イオ クリーム メルトリペア 200,3,4800,2026-04,2026-05-18 13:44:26
2026-04-30,ロフト,ロフト0384,（不明）,トリエ スプレー10 170,1,1600,2026-04,2026-05-18 13:44:26
2026-04-30,ロフト,ロフト0384,ラフドット,ラフドットインティメイトウォッシュ SB,4,14328,2026-04,2026-05-18 13:44:26
2026-04-30,ロフト,ロフト0384,ラフドット,ラフドットインティメイトウォッシュ PM,7,25074,2026-04,2026-05-18 13:44:26
2026-04-30,ロフト,ロフト0384,レチスパ,レチスパ クリームシャンプーサシェ,4,800,2026-04,2026-05-18 13:44:26
2026-04-30,ロフト,ロフト0384,レチスパ,レチスパ ヘアオイル,1,2400,2026-04,2026-05-18 13:44:26
2026-04-30,ロフト,ロフト0384,レチスパ,レチスパ 頭皮用美容液,1,2500,2026-04,2026-05-18 13:44:26
2026-04-30,ロフト,ロフト0384,（不明）,ベルミス スリムレギンス M-L,1,3990,2026-04,2026-05-18 13:44:26
2026-04-30,ロフト,ロフト0384,（不明）,ベルミス カラープラスBK M,2,9072,2026-04,2026-05-18 13:44:26
2026-04-30,ロフト,ロフト0384,（不明）,ベルミス カラープラスBK L,2,9072,2026-04,2026-05-18 13:44:26
2026-04-30,ロフト,ロフト0384,ラフドット,ラフドットインティメイトウォッシュ MV,1,3582,2026-04,2026-05-18 13:44:26
2026-04-30,ロフト,ロフト0384,ラフドット,ラフドットインティメイトミスト MV,1,3132,2026-04,2026-05-18 13:44:26
2026-04-30,ロフト,ロフト0384,（不明）,スリムレギンス Premium Lv1,1,5445,2026-04,2026-05-18 13:44:26
2026-04-30,ロフト,ロフト0384,（不明）,スリムレギンス Premium Lv3,1,5445,2026-04,2026-05-18 13:44:26
2026-04-30,ロフト,ロフト0385,（不明）,イオ クリーム メルトリペア 200,1,1600,2026-04,2026-05-18 13:44:26
2026-04-30,ロフト,ロフト0385,（不明）,イオセラム オイル 100,2,4800,2026-04,2026-05-18 13:44:26
2026-04-30,ロフト,ロフト0385,ラフドット,ラフドットインティメイトウォッシュ SB,4,14328,2026-04,2026-05-18 13:44:26
2026-04-30,ロフト,ロフト0385,ラフドット,ラフドットインティメイトウォッシュ PM,6,21492,2026-04,2026-05-18 13:44:26
2026-04-30,ロフト,ロフト0385,（不明）,ラフインティメイトフレッシュミスト PM,2,6264,2026-04,2026-05-18 13:44:26
2026-04-30,ロフト,ロフト0385,ラフドット,ラフドットインティメイトウォッシュ AL,1,3582,2026-04,2026-05-18 13:44:26
2026-04-30,ロフト,ロフト0385,レチスパ,レチスパ クリームシャンプーサシェ,5,1000,2026-04,2026-05-18 13:44:26
2026-04-30,ロフト,ロフト0385,ラフドット,ラフドットインティメイトウォッシュ MV,2,7164,2026-04,2026-05-18 13:44:26
2026-04-30,ロフト,ロフト0385,ラフドット,ラフドットインティメイトミスト MV,2,6264,2026-04,2026-05-18 13:44:26
2026-04-30,ロフト,ロフト0385,（不明）,スリムレギンス Premium Lv2,1,5445,2026-04,2026-05-18 13:44:26
2026-04-30,ロフト,ロフト0385,（不明）,スリムレギンス Premium Lv3,1,5445,2026-04,2026-05-18 13:44:26
2026-04-30,ロフト,ロフト0385,（不明）,スリムフルレッグ クールプラス L-LL,1,4718,2026-04,2026-05-18 13:44:26
2026-04-30,ロフト,ロフト0385,（不明）,wolg BBクリーム ナチュラル,3,8127,2026-04,2026-05-18 13:44:26
2026-04-30,ロフト,ロフト0386,（不明）,イオセラム シャンプー 200,1,2000,2026-04,2026-05-18 13:44:26
2026-04-30,ロフト,ロフト0386,（不明）,イオ クリーム シルキーリペア 200,5,8000,2026-04,2026-05-18 13:44:26
2026-04-30,ロフト,ロフト0386,（不明）,イオ クリーム メルトリペア 200,7,11200,2026-04,2026-05-18 13:44:26
2026-04-30,ロフト,ロフト0386,（不明）,イオセラム オイル 100,2,4800,2026-04,2026-05-18 13:44:26
2026-04-30,ロフト,ロフト0386,（不明）,ルベル ウィズ RP 140,2,2000,2026-04,2026-05-18 13:44:26
2026-04-30,ロフト,ロフト0386,（不明）,ルベル ウィズ EP 140,7,8400,2026-04,2026-05-18 13:44:26
2026-04-30,ロフト,ロフト0386,（不明）,トリエ スプレー10 170,3,4800,2026-04,2026-05-18 13:44:26
2026-04-30,ロフト,ロフト0386,ラフドット,ラフドットインティメイトウォッシュ SB,7,25074,2026-04,2026-05-18 13:44:26
2026-04-30,ロフト,ロフト0386,ラフドット,ラフドットインティメイトウォッシュ PM,7,25074,2026-04,2026-05-18 13:44:26
2026-04-30,ロフト,ロフト0386,（不明）,ラフインティメイトフレッシュミスト PM,2,6264,2026-04,2026-05-18 13:44:26
2026-04-30,ロフト,ロフト0386,レチスパ,レチスパ クリームシャンプー,2,6400,2026-04,2026-05-18 13:44:26
2026-04-30,ロフト,ロフト0386,レチスパ,レチスパ クリームシャンプーサシェ,13,2600,2026-04,2026-05-18 13:44:26
2026-04-30,ロフト,ロフト0386,レチスパ,レチスパ ヘアオイル,1,2400,2026-04,2026-05-18 13:44:26
2026-04-30,ロフト,ロフト0386,（不明）,ベルミス カラープラスBK L,1,4536,2026-04,2026-05-18 13:44:26
2026-04-30,ロフト,ロフト0386,ラフドット,ラフドット 薬用ホワイトセラム,1,3236,2026-04,2026-05-18 13:44:26
2026-04-30,ロフト,ロフト0386,ラフドット,ラフドットインティメイトウォッシュ MV,3,10746,2026-04,2026-05-18 13:44:26
2026-04-30,ロフト,ロフト0386,ラフドット,ラフドットインティメイトミスト MV,1,3132,2026-04,2026-05-18 13:44:26
2026-04-30,ロフト,ロフト0386,（不明）,スリムレギンス Premium Lv3,1,5445,2026-04,2026-05-18 13:44:26
2026-04-30,ロフト,ロフト0386,（不明）,wolg BBクリーム ナチュラル,1,2709,2026-04,2026-05-18 13:44:26
2026-04-30,ロフト,ロフト0386,バイワンシー,バイワンシー ピュア・アミノシャンプー,1,2700,2026-04,2026-05-18 13:44:26
2026-04-30,ロフト,ロフト0386,バイワンシー,バイワンシー ヒートケア・トリートメント,2,5400,2026-04,2026-05-18 13:44:26
2026-04-30,ロフト,ロフト0386,バイワンシー,バイワンシー SP&TRサシェ,8,2160,2026-04,2026-05-18 13:44:26
2026-04-30,ロフト,ロフト0386,（不明）,ekam アドバンスドジェル,2,5418,2026-04,2026-05-18 13:44:26
2026-04-30,ロフト,ロフト0386,（不明）,Vイフェクト青麦ジンクセラム,1,2300,2026-04,2026-05-18 13:44:26
2026-04-30,ロフト,ロフト0387,（不明）,イオ クリーム シルキーリペア 200,3,4800,2026-04,2026-05-18 13:44:26
2026-04-30,ロフト,ロフト0387,（不明）,トリエ スプレー10 170,2,3200,2026-04,2026-05-18 13:44:26
2026-04-30,ロフト,ロフト0387,ラフドット,ラフドットインティメイトウォッシュ SB,5,17910,2026-04,2026-05-18 13:44:26
2026-04-30,ロフト,ロフト0387,ラフドット,ラフドットインティメイトウォッシュ PM,5,17910,2026-04,2026-05-18 13:44:26
2026-04-30,ロフト,ロフト0387,（不明）,ラフインティメイトフレッシュミスト PM,2,6264,2026-04,2026-05-18 13:44:26
2026-04-30,ロフト,ロフト0387,（不明）,ベルミス カラープラスBK L,1,4536,2026-04,2026-05-18 13:44:26
2026-04-30,ロフト,ロフト0387,ラフドット,ラフドットインティメイトウォッシュ MV,5,17910,2026-04,2026-05-18 13:44:26
2026-04-30,ロフト,ロフト0387,（不明）,スリムレギンス Premium Lv2,2,10890,2026-04,2026-05-18 13:44:26
2026-04-30,ロフト,ロフト0388,（不明）,イオ エッセンス フォルティ,1,2000,2026-04,2026-05-18 13:44:26
2026-04-30,ロフト,ロフト0388,（不明）,ルベル ウィズ CY 240,4,5600,2026-04,2026-05-18 13:44:26
2026-04-30,ロフト,ロフト0388,（不明）,イオ シャンプー リラックスメント200,3,4800,2026-04,2026-05-18 13:44:26
2026-04-30,ロフト,ロフト0388,（不明）,イオ クリーム メルトリペア 200,2,3200,2026-04,2026-05-18 13:44:26
2026-04-30,ロフト,ロフト0388,（不明）,ルベル ウィズ MG 240,1,1000,2026-04,2026-05-18 13:44:26
2026-04-30,ロフト,ロフト0388,ラフドット,ラフドットインティメイトウォッシュ SB,3,10746,2026-04,2026-05-18 13:44:26
2026-04-30,ロフト,ロフト0388,（不明）,ラフインティメイトフレッシュミスト SB,1,3132,2026-04,2026-05-18 13:44:26
2026-04-30,ロフト,ロフト0388,（不明）,ビューティアップナイトブラ BグレーL,1,2980,2026-04,2026-05-18 13:44:26
2026-04-30,ロフト,ロフト0388,ラフドット,ラフドットインティメイトウォッシュ PM,4,14328,2026-04,2026-05-18 13:44:26
2026-04-30,ロフト,ロフト0388,（不明）,ラフインティメイトフレッシュミスト PM,3,9396,2026-04,2026-05-18 13:44:26
2026-04-30,ロフト,ロフト0388,ラフドット,ラフドットインティメイトウォッシュ AL,2,7164,2026-04,2026-05-18 13:44:26
2026-04-30,ロフト,ロフト0388,レチスパ,レチスパ クリームシャンプー,3,9600,2026-04,2026-05-18 13:44:26
2026-04-30,ロフト,ロフト0388,レチスパ,レチスパ クリームシャンプーサシェ,5,1000,2026-04,2026-05-18 13:44:26
2026-04-30,ロフト,ロフト0388,レチスパ,レチスパ ヘアオイル,1,2400,2026-04,2026-05-18 13:44:26
2026-04-30,ロフト,ロフト0388,（不明）,ベルミス カラープラスBK M,1,4536,2026-04,2026-05-18 13:44:26
2026-04-30,ロフト,ロフト0388,（不明）,ベルミス カラープラスBK L,1,4536,2026-04,2026-05-18 13:44:26
2026-04-30,ロフト,ロフト0388,バイワンシー,バイワンシー モイストブースターホイップ,2,4400,2026-04,2026-05-18 13:44:26
2026-04-30,ロフト,ロフト0388,（不明）,wolg BBクリーム ナチュラル,3,8127,2026-04,2026-05-18 13:44:26
2026-04-30,ロフト,ロフト0388,バイワンシー,バイワンシー ピュア・アミノシャンプー,5,13500,2026-04,2026-05-18 13:44:26
2026-04-30,ロフト,ロフト0388,バイワンシー,バイワンシー ヒートケア・トリートメント,6,16200,2026-04,2026-05-18 13:44:26
2026-04-30,ロフト,ロフト0388,バイワンシー,バイワンシー スムース・リペアエッセンス,5,13500,2026-04,2026-05-18 13:44:26
2026-04-30,ロフト,ロフト0388,バイワンシー,バイワンシー スムースリペアESサシェ,4,1080,2026-04,2026-05-18 13:44:26
2026-04-30,ロフト,ロフト0388,バイワンシー,バイワンシー SP&TRサシェ,10,2700,2026-04,2026-05-18 13:44:26
2026-04-30,ロフト,ロフト0388,（不明）,ekam アドバンスドジェル,2,5418,2026-04,2026-05-18 13:44:26
2026-04-30,ロフト,ロフト0388,（不明）,ekam ホイップ洗顔,2,3600,2026-04,2026-05-18 13:44:26
2026-04-30,ロフト,ロフト0388,（不明）,かかとソフトパッチ,3,2250,2026-04,2026-05-18 13:44:26
2026-04-30,ロフト,ロフト0388,（不明）,ティーブレスボディローションアールグレイ,1,1500,2026-04,2026-05-18 13:44:26
2026-04-30,ロフト,ロフト0388,（不明）,ティーブレスボディローショングリーン,1,1500,2026-04,2026-05-18 13:44:26
2026-04-30,ロフト,ロフト0388,（不明）,ティーブレスボディローションローズティー,1,1500,2026-04,2026-05-18 13:44:26
2026-04-30,ロフト,ロフト0389,（不明）,イオ シャンプー クリアメント200,1,1600,2026-04,2026-05-18 13:44:26
2026-04-30,ロフト,ロフト0389,（不明）,イオ シャンプー リラックスメント200,3,4800,2026-04,2026-05-18 13:44:26
2026-04-30,ロフト,ロフト0389,（不明）,イオ エッセンス モイスト,1,2000,2026-04,2026-05-18 13:44:26
2026-04-30,ロフト,ロフト0389,（不明）,イオ エッセンス スリーク,2,4000,2026-04,2026-05-18 13:44:26
2026-04-30,ロフト,ロフト0389,（不明）,イオ クリーム メルトリペア 200,3,4800,2026-04,2026-05-18 13:44:26
2026-04-30,ロフト,ロフト0389,（不明）,ビューティアップナイトブラ ブラックM,5,14900,2026-04,2026-05-18 13:44:26
2026-04-30,ロフト,ロフト0389,（不明）,ビューティアップナイトブラ ブラックL,1,2980,2026-04,2026-05-18 13:44:26
2026-04-30,ロフト,ロフト0389,ラフドット,ラフドットインティメイトウォッシュ SB,12,42984,2026-04,2026-05-18 13:44:26
2026-04-30,ロフト,ロフト0389,（不明）,ラフインティメイトフレッシュミスト SB,2,6264,2026-04,2026-05-18 13:44:26
2026-04-30,ロフト,ロフト0389,（不明）,ビューティアップナイトブラ BグレーM,1,2980,2026-04,2026-05-18 13:44:26
2026-04-30,ロフト,ロフト0389,（不明）,ビューティアップナイトブラ BグレーL,2,5960,2026-04,2026-05-18 13:44:26
2026-04-30,ロフト,ロフト0389,ラフドット,ラフドットインティメイトウォッシュ PM,17,60894,2026-04,2026-05-18 13:44:26
2026-04-30,ロフト,ロフト0389,（不明）,ラフインティメイトフレッシュミスト PM,3,9396,2026-04,2026-05-18 13:44:26
2026-04-30,ロフト,ロフト0389,ラフドット,ラフドットインティメイトウォッシュ AL,2,7164,2026-04,2026-05-18 13:44:26
2026-04-30,ロフト,ロフト0389,レチスパ,レチスパ クリームシャンプー,1,3200,2026-04,2026-05-18 13:44:26
2026-04-30,ロフト,ロフト0389,レチスパ,レチスパ クリームシャンプーサシェ,3,600,2026-04,2026-05-18 13:44:26
2026-04-30,ロフト,ロフト0389,レチスパ,レチスパ 頭皮用美容液,1,2500,2026-04,2026-05-18 13:44:26
2026-04-30,ロフト,ロフト0389,（不明）,ベルミス カラープラスBK M,2,9072,2026-04,2026-05-18 13:44:26
2026-04-30,ロフト,ロフト0389,（不明）,ベルミス カラープラスBK L,1,4536,2026-04,2026-05-18 13:44:26
2026-04-30,ロフト,ロフト0389,（不明）,ベルミス カラープラスAGY L,1,4536,2026-04,2026-05-18 13:44:26
2026-04-30,ロフト,ロフト0389,ラフドット,ラフドット 薬用ホワイトセラム,2,6472,2026-04,2026-05-18 13:44:26
2026-04-30,ロフト,ロフト0389,バイワンシー,バイワンシー モイストブースターホイップ,2,4400,2026-04,2026-05-18 13:44:26
2026-04-30,ロフト,ロフト0389,（不明）,スリムレギンス Premium Lv1,1,5445,2026-04,2026-05-18 13:44:26
2026-04-30,ロフト,ロフト0389,（不明）,スリムレギンス Premium Lv2,3,16335,2026-04,2026-05-18 13:44:26
2026-04-30,ロフト,ロフト0389,（不明）,スリムレギンス Premium Lv3,2,10890,2026-04,2026-05-18 13:44:26
2026-04-30,ロフト,ロフト0389,（不明）,スリムフルレッグ クールプラス L-LL,1,4718,2026-04,2026-05-18 13:44:26
2026-04-30,ロフト,ロフト0389,（不明）,wolg BBクリーム ナチュラル,2,5418,2026-04,2026-05-18 13:44:26
2026-04-30,ロフト,ロフト0389,バイワンシー,バイワンシー スムース・リペアエッセンス,3,8100,2026-04,2026-05-18 13:44:26
2026-04-30,ロフト,ロフト0389,バイワンシー,バイワンシー スムースリペアESサシェ,3,810,2026-04,2026-05-18 13:44:26
2026-04-30,ロフト,ロフト0389,バイワンシー,バイワンシー SP&TRサシェ,14,3780,2026-04,2026-05-18 13:44:26
2026-04-30,ロフト,ロフト0389,（不明）,ekam アドバンスドジェル,2,5418,2026-04,2026-05-18 13:44:26
2026-04-30,ロフト,ロフト0389,（不明）,ekam ホイップ洗顔,1,1800,2026-04,2026-05-18 13:44:26
2026-04-30,ロフト,ロフト0389,（不明）,ヒノキフットピーリングマスク,1,720,2026-04,2026-05-18 13:44:26
2026-04-30,ロフト,ロフト0389,（不明）,フットピーリングダブルエッセンスマスク,1,750,2026-04,2026-05-18 13:44:26
2026-04-30,ロフト,ロフト0389,（不明）,Vイフェクト青麦LHAクレンジングジェル,3,6300,2026-04,2026-05-18 13:44:26
2026-04-30,ロフト,ロフト0389,（不明）,かかとソフトパッチ,1,750,2026-04,2026-05-18 13:44:26
2026-04-30,ロフト,ロフト0389,（不明）,ティーブレスボディローションアールグレイ,1,1500,2026-04,2026-05-18 13:44:26
2026-04-30,ロフト,ロフト0389,（不明）,ティーブレスボディローショングリーン,3,4500,2026-04,2026-05-18 13:44:26
2026-04-30,ロフト,ロフト0389,（不明）,ティーブレスボディローションローズティー,2,3000,2026-04,2026-05-18 13:44:26
2026-04-30,ロフト,ロフト0390,（不明）,イオ エッセンス スリーク,1,2000,2026-04,2026-05-18 13:44:26
2026-04-30,ロフト,ロフト0390,ラフドット,ラフドットインティメイトウォッシュ SB,12,42984,2026-04,2026-05-18 13:44:26
2026-04-30,ロフト,ロフト0390,（不明）,ラフインティメイトフレッシュミスト SB,2,6264,2026-04,2026-05-18 13:44:26
2026-04-30,ロフト,ロフト0390,ラフドット,ラフドットインティメイトウォッシュ PM,5,17910,2026-04,2026-05-18 13:44:26
2026-04-30,ロフト,ロフト0390,（不明）,ラフインティメイトフレッシュミスト PM,2,6264,2026-04,2026-05-18 13:44:26
2026-04-30,ロフト,ロフト0390,（不明）,ラフインティメイトフレッシュミスト AL,1,3132,2026-04,2026-05-18 13:44:26
2026-04-30,ロフト,ロフト0390,レチスパ,レチスパ クリームシャンプー,1,3200,2026-04,2026-05-18 13:44:26
2026-04-30,ロフト,ロフト0390,レチスパ,レチスパ クリームシャンプーサシェ,5,1000,2026-04,2026-05-18 13:44:26
2026-04-30,ロフト,ロフト0390,レチスパ,レチスパ ヘアオイル,1,2400,2026-04,2026-05-18 13:44:26
2026-04-30,ロフト,ロフト0390,レチスパ,レチスパ 頭皮用美容液,2,5000,2026-04,2026-05-18 13:44:26
2026-04-30,ロフト,ロフト0390,（不明）,ベルミス スリムレギンス M-L,2,7980,2026-04,2026-05-18 13:44:26
2026-04-30,ロフト,ロフト0390,ラフドット,ラフドット 薬用ホワイトセラム,1,3236,2026-04,2026-05-18 13:44:26
2026-04-30,ロフト,ロフト0390,ラフドット,ラフドット ヘアリムーバー,2,6800,2026-04,2026-05-18 13:44:26
2026-04-30,ロフト,ロフト0390,ラフドット,ラフドットインティメイトウォッシュ MV,4,14328,2026-04,2026-05-18 13:44:26
2026-04-30,ロフト,ロフト0390,ラフドット,ラフドットインティメイトミスト MV,1,3132,2026-04,2026-05-18 13:44:26
2026-04-30,ロフト,ロフト0390,バイワンシー,バイワンシー モイストブースターホイップ,4,8800,2026-04,2026-05-18 13:44:26
2026-04-30,ロフト,ロフト0390,（不明）,スリムレギンス Premium Lv3,1,5445,2026-04,2026-05-18 13:44:26
2026-04-30,ロフト,ロフト0390,（不明）,スリムフルレッグ クールプラス L-LL,2,9436,2026-04,2026-05-18 13:44:26
2026-04-30,ロフト,ロフト0390,（不明）,インシトゥ ハーブラピール,8,19200,2026-04,2026-05-18 13:44:26
2026-04-30,ロフト,ロフト0390,（不明）,Vイフェクト青麦LHAクレンジングジェル,1,2100,2026-04,2026-05-18 13:44:26
2026-04-30,ロフト,ロフト0391,（不明）,ルベル ウィズ JO 240,2,2000,2026-04,2026-05-18 13:44:26
2026-04-30,ロフト,ロフト0391,（不明）,イオ シャンプー リラックスメント200,5,8000,2026-04,2026-05-18 13:44:26
2026-04-30,ロフト,ロフト0391,（不明）,イオ クリーム シルキーリペア 200,3,4800,2026-04,2026-05-18 13:44:26
2026-04-30,ロフト,ロフト0391,ラフドット,ラフドットインティメイトウォッシュ SB,10,35820,2026-04,2026-05-18 13:44:26
2026-04-30,ロフト,ロフト0391,（不明）,ラフインティメイトフレッシュミスト SB,3,9396,2026-04,2026-05-18 13:44:26
2026-04-30,ロフト,ロフト0391,ラフドット,ラフドットインティメイトウォッシュ PM,9,32238,2026-04,2026-05-18 13:44:26
2026-04-30,ロフト,ロフト0391,（不明）,ラフインティメイトフレッシュミスト PM,2,6264,2026-04,2026-05-18 13:44:26
2026-04-30,ロフト,ロフト0391,レチスパ,レチスパ クリームシャンプー,2,6400,2026-04,2026-05-18 13:44:26
2026-04-30,ロフト,ロフト0391,レチスパ,レチスパ クリームシャンプーサシェ,12,2400,2026-04,2026-05-18 13:44:26
2026-04-30,ロフト,ロフト0391,レチスパ,レチスパ ヘアオイル,2,4800,2026-04,2026-05-18 13:44:26
2026-04-30,ロフト,ロフト0391,レチスパ,レチスパ 頭皮用美容液,4,10000,2026-04,2026-05-18 13:44:26
2026-04-30,ロフト,ロフト0391,（不明）,ベルミス スリムレギンス L-LL,2,7980,2026-04,2026-05-18 13:44:26
2026-04-30,ロフト,ロフト0391,（不明）,ベルミス カラープラスBK M,1,4536,2026-04,2026-05-18 13:44:26
2026-04-30,ロフト,ロフト0391,（不明）,ベルミス カラープラスBK L,2,9072,2026-04,2026-05-18 13:44:26
2026-04-30,ロフト,ロフト0391,ラフドット,ラフドット 薬用ホワイトセラム,1,3236,2026-04,2026-05-18 13:44:26
2026-04-30,ロフト,ロフト0391,ラフドット,ラフドットインティメイトウォッシュ MV,9,32238,2026-04,2026-05-18 13:44:26
2026-04-30,ロフト,ロフト0391,ラフドット,ラフドットインティメイトミスト MV,2,6264,2026-04,2026-05-18 13:44:26
2026-04-30,ロフト,ロフト0391,（不明）,ベルミス スリムフルレッグLーLL,2,9436,2026-04,2026-05-18 13:44:26
2026-04-30,ロフト,ロフト0391,（不明）,スリムレギンス Premium Lv3,1,5445,2026-04,2026-05-18 13:44:26
2026-04-30,ロフト,ロフト0391,（不明）,wolg BBクリーム ナチュラル,2,5418,2026-04,2026-05-18 13:44:26
2026-04-30,ロフト,ロフト0391,（不明）,ティーブレスボディローションホワイト,1,1500,2026-04,2026-05-18 13:44:26
2026-04-30,ロフト,ロフト0391,（不明）,ティーブレスボディローションアールグレイ,1,1500,2026-04,2026-05-18 13:44:26
2026-04-30,ロフト,ロフト0391,（不明）,ティーブレスボディローショングリーン,1,1500,2026-04,2026-05-18 13:44:26
2026-04-30,ロフト,ロフト0392,（不明）,イオ エッセンス モイスト,1,2000,2026-04,2026-05-18 13:44:26
2026-04-30,ロフト,ロフト0392,（不明）,イオセラム オイル 100,1,2400,2026-04,2026-05-18 13:44:26
2026-04-30,ロフト,ロフト0392,（不明）,イオ クリーム シルキーリペア 200,1,1600,2026-04,2026-05-18 13:44:26
2026-04-30,ロフト,ロフト0392,ラフドット,ラフドットインティメイトウォッシュ SB,3,10746,2026-04,2026-05-18 13:44:26
2026-04-30,ロフト,ロフト0392,ラフドット,ラフドットインティメイトウォッシュ PM,3,10746,2026-04,2026-05-18 13:44:26
2026-04-30,ロフト,ロフト0392,（不明）,ベルミス スリムレギンス L-LL,1,3990,2026-04,2026-05-18 13:44:26
2026-04-30,ロフト,ロフト0392,ラフドット,ラフドットインティメイトウォッシュ MV,2,7164,2026-04,2026-05-18 13:44:26
2026-04-30,ロフト,ロフト0392,（不明）,スリムレギンス Premium Lv3,1,5445,2026-04,2026-05-18 13:44:26
2026-04-30,ロフト,ロフト0392,（不明）,VイフェクトFCポアフィットマスク7枚入,1,1400,2026-04,2026-05-18 13:44:26
2026-04-30,ロフト,ロフト0393,（不明）,イオ シャンプー クリアメント200,1,1600,2026-04,2026-05-18 13:44:26
2026-04-30,ロフト,ロフト0393,（不明）,イオ シャンプー リラックスメント200,2,3200,2026-04,2026-05-18 13:44:26
2026-04-30,ロフト,ロフト0393,（不明）,イオ エッセンス スリーク,2,4000,2026-04,2026-05-18 13:44:26
2026-04-30,ロフト,ロフト0393,（不明）,イオ クリーム メルトリペア 200,2,3200,2026-04,2026-05-18 13:44:26
2026-04-30,ロフト,ロフト0393,ラフドット,ラフドットインティメイトウォッシュ SB,8,28656,2026-04,2026-05-18 13:44:26
2026-04-30,ロフト,ロフト0393,（不明）,ラフインティメイトフレッシュミスト SB,3,9396,2026-04,2026-05-18 13:44:26
2026-04-30,ロフト,ロフト0393,ラフドット,ラフドットインティメイトウォッシュ PM,11,39402,2026-04,2026-05-18 13:44:26
2026-04-30,ロフト,ロフト0393,（不明）,ラフインティメイトフレッシュミスト PM,4,12528,2026-04,2026-05-18 13:44:26
2026-04-30,ロフト,ロフト0393,レチスパ,レチスパ クリームシャンプー,1,3200,2026-04,2026-05-18 13:44:26
2026-04-30,ロフト,ロフト0393,レチスパ,レチスパ クリームシャンプーサシェ,4,800,2026-04,2026-05-18 13:44:26
2026-04-30,ロフト,ロフト0393,レチスパ,レチスパ ヘアオイル,2,4800,2026-04,2026-05-18 13:44:26
2026-04-30,ロフト,ロフト0393,（不明）,ベルミス スリムレギンス M-L,1,3990,2026-04,2026-05-18 13:44:26
2026-04-30,ロフト,ロフト0393,（不明）,ベルミス カラープラスBK L,1,4536,2026-04,2026-05-18 13:44:26
2026-04-30,ロフト,ロフト0393,ラフドット,ラフドットインティメイトウォッシュ MV,2,7164,2026-04,2026-05-18 13:44:26
2026-04-30,ロフト,ロフト0393,（不明）,スリムフルレッグ クールプラス M-L,1,4718,2026-04,2026-05-18 13:44:26
2026-04-30,ロフト,ロフト0393,バイワンシー,バイワンシー SP&TRサシェ,1,270,2026-04,2026-05-18 13:44:26
2026-04-30,ロフト,ロフト0394,（不明）,ルベル ウィズ RP 140,1,1000,2026-04,2026-05-18 13:44:26
2026-04-30,ロフト,ロフト0394,（不明）,トリエ スプレー10 170,1,1600,2026-04,2026-05-18 13:44:26
2026-04-30,ロフト,ロフト0394,ラフドット,ラフドットインティメイトウォッシュ SB,4,14328,2026-04,2026-05-18 13:44:26
2026-04-30,ロフト,ロフト0394,ラフドット,ラフドットインティメイトウォッシュ PM,5,17910,2026-04,2026-05-18 13:44:26
2026-04-30,ロフト,ロフト0394,（不明）,ラフインティメイトフレッシュミスト PM,1,3132,2026-04,2026-05-18 13:44:26
2026-04-30,ロフト,ロフト0394,レチスパ,レチスパ クリームシャンプーサシェ,7,1400,2026-04,2026-05-18 13:44:26
2026-04-30,ロフト,ロフト0394,レチスパ,レチスパ ヘアオイル,2,4800,2026-04,2026-05-18 13:44:26
2026-04-30,ロフト,ロフト0394,レチスパ,レチスパ 頭皮用美容液,1,2500,2026-04,2026-05-18 13:44:26
2026-04-30,ロフト,ロフト0394,ラフドット,ラフドットインティメイトウォッシュ MV,5,17910,2026-04,2026-05-18 13:44:26
2026-04-30,ロフト,ロフト0394,ラフドット,ラフドットインティメイトミスト MV,1,3132,2026-04,2026-05-18 13:44:26
2026-04-30,ロフト,ロフト0394,（不明）,ベルミス スリムフルレッグ M-L,1,4718,2026-04,2026-05-18 13:44:26
2026-04-30,ロフト,ロフト0394,（不明）,スリムレギンス Premium Lv2,1,5445,2026-04,2026-05-18 13:44:26
2026-04-30,ロフト,ロフト0394,（不明）,スリムレギンス Premium Lv3,1,5445,2026-04,2026-05-18 13:44:26
2026-04-30,ロフト,ロフト0394,（不明）,スリムフルレッグ クールプラス L-LL,1,4718,2026-04,2026-05-18 13:44:26
2026-04-30,ロフト,ロフト0394,バイワンシー,バイワンシー ピュア・アミノシャンプー,1,2700,2026-04,2026-05-18 13:44:26
2026-04-30,ロフト,ロフト0394,バイワンシー,バイワンシー ヒートケア・トリートメント,1,2700,2026-04,2026-05-18 13:44:26
2026-04-30,ロフト,ロフト0394,バイワンシー,バイワンシー スムース・リペアエッセンス,1,2700,2026-04,2026-05-18 13:44:26
2026-04-30,ロフト,ロフト0394,バイワンシー,バイワンシー スムースリペアESサシェ,12,3240,2026-04,2026-05-18 13:44:26
2026-04-30,ロフト,ロフト0394,バイワンシー,バイワンシー SP&TRサシェ,11,2970,2026-04,2026-05-18 13:44:26
2026-04-30,ロフト,ロフト0395,（不明）,ルベル ウィズ SW 240,1,1000,2026-04,2026-05-18 13:44:26
2026-04-30,ロフト,ロフト0395,（不明）,イオ シャンプー リラックスメント200,3,4800,2026-04,2026-05-18 13:44:26
2026-04-30,ロフト,ロフト0395,（不明）,イオ クリーム メルトリペア 200,2,3200,2026-04,2026-05-18 13:44:26
2026-04-30,ロフト,ロフト0395,（不明）,ルベル ウィズ RP 140,2,2000,2026-04,2026-05-18 13:44:26
2026-04-30,ロフト,ロフト0395,（不明）,ルベル ウィズ EP 140,3,3600,2026-04,2026-05-18 13:44:26
2026-04-30,ロフト,ロフト0395,（不明）,トリエ スプレー10 170,2,3200,2026-04,2026-05-18 13:44:26
2026-04-30,ロフト,ロフト0395,ラフドット,ラフドットインティメイトウォッシュ SB,1,3582,2026-04,2026-05-18 13:44:26
2026-04-30,ロフト,ロフト0395,（不明）,ラフインティメイトフレッシュミスト SB,1,3132,2026-04,2026-05-18 13:44:26
2026-04-30,ロフト,ロフト0395,ラフドット,ラフドットインティメイトウォッシュ PM,4,14328,2026-04,2026-05-18 13:44:26
2026-04-30,ロフト,ロフト0395,（不明）,ラフインティメイトフレッシュミスト PM,2,6264,2026-04,2026-05-18 13:44:26
2026-04-30,ロフト,ロフト0395,レチスパ,レチスパ クリームシャンプー,1,3200,2026-04,2026-05-18 13:44:26
2026-04-30,ロフト,ロフト0395,レチスパ,レチスパ クリームシャンプーサシェ,9,1800,2026-04,2026-05-18 13:44:26
2026-04-30,ロフト,ロフト0395,レチスパ,レチスパ ヘアオイル,3,7200,2026-04,2026-05-18 13:44:26
2026-04-30,ロフト,ロフト0395,レチスパ,レチスパ 頭皮用美容液,1,2500,2026-04,2026-05-18 13:44:26
2026-04-30,ロフト,ロフト0395,（不明）,ベルミス スリムレギンス M-L,1,3990,2026-04,2026-05-18 13:44:26
2026-04-30,ロフト,ロフト0395,（不明）,ベルミス カラープラスBK L,1,4536,2026-04,2026-05-18 13:44:26
2026-04-30,ロフト,ロフト0395,ラフドット,ラフドットインティメイトウォッシュ MV,1,3582,2026-04,2026-05-18 13:44:26
2026-04-30,ロフト,ロフト0395,ラフドット,ラフドットインティメイトミスト MV,2,6264,2026-04,2026-05-18 13:44:26
2026-04-30,ロフト,ロフト0395,（不明）,ekam アドバンスドジェル,1,2709,2026-04,2026-05-18 13:44:26
2026-04-30,ロフト,ロフト0395,（不明）,ekam アドバンスドセラム,1,3164,2026-04,2026-05-18 13:44:26
2026-04-30,ロフト,ロフト0395,（不明）,ekam ホイップ洗顔,1,1800,2026-04,2026-05-18 13:44:26
2026-04-30,ロフト,ロフト0396,ラフドット,ラフドットインティメイトウォッシュ SB,19,68058,2026-04,2026-05-18 13:44:26
2026-04-30,ロフト,ロフト0396,（不明）,ラフインティメイトフレッシュミスト SB,1,3132,2026-04,2026-05-18 13:44:26
2026-04-30,ロフト,ロフト0396,ラフドット,ラフドットインティメイトウォッシュ PM,23,82386,2026-04,2026-05-18 13:44:26
2026-04-30,ロフト,ロフト0396,（不明）,ラフインティメイトフレッシュミスト PM,2,6264,2026-04,2026-05-18 13:44:26
2026-04-30,ロフト,ロフト0396,レチスパ,レチスパ クリームシャンプー,1,3200,2026-04,2026-05-18 13:44:26
2026-04-30,ロフト,ロフト0396,レチスパ,レチスパ クリームシャンプーサシェ,6,1200,2026-04,2026-05-18 13:44:26
2026-04-30,ロフト,ロフト0396,レチスパ,レチスパ 頭皮用美容液,1,2500,2026-04,2026-05-18 13:44:26
2026-04-30,ロフト,ロフト0396,（不明）,ベルミス スリムレギンス L-LL,3,11970,2026-04,2026-05-18 13:44:26
2026-04-30,ロフト,ロフト0396,ラフドット,ラフドットインティメイトウォッシュ MV,3,10746,2026-04,2026-05-18 13:44:26
2026-04-30,ロフト,ロフト0396,ラフドット,ラフドットインティメイトミスト MV,1,3132,2026-04,2026-05-18 13:44:26
2026-04-30,ロフト,ロフト0396,バイワンシー,バイワンシー モイストブースターホイップ,2,4400,2026-04,2026-05-18 13:44:26
2026-04-30,ロフト,ロフト0396,（不明）,スリムレギンス Premium Lv3,1,5445,2026-04,2026-05-18 13:44:26
2026-04-30,ロフト,ロフト0396,（不明）,ekam アドバンスドジェル,1,2709,2026-04,2026-05-18 13:44:26
2026-04-30,ロフト,ロフト0396,（不明）,ekam ホイップ洗顔,2,3600,2026-04,2026-05-18 13:44:26
2026-04-30,ロフト,ロフト0396,（不明）,ティーブレスボディローションホワイト,1,1500,2026-04,2026-05-18 13:44:26
2026-04-30,ロフト,ロフト0396,（不明）,ティーブレスボディローショングリーン,1,1500,2026-04,2026-05-18 13:44:26
2026-04-30,ロフト,ロフト0396,（不明）,ティーブレスボディローションローズティー,1,1500,2026-04,2026-05-18 13:44:26
2026-04-30,ロフト,ロフト0397,（不明）,トリエ スプレー10 170,3,4800,2026-04,2026-05-18 13:44:26
2026-04-30,ロフト,ロフト0397,ラフドット,ラフドットインティメイトウォッシュ SB,16,57312,2026-04,2026-05-18 13:44:26
2026-04-30,ロフト,ロフト0397,（不明）,ラフインティメイトフレッシュミスト SB,1,3132,2026-04,2026-05-18 13:44:26
2026-04-30,ロフト,ロフト0397,（不明）,ビューティアップナイトブラ BグレーM,1,2980,2026-04,2026-05-18 13:44:26
2026-04-30,ロフト,ロフト0397,（不明）,ビューティアップナイトブラ BグレーL,1,2980,2026-04,2026-05-18 13:44:26
2026-04-30,ロフト,ロフト0397,ラフドット,ラフドットインティメイトウォッシュ PM,8,28656,2026-04,2026-05-18 13:44:26
2026-04-30,ロフト,ロフト0397,レチスパ,レチスパ クリームシャンプーサシェ,3,600,2026-04,2026-05-18 13:44:26
2026-04-30,ロフト,ロフト0397,レチスパ,レチスパ ヘアオイル,2,4800,2026-04,2026-05-18 13:44:26
2026-04-30,ロフト,ロフト0397,レチスパ,レチスパ 頭皮用美容液,2,5000,2026-04,2026-05-18 13:44:26
2026-04-30,ロフト,ロフト0397,（不明）,ベルミス スリムレギンス M-L,2,7980,2026-04,2026-05-18 13:44:26
2026-04-30,ロフト,ロフト0397,（不明）,ベルミス スリムレギンス L-LL,1,3990,2026-04,2026-05-18 13:44:26
2026-04-30,ロフト,ロフト0397,（不明）,ベルミス カラープラスBK M,1,4536,2026-04,2026-05-18 13:44:26
2026-04-30,ロフト,ロフト0397,ラフドット,ラフドット 薬用ホワイトセラム,1,3236,2026-04,2026-05-18 13:44:26
2026-04-30,ロフト,ロフト0397,ラフドット,ラフドットインティメイトウォッシュ MV,3,10746,2026-04,2026-05-18 13:44:26
2026-04-30,ロフト,ロフト0397,バイワンシー,バイワンシー モイストブースターホイップ,1,2200,2026-04,2026-05-18 13:44:26
2026-04-30,ロフト,ロフト0397,（不明）,スリムレギンス Premium Lv3,1,5445,2026-04,2026-05-18 13:44:26
2026-04-30,ロフト,ロフト0397,（不明）,スリムフルレッグ クールプラス M-L,1,4718,2026-04,2026-05-18 13:44:26
2026-04-30,ロフト,ロフト0397,（不明）,スリムフルレッグ クールプラス L-LL,1,4718,2026-04,2026-05-18 13:44:26
2026-04-30,ロフト,ロフト0397,（不明）,インシトゥ ハーブラピール,1,2400,2026-04,2026-05-18 13:44:26
2026-04-30,ロフト,ロフト0397,バイワンシー,バイワンシー ピュア・アミノシャンプー,1,2700,2026-04,2026-05-18 13:44:26
2026-04-30,ロフト,ロフト0397,バイワンシー,バイワンシー ヒートケア・トリートメント,1,2700,2026-04,2026-05-18 13:44:26
2026-04-30,ロフト,ロフト0397,バイワンシー,バイワンシー スムース・リペアエッセンス,7,18900,2026-04,2026-05-18 13:44:26
2026-04-30,ロフト,ロフト0397,バイワンシー,バイワンシー スムースリペアESサシェ,4,1080,2026-04,2026-05-18 13:44:26
2026-04-30,ロフト,ロフト0397,（不明）,ヒノキフットピーリングマスク,2,1440,2026-04,2026-05-18 13:44:26
2026-04-30,ロフト,ロフト0397,（不明）,フットピーリングダブルエッセンスマスク,2,1500,2026-04,2026-05-18 13:44:26
2026-04-30,ロフト,ロフト0397,（不明）,かかと集中ピーリングマスク,1,580,2026-04,2026-05-18 13:44:26
2026-04-30,ロフト,ロフト0397,（不明）,かかとソフトパッチ,1,750,2026-04,2026-05-18 13:44:26
2026-04-30,ロフト,ロフト0398,ラフドット,ラフドットインティメイトウォッシュ SB,7,25074,2026-04,2026-05-18 13:44:26
2026-04-30,ロフト,ロフト0398,（不明）,ラフインティメイトフレッシュミスト SB,2,6264,2026-04,2026-05-18 13:44:26
2026-04-30,ロフト,ロフト0398,ラフドット,ラフドットインティメイトウォッシュ PM,6,21492,2026-04,2026-05-18 13:44:26
2026-04-30,ロフト,ロフト0398,（不明）,ラフインティメイトフレッシュミスト PM,1,3132,2026-04,2026-05-18 13:44:26
2026-04-30,ロフト,ロフト0398,レチスパ,レチスパ クリームシャンプー,1,3200,2026-04,2026-05-18 13:44:26
2026-04-30,ロフト,ロフト0398,レチスパ,レチスパ クリームシャンプーサシェ,7,1400,2026-04,2026-05-18 13:44:26
2026-04-30,ロフト,ロフト0398,レチスパ,レチスパ ヘアオイル,1,2400,2026-04,2026-05-18 13:44:26
2026-04-30,ロフト,ロフト0398,（不明）,ベルミス スリムレギンス M-L,1,3990,2026-04,2026-05-18 13:44:26
2026-04-30,ロフト,ロフト0398,（不明）,ベルミス カラープラスBK M,2,9072,2026-04,2026-05-18 13:44:26
2026-04-30,ロフト,ロフト0398,（不明）,ベルミス カラープラスBK L,1,4536,2026-04,2026-05-18 13:44:26
2026-04-30,ロフト,ロフト0398,ラフドット,ラフドット 薬用ホワイトセラム,2,6472,2026-04,2026-05-18 13:44:26
2026-04-30,ロフト,ロフト0398,ラフドット,ラフドットインティメイトウォッシュ MV,2,7164,2026-04,2026-05-18 13:44:26
2026-04-30,ロフト,ロフト0398,（不明）,スリムレギンス Premium Lv2,1,5445,2026-04,2026-05-18 13:44:26
2026-04-30,ロフト,ロフト0398,（不明）,スリムレギンス Premium Lv3,1,5445,2026-04,2026-05-18 13:44:26
2026-04-30,ロフト,ロフト0398,（不明）,スリムフルレッグ クールプラス M-L,1,4718,2026-04,2026-05-18 13:44:26
2026-04-30,ロフト,ロフト0398,（不明）,スリムフルレッグ クールプラス L-LL,2,9436,2026-04,2026-05-18 13:44:26
2026-04-30,ロフト,ロフト0399,（不明）,イオセラム オイル 100,1,2400,2026-04,2026-05-18 13:44:26
2026-04-30,ロフト,ロフト0399,（不明）,トリエ スプレー10 170,1,1600,2026-04,2026-05-18 13:44:26
2026-04-30,ロフト,ロフト0399,ラフドット,ラフドットインティメイトウォッシュ SB,8,28656,2026-04,2026-05-18 13:44:26
2026-04-30,ロフト,ロフト0399,（不明）,ラフインティメイトフレッシュミスト SB,1,3132,2026-04,2026-05-18 13:44:26
2026-04-30,ロフト,ロフト0399,ラフドット,ラフドットインティメイトウォッシュ PM,7,25074,2026-04,2026-05-18 13:44:26
2026-04-30,ロフト,ロフト0399,ラフドット,ラフドットインティメイトウォッシュ AL,1,3582,2026-04,2026-05-18 13:44:26
2026-04-30,ロフト,ロフト0399,（不明）,ラフインティメイトフレッシュミスト AL,2,6264,2026-04,2026-05-18 13:44:26
2026-04-30,ロフト,ロフト0399,レチスパ,レチスパ クリームシャンプーサシェ,8,1600,2026-04,2026-05-18 13:44:26
2026-04-30,ロフト,ロフト0399,レチスパ,レチスパ ヘアオイル,1,2400,2026-04,2026-05-18 13:44:26
2026-04-30,ロフト,ロフト0399,（不明）,ベルミス スリムレギンス L-LL,2,7980,2026-04,2026-05-18 13:44:26
2026-04-30,ロフト,ロフト0399,（不明）,ベルミス カラープラスBK L,1,4536,2026-04,2026-05-18 13:44:26
2026-04-30,ロフト,ロフト0399,ラフドット,ラフドットインティメイトウォッシュ MV,1,3582,2026-04,2026-05-18 13:44:26
2026-04-30,ロフト,ロフト0399,（不明）,インシトゥ ハーブラピール,3,7200,2026-04,2026-05-18 13:44:26
2026-04-30,ロフト,ロフト0399,バイワンシー,バイワンシー ピュア・アミノシャンプー,4,10800,2026-04,2026-05-18 13:44:26
2026-04-30,ロフト,ロフト0399,バイワンシー,バイワンシー ヒートケア・トリートメント,3,8100,2026-04,2026-05-18 13:44:26
2026-04-30,ロフト,ロフト0399,バイワンシー,バイワンシー スムース・リペアエッセンス,3,8100,2026-04,2026-05-18 13:44:26
2026-04-30,ロフト,ロフト0399,バイワンシー,バイワンシー スムースリペアESサシェ,8,2160,2026-04,2026-05-18 13:44:26
2026-04-30,ロフト,ロフト0399,バイワンシー,バイワンシー SP&TRサシェ,5,1350,2026-04,2026-05-18 13:44:26
2026-04-30,ロフト,ロフト0400,（不明）,イオセラム シャンプー 200,1,2000,2026-04,2026-05-18 13:44:26
2026-04-30,ロフト,ロフト0400,（不明）,イオ エッセンス モイスト,1,2000,2026-04,2026-05-18 13:44:26
2026-04-30,ロフト,ロフト0400,（不明）,イオ クリーム メルトリペア 200,1,1600,2026-04,2026-05-18 13:44:26
2026-04-30,ロフト,ロフト0400,ラフドット,ラフドットインティメイトウォッシュ SB,12,42984,2026-04,2026-05-18 13:44:26
2026-04-30,ロフト,ロフト0400,（不明）,ラフインティメイトフレッシュミスト SB,2,6264,2026-04,2026-05-18 13:44:26
2026-04-30,ロフト,ロフト0400,ラフドット,ラフドットインティメイトウォッシュ PM,12,42984,2026-04,2026-05-18 13:44:26
2026-04-30,ロフト,ロフト0400,ラフドット,ラフドットインティメイトウォッシュ AL,1,3582,2026-04,2026-05-18 13:44:26
2026-04-30,ロフト,ロフト0400,（不明）,ラフインティメイトフレッシュミスト AL,1,3132,2026-04,2026-05-18 13:44:26
2026-04-30,ロフト,ロフト0400,レチスパ,レチスパ クリームシャンプー,3,9600,2026-04,2026-05-18 13:44:26
2026-04-30,ロフト,ロフト0400,レチスパ,レチスパ クリームシャンプーサシェ,6,1200,2026-04,2026-05-18 13:44:26
2026-04-30,ロフト,ロフト0400,レチスパ,レチスパ ヘアオイル,1,2400,2026-04,2026-05-18 13:44:26
2026-04-30,ロフト,ロフト0400,（不明）,ベルミス スリムレギンス M-L,1,3990,2026-04,2026-05-18 13:44:26
2026-04-30,ロフト,ロフト0400,（不明）,ベルミス カラープラスBK L,1,4536,2026-04,2026-05-18 13:44:26
2026-04-30,ロフト,ロフト0400,バイワンシー,バイワンシー モイストブースターホイップ,1,2200,2026-04,2026-05-18 13:44:26
2026-04-30,ロフト,ロフト0400,（不明）,ベルミス スリムフルレッグ M-L,1,4718,2026-04,2026-05-18 13:44:26
2026-04-30,ロフト,ロフト0400,（不明）,スリムレギンス Premium Lv2,1,5445,2026-04,2026-05-18 13:44:26
2026-04-30,ロフト,ロフト0400,（不明）,スリムレギンス Premium Lv3,3,16335,2026-04,2026-05-18 13:44:26
2026-04-30,ロフト,ロフト0400,（不明）,wolg BBクリーム ナチュラル,1,2709,2026-04,2026-05-18 13:44:26
2026-04-30,ロフト,ロフト0401,（不明）,イオ クリーム シルキーリペア 200,6,9600,2026-04,2026-05-18 13:44:26
2026-04-30,ロフト,ロフト0401,ラフドット,ラフドットインティメイトウォッシュ SB,2,7164,2026-04,2026-05-18 13:44:26
2026-04-30,ロフト,ロフト0401,ラフドット,ラフドットインティメイトウォッシュ PM,5,17910,2026-04,2026-05-18 13:44:26
2026-04-30,ロフト,ロフト0407,（不明）,イオ クリーム メルトリペア 200,1,1600,2026-04,2026-05-18 13:44:26
2026-04-30,ロフト,ロフト0408,（不明）,イオ シャンプー クリアメント200,1,1600,2026-04,2026-05-18 13:44:26
2026-04-30,ロフト,ロフト0408,（不明）,イオ シャンプー リラックスメント200,3,4800,2026-04,2026-05-18 13:44:26
2026-04-30,ロフト,ロフト0408,（不明）,イオ クリーム シルキーリペア 200,2,3200,2026-04,2026-05-18 13:44:26
2026-04-30,ロフト,ロフト0408,（不明）,イオ クリーム メルトリペア 200,1,1600,2026-04,2026-05-18 13:44:26
2026-04-30,ロフト,ロフト0408,（不明）,トリエ スプレー10 170,3,4800,2026-04,2026-05-18 13:44:26
2026-04-30,ロフト,ロフト0408,レチスパ,レチスパ 頭皮用美容液,1,2500,2026-04,2026-05-18 13:44:26
2026-04-30,ロフト,ロフト0409,（不明）,イオセラム オイル 100,3,7200,2026-04,2026-05-18 13:44:26
2026-04-30,ロフト,ロフト0409,（不明）,ルベル ウィズ EP 140,1,1200,2026-04,2026-05-18 13:44:26
2026-04-30,ロフト,ロフト0409,（不明）,ルベル ウィズ RP 140,2,2000,2026-04,2026-05-18 13:44:26
2026-04-30,ロフト,ロフト0409,（不明）,ルベル ウィズ EP 140,1,1200,2026-04,2026-05-18 13:44:26
2026-04-30,ロフト,ロフト0409,ラフドット,ラフドットインティメイトウォッシュ SB,4,14328,2026-04,2026-05-18 13:44:26
2026-04-30,ロフト,ロフト0409,ラフドット,ラフドットインティメイトウォッシュ PM,1,3582,2026-04,2026-05-18 13:44:26
2026-04-30,ロフト,ロフト0409,レチスパ,レチスパ クリームシャンプーサシェ,5,1000,2026-04,2026-05-18 13:44:26
2026-04-30,ロフト,ロフト0409,レチスパ,レチスパ 頭皮用美容液,1,2500,2026-04,2026-05-18 13:44:26
2026-04-30,ロフト,ロフト0410,（不明）,イオ クリーム シルキーリペア 200,1,1600,2026-04,2026-05-18 13:44:26
2026-04-30,ロフト,ロフト0410,（不明）,ルベル ウィズ EP 140,1,1200,2026-04,2026-05-18 13:44:26
2026-04-30,ロフト,ロフト0411,（不明）,イオ クリーム シルキーリペア 200,1,1600,2026-04,2026-05-18 13:44:26
2026-04-30,ロフト,ロフト0412,ラフドット,ラフドットインティメイトウォッシュ SB,3,10746,2026-04,2026-05-18 13:44:26
2026-04-30,ロフト,ロフト0412,（不明）,ラフインティメイトフレッシュミスト SB,2,6264,2026-04,2026-05-18 13:44:26
2026-04-30,ロフト,ロフト0412,ラフドット,ラフドットインティメイトウォッシュ PM,1,3582,2026-04,2026-05-18 13:44:26
2026-04-30,ロフト,ロフト0412,ラフドット,ラフドットインティメイトウォッシュ AL,1,3582,2026-04,2026-05-18 13:44:26
2026-04-30,ロフト,ロフト0413,（不明）,イオセラム シャンプー 200,1,2000,2026-04,2026-05-18 13:44:26
2026-04-30,ロフト,ロフト0413,（不明）,イオセラム クリーム 200,2,4000,2026-04,2026-05-18 13:44:26
2026-04-30,ロフト,ロフト0413,（不明）,イオ シャンプー リラックスメント200,3,4800,2026-04,2026-05-18 13:44:26
2026-04-30,ロフト,ロフト0413,（不明）,イオ クリーム メルトリペア 200,4,6400,2026-04,2026-05-18 13:44:26
2026-04-30,ロフト,ロフト0413,（不明）,イオセラム クリーム 200,1,2000,2026-04,2026-05-18 13:44:26
2026-04-30,ロフト,ロフト0413,（不明）,トリエ スプレー10 170,2,3200,2026-04,2026-05-18 13:44:26
2026-04-30,ロフト,ロフト0413,（不明）,ビューティアップナイトブラ ブラックL,3,8940,2026-04,2026-05-18 13:44:26
2026-04-30,ロフト,ロフト0413,ラフドット,ラフドットインティメイトウォッシュ SB,5,17910,2026-04,2026-05-18 13:44:26
2026-04-30,ロフト,ロフト0413,（不明）,ラフインティメイトフレッシュミスト SB,2,6264,2026-04,2026-05-18 13:44:26
2026-04-30,ロフト,ロフト0413,ラフドット,ラフドットインティメイトウォッシュ PM,8,28656,2026-04,2026-05-18 13:44:26
2026-04-30,ロフト,ロフト0413,（不明）,ラフインティメイトフレッシュミスト PM,2,6264,2026-04,2026-05-18 13:44:26
2026-04-30,ロフト,ロフト0413,レチスパ,レチスパ クリームシャンプー,3,9600,2026-04,2026-05-18 13:44:26
2026-04-30,ロフト,ロフト0413,レチスパ,レチスパ クリームシャンプーサシェ,21,4200,2026-04,2026-05-18 13:44:26
2026-04-30,ロフト,ロフト0413,レチスパ,レチスパ ヘアオイル,2,4800,2026-04,2026-05-18 13:44:26
2026-04-30,ロフト,ロフト0413,レチスパ,レチスパ 頭皮用美容液,3,7500,2026-04,2026-05-18 13:44:26
2026-04-30,ロフト,ロフト0413,（不明）,ベルミス スリムレギンス L-LL,1,3990,2026-04,2026-05-18 13:44:26
2026-04-30,ロフト,ロフト0413,ラフドット,ラフドットインティメイトウォッシュ MV,4,14328,2026-04,2026-05-18 13:44:26
2026-04-30,ロフト,ロフト0413,バイワンシー,バイワンシー モイストブースターホイップ,2,4400,2026-04,2026-05-18 13:44:26
2026-04-30,ロフト,ロフト0413,（不明）,スリムフルレッグ クールプラス M-L,1,4718,2026-04,2026-05-18 13:44:26
2026-04-30,ロフト,ロフト0413,（不明）,ヒノキフットピーリングマスク,2,1440,2026-04,2026-05-18 13:44:26
2026-04-30,ロフト,ロフト0413,（不明）,フットピーリングダブルエッセンスマスク,1,750,2026-04,2026-05-18 13:44:26
2026-04-30,ロフト,ロフト0414,（不明）,イオ エッセンス スリーク,1,2000,2026-04,2026-05-18 13:44:26
2026-04-30,ロフト,ロフト0414,（不明）,ビューティアップナイトブラ ブラックL,2,5960,2026-04,2026-05-18 13:44:26
2026-04-30,ロフト,ロフト0414,ラフドット,ラフドットインティメイトウォッシュ SB,5,17910,2026-04,2026-05-18 13:44:26
2026-04-30,ロフト,ロフト0414,（不明）,ラフインティメイトフレッシュミスト SB,1,3132,2026-04,2026-05-18 13:44:26
2026-04-30,ロフト,ロフト0414,（不明）,ビューティアップナイトブラ BグレーL,1,2980,2026-04,2026-05-18 13:44:26
2026-04-30,ロフト,ロフト0414,ラフドット,ラフドットインティメイトウォッシュ PM,13,46566,2026-04,2026-05-18 13:44:26
2026-04-30,ロフト,ロフト0414,（不明）,ラフインティメイトフレッシュミスト PM,3,9396,2026-04,2026-05-18 13:44:26
2026-04-30,ロフト,ロフト0414,ラフドット,ラフドットインティメイトウォッシュ AL,2,7164,2026-04,2026-05-18 13:44:26
2026-04-30,ロフト,ロフト0414,（不明）,ラフインティメイトフレッシュミスト AL,1,3132,2026-04,2026-05-18 13:44:26
2026-04-30,ロフト,ロフト0414,レチスパ,レチスパ クリームシャンプー,1,3200,2026-04,2026-05-18 13:44:26
2026-04-30,ロフト,ロフト0414,レチスパ,レチスパ クリームシャンプーサシェ,18,3600,2026-04,2026-05-18 13:44:26
2026-04-30,ロフト,ロフト0414,レチスパ,レチスパ 頭皮用美容液,1,2500,2026-04,2026-05-18 13:44:26
2026-04-30,ロフト,ロフト0414,（不明）,ベルミス スリムレギンス L-LL,1,3990,2026-04,2026-05-18 13:44:26
2026-04-30,ロフト,ロフト0414,（不明）,ベルミス カラープラスBK M,1,4536,2026-04,2026-05-18 13:44:26
2026-04-30,ロフト,ロフト0414,ラフドット,ラフドット 薬用ホワイトセラム,1,3236,2026-04,2026-05-18 13:44:26
2026-04-30,ロフト,ロフト0414,ラフドット,ラフドットインティメイトウォッシュ MV,2,7164,2026-04,2026-05-18 13:44:26
2026-04-30,ロフト,ロフト0414,（不明）,ベルミス スリムフルレッグLーLL,1,4718,2026-04,2026-05-18 13:44:26
2026-04-30,ロフト,ロフト0414,（不明）,スリムレギンス Premium Lv3,2,10890,2026-04,2026-05-18 13:44:26
2026-04-30,ロフト,ロフト0414,（不明）,スリムフルレッグ クールプラス L-LL,1,4718,2026-04,2026-05-18 13:44:26
2026-04-30,ロフト,ロフト0414,（不明）,My+Cee ビタミンCサプリメント,1,2980,2026-04,2026-05-18 13:44:26
2026-04-30,ロフト,ロフト0414,（不明）,wolg BBクリーム ナチュラル,4,10836,2026-04,2026-05-18 13:44:26
2026-04-30,ロフト,ロフト0414,（不明）,ekam アドバンスドジェル,2,5418,2026-04,2026-05-18 13:44:26
2026-04-30,ロフト,ロフト0414,（不明）,ヒノキフットピーリングマスク,2,1440,2026-04,2026-05-18 13:44:26
2026-04-30,ロフト,ロフト0414,（不明）,ティーブレスボディローションアールグレイ,2,3000,2026-04,2026-05-18 13:44:26
2026-04-30,ロフト,ロフト0415,（不明）,イオセラム オイル 100,1,2400,2026-04,2026-05-18 13:44:26
2026-04-30,ロフト,ロフト0415,（不明）,ルベル ウィズ SW 240,1,1000,2026-04,2026-05-18 13:44:26
2026-04-30,ロフト,ロフト0415,（不明）,イオ シャンプー リラックスメント200,1,1600,2026-04,2026-05-18 13:44:26
2026-04-30,ロフト,ロフト0415,ラフドット,ラフドットインティメイトウォッシュ SB,1,3582,2026-04,2026-05-18 13:44:26
2026-04-30,ロフト,ロフト0415,ラフドット,ラフドットインティメイトウォッシュ PM,4,14328,2026-04,2026-05-18 13:44:26
2026-04-30,ロフト,ロフト0415,（不明）,ラフインティメイトフレッシュミスト PM,3,9396,2026-04,2026-05-18 13:44:26
2026-04-30,ロフト,ロフト0415,（不明）,ベルミス スリムレギンス L-LL,1,3990,2026-04,2026-05-18 13:44:26
2026-04-30,ロフト,ロフト0415,（不明）,ベルミス カラープラスAGY L,2,9072,2026-04,2026-05-18 13:44:26
2026-04-30,ロフト,ロフト0415,ラフドット,ラフドットインティメイトウォッシュ MV,1,3582,2026-04,2026-05-18 13:44:26
2026-04-30,ロフト,ロフト0415,（不明）,スリムレギンス Premium Lv2,2,10890,2026-04,2026-05-18 13:44:26
2026-04-30,ロフト,ロフト0415,（不明）,ekam アドバンスドセラム,1,3164,2026-04,2026-05-18 13:44:26
2026-04-30,ロフト,ロフト0415,（不明）,ヒノキフットピーリングマスク,2,1440,2026-04,2026-05-18 13:44:26
2026-04-30,ロフト,ロフト0415,（不明）,フットピーリングダブルエッセンスマスク,2,1500,2026-04,2026-05-18 13:44:26
2026-04-30,ロフト,ロフト0415,（不明）,かかと集中ピーリングマスク,3,1740,2026-04,2026-05-18 13:44:26
2026-04-30,ロフト,ロフト0415,（不明）,かかとソフトパッチ,1,750,2026-04,2026-05-18 13:44:26
2026-04-30,ロフト,ロフト0416,（不明）,イオ シャンプー クリアメント200,2,3200,2026-04,2026-05-18 13:44:26
2026-04-30,ロフト,ロフト0416,（不明）,イオセラム クリーム 200,1,2000,2026-04,2026-05-18 13:44:26
2026-04-30,ロフト,ロフト0416,（不明）,ルベル ウィズ JO 240,1,1000,2026-04,2026-05-18 13:44:26
2026-04-30,ロフト,ロフト0416,（不明）,ルベル ウィズ CY 240,1,1400,2026-04,2026-05-18 13:44:26
2026-04-30,ロフト,ロフト0416,ラフドット,ラフドットインティメイトウォッシュ SB,12,42984,2026-04,2026-05-18 13:44:26
2026-04-30,ロフト,ロフト0416,（不明）,ラフインティメイトフレッシュミスト SB,1,3132,2026-04,2026-05-18 13:44:26
2026-04-30,ロフト,ロフト0416,ラフドット,ラフドットインティメイトウォッシュ PM,14,50148,2026-04,2026-05-18 13:44:26
2026-04-30,ロフト,ロフト0416,（不明）,ラフインティメイトフレッシュミスト PM,1,3132,2026-04,2026-05-18 13:44:26
2026-04-30,ロフト,ロフト0416,ラフドット,ラフドットインティメイトウォッシュ AL,2,7164,2026-04,2026-05-18 13:44:26
2026-04-30,ロフト,ロフト0416,レチスパ,レチスパ クリームシャンプー,3,9600,2026-04,2026-05-18 13:44:26
2026-04-30,ロフト,ロフト0416,レチスパ,レチスパ クリームシャンプーサシェ,13,2600,2026-04,2026-05-18 13:44:26
2026-04-30,ロフト,ロフト0416,レチスパ,レチスパ ヘアオイル,2,4800,2026-04,2026-05-18 13:44:26
2026-04-30,ロフト,ロフト0416,レチスパ,レチスパ 頭皮用美容液,1,2500,2026-04,2026-05-18 13:44:26
2026-04-30,ロフト,ロフト0416,（不明）,ベルミス スリムレギンス M-L,1,3990,2026-04,2026-05-18 13:44:26
2026-04-30,ロフト,ロフト0416,（不明）,ベルミス カラープラスBK M,1,4536,2026-04,2026-05-18 13:44:26
2026-04-30,ロフト,ロフト0416,（不明）,ベルミス カラープラスAGY M,1,4536,2026-04,2026-05-18 13:44:26
2026-04-30,ロフト,ロフト0416,（不明）,ベルミス カラープラスAGY L,1,4536,2026-04,2026-05-18 13:44:26
2026-04-30,ロフト,ロフト0416,ラフドット,ラフドット ヘアリムーバー,1,3400,2026-04,2026-05-18 13:44:26
2026-04-30,ロフト,ロフト0416,ラフドット,ラフドットインティメイトウォッシュ MV,7,25074,2026-04,2026-05-18 13:44:26
2026-04-30,ロフト,ロフト0416,ラフドット,ラフドットインティメイトミスト MV,1,3132,2026-04,2026-05-18 13:44:26
2026-04-30,ロフト,ロフト0416,（不明）,ベルミス スリムフルレッグLーLL,1,4718,2026-04,2026-05-18 13:44:26
2026-04-30,ロフト,ロフト0416,（不明）,スリムレギンス Premium Lv3,1,5445,2026-04,2026-05-18 13:44:26
2026-04-30,ロフト,ロフト0417,（不明）,イオ シャンプー リラックスメント200,1,1600,2026-04,2026-05-18 13:44:26
2026-04-30,ロフト,ロフト0417,（不明）,イオ クリーム メルトリペア 200,1,1600,2026-04,2026-05-18 13:44:26
2026-04-30,ロフト,ロフト0417,（不明）,イオセラム クリーム 200,1,2000,2026-04,2026-05-18 13:44:26
2026-04-30,ロフト,ロフト0417,ラフドット,ラフドットインティメイトウォッシュ SB,4,14328,2026-04,2026-05-18 13:44:26
2026-04-30,ロフト,ロフト0417,（不明）,ラフインティメイトフレッシュミスト SB,1,3132,2026-04,2026-05-18 13:44:26
2026-04-30,ロフト,ロフト0417,ラフドット,ラフドットインティメイトウォッシュ PM,4,14328,2026-04,2026-05-18 13:44:26
2026-04-30,ロフト,ロフト0417,（不明）,ラフインティメイトフレッシュミスト AL,1,3132,2026-04,2026-05-18 13:44:26
2026-04-30,ロフト,ロフト0417,レチスパ,レチスパ クリームシャンプー,1,3200,2026-04,2026-05-18 13:44:26
2026-04-30,ロフト,ロフト0417,（不明）,ベルミス スリムレギンス L-LL,1,3990,2026-04,2026-05-18 13:44:26
2026-04-30,ロフト,ロフト0417,ラフドット,ラフドット 薬用ホワイトセラム,2,6472,2026-04,2026-05-18 13:44:26
2026-04-30,ロフト,ロフト0417,ラフドット,ラフドットインティメイトウォッシュ MV,4,14328,2026-04,2026-05-18 13:44:26
2026-04-30,ロフト,ロフト0417,バイワンシー,バイワンシー モイストブースターホイップ,3,6600,2026-04,2026-05-18 13:44:26
2026-04-30,ロフト,ロフト0417,（不明）,スリムレギンス Premium Lv3,1,5445,2026-04,2026-05-18 13:44:26
2026-04-30,ロフト,ロフト0417,バイワンシー,バイワンシー スムース・リペアエッセンス,2,5400,2026-04,2026-05-18 13:44:26
2026-04-30,ロフト,ロフト0417,（不明）,ティーブレスボディローショングリーン,1,1500,2026-04,2026-05-18 13:44:26
2026-04-30,ロフト,ロフト0418,（不明）,イオ エッセンス モイスト,1,2000,2026-04,2026-05-18 13:44:26
2026-04-30,ロフト,ロフト0418,（不明）,ルベル ウィズ MG 240,1,1000,2026-04,2026-05-18 13:44:26
2026-04-30,ロフト,ロフト0418,（不明）,ルベル ウィズ RP 140,2,2000,2026-04,2026-05-18 13:44:26
2026-04-30,ロフト,ロフト0418,（不明）,イオ シャンプー クリアメント200,1,1600,2026-04,2026-05-18 13:44:26
2026-04-30,ロフト,ロフト0418,（不明）,イオ シャンプー リラックスメント200,1,1600,2026-04,2026-05-18 13:44:26
2026-04-30,ロフト,ロフト0418,（不明）,イオ エッセンス モイスト,1,2000,2026-04,2026-05-18 13:44:26
2026-04-30,ロフト,ロフト0418,（不明）,イオ クリーム メルトリペア 200,1,1600,2026-04,2026-05-18 13:44:26
2026-04-30,ロフト,ロフト0418,（不明）,イオセラム クリーム 200,2,4000,2026-04,2026-05-18 13:44:26
2026-04-30,ロフト,ロフト0418,（不明）,イオセラム オイル 100,2,4800,2026-04,2026-05-18 13:44:26
2026-04-30,ロフト,ロフト0418,（不明）,ルベル ウィズ SW 240,3,3000,2026-04,2026-05-18 13:44:26
2026-04-30,ロフト,ロフト0418,（不明）,ビューティアップナイトブラ ブラックM,1,2980,2026-04,2026-05-18 13:44:26
2026-04-30,ロフト,ロフト0418,ラフドット,ラフドットインティメイトウォッシュ SB,10,35820,2026-04,2026-05-18 13:44:26
2026-04-30,ロフト,ロフト0418,（不明）,ラフインティメイトフレッシュミスト SB,4,12528,2026-04,2026-05-18 13:44:26
2026-04-30,ロフト,ロフト0418,（不明）,ビューティアップナイトブラ BグレーM,2,5960,2026-04,2026-05-18 13:44:26
2026-04-30,ロフト,ロフト0418,ラフドット,ラフドットインティメイトウォッシュ PM,10,35820,2026-04,2026-05-18 13:44:26
2026-04-30,ロフト,ロフト0418,（不明）,ラフインティメイトフレッシュミスト PM,4,12528,2026-04,2026-05-18 13:44:26
2026-04-30,ロフト,ロフト0418,（不明）,インティメイトウォッシュ RW,1,3582,2026-04,2026-05-18 13:44:26
2026-04-30,ロフト,ロフト0418,ラフドット,ラフドットインティメイトウォッシュ AL,2,7164,2026-04,2026-05-18 13:44:26
2026-04-30,ロフト,ロフト0418,レチスパ,レチスパ クリームシャンプー,3,9600,2026-04,2026-05-18 13:44:26
2026-04-30,ロフト,ロフト0418,レチスパ,レチスパ クリームシャンプーサシェ,14,2800,2026-04,2026-05-18 13:44:26
2026-04-30,ロフト,ロフト0418,レチスパ,レチスパ クリームシャンプー詰替,3,9300,2026-04,2026-05-18 13:44:26
2026-04-30,ロフト,ロフト0418,（不明）,ベルミス スリムレギンス M-L,3,11970,2026-04,2026-05-18 13:44:26
2026-04-30,ロフト,ロフト0418,ラフドット,ラフドットインティメイトウォッシュ MV,2,7164,2026-04,2026-05-18 13:44:26
2026-04-30,ロフト,ロフト0418,ラフドット,ラフドットインティメイトミスト MV,2,6264,2026-04,2026-05-18 13:44:26
2026-04-30,ロフト,ロフト0418,バイワンシー,バイワンシー モイストブースターホイップ,1,2200,2026-04,2026-05-18 13:44:26
2026-04-30,ロフト,ロフト0418,（不明）,ベルミス スリムフルレッグLーLL,1,4718,2026-04,2026-05-18 13:44:26
2026-04-30,ロフト,ロフト0418,（不明）,スリムレギンス Premium Lv3,2,10890,2026-04,2026-05-18 13:44:26
2026-04-30,ロフト,ロフト0418,（不明）,スリムフルレッグ クールプラス M-L,1,4718,2026-04,2026-05-18 13:44:26
2026-04-30,ロフト,ロフト0418,（不明）,スリムフルレッグ クールプラス L-LL,3,14154,2026-04,2026-05-18 13:44:26
2026-04-30,ロフト,ロフト0418,（不明）,wolg BBクリーム ナチュラル,10,27090,2026-04,2026-05-18 13:44:26
2026-04-30,ロフト,ロフト0418,バイワンシー,バイワンシー ピュア・アミノシャンプー,2,5400,2026-04,2026-05-18 13:44:26
2026-04-30,ロフト,ロフト0418,バイワンシー,バイワンシー ヒートケア・トリートメント,1,2700,2026-04,2026-05-18 13:44:26
2026-04-30,ロフト,ロフト0418,バイワンシー,バイワンシー スムース・リペアエッセンス,2,5400,2026-04,2026-05-18 13:44:26
2026-04-30,ロフト,ロフト0418,バイワンシー,バイワンシー スムースリペアESサシェ,5,1350,2026-04,2026-05-18 13:44:26
2026-04-30,ロフト,ロフト0418,バイワンシー,バイワンシー SP&TRサシェ,6,1620,2026-04,2026-05-18 13:44:26
2026-04-30,ロフト,ロフト0418,（不明）,ekam アドバンスドセラム,3,9492,2026-04,2026-05-18 13:44:26
2026-04-30,ロフト,ロフト0418,（不明）,ヒノキフットピーリングマスク,3,2160,2026-04,2026-05-18 13:44:26
2026-04-30,ロフト,ロフト0418,（不明）,フットピーリングダブルエッセンスマスク,5,3750,2026-04,2026-05-18 13:44:26
2026-04-30,ロフト,ロフト0418,（不明）,かかとソフトパッチ,1,750,2026-04,2026-05-18 13:44:26
2026-04-30,ロフト,ロフト0418,（不明）,ティーブレスボディローションホワイト,1,1500,2026-04,2026-05-18 13:44:26
2026-04-30,ロフト,ロフト0418,（不明）,ティーブレスボディローショングリーン,1,1500,2026-04,2026-05-18 13:44:26
2026-04-30,ロフト,ロフト0418,（不明）,ティーブレスボディローションローズティー,1,1500,2026-04,2026-05-18 13:44:26
2026-04-30,ロフト,ロフト0420,（不明）,イオ エッセンス モイスト,1,2000,2026-04,2026-05-18 13:44:26
2026-04-30,ロフト,ロフト0420,（不明）,イオ クリーム メルトリペア 200,1,1600,2026-04,2026-05-18 13:44:26
2026-04-30,ロフト,ロフト0420,ラフドット,ラフドットインティメイトウォッシュ SB,5,17910,2026-04,2026-05-18 13:44:26
2026-04-30,ロフト,ロフト0420,ラフドット,ラフドットインティメイトウォッシュ PM,1,3582,2026-04,2026-05-18 13:44:26
2026-04-30,ロフト,ロフト0420,（不明）,ラフインティメイトフレッシュミスト PM,1,3132,2026-04,2026-05-18 13:44:26
2026-04-30,ロフト,ロフト0420,（不明）,ベルミス スリムフルレッグ M-L,1,4718,2026-04,2026-05-18 13:44:26
2026-04-30,ロフト,ロフト0420,（不明）,スリムレギンス Premium Lv3,2,10890,2026-04,2026-05-18 13:44:26
2026-04-30,ロフト,ロフト0501,（不明）,イオ エッセンス スリーク,4,8000,2026-04,2026-05-18 13:44:26
2026-04-30,ロフト,ロフト0501,（不明）,イオ クリーム メルトリペア 200,2,3200,2026-04,2026-05-18 13:44:26
2026-04-30,ロフト,ロフト0501,（不明）,イオセラム クリーム 200,3,6000,2026-04,2026-05-18 13:44:26
2026-04-30,ロフト,ロフト0501,ラフドット,ラフドットインティメイトウォッシュ SB,17,60894,2026-04,2026-05-18 13:44:26
2026-04-30,ロフト,ロフト0501,ラフドット,ラフドットインティメイトウォッシュ PM,6,21492,2026-04,2026-05-18 13:44:26
2026-04-30,ロフト,ロフト0501,（不明）,ラフインティメイトフレッシュミスト PM,1,3132,2026-04,2026-05-18 13:44:26
2026-04-30,ロフト,ロフト0501,ラフドット,ラフドットインティメイトウォッシュ AL,8,28656,2026-04,2026-05-18 13:44:26
2026-04-30,ロフト,ロフト0501,（不明）,ラフインティメイトフレッシュミスト AL,2,6264,2026-04,2026-05-18 13:44:26
2026-04-30,ロフト,ロフト0501,レチスパ,レチスパ クリームシャンプー,1,3200,2026-04,2026-05-18 13:44:26
2026-04-30,ロフト,ロフト0501,レチスパ,レチスパ クリームシャンプーサシェ,11,2200,2026-04,2026-05-18 13:44:26
2026-04-30,ロフト,ロフト0501,レチスパ,レチスパ クリームシャンプー詰替,1,3100,2026-04,2026-05-18 13:44:26
2026-04-30,ロフト,ロフト0501,（不明）,ベルミス スリムレギンス M-L,1,3990,2026-04,2026-05-18 13:44:26
2026-04-30,ロフト,ロフト0501,（不明）,ベルミス カラープラスAGY L,1,4536,2026-04,2026-05-18 13:44:26
2026-04-30,ロフト,ロフト0501,ラフドット,ラフドット 薬用ホワイトセラム,2,6472,2026-04,2026-05-18 13:44:26
2026-04-30,ロフト,ロフト0501,ラフドット,ラフドット ヘアリムーバー,1,3400,2026-04,2026-05-18 13:44:26
2026-04-30,ロフト,ロフト0501,（不明）,リムーブレギンスEB M-L,1,11182,2026-04,2026-05-18 13:44:26
2026-04-30,ロフト,ロフト0501,（不明）,スリムレギンス Premium Lv3,1,5445,2026-04,2026-05-18 13:44:26
2026-04-30,ロフト,ロフト0501,バイワンシー,バイワンシー ピュア・アミノシャンプー,5,13500,2026-04,2026-05-18 13:44:26
2026-04-30,ロフト,ロフト0501,バイワンシー,バイワンシー ヒートケア・トリートメント,6,16200,2026-04,2026-05-18 13:44:26
2026-04-30,ロフト,ロフト0501,バイワンシー,バイワンシー スムース・リペアエッセンス,10,27000,2026-04,2026-05-18 13:44:26
2026-04-30,ロフト,ロフト0501,バイワンシー,バイワンシー スムースリペアESサシェ,3,810,2026-04,2026-05-18 13:44:26
2026-04-30,ロフト,ロフト0501,バイワンシー,バイワンシー SP&TRサシェ,15,4050,2026-04,2026-05-18 13:44:26
2026-04-30,ロフト,ロフト0501,（不明）,Vイフェクト青麦LHAクレンジングジェル,1,2100,2026-04,2026-05-18 13:44:26
2026-04-30,ロフト,ロフト0501,（不明）,ティーブレスボディローションホワイト,3,4500,2026-04,2026-05-18 13:44:26
2026-04-30,ロフト,ロフト0501,（不明）,ティーブレスボディローションローズティー,1,1500,2026-04,2026-05-18 13:44:26
2026-04-30,ロフト,ロフト0833,（不明）,イオ エッセンス スリーク,1,2000,2026-04,2026-05-18 13:44:26
2026-04-30,ロフト,ロフト0833,（不明）,イオセラム クリーム 200,1,2000,2026-04,2026-05-18 13:44:26
2026-04-30,ロフト,ロフト0833,（不明）,ルベル ウィズ RP 140,1,1000,2026-04,2026-05-18 13:44:26
2026-04-30,ロフト,ロフト0833,（不明）,ルベル ウィズ EP 140,1,1200,2026-04,2026-05-18 13:44:26
2026-04-30,ロフト,ロフト0833,ラフドット,ラフドットインティメイトウォッシュ SB,4,14328,2026-04,2026-05-18 13:44:26
2026-04-30,ロフト,ロフト0833,ラフドット,ラフドットインティメイトウォッシュ PM,6,21492,2026-04,2026-05-18 13:44:26
2026-04-30,ロフト,ロフト0833,ラフドット,ラフドットインティメイトウォッシュ AL,1,3582,2026-04,2026-05-18 13:44:26
2026-04-30,ロフト,ロフト0833,レチスパ,レチスパ クリームシャンプー,2,6400,2026-04,2026-05-18 13:44:26
2026-04-30,ロフト,ロフト0833,レチスパ,レチスパ クリームシャンプーサシェ,5,1000,2026-04,2026-05-18 13:44:26
2026-04-30,ロフト,ロフト0833,（不明）,ベルミス スリムレギンス M-L,3,11970,2026-04,2026-05-18 13:44:26
2026-04-30,ロフト,ロフト0833,（不明）,ベルミス カラープラスBK L,2,9072,2026-04,2026-05-18 13:44:26
2026-04-30,ロフト,ロフト0833,（不明）,ベルミス カラープラスAGY L,1,4536,2026-04,2026-05-18 13:44:26
2026-04-30,ロフト,ロフト0833,ラフドット,ラフドットインティメイトウォッシュ MV,3,10746,2026-04,2026-05-18 13:44:26
2026-04-30,ロフト,ロフト0833,（不明）,スリムレギンス Premium Lv3,1,5445,2026-04,2026-05-18 13:44:26
2026-04-30,ロフト,ロフト0834,（不明）,イオセラム クリーム 200,1,2000,2026-04,2026-05-18 13:44:26
2026-04-30,ロフト,ロフト0834,（不明）,ルベル ウィズ CY 240,1,1400,2026-04,2026-05-18 13:44:26
2026-04-30,ロフト,ロフト0834,（不明）,ルベル ウィズ SW 240,1,1000,2026-04,2026-05-18 13:44:26
2026-04-30,ロフト,ロフト0834,（不明）,イオ クリーム メルトリペア 200,2,3200,2026-04,2026-05-18 13:44:26
2026-04-30,ロフト,ロフト0834,ラフドット,ラフドットインティメイトウォッシュ SB,2,7164,2026-04,2026-05-18 13:44:26
2026-04-30,ロフト,ロフト0834,ラフドット,ラフドットインティメイトウォッシュ PM,3,10746,2026-04,2026-05-18 13:44:26
2026-04-30,ロフト,ロフト0834,ラフドット,ラフドットインティメイトウォッシュ AL,1,3582,2026-04,2026-05-18 13:44:26
2026-04-30,ロフト,ロフト0834,レチスパ,レチスパ クリームシャンプー,1,3200,2026-04,2026-05-18 13:44:26
2026-04-30,ロフト,ロフト0834,レチスパ,レチスパ クリームシャンプーサシェ,8,1600,2026-04,2026-05-18 13:44:26
2026-04-30,ロフト,ロフト0834,ラフドット,ラフドットインティメイトウォッシュ MV,3,10746,2026-04,2026-05-18 13:44:26
2026-04-30,ロフト,ロフト0834,（不明）,ベルミス スリムフルレッグLーLL,2,9436,2026-04,2026-05-18 13:44:26
2026-04-30,ロフト,ロフト0834,（不明）,スリムレギンス Premium Lv3,1,5445,2026-04,2026-05-18 13:44:26
2026-04-30,ロフト,ロフト0836,（不明）,イオ エッセンス モイスト,1,2000,2026-04,2026-05-18 13:44:26
2026-04-30,ロフト,ロフト0836,（不明）,ルベル ウィズ CY 240,1,1400,2026-04,2026-05-18 13:44:26
2026-04-30,ロフト,ロフト0836,（不明）,トリエ スプレー10 170,6,9600,2026-04,2026-05-18 13:44:26
2026-04-30,ロフト,ロフト0836,ラフドット,ラフドットインティメイトウォッシュ SB,4,14328,2026-04,2026-05-18 13:44:26
2026-04-30,ロフト,ロフト0836,（不明）,ラフインティメイトフレッシュミスト SB,3,9396,2026-04,2026-05-18 13:44:26
2026-04-30,ロフト,ロフト0836,ラフドット,ラフドットインティメイトウォッシュ PM,3,10746,2026-04,2026-05-18 13:44:26
2026-04-30,ロフト,ロフト0836,ラフドット,ラフドットインティメイトウォッシュ AL,2,7164,2026-04,2026-05-18 13:44:26
2026-04-30,ロフト,ロフト0836,（不明）,ベルミス スリムレギンス M-L,1,3990,2026-04,2026-05-18 13:44:26
2026-04-30,ロフト,ロフト0836,（不明）,ベルミス スリムレギンス L-LL,1,3990,2026-04,2026-05-18 13:44:26
2026-04-30,ロフト,ロフト0836,（不明）,ベルミス カラープラスBK M,1,4536,2026-04,2026-05-18 13:44:26
2026-04-30,ロフト,ロフト0836,（不明）,ベルミス カラープラスBK L,1,4536,2026-04,2026-05-18 13:44:26
2026-04-30,ロフト,ロフト0836,（不明）,ベルミス カラープラスAGY L,1,4536,2026-04,2026-05-18 13:44:26
2026-04-30,ロフト,ロフト0836,ラフドット,ラフドットインティメイトウォッシュ MV,1,3582,2026-04,2026-05-18 13:44:26
2026-04-30,ロフト,ロフト0836,ラフドット,ラフドットインティメイトミスト MV,1,3132,2026-04,2026-05-18 13:44:26
2026-04-30,ロフト,ロフト0836,（不明）,ベルミス スリムフルレッグLーLL,1,4718,2026-04,2026-05-18 13:44:26
2026-04-30,ロフト,ロフト0838,（不明）,イオ エッセンス モイスト,1,2000,2026-04,2026-05-18 13:44:26
2026-04-30,ロフト,ロフト0838,ラフドット,ラフドットインティメイトウォッシュ SB,2,7164,2026-04,2026-05-18 13:44:26
2026-04-30,ロフト,ロフト0838,ラフドット,ラフドットインティメイトウォッシュ PM,2,7164,2026-04,2026-05-18 13:44:26
2026-04-30,ロフト,ロフト0838,（不明）,ラフインティメイトフレッシュミスト PM,1,3132,2026-04,2026-05-18 13:44:26
2026-04-30,ロフト,ロフト0838,レチスパ,レチスパ クリームシャンプー,1,3200,2026-04,2026-05-18 13:44:26
2026-04-30,ロフト,ロフト0838,レチスパ,レチスパ クリームシャンプーサシェ,1,200,2026-04,2026-05-18 13:44:26
2026-04-30,ロフト,ロフト0838,（不明）,ベルミス スリムレギンス M-L,2,7980,2026-04,2026-05-18 13:44:26
2026-04-30,ロフト,ロフト0838,（不明）,ベルミス カラープラスBK M,1,4536,2026-04,2026-05-18 13:44:26
2026-04-30,ロフト,ロフト0838,ラフドット,ラフドット 薬用ホワイトセラム,5,16180,2026-04,2026-05-18 13:44:26
2026-04-30,ロフト,ロフト0838,ラフドット,ラフドットインティメイトウォッシュ MV,2,7164,2026-04,2026-05-18 13:44:26
2026-04-30,ロフト,ロフト0838,（不明）,スリムレギンス Premium Lv1,1,5445,2026-04,2026-05-18 13:44:26
2026-04-30,ロフト,ロフト0838,（不明）,スリムレギンス Premium Lv3,1,5445,2026-04,2026-05-18 13:44:26
2026-04-30,ロフト,ロフト0842,（不明）,イオセラム シャンプー 200,1,2000,2026-04,2026-05-18 13:44:26
2026-04-30,ロフト,ロフト0842,（不明）,イオセラム クリーム 200,4,8000,2026-04,2026-05-18 13:44:26
2026-04-30,ロフト,ロフト0842,（不明）,ルベル ウィズ CY 240,1,1400,2026-04,2026-05-18 13:44:26
2026-04-30,ロフト,ロフト0842,（不明）,イオ シャンプー リラックスメント200,1,1600,2026-04,2026-05-18 13:44:26
2026-04-30,ロフト,ロフト0842,（不明）,イオ クリーム メルトリペア 200,2,3200,2026-04,2026-05-18 13:44:26
2026-04-30,ロフト,ロフト0842,（不明）,イオセラム シャンプー 200,1,2000,2026-04,2026-05-18 13:44:26
2026-04-30,ロフト,ロフト0842,（不明）,ルベル ウィズ RP 140,2,2000,2026-04,2026-05-18 13:44:26
2026-04-30,ロフト,ロフト0842,（不明）,トリエ スプレー10 170,10,16000,2026-04,2026-05-18 13:44:26
2026-04-30,ロフト,ロフト0842,ラフドット,ラフドットインティメイトウォッシュ SB,9,32238,2026-04,2026-05-18 13:44:26
2026-04-30,ロフト,ロフト0842,（不明）,ラフインティメイトフレッシュミスト SB,3,9396,2026-04,2026-05-18 13:44:26
2026-04-30,ロフト,ロフト0842,（不明）,ビューティアップナイトブラ BグレーL,2,5960,2026-04,2026-05-18 13:44:26
2026-04-30,ロフト,ロフト0842,ラフドット,ラフドットインティメイトウォッシュ PM,8,28656,2026-04,2026-05-18 13:44:26
2026-04-30,ロフト,ロフト0842,（不明）,ラフインティメイトフレッシュミスト PM,1,3132,2026-04,2026-05-18 13:44:26
2026-04-30,ロフト,ロフト0842,ラフドット,ラフドットインティメイトウォッシュ AL,2,7164,2026-04,2026-05-18 13:44:26
2026-04-30,ロフト,ロフト0842,レチスパ,レチスパ 頭皮用美容液,1,2500,2026-04,2026-05-18 13:44:26
2026-04-30,ロフト,ロフト0842,（不明）,ベルミス スリムレギンス L-LL,1,3990,2026-04,2026-05-18 13:44:26
2026-04-30,ロフト,ロフト0842,（不明）,ベルミス カラープラスBK M,2,9072,2026-04,2026-05-18 13:44:26
2026-04-30,ロフト,ロフト0842,ラフドット,ラフドットインティメイトウォッシュ MV,3,10746,2026-04,2026-05-18 13:44:26
2026-04-30,ロフト,ロフト0842,（不明）,wolg BBクリーム ナチュラル,1,2709,2026-04,2026-05-18 13:44:26
2026-04-30,ロフト,ロフト0842,バイワンシー,バイワンシー ヒートケア・トリートメント,1,2700,2026-04,2026-05-18 13:44:26
2026-04-30,ロフト,ロフト0842,バイワンシー,バイワンシー スムース・リペアエッセンス,1,2700,2026-04,2026-05-18 13:44:26
2026-04-30,ロフト,ロフト0842,バイワンシー,バイワンシー SP&TRサシェ,6,1620,2026-04,2026-05-18 13:44:26
2026-04-30,ロフト,ロフト0842,（不明）,ekam ホイップ洗顔,1,1800,2026-04,2026-05-18 13:44:26
2026-04-30,ロフト,ロフト0844,（不明）,イオ エッセンス フォルティ,1,2000,2026-04,2026-05-18 13:44:26
2026-04-30,ロフト,ロフト0844,（不明）,イオ クリーム シルキーリペア 200,3,4800,2026-04,2026-05-18 13:44:26
2026-04-30,ロフト,ロフト0844,（不明）,イオ クリーム メルトリペア 200,1,1600,2026-04,2026-05-18 13:44:26
2026-04-30,ロフト,ロフト0844,（不明）,イオセラム オイル 100,2,4800,2026-04,2026-05-18 13:44:26
2026-04-30,ロフト,ロフト0844,（不明）,ビューティアップナイトブラ ブラックM,8,23840,2026-04,2026-05-18 13:44:26
2026-04-30,ロフト,ロフト0844,（不明）,ビューティアップナイトブラ ブラックL,2,5960,2026-04,2026-05-18 13:44:26
2026-04-30,ロフト,ロフト0844,（不明）,ビューティアップナイトブラ NピンクL,1,2980,2026-04,2026-05-18 13:44:26
2026-04-30,ロフト,ロフト0844,ラフドット,ラフドットインティメイトウォッシュ SB,12,42984,2026-04,2026-05-18 13:44:26
2026-04-30,ロフト,ロフト0844,（不明）,ラフインティメイトフレッシュミスト SB,2,6264,2026-04,2026-05-18 13:44:26
2026-04-30,ロフト,ロフト0844,（不明）,ビューティアップナイトブラ BグレーM,4,11920,2026-04,2026-05-18 13:44:26
2026-04-30,ロフト,ロフト0844,ラフドット,ラフドットインティメイトウォッシュ PM,18,64476,2026-04,2026-05-18 13:44:26
2026-04-30,ロフト,ロフト0844,（不明）,ラフインティメイトフレッシュミスト PM,5,15660,2026-04,2026-05-18 13:44:26
2026-04-30,ロフト,ロフト0844,ラフドット,ラフドットインティメイトウォッシュ AL,3,10746,2026-04,2026-05-18 13:44:26
2026-04-30,ロフト,ロフト0844,レチスパ,レチスパ クリームシャンプー,1,3200,2026-04,2026-05-18 13:44:26
2026-04-30,ロフト,ロフト0844,レチスパ,レチスパ クリームシャンプーサシェ,17,3400,2026-04,2026-05-18 13:44:26
2026-04-30,ロフト,ロフト0844,レチスパ,レチスパ クリームシャンプー詰替,1,3100,2026-04,2026-05-18 13:44:26
2026-04-30,ロフト,ロフト0844,レチスパ,レチスパ 頭皮用美容液,4,10000,2026-04,2026-05-18 13:44:26
2026-04-30,ロフト,ロフト0844,（不明）,ベルミス スリムレギンス M-L,3,11970,2026-04,2026-05-18 13:44:26
2026-04-30,ロフト,ロフト0844,（不明）,ベルミス スリムレギンス L-LL,4,15960,2026-04,2026-05-18 13:44:26
2026-04-30,ロフト,ロフト0844,（不明）,ベルミス カラープラスBK M,1,4536,2026-04,2026-05-18 13:44:26
2026-04-30,ロフト,ロフト0844,ラフドット,ラフドット 薬用ホワイトセラム,5,16180,2026-04,2026-05-18 13:44:26
2026-04-30,ロフト,ロフト0844,ラフドット,ラフドット ヘアリムーバー,7,23800,2026-04,2026-05-18 13:44:26
2026-04-30,ロフト,ロフト0844,ラフドット,ラフドットインティメイトウォッシュ MV,5,17910,2026-04,2026-05-18 13:44:26
2026-04-30,ロフト,ロフト0844,ラフドット,ラフドットインティメイトミスト MV,1,3132,2026-04,2026-05-18 13:44:26
2026-04-30,ロフト,ロフト0844,バイワンシー,バイワンシー モイストブースターホイップ,1,2200,2026-04,2026-05-18 13:44:26
2026-04-30,ロフト,ロフト0844,（不明）,リムーブレギンスEB M-L,1,11182,2026-04,2026-05-18 13:44:26
2026-04-30,ロフト,ロフト0844,（不明）,リムーブレギンスSG L-LL,1,11182,2026-04,2026-05-18 13:44:26
2026-04-30,ロフト,ロフト0844,（不明）,スリムレギンス Premium Lv2,1,5445,2026-04,2026-05-18 13:44:26
2026-04-30,ロフト,ロフト0844,（不明）,スリムレギンス Premium Lv3,1,5445,2026-04,2026-05-18 13:44:26
2026-04-30,ロフト,ロフト0844,（不明）,インシトゥ ハーブラピール,14,33600,2026-04,2026-05-18 13:44:26
2026-04-30,ロフト,ロフト0844,（不明）,wolg BBクリーム ナチュラル,5,13545,2026-04,2026-05-18 13:44:26
2026-04-30,ロフト,ロフト0844,バイワンシー,バイワンシー ピュア・アミノシャンプー,5,13500,2026-04,2026-05-18 13:44:26
2026-04-30,ロフト,ロフト0844,バイワンシー,バイワンシー ヒートケア・トリートメント,4,10800,2026-04,2026-05-18 13:44:26
2026-04-30,ロフト,ロフト0844,バイワンシー,バイワンシー スムース・リペアエッセンス,7,18900,2026-04,2026-05-18 13:44:26
2026-04-30,ロフト,ロフト0844,バイワンシー,バイワンシー スムースリペアESサシェ,14,3780,2026-04,2026-05-18 13:44:26
2026-04-30,ロフト,ロフト0844,バイワンシー,バイワンシー SP&TRサシェ,11,2970,2026-04,2026-05-18 13:44:26
2026-04-30,ロフト,ロフト0844,（不明）,ekam アドバンスドジェル,2,5418,2026-04,2026-05-18 13:44:26
2026-04-30,ロフト,ロフト0844,（不明）,ekam アドバンスドセラム,1,3164,2026-04,2026-05-18 13:44:26
2026-04-30,ロフト,ロフト0844,（不明）,ekam ホイップ洗顔,1,1800,2026-04,2026-05-18 13:44:26
2026-04-30,ロフト,ロフト0844,（不明）,ヒノキフットピーリングマスク,8,5760,2026-04,2026-05-18 13:44:26
2026-04-30,ロフト,ロフト0844,（不明）,フットピーリングダブルエッセンスマスク,1,750,2026-04,2026-05-18 13:44:26
2026-04-30,ロフト,ロフト0844,（不明）,かかと集中ピーリングマスク,4,2320,2026-04,2026-05-18 13:44:26
2026-04-30,ロフト,ロフト0844,（不明）,VイフェクトFCポアベルベットクリーム,2,5960,2026-04,2026-05-18 13:44:26
2026-04-30,ロフト,ロフト0844,（不明）,かかとソフトパッチ,1,750,2026-04,2026-05-18 13:44:26
2026-04-30,ロフト,ロフト0844,（不明）,ティーブレスボディローションホワイト,3,4500,2026-04,2026-05-18 13:44:26
2026-04-30,ロフト,ロフト0844,（不明）,ティーブレスボディローションローズティー,2,3000,2026-04,2026-05-18 13:44:26
2026-04-30,ロフト,ロフト0845,ラフドット,ラフドットインティメイトウォッシュ SB,5,17910,2026-04,2026-05-18 13:44:26
2026-04-30,ロフト,ロフト0845,ラフドット,ラフドットインティメイトウォッシュ PM,4,14328,2026-04,2026-05-18 13:44:26
2026-04-30,ロフト,ロフト0845,（不明）,ラフインティメイトフレッシュミスト PM,1,3132,2026-04,2026-05-18 13:44:26
2026-04-30,ロフト,ロフト0845,（不明）,ベルミス スリムレギンス M-L,1,3990,2026-04,2026-05-18 13:44:26
2026-04-30,ロフト,ロフト0845,ラフドット,ラフドットインティメイトウォッシュ MV,1,3582,2026-04,2026-05-18 13:44:26
2026-04-30,ロフト,ロフト0845,ラフドット,ラフドットインティメイトミスト MV,1,3132,2026-04,2026-05-18 13:44:26
2026-04-30,ロフト,ロフト0845,（不明）,ベルミス スリムフルレッグLーLL,1,4718,2026-04,2026-05-18 13:44:26
2026-04-30,ロフト,ロフト0845,（不明）,ベルミス スリムフルレッグ M-L,2,9436,2026-04,2026-05-18 13:44:26
2026-04-30,ロフト,ロフト0845,（不明）,スリムレギンス Premium Lv3,1,5445,2026-04,2026-05-18 13:44:26
2026-04-30,ロフト,ロフト0846,（不明）,イオ エッセンス スリーク,1,2000,2026-04,2026-05-18 13:44:26
2026-04-30,ロフト,ロフト0846,ラフドット,ラフドットインティメイトウォッシュ SB,2,7164,2026-04,2026-05-18 13:44:26
2026-04-30,ロフト,ロフト0846,ラフドット,ラフドットインティメイトウォッシュ PM,4,14328,2026-04,2026-05-18 13:44:26
2026-04-30,ロフト,ロフト0846,（不明）,ラフインティメイトフレッシュミスト PM,1,3132,2026-04,2026-05-18 13:44:26
2026-04-30,ロフト,ロフト0846,ラフドット,ラフドットインティメイトウォッシュ AL,2,7164,2026-04,2026-05-18 13:44:26
2026-04-30,ロフト,ロフト0846,（不明）,ラフインティメイトフレッシュミスト AL,2,6264,2026-04,2026-05-18 13:44:26
2026-04-30,ロフト,ロフト0846,レチスパ,レチスパ クリームシャンプー,2,6400,2026-04,2026-05-18 13:44:26
2026-04-30,ロフト,ロフト0846,レチスパ,レチスパ クリームシャンプーサシェ,1,200,2026-04,2026-05-18 13:44:26
2026-04-30,ロフト,ロフト0846,レチスパ,レチスパ ヘアオイル,1,2400,2026-04,2026-05-18 13:44:26
2026-04-30,ロフト,ロフト0846,（不明）,ベルミス スリムレギンス M-L,2,7980,2026-04,2026-05-18 13:44:26
2026-04-30,ロフト,ロフト0846,（不明）,ベルミス カラープラスBK M,2,9072,2026-04,2026-05-18 13:44:26
2026-04-30,ロフト,ロフト0846,ラフドット,ラフドット ヘアリムーバー,1,3400,2026-04,2026-05-18 13:44:26
2026-04-30,ロフト,ロフト0846,ラフドット,ラフドットインティメイトウォッシュ MV,1,3582,2026-04,2026-05-18 13:44:26
2026-04-30,ロフト,ロフト0846,（不明）,ベルミス スリムフルレッグ M-L,2,9436,2026-04,2026-05-18 13:44:26
2026-04-30,ロフト,ロフト0846,（不明）,スリムレギンス Premium Lv3,2,10890,2026-04,2026-05-18 13:44:26
2026-04-30,ロフト,ロフト0846,（不明）,スリムフルレッグ クールプラス M-L,1,4718,2026-04,2026-05-18 13:44:26
2026-04-30,ロフト,ロフト0846,（不明）,スリムフルレッグ クールプラス L-LL,2,9436,2026-04,2026-05-18 13:44:26
2026-04-30,ロフト,ロフト0853,（不明）,トリエ スプレー10 170,2,3200,2026-04,2026-05-18 13:44:26
2026-04-30,ロフト,ロフト0853,（不明）,ルベル ウィズ RP 140,1,1000,2026-04,2026-05-18 13:44:26
2026-04-30,ロフト,ロフト0853,ラフドット,ラフドットインティメイトウォッシュ SB,1,3582,2026-04,2026-05-18 13:44:26
2026-04-30,ロフト,ロフト0853,ラフドット,ラフドットインティメイトウォッシュ PM,7,25074,2026-04,2026-05-18 13:44:26
2026-04-30,ロフト,ロフト0853,（不明）,ラフインティメイトフレッシュミスト PM,3,9396,2026-04,2026-05-18 13:44:26
2026-04-30,ロフト,ロフト0853,レチスパ,レチスパ クリームシャンプー,1,3200,2026-04,2026-05-18 13:44:26
2026-04-30,ロフト,ロフト0853,レチスパ,レチスパ クリームシャンプーサシェ,9,1800,2026-04,2026-05-18 13:44:26
2026-04-30,ロフト,ロフト0853,レチスパ,レチスパ ヘアオイル,1,2400,2026-04,2026-05-18 13:44:26
2026-04-30,ロフト,ロフト0853,レチスパ,レチスパ 頭皮用美容液,3,7500,2026-04,2026-05-18 13:44:26
2026-04-30,ロフト,ロフト0853,（不明）,ベルミス カラープラスAGY S,1,4536,2026-04,2026-05-18 13:44:26
2026-04-30,ロフト,ロフト0853,（不明）,ベルミス カラープラスAGY M,3,13608,2026-04,2026-05-18 13:44:26
2026-04-30,ロフト,ロフト0853,（不明）,ベルミス カラープラスAGY L,1,4536,2026-04,2026-05-18 13:44:26
2026-04-30,ロフト,ロフト0853,ラフドット,ラフドットインティメイトウォッシュ MV,7,25074,2026-04,2026-05-18 13:44:26
2026-04-30,ロフト,ロフト0853,ラフドット,ラフドットインティメイトミスト MV,1,3132,2026-04,2026-05-18 13:44:26
2026-04-30,ロフト,ロフト0853,バイワンシー,バイワンシー モイストブースターホイップ,1,2200,2026-04,2026-05-18 13:44:26
2026-04-30,ロフト,ロフト0853,（不明）,スリムフルレッグ クールプラス M-L,1,4718,2026-04,2026-05-18 13:44:26
2026-04-30,ロフト,ロフト0853,バイワンシー,バイワンシー スムースリペアESサシェ,3,810,2026-04,2026-05-18 13:44:26
2026-04-30,ロフト,ロフト0853,バイワンシー,バイワンシー SP&TRサシェ,2,540,2026-04,2026-05-18 13:44:26
2026-04-30,ロフト,ロフト0854,（不明）,イオ エッセンス モイスト,2,4000,2026-04,2026-05-18 13:44:26
2026-04-30,ロフト,ロフト0854,（不明）,イオセラム オイル 100,2,4800,2026-04,2026-05-18 13:44:26
2026-04-30,ロフト,ロフト0854,（不明）,イオ シャンプー クリアメント200,1,1600,2026-04,2026-05-18 13:44:26
2026-04-30,ロフト,ロフト0854,（不明）,イオ クリーム メルトリペア 200,1,1600,2026-04,2026-05-18 13:44:26
2026-04-30,ロフト,ロフト0854,ラフドット,ラフドットインティメイトウォッシュ SB,3,10746,2026-04,2026-05-18 13:44:26
2026-04-30,ロフト,ロフト0854,ラフドット,ラフドットインティメイトウォッシュ PM,4,14328,2026-04,2026-05-18 13:44:26
2026-04-30,ロフト,ロフト0854,レチスパ,レチスパ クリームシャンプー,1,3200,2026-04,2026-05-18 13:44:26
2026-04-30,ロフト,ロフト0854,レチスパ,レチスパ クリームシャンプーサシェ,11,2200,2026-04,2026-05-18 13:44:26
2026-04-30,ロフト,ロフト0854,レチスパ,レチスパ ヘアオイル,1,2400,2026-04,2026-05-18 13:44:26
2026-04-30,ロフト,ロフト0854,レチスパ,レチスパ 頭皮用美容液,1,2500,2026-04,2026-05-18 13:44:26
2026-04-30,ロフト,ロフト0854,（不明）,ベルミス スリムレギンス M-L,1,3990,2026-04,2026-05-18 13:44:26
2026-04-30,ロフト,ロフト0854,ラフドット,ラフドットインティメイトウォッシュ MV,2,7164,2026-04,2026-05-18 13:44:26
2026-04-30,ロフト,ロフト0855,（不明）,イオ エッセンス モイスト,2,4000,2026-04,2026-05-18 13:44:26
2026-04-30,ロフト,ロフト0855,（不明）,ルベル ウィズ MG 240,1,1000,2026-04,2026-05-18 13:44:26
2026-04-30,ロフト,ロフト0855,（不明）,イオ シャンプー クリアメント200,1,1600,2026-04,2026-05-18 13:44:26
2026-04-30,ロフト,ロフト0855,（不明）,イオ シャンプー フレッシュメント200,3,4800,2026-04,2026-05-18 13:44:26
2026-04-30,ロフト,ロフト0855,（不明）,イオ エッセンス モイスト,1,2000,2026-04,2026-05-18 13:44:26
2026-04-30,ロフト,ロフト0855,（不明）,イオ クリーム シルキーリペア 200,4,6400,2026-04,2026-05-18 13:44:26
2026-04-30,ロフト,ロフト0855,（不明）,イオ クリーム メルトリペア 200,5,8000,2026-04,2026-05-18 13:44:26
2026-04-30,ロフト,ロフト0855,ラフドット,ラフドットインティメイトウォッシュ SB,1,3582,2026-04,2026-05-18 13:44:26
2026-04-30,ロフト,ロフト0855,ラフドット,ラフドットインティメイトウォッシュ PM,4,14328,2026-04,2026-05-18 13:44:26
2026-04-30,ロフト,ロフト0855,（不明）,ラフインティメイトフレッシュミスト PM,2,6264,2026-04,2026-05-18 13:44:26
2026-04-30,ロフト,ロフト0855,ラフドット,ラフドットインティメイトウォッシュ AL,1,3582,2026-04,2026-05-18 13:44:26
2026-04-30,ロフト,ロフト0855,レチスパ,レチスパ クリームシャンプー,1,3200,2026-04,2026-05-18 13:44:26
2026-04-30,ロフト,ロフト0855,レチスパ,レチスパ クリームシャンプーサシェ,10,2000,2026-04,2026-05-18 13:44:26
2026-04-30,ロフト,ロフト0855,レチスパ,レチスパ 頭皮用美容液,2,5000,2026-04,2026-05-18 13:44:26
2026-04-30,ロフト,ロフト0855,（不明）,ベルミス カラープラスAGY S,1,4536,2026-04,2026-05-18 13:44:26
2026-04-30,ロフト,ロフト0855,（不明）,ベルミス カラープラスBK L,1,4536,2026-04,2026-05-18 13:44:26
2026-04-30,ロフト,ロフト0855,ラフドット,ラフドットインティメイトウォッシュ MV,2,7164,2026-04,2026-05-18 13:44:26
2026-04-30,ロフト,ロフト0855,バイワンシー,バイワンシー モイストブースターホイップ,1,2200,2026-04,2026-05-18 13:44:26
2026-04-30,ロフト,ロフト0855,（不明）,wolg BBクリーム ナチュラル,2,5418,2026-04,2026-05-18 13:44:26
2026-04-30,ロフト,ロフト0855,バイワンシー,バイワンシー ピュア・アミノシャンプー,3,8100,2026-04,2026-05-18 13:44:26
2026-04-30,ロフト,ロフト0855,バイワンシー,バイワンシー ヒートケア・トリートメント,3,8100,2026-04,2026-05-18 13:44:26
2026-04-30,ロフト,ロフト0855,バイワンシー,バイワンシー スムース・リペアエッセンス,2,5400,2026-04,2026-05-18 13:44:26
2026-04-30,ロフト,ロフト0855,（不明）,ekam アドバンスドセラム,1,3164,2026-04,2026-05-18 13:44:26
2026-04-30,ロフト,ロフト0856,（不明）,イオ シャンプー クリアメント200,1,1600,2026-04,2026-05-18 13:44:26
2026-04-30,ロフト,ロフト0856,（不明）,イオセラム シャンプー 200,1,2000,2026-04,2026-05-18 13:44:26
2026-04-30,ロフト,ロフト0856,（不明）,ルベル ウィズ EP 140,1,1200,2026-04,2026-05-18 13:44:26
2026-04-30,ロフト,ロフト0856,（不明）,イオ クリーム シルキーリペア 200,2,3200,2026-04,2026-05-18 13:44:26
2026-04-30,ロフト,ロフト0856,（不明）,イオ クリーム メルトリペア 200,1,1600,2026-04,2026-05-18 13:44:26
2026-04-30,ロフト,ロフト0856,（不明）,ルベル ウィズ CY 240,1,1400,2026-04,2026-05-18 13:44:26
2026-04-30,ロフト,ロフト0856,ラフドット,ラフドットインティメイトウォッシュ SB,4,14328,2026-04,2026-05-18 13:44:26
2026-04-30,ロフト,ロフト0856,ラフドット,ラフドットインティメイトウォッシュ PM,5,17910,2026-04,2026-05-18 13:44:26
2026-04-30,ロフト,ロフト0856,（不明）,ラフインティメイトフレッシュミスト PM,2,6264,2026-04,2026-05-18 13:44:26
2026-04-30,ロフト,ロフト0856,レチスパ,レチスパ クリームシャンプーサシェ,1,200,2026-04,2026-05-18 13:44:26
2026-04-30,ロフト,ロフト0856,レチスパ,レチスパ 頭皮用美容液,2,5000,2026-04,2026-05-18 13:44:26
2026-04-30,ロフト,ロフト0856,（不明）,ベルミス カラープラスBK M,1,4536,2026-04,2026-05-18 13:44:26
2026-04-30,ロフト,ロフト0856,ラフドット,ラフドットインティメイトウォッシュ MV,4,14328,2026-04,2026-05-18 13:44:26
2026-04-30,ロフト,ロフト0856,ラフドット,ラフドットインティメイトミスト MV,1,3132,2026-04,2026-05-18 13:44:26
2026-04-30,ロフト,ロフト0856,（不明）,スリムレギンス Premium Lv2,1,5445,2026-04,2026-05-18 13:44:26
2026-04-30,ロフト,ロフト0856,バイワンシー,バイワンシー スムース・リペアエッセンス,1,2700,2026-04,2026-05-18 13:44:26
2026-04-30,ロフト,ロフト0857,（不明）,トリエ スプレー10 170,5,8000,2026-04,2026-05-18 13:44:26
2026-04-30,ロフト,ロフト0857,（不明）,イオ クリーム メルトリペア 200,1,1600,2026-04,2026-05-18 13:44:26
2026-04-30,ロフト,ロフト0857,ラフドット,ラフドットインティメイトウォッシュ PM,1,3582,2026-04,2026-05-18 13:44:26
2026-04-30,ロフト,ロフト0857,レチスパ,レチスパ クリームシャンプー,1,3200,2026-04,2026-05-18 13:44:26
2026-04-30,ロフト,ロフト0857,レチスパ,レチスパ クリームシャンプーサシェ,6,1200,2026-04,2026-05-18 13:44:26
2026-04-30,ロフト,ロフト0857,（不明）,ベルミス カラープラスAGY M,1,4536,2026-04,2026-05-18 13:44:26
2026-04-30,ロフト,ロフト0857,ラフドット,ラフドットインティメイトウォッシュ MV,1,3582,2026-04,2026-05-18 13:44:26
2026-04-30,ロフト,ロフト0857,ラフドット,ラフドットインティメイトミスト MV,1,3132,2026-04,2026-05-18 13:44:26
2026-04-30,ロフト,ロフト0857,（不明）,スリムレギンス Premium Lv2,1,5445,2026-04,2026-05-18 13:44:26
2026-04-30,ロフト,ロフト0858,（不明）,イオ エッセンス モイスト,1,2000,2026-04,2026-05-18 13:44:26
2026-04-30,ロフト,ロフト0858,（不明）,イオ クリーム メルトリペア 200,1,1600,2026-04,2026-05-18 13:44:26
2026-04-30,ロフト,ロフト0858,ラフドット,ラフドットインティメイトウォッシュ SB,9,32238,2026-04,2026-05-18 13:44:26
2026-04-30,ロフト,ロフト0858,（不明）,ラフインティメイトフレッシュミスト SB,1,3132,2026-04,2026-05-18 13:44:26
2026-04-30,ロフト,ロフト0858,ラフドット,ラフドットインティメイトウォッシュ PM,5,17910,2026-04,2026-05-18 13:44:26
2026-04-30,ロフト,ロフト0858,（不明）,ラフインティメイトフレッシュミスト PM,1,3132,2026-04,2026-05-18 13:44:26
2026-04-30,ロフト,ロフト0858,レチスパ,レチスパ クリームシャンプー,1,3200,2026-04,2026-05-18 13:44:26
2026-04-30,ロフト,ロフト0858,レチスパ,レチスパ クリームシャンプーサシェ,5,1000,2026-04,2026-05-18 13:44:26
2026-04-30,ロフト,ロフト0858,（不明）,ベルミス カラープラスBK M,1,4536,2026-04,2026-05-18 13:44:26
2026-04-30,ロフト,ロフト0858,ラフドット,ラフドットインティメイトウォッシュ MV,6,21492,2026-04,2026-05-18 13:44:26
2026-04-30,ロフト,ロフト0858,ラフドット,ラフドットインティメイトミスト MV,2,6264,2026-04,2026-05-18 13:44:26
2026-04-30,ロフト,ロフト0858,（不明）,wolg BBクリーム ナチュラル,1,2709,2026-04,2026-05-18 13:44:26
2026-04-30,ロフト,ロフト0858,（不明）,かかと集中ピーリングマスク,1,580,2026-04,2026-05-18 13:44:26
2026-04-30,ロフト,ロフト0858,（不明）,かかとソフトパッチ,1,750,2026-04,2026-05-18 13:44:26
2026-04-30,ロフト,ロフト0859,（不明）,イオ クリーム メルトリペア 200,2,3200,2026-04,2026-05-18 13:44:26
2026-04-30,ロフト,ロフト0859,ラフドット,ラフドットインティメイトウォッシュ SB,1,3582,2026-04,2026-05-18 13:44:26
2026-04-30,ロフト,ロフト0859,（不明）,ラフインティメイトフレッシュミスト SB,1,3132,2026-04,2026-05-18 13:44:26
2026-04-30,ロフト,ロフト0859,ラフドット,ラフドットインティメイトウォッシュ PM,3,10746,2026-04,2026-05-18 13:44:26
2026-04-30,ロフト,ロフト0859,レチスパ,レチスパ クリームシャンプーサシェ,11,2200,2026-04,2026-05-18 13:44:26
2026-04-30,ロフト,ロフト0859,レチスパ,レチスパ 頭皮用美容液,1,2500,2026-04,2026-05-18 13:44:26
2026-04-30,ロフト,ロフト0859,ラフドット,ラフドットインティメイトウォッシュ MV,1,3582,2026-04,2026-05-18 13:44:26
2026-04-30,ロフト,ロフト0859,ラフドット,ラフドットインティメイトミスト MV,1,3132,2026-04,2026-05-18 13:44:26
2026-04-30,ロフト,ロフト0859,バイワンシー,バイワンシー モイストブースターホイップ,1,2200,2026-04,2026-05-18 13:44:26
2026-04-30,ロフト,ロフト0859,（不明）,スリムレギンス Premium Lv1,1,5445,2026-04,2026-05-18 13:44:26
2026-04-30,ロフト,ロフト0859,（不明）,スリムレギンス Premium Lv2,1,5445,2026-04,2026-05-18 13:44:26
2026-04-30,ロフト,ロフト0859,（不明）,スリムレギンス Premium Lv3,1,5445,2026-04,2026-05-18 13:44:26
2026-04-30,ロフト,ロフト0859,バイワンシー,バイワンシー スムースリペアESサシェ,2,540,2026-04,2026-05-18 13:44:26
2026-04-30,ロフト,ロフト0860,（不明）,イオ エッセンス モイスト,1,2000,2026-04,2026-05-18 13:44:26
2026-04-30,ロフト,ロフト0860,（不明）,ルベル ウィズ JO 240,2,2000,2026-04,2026-05-18 13:44:26
2026-04-30,ロフト,ロフト0860,（不明）,イオ シャンプー クリアメント200,1,1600,2026-04,2026-05-18 13:44:26
2026-04-30,ロフト,ロフト0860,（不明）,イオセラム シャンプー 200,2,4000,2026-04,2026-05-18 13:44:26
2026-04-30,ロフト,ロフト0860,ラフドット,ラフドットインティメイトウォッシュ SB,3,10746,2026-04,2026-05-18 13:44:26
2026-04-30,ロフト,ロフト0860,ラフドット,ラフドットインティメイトウォッシュ PM,5,17910,2026-04,2026-05-18 13:44:26
2026-04-30,ロフト,ロフト0860,（不明）,ラフインティメイトフレッシュミスト PM,2,6264,2026-04,2026-05-18 13:44:26
2026-04-30,ロフト,ロフト0860,レチスパ,レチスパ クリームシャンプー,2,6400,2026-04,2026-05-18 13:44:26
2026-04-30,ロフト,ロフト0860,レチスパ,レチスパ クリームシャンプーサシェ,17,3400,2026-04,2026-05-18 13:44:26
2026-04-30,ロフト,ロフト0860,（不明）,ベルミス スリムレギンス M-L,1,3990,2026-04,2026-05-18 13:44:26
2026-04-30,ロフト,ロフト0860,ラフドット,ラフドットインティメイトウォッシュ MV,3,10746,2026-04,2026-05-18 13:44:26
2026-04-30,ロフト,ロフト0860,ラフドット,ラフドットインティメイトミスト MV,3,9396,2026-04,2026-05-18 13:44:26
2026-04-30,ロフト,ロフト0860,（不明）,ベルミス スリムフルレッグLーLL,1,4718,2026-04,2026-05-18 13:44:26
2026-04-30,ロフト,ロフト0861,（不明）,ルベル ウィズ MG 720,1,2800,2026-04,2026-05-18 13:44:26
2026-04-30,ロフト,ロフト0861,（不明）,イオ クリーム メルトリペア 200,2,3200,2026-04,2026-05-18 13:44:26
2026-04-30,ロフト,ロフト0861,（不明）,イオセラム シャンプー 200,1,2000,2026-04,2026-05-18 13:44:26
2026-04-30,ロフト,ロフト0861,（不明）,イオセラム オイル 100,1,2400,2026-04,2026-05-18 13:44:26
2026-04-30,ロフト,ロフト0861,（不明）,ルベル ウィズ CY 240,1,1400,2026-04,2026-05-18 13:44:26
2026-04-30,ロフト,ロフト0861,（不明）,ルベル ウィズ MG 240,1,1000,2026-04,2026-05-18 13:44:26
2026-04-30,ロフト,ロフト0861,（不明）,ルベル ウィズ RP 140,4,4000,2026-04,2026-05-18 13:44:26
2026-04-30,ロフト,ロフト0861,（不明）,ビューティアップナイトブラ ブラックM,2,5960,2026-04,2026-05-18 13:44:26
2026-04-30,ロフト,ロフト0861,（不明）,ビューティアップナイトブラ ブラックL,1,2980,2026-04,2026-05-18 13:44:26
2026-04-30,ロフト,ロフト0861,ラフドット,ラフドットインティメイトウォッシュ SB,9,32238,2026-04,2026-05-18 13:44:26
2026-04-30,ロフト,ロフト0861,（不明）,ラフインティメイトフレッシュミスト SB,2,6264,2026-04,2026-05-18 13:44:26
2026-04-30,ロフト,ロフト0861,ラフドット,ラフドットインティメイトウォッシュ PM,10,35820,2026-04,2026-05-18 13:44:26
2026-04-30,ロフト,ロフト0861,（不明）,ラフインティメイトフレッシュミスト PM,1,3132,2026-04,2026-05-18 13:44:26
2026-04-30,ロフト,ロフト0861,ラフドット,ラフドットインティメイトウォッシュ AL,2,7164,2026-04,2026-05-18 13:44:26
2026-04-30,ロフト,ロフト0861,（不明）,ラフインティメイトフレッシュミスト AL,1,3132,2026-04,2026-05-18 13:44:26
2026-04-30,ロフト,ロフト0861,レチスパ,レチスパ 頭皮用美容液,1,2500,2026-04,2026-05-18 13:44:26
2026-04-30,ロフト,ロフト0861,（不明）,ベルミス スリムレギンス M-L,3,11970,2026-04,2026-05-18 13:44:26
2026-04-30,ロフト,ロフト0861,ラフドット,ラフドット 薬用ホワイトセラム,3,9708,2026-04,2026-05-18 13:44:26
2026-04-30,ロフト,ロフト0861,ラフドット,ラフドットインティメイトウォッシュ MV,3,10746,2026-04,2026-05-18 13:44:26
2026-04-30,ロフト,ロフト0861,（不明）,リムーブレギンスEB L-LL,1,11182,2026-04,2026-05-18 13:44:26
2026-04-30,ロフト,ロフト0861,（不明）,スリムフルレッグ クールプラス M-L,1,4718,2026-04,2026-05-18 13:44:26
2026-04-30,ロフト,ロフト0864,（不明）,イオ クリーム メルトリペア 200,2,3200,2026-04,2026-05-18 13:44:26
2026-04-30,ロフト,ロフト0864,ラフドット,ラフドットインティメイトウォッシュ SB,5,17910,2026-04,2026-05-18 13:44:26
2026-04-30,ロフト,ロフト0864,ラフドット,ラフドットインティメイトウォッシュ PM,5,17910,2026-04,2026-05-18 13:44:26
2026-04-30,ロフト,ロフト0864,（不明）,ラフインティメイトフレッシュミスト PM,1,3132,2026-04,2026-05-18 13:44:26
2026-04-30,ロフト,ロフト0864,ラフドット,ラフドットインティメイトウォッシュ AL,3,10746,2026-04,2026-05-18 13:44:26
2026-04-30,ロフト,ロフト0864,レチスパ,レチスパ クリームシャンプーサシェ,2,400,2026-04,2026-05-18 13:44:26
2026-04-30,ロフト,ロフト0864,レチスパ,レチスパ 頭皮用美容液,1,2500,2026-04,2026-05-18 13:44:26
2026-04-30,ロフト,ロフト0864,ラフドット,ラフドットインティメイトウォッシュ MV,4,14328,2026-04,2026-05-18 13:44:26
2026-04-30,ロフト,ロフト0864,（不明）,スリムフルレッグ クールプラス M-L,1,4718,2026-04,2026-05-18 13:44:26
2026-04-30,ロフト,ロフト0865,（不明）,イオ シャンプー リラックスメント200,2,3200,2026-04,2026-05-18 13:44:26
2026-04-30,ロフト,ロフト0865,（不明）,イオセラム シャンプー 200,1,2000,2026-04,2026-05-18 13:44:26
2026-04-30,ロフト,ロフト0865,ラフドット,ラフドットインティメイトウォッシュ SB,3,10746,2026-04,2026-05-18 13:44:26
2026-04-30,ロフト,ロフト0865,ラフドット,ラフドットインティメイトウォッシュ PM,4,14328,2026-04,2026-05-18 13:44:26
2026-04-30,ロフト,ロフト0865,レチスパ,レチスパ クリームシャンプーサシェ,7,1400,2026-04,2026-05-18 13:44:26
2026-04-30,ロフト,ロフト0865,（不明）,ベルミス スリムレギンス M-L,3,11970,2026-04,2026-05-18 13:44:26
2026-04-30,ロフト,ロフト0865,（不明）,ベルミス スリムレギンス L-LL,2,7980,2026-04,2026-05-18 13:44:26
2026-04-30,ロフト,ロフト0865,（不明）,ベルミス カラープラスAGY M,1,4536,2026-04,2026-05-18 13:44:26
2026-04-30,ロフト,ロフト0865,（不明）,ベルミス カラープラスBK L,1,4536,2026-04,2026-05-18 13:44:26
2026-04-30,ロフト,ロフト0865,ラフドット,ラフドットインティメイトウォッシュ MV,4,14328,2026-04,2026-05-18 13:44:26
2026-04-30,ロフト,ロフト0865,ラフドット,ラフドットインティメイトミスト MV,1,3132,2026-04,2026-05-18 13:44:26
2026-04-30,ロフト,ロフト0865,（不明）,ベルミス スリムフルレッグ M-L,1,4718,2026-04,2026-05-18 13:44:26
2026-04-30,ロフト,ロフト0865,（不明）,スリムレギンス Premium Lv1,1,5445,2026-04,2026-05-18 13:44:26
2026-04-30,ロフト,ロフト0865,（不明）,スリムレギンス Premium Lv3,1,5445,2026-04,2026-05-18 13:44:26
2026-04-30,ロフト,ロフト0865,（不明）,スリムフルレッグ クールプラス M-L,1,4718,2026-04,2026-05-18 13:44:26
2026-04-30,ロフト,ロフト0866,（不明）,イオ クリーム メルトリペア 200,1,1600,2026-04,2026-05-18 13:44:26
2026-04-30,ロフト,ロフト0866,（不明）,イオセラム クリーム 200,3,6000,2026-04,2026-05-18 13:44:26
2026-04-30,ロフト,ロフト0866,ラフドット,ラフドットインティメイトウォッシュ SB,2,7164,2026-04,2026-05-18 13:44:26
2026-04-30,ロフト,ロフト0866,（不明）,ラフインティメイトフレッシュミスト SB,1,3132,2026-04,2026-05-18 13:44:26
2026-04-30,ロフト,ロフト0866,ラフドット,ラフドットインティメイトウォッシュ PM,5,17910,2026-04,2026-05-18 13:44:26
2026-04-30,ロフト,ロフト0866,ラフドット,ラフドットインティメイトウォッシュ AL,1,3582,2026-04,2026-05-18 13:44:26
2026-04-30,ロフト,ロフト0866,レチスパ,レチスパ クリームシャンプー,1,3200,2026-04,2026-05-18 13:44:26
2026-04-30,ロフト,ロフト0866,レチスパ,レチスパ クリームシャンプーサシェ,6,1200,2026-04,2026-05-18 13:44:26
2026-04-30,ロフト,ロフト0866,（不明）,ベルミス カラープラスBK L,1,4536,2026-04,2026-05-18 13:44:26
2026-04-30,ロフト,ロフト0866,ラフドット,ラフドットインティメイトウォッシュ MV,2,7164,2026-04,2026-05-18 13:44:26
2026-04-30,ロフト,ロフト0866,ラフドット,ラフドットインティメイトミスト MV,1,3132,2026-04,2026-05-18 13:44:26
2026-04-30,ロフト,ロフト0866,（不明）,スリムレギンス Premium Lv2,1,5445,2026-04,2026-05-18 13:44:26
2026-04-30,ロフト,ロフト0866,（不明）,スリムフルレッグ クールプラス M-L,1,4718,2026-04,2026-05-18 13:44:26
2026-04-30,ロフト,ロフト0867,（不明）,ルベル ウィズ JO 240,1,1000,2026-04,2026-05-18 13:44:26
2026-04-30,ロフト,ロフト0867,ラフドット,ラフドットインティメイトウォッシュ SB,1,3582,2026-04,2026-05-18 13:44:26
2026-04-30,ロフト,ロフト0867,（不明）,ベルミス スリムレギンス L-LL,1,3990,2026-04,2026-05-18 13:44:26
2026-04-30,ロフト,ロフト0867,（不明）,ベルミス カラープラスBK M,1,4536,2026-04,2026-05-18 13:44:26
2026-04-30,ロフト,ロフト0867,（不明）,スリムレギンス Premium Lv2,2,10890,2026-04,2026-05-18 13:44:26
2026-04-30,ロフト,ロフト0868,（不明）,トリエ スプレー10 170,1,1600,2026-04,2026-05-18 13:44:26
2026-04-30,ロフト,ロフト0868,ラフドット,ラフドットインティメイトウォッシュ SB,2,7164,2026-04,2026-05-18 13:44:26
2026-04-30,ロフト,ロフト0868,（不明）,ラフインティメイトフレッシュミスト SB,1,3132,2026-04,2026-05-18 13:44:26
2026-04-30,ロフト,ロフト0868,ラフドット,ラフドットインティメイトウォッシュ PM,2,7164,2026-04,2026-05-18 13:44:26
2026-04-30,ロフト,ロフト0868,（不明）,ラフインティメイトフレッシュミスト PM,1,3132,2026-04,2026-05-18 13:44:26
2026-04-30,ロフト,ロフト0868,ラフドット,ラフドットインティメイトウォッシュ AL,1,3582,2026-04,2026-05-18 13:44:26
2026-04-30,ロフト,ロフト0868,レチスパ,レチスパ クリームシャンプー,1,3200,2026-04,2026-05-18 13:44:26
2026-04-30,ロフト,ロフト0868,（不明）,ベルミス スリムレギンス M-L,2,7980,2026-04,2026-05-18 13:44:26
2026-04-30,ロフト,ロフト0868,ラフドット,ラフドットインティメイトウォッシュ MV,1,3582,2026-04,2026-05-18 13:44:26
2026-04-30,ロフト,ロフト0868,（不明）,ベルミス スリムフルレッグLーLL,1,4718,2026-04,2026-05-18 13:44:26
2026-04-30,ロフト,ロフト0868,（不明）,ベルミス スリムフルレッグ M-L,1,4718,2026-04,2026-05-18 13:44:26
2026-04-30,ロフト,ロフト0868,（不明）,スリムレギンス Premium Lv3,1,5445,2026-04,2026-05-18 13:44:26
2026-04-30,ロフト,ロフト0868,バイワンシー,バイワンシー スムース・リペアエッセンス,1,2700,2026-04,2026-05-18 13:44:26
2026-04-30,ロフト,ロフト0869,（不明）,トリエ スプレー10 170,5,8000,2026-04,2026-05-18 13:44:26
2026-04-30,ロフト,ロフト0869,ラフドット,ラフドットインティメイトウォッシュ SB,4,14328,2026-04,2026-05-18 13:44:26
2026-04-30,ロフト,ロフト0869,（不明）,ラフインティメイトフレッシュミスト SB,1,3132,2026-04,2026-05-18 13:44:26
2026-04-30,ロフト,ロフト0869,ラフドット,ラフドットインティメイトウォッシュ PM,5,17910,2026-04,2026-05-18 13:44:26
2026-04-30,ロフト,ロフト0869,（不明）,ラフインティメイトフレッシュミスト PM,1,3132,2026-04,2026-05-18 13:44:26
2026-04-30,ロフト,ロフト0869,レチスパ,レチスパ クリームシャンプー,1,3200,2026-04,2026-05-18 13:44:26
2026-04-30,ロフト,ロフト0869,レチスパ,レチスパ クリームシャンプーサシェ,4,800,2026-04,2026-05-18 13:44:26
2026-04-30,ロフト,ロフト0869,レチスパ,レチスパ クリームシャンプー詰替,1,3100,2026-04,2026-05-18 13:44:26
2026-04-30,ロフト,ロフト0869,レチスパ,レチスパ 頭皮用美容液,1,2500,2026-04,2026-05-18 13:44:26
2026-04-30,ロフト,ロフト0869,ラフドット,ラフドットインティメイトウォッシュ MV,1,3582,2026-04,2026-05-18 13:44:26
2026-04-30,ロフト,ロフト0869,ラフドット,ラフドットインティメイトミスト MV,1,3132,2026-04,2026-05-18 13:44:26
2026-04-30,ロフト,ロフト0869,（不明）,スリムレギンス Premium Lv1,1,5445,2026-04,2026-05-18 13:44:26
2026-04-30,ロフト,ロフト0869,（不明）,スリムフルレッグ クールプラス L-LL,1,4718,2026-04,2026-05-18 13:44:26
2026-04-30,ロフト,ロフト0870,（不明）,イオ エッセンス スリーク,1,2000,2026-04,2026-05-18 13:44:26
2026-04-30,ロフト,ロフト0870,（不明）,イオ クリーム メルトリペア 200,4,6400,2026-04,2026-05-18 13:44:26
2026-04-30,ロフト,ロフト0870,ラフドット,ラフドットインティメイトウォッシュ SB,4,14328,2026-04,2026-05-18 13:44:26
2026-04-30,ロフト,ロフト0870,ラフドット,ラフドットインティメイトウォッシュ PM,2,7164,2026-04,2026-05-18 13:44:26
2026-04-30,ロフト,ロフト0870,ラフドット,ラフドットインティメイトウォッシュ AL,1,3582,2026-04,2026-05-18 13:44:26
2026-04-30,ロフト,ロフト0870,レチスパ,レチスパ クリームシャンプー,1,3200,2026-04,2026-05-18 13:44:26
2026-04-30,ロフト,ロフト0870,レチスパ,レチスパ クリームシャンプーサシェ,1,200,2026-04,2026-05-18 13:44:26
2026-04-30,ロフト,ロフト0870,（不明）,ベルミス カラープラスBK M,1,4536,2026-04,2026-05-18 13:44:26
2026-04-30,ロフト,ロフト0870,（不明）,ベルミス カラープラスAGY L,1,4536,2026-04,2026-05-18 13:44:26
2026-04-30,ロフト,ロフト0870,ラフドット,ラフドットインティメイトウォッシュ MV,3,10746,2026-04,2026-05-18 13:44:26
2026-04-30,ロフト,ロフト0870,ラフドット,ラフドットインティメイトミスト MV,1,3132,2026-04,2026-05-18 13:44:26
2026-04-30,ロフト,ロフト0870,バイワンシー,バイワンシー モイストブースターホイップ,3,6600,2026-04,2026-05-18 13:44:26
2026-04-30,ロフト,ロフト0870,バイワンシー,バイワンシー ヒートケア・トリートメント,1,2700,2026-04,2026-05-18 13:44:26
2026-04-30,ロフト,ロフト0871,（不明）,ルベル ウィズ RP 140,2,2000,2026-04,2026-05-18 13:44:26
2026-04-30,ロフト,ロフト0871,ラフドット,ラフドットインティメイトウォッシュ SB,1,3582,2026-04,2026-05-18 13:44:26
2026-04-30,ロフト,ロフト0871,ラフドット,ラフドットインティメイトウォッシュ PM,2,7164,2026-04,2026-05-18 13:44:26
2026-04-30,ロフト,ロフト0871,ラフドット,ラフドットインティメイトウォッシュ AL,1,3582,2026-04,2026-05-18 13:44:26
2026-04-30,ロフト,ロフト0871,レチスパ,レチスパ クリームシャンプー,1,3200,2026-04,2026-05-18 13:44:26
2026-04-30,ロフト,ロフト0871,レチスパ,レチスパ クリームシャンプーサシェ,12,2400,2026-04,2026-05-18 13:44:26
2026-04-30,ロフト,ロフト0871,レチスパ,レチスパ ヘアオイル,2,4800,2026-04,2026-05-18 13:44:26
2026-04-30,ロフト,ロフト0871,ラフドット,ラフドットインティメイトウォッシュ MV,2,7164,2026-04,2026-05-18 13:44:26
2026-04-30,ロフト,ロフト0871,（不明）,ベルミス スリムフルレッグ M-L,1,4718,2026-04,2026-05-18 13:44:26
2026-04-30,ロフト,ロフト0871,（不明）,スリムレギンス Premium Lv3,1,5445,2026-04,2026-05-18 13:44:26
2026-04-30,ロフト,ロフト0871,（不明）,ekam アドバンスドジェル,1,2709,2026-04,2026-05-18 13:44:26
2026-04-30,ロフト,ロフト0871,（不明）,ヒノキフットピーリングマスク,1,720,2026-04,2026-05-18 13:44:26
2026-04-30,ロフト,ロフト0871,（不明）,かかと集中ピーリングマスク,2,1160,2026-04,2026-05-18 13:44:26
2026-04-30,ロフト,ロフト0872,（不明）,イオ シャンプー リラックスメント200,1,1600,2026-04,2026-05-18 13:44:26
2026-04-30,ロフト,ロフト0872,ラフドット,ラフドットインティメイトウォッシュ SB,1,3582,2026-04,2026-05-18 13:44:26
2026-04-30,ロフト,ロフト0872,（不明）,ラフインティメイトフレッシュミスト SB,1,3132,2026-04,2026-05-18 13:44:26
2026-04-30,ロフト,ロフト0872,ラフドット,ラフドットインティメイトウォッシュ PM,1,3582,2026-04,2026-05-18 13:44:26
2026-04-30,ロフト,ロフト0872,ラフドット,ラフドットインティメイトウォッシュ AL,1,3582,2026-04,2026-05-18 13:44:26
2026-04-30,ロフト,ロフト0872,（不明）,ベルミス スリムレギンス M-L,2,7980,2026-04,2026-05-18 13:44:26
2026-04-30,ロフト,ロフト0872,（不明）,ベルミス カラープラスBK L,1,4536,2026-04,2026-05-18 13:44:26
2026-04-30,ロフト,ロフト0872,（不明）,ベルミス カラープラスAGY L,1,4536,2026-04,2026-05-18 13:44:26
2026-04-30,ロフト,ロフト0872,ラフドット,ラフドットインティメイトミスト MV,1,3132,2026-04,2026-05-18 13:44:26
2026-04-30,ロフト,ロフト0872,（不明）,スリムレギンス Premium Lv2,1,5445,2026-04,2026-05-18 13:44:26
2026-04-30,ロフト,ロフト0873,（不明）,ビューティアップナイトブラ ブラックL,1,2980,2026-04,2026-05-18 13:44:26
2026-04-30,ロフト,ロフト0873,ラフドット,ラフドットインティメイトウォッシュ SB,10,35820,2026-04,2026-05-18 13:44:26
2026-04-30,ロフト,ロフト0873,（不明）,ラフインティメイトフレッシュミスト SB,1,3132,2026-04,2026-05-18 13:44:26
2026-04-30,ロフト,ロフト0873,（不明）,ビューティアップナイトブラ BグレーL,1,2980,2026-04,2026-05-18 13:44:26
2026-04-30,ロフト,ロフト0873,ラフドット,ラフドットインティメイトウォッシュ PM,4,14328,2026-04,2026-05-18 13:44:26
2026-04-30,ロフト,ロフト0873,レチスパ,レチスパ クリームシャンプーサシェ,8,1600,2026-04,2026-05-18 13:44:26
2026-04-30,ロフト,ロフト0873,レチスパ,レチスパ 頭皮用美容液,5,12500,2026-04,2026-05-18 13:44:26
2026-04-30,ロフト,ロフト0873,（不明）,ベルミス スリムレギンス M-L,1,3990,2026-04,2026-05-18 13:44:26
2026-04-30,ロフト,ロフト0873,（不明）,ベルミス スリムレギンス L-LL,1,3990,2026-04,2026-05-18 13:44:26
2026-04-30,ロフト,ロフト0873,（不明）,ベルミス カラープラスBK M,1,4536,2026-04,2026-05-18 13:44:26
2026-04-30,ロフト,ロフト0873,（不明）,ベルミス カラープラスAGY L,1,4536,2026-04,2026-05-18 13:44:26
2026-04-30,ロフト,ロフト0873,ラフドット,ラフドット 薬用ホワイトセラム,3,9708,2026-04,2026-05-18 13:44:26
2026-04-30,ロフト,ロフト0873,ラフドット,ラフドットインティメイトウォッシュ MV,2,7164,2026-04,2026-05-18 13:44:26
2026-04-30,ロフト,ロフト0873,ラフドット,ラフドットインティメイトミスト MV,1,3132,2026-04,2026-05-18 13:44:26
2026-04-30,ロフト,ロフト0873,（不明）,ベルミス スリムフルレッグ M-L,1,4718,2026-04,2026-05-18 13:44:26
2026-04-30,ロフト,ロフト0873,（不明）,インシトゥ ハーブラピール,4,9600,2026-04,2026-05-18 13:44:26
2026-04-30,ロフト,ロフト9999,（不明）,イオ シャンプー クリアメント200,35,56000,2026-04,2026-05-18 13:44:26
2026-04-30,ロフト,ロフト9999,（不明）,イオ シャンプー リラックスメント200,15,24000,2026-04,2026-05-18 13:44:26
2026-04-30,ロフト,ロフト9999,（不明）,イオ エッセンス モイスト,16,32000,2026-04,2026-05-18 13:44:26
2026-04-30,ロフト,ロフト9999,（不明）,イオ エッセンス スリーク,25,50000,2026-04,2026-05-18 13:44:26
2026-04-30,ロフト,ロフト9999,（不明）,イオ エッセンス フォルティ,11,22000,2026-04,2026-05-18 13:44:26
2026-04-30,ロフト,ロフト9999,（不明）,イオ クリーム シルキーリペア 200,8,12800,2026-04,2026-05-18 13:44:26
2026-04-30,ロフト,ロフト9999,（不明）,イオ クリーム メルトリペア 200,3,4800,2026-04,2026-05-18 13:44:26
2026-04-30,ロフト,ロフト9999,（不明）,イオセラム シャンプー 200,19,38000,2026-04,2026-05-18 13:44:26
2026-04-30,ロフト,ロフト9999,（不明）,イオセラム クリーム 200,23,46000,2026-04,2026-05-18 13:44:26
2026-04-30,ロフト,ロフト9999,（不明）,イオセラム オイル 100,23,55200,2026-04,2026-05-18 13:44:26
2026-04-30,ロフト,ロフト9999,（不明）,ルベル ウィズ CY 240,11,15400,2026-04,2026-05-18 13:44:26
2026-04-30,ロフト,ロフト9999,（不明）,ルベル ウィズ MG 240,9,9000,2026-04,2026-05-18 13:44:26
2026-04-30,ロフト,ロフト9999,（不明）,ルベル ウィズ JO 240,12,12000,2026-04,2026-05-18 13:44:26
2026-04-30,ロフト,ロフト9999,（不明）,ルベル ウィズ SW 240,10,10000,2026-04,2026-05-18 13:44:26
2026-04-30,ロフト,ロフト9999,（不明）,ルベル ウィズ RP 140,8,8000,2026-04,2026-05-18 13:44:26
2026-04-30,ロフト,ロフト9999,（不明）,ルベル ウィズ EP 140,4,4800,2026-04,2026-05-18 13:44:26
2026-04-30,ロフト,ロフト9999,（不明）,ルベル ウィズ MG 720,1,2800,2026-04,2026-05-18 13:44:26
2026-04-30,ロフト,ロフト9999,（不明）,ルベル ウィズ RP 720,3,8400,2026-04,2026-05-18 13:44:26
2026-04-30,ロフト,ロフト9999,（不明）,トリエ スプレー10 170,11,17600,2026-04,2026-05-18 13:44:26
2026-04-30,ロフト,ロフト9999,（不明）,イオ シャンプー クリアメント200,62,99200,2026-04,2026-05-18 13:44:26
2026-04-30,ロフト,ロフト9999,（不明）,イオ シャンプー リラックスメント200,194,310400,2026-04,2026-05-18 13:44:26
2026-04-30,ロフト,ロフト9999,（不明）,イオ シャンプー フレッシュメント200,3,4800,2026-04,2026-05-18 13:44:26
2026-04-30,ロフト,ロフト9999,（不明）,イオ エッセンス モイスト,91,182000,2026-04,2026-05-18 13:44:26
2026-04-30,ロフト,ロフト9999,（不明）,イオ エッセンス スリーク,170,340000,2026-04,2026-05-18 13:44:26
2026-04-30,ロフト,ロフト9999,（不明）,イオ クリーム シルキーリペア 200,258,412800,2026-04,2026-05-18 13:44:26
2026-04-30,ロフト,ロフト9999,（不明）,イオ クリーム メルトリペア 200,303,484800,2026-04,2026-05-18 13:44:26
2026-04-30,ロフト,ロフト9999,（不明）,イオ ディープマスク,18,54000,2026-04,2026-05-18 13:44:26
2026-04-30,ロフト,ロフト9999,（不明）,イオセラム シャンプー 200,94,188000,2026-04,2026-05-18 13:44:26
2026-04-30,ロフト,ロフト9999,（不明）,イオセラム クリーム 200,199,398000,2026-04,2026-05-18 13:44:26
2026-04-30,ロフト,ロフト9999,（不明）,イオセラム オイル 100,85,204000,2026-04,2026-05-18 13:44:26
2026-04-30,ロフト,ロフト9999,（不明）,イオセラム マスク 170,22,70400,2026-04,2026-05-18 13:44:26
2026-04-30,ロフト,ロフト9999,（不明）,ルベル ウィズ CY 240,10,14000,2026-04,2026-05-18 13:44:26
2026-04-30,ロフト,ロフト9999,（不明）,ルベル ウィズ MG 240,19,19000,2026-04,2026-05-18 13:44:26
2026-04-30,ロフト,ロフト9999,（不明）,ルベル ウィズ JO 240,20,20000,2026-04,2026-05-18 13:44:26
2026-04-30,ロフト,ロフト9999,（不明）,ルベル ウィズ SW 240,48,48000,2026-04,2026-05-18 13:44:26
2026-04-30,ロフト,ロフト9999,（不明）,ルベル ウィズ RP 140,81,81000,2026-04,2026-05-18 13:44:26
2026-04-30,ロフト,ロフト9999,（不明）,ルベル ウィズ EP 140,48,57600,2026-04,2026-05-18 13:44:26
2026-04-30,ロフト,ロフト9999,（不明）,ルベル ウィズ EP 260,8,17600,2026-04,2026-05-18 13:44:26
2026-04-30,ロフト,ロフト9999,（不明）,トリエ スプレー10 170,853,1364800,2026-04,2026-05-18 13:44:26
2026-04-30,ロフト,ロフト9999,（不明）,ビューティアップナイトブラ ブラックM,93,277140,2026-04,2026-05-18 13:44:26
2026-04-30,ロフト,ロフト9999,（不明）,ビューティアップナイトブラ ブラックL,70,208600,2026-04,2026-05-18 13:44:26
2026-04-30,ロフト,ロフト9999,（不明）,ビューティアップナイトブラ NピンクM,20,59600,2026-04,2026-05-18 13:44:26
2026-04-30,ロフト,ロフト9999,（不明）,ビューティアップナイトブラ NピンクL,20,59600,2026-04,2026-05-18 13:44:26
2026-04-30,ロフト,ロフト9999,ラフドット,ラフドットインティメイトウォッシュ SB,1302,4663764,2026-04,2026-05-18 13:44:26
2026-04-30,ロフト,ロフト9999,（不明）,ラフインティメイトフレッシュミスト SB,180,563760,2026-04,2026-05-18 13:44:26
2026-04-30,ロフト,ロフト9999,（不明）,ビューティアップナイトブラ BグレーM,75,223500,2026-04,2026-05-18 13:44:26
2026-04-30,ロフト,ロフト9999,（不明）,ビューティアップナイトブラ BグレーL,60,178800,2026-04,2026-05-18 13:44:26
2026-04-30,ロフト,ロフト9999,ラフドット,ラフドットインティメイトウォッシュ PM,1409,5047038,2026-04,2026-05-18 13:44:26
2026-04-30,ロフト,ロフト9999,（不明）,ラフインティメイトフレッシュミスト PM,267,836244,2026-04,2026-05-18 13:44:26
2026-04-30,ロフト,ロフト9999,（不明）,インティメイトウォッシュ RW,8,28656,2026-04,2026-05-18 13:44:26
2026-04-30,ロフト,ロフト9999,ラフドット,ラフドットインティメイトウォッシュ AL,160,573120,2026-04,2026-05-18 13:44:26
2026-04-30,ロフト,ロフト9999,（不明）,ラフインティメイトフレッシュミスト AL,36,112752,2026-04,2026-05-18 13:44:26
2026-04-30,ロフト,ロフト9999,レチスパ,レチスパ クリームシャンプー,242,774400,2026-04,2026-05-18 13:44:26
2026-04-30,ロフト,ロフト9999,レチスパ,レチスパ クリームシャンプーサシェ,1330,266000,2026-04,2026-05-18 13:44:26
2026-04-30,ロフト,ロフト9999,レチスパ,レチスパ ヘアオイル,130,312000,2026-04,2026-05-18 13:44:26
2026-04-30,ロフト,ロフト9999,レチスパ,レチスパ クリームシャンプー詰替,70,217000,2026-04,2026-05-18 13:44:26
2026-04-30,ロフト,ロフト9999,レチスパ,レチスパ 頭皮用美容液,234,585000,2026-04,2026-05-18 13:44:26
2026-04-30,ロフト,ロフト9999,（不明）,ベルミス スリムレギンス M-L,176,702240,2026-04,2026-05-18 13:44:26
2026-04-30,ロフト,ロフト9999,（不明）,ベルミス スリムレギンス L-LL,103,410970,2026-04,2026-05-18 13:44:26
2026-04-30,ロフト,ロフト9999,（不明）,ベルミス カラープラスAGY S,2,9072,2026-04,2026-05-18 13:44:26
2026-04-30,ロフト,ロフト9999,（不明）,ベルミス カラープラスBK M,110,498960,2026-04,2026-05-18 13:44:26
2026-04-30,ロフト,ロフト9999,（不明）,ベルミス カラープラスAGY M,29,131544,2026-04,2026-05-18 13:44:26
2026-04-30,ロフト,ロフト9999,（不明）,ベルミス カラープラスBK L,96,435456,2026-04,2026-05-18 13:44:26
2026-04-30,ロフト,ロフト9999,（不明）,ベルミス カラープラスAGY L,39,167832,2026-04,2026-05-18 13:44:26
2026-04-30,ロフト,ロフト9999,ラフドット,ラフドット 薬用ホワイトセラム,199,643964,2026-04,2026-05-18 13:44:26
2026-04-30,ロフト,ロフト9999,ラフドット,ラフドット ヘアリムーバー,83,282200,2026-04,2026-05-18 13:44:26
2026-04-30,ロフト,ロフト9999,ラフドット,ラフドットインティメイトウォッシュ MV,606,2170692,2026-04,2026-05-18 13:44:26
2026-04-30,ロフト,ロフト9999,ラフドット,ラフドットインティメイトミスト MV,155,485460,2026-04,2026-05-18 13:44:26
2026-04-30,ロフト,ロフト9999,（不明）,laugh.ギフトBOX,14,50148,2026-04,2026-05-18 13:44:26
2026-04-30,ロフト,ロフト9999,（不明）,クリアライズ,4,36292,2026-04,2026-05-18 13:44:26
2026-04-30,ロフト,ロフト9999,（不明）,カラマンビューティブラシ,11,158004,2026-04,2026-05-18 13:44:26
2026-04-30,ロフト,ロフト9999,バイワンシー,バイワンシー モイストブースターホイップ,164,360800,2026-04,2026-05-18 13:44:26
2026-04-30,ロフト,ロフト9999,（不明）,ベルミス スリムフルレッグLーLL,41,193438,2026-04,2026-05-18 13:44:26
2026-04-30,ロフト,ロフト9999,（不明）,ベルミス スリムフルレッグ M-L,42,198156,2026-04,2026-05-18 13:44:26
2026-04-30,ロフト,ロフト9999,（不明）,リムーブレギンスEB M-L,19,212458,2026-04,2026-05-18 13:44:26
2026-04-30,ロフト,ロフト9999,（不明）,リムーブレギンスEB L-LL,30,335460,2026-04,2026-05-18 13:44:26
2026-04-30,ロフト,ロフト9999,（不明）,リムーブレギンスSG M-L,4,44728,2026-04,2026-05-18 13:44:26
2026-04-30,ロフト,ロフト9999,（不明）,リムーブレギンスSG L-LL,7,78274,2026-04,2026-05-18 13:44:26
2026-04-30,ロフト,ロフト9999,（不明）,リムーブレギンスRP M-L,3,33546,2026-04,2026-05-18 13:44:26
2026-04-30,ロフト,ロフト9999,（不明）,リムーブレギンスRP L-LL,5,55910,2026-04,2026-05-18 13:44:26
2026-04-30,ロフト,ロフト9999,（不明）,スリムレギンス Premium Lv1,39,212355,2026-04,2026-05-18 13:44:26
2026-04-30,ロフト,ロフト9999,（不明）,スリムレギンス Premium Lv2,77,419265,2026-04,2026-05-18 13:44:26
2026-04-30,ロフト,ロフト9999,（不明）,スリムレギンス Premium Lv3,158,860310,2026-04,2026-05-18 13:44:26
2026-04-30,ロフト,ロフト9999,（不明）,スリムフルレッグ クールプラス M-L,63,297234,2026-04,2026-05-18 13:44:26
2026-04-30,ロフト,ロフト9999,（不明）,スリムフルレッグ クールプラス L-LL,62,292516,2026-04,2026-05-18 13:44:26
2026-04-30,ロフト,ロフト9999,（不明）,My+Cee ビタミンCサプリメント,4,11920,2026-04,2026-05-18 13:44:26
2026-04-30,ロフト,ロフト9999,（不明）,インシトゥ ハーブラピール,129,309600,2026-04,2026-05-18 13:44:26
2026-04-30,ロフト,ロフト9999,（不明）,wolg BBクリーム ナチュラル,197,533673,2026-04,2026-05-18 13:44:26
2026-04-30,ロフト,ロフト9999,バイワンシー,バイワンシー ピュア・アミノシャンプー,139,375300,2026-04,2026-05-18 13:44:26
2026-04-30,ロフト,ロフト9999,バイワンシー,バイワンシー ヒートケア・トリートメント,137,369900,2026-04,2026-05-18 13:44:26
2026-04-30,ロフト,ロフト9999,バイワンシー,バイワンシー スムース・リペアエッセンス,261,704700,2026-04,2026-05-18 13:44:26
2026-04-30,ロフト,ロフト9999,バイワンシー,バイワンシー スムースリペアESサシェ,308,83160,2026-04,2026-05-18 13:44:26
2026-04-30,ロフト,ロフト9999,バイワンシー,バイワンシー SP&TRサシェ,548,147960,2026-04,2026-05-18 13:44:26
2026-04-30,ロフト,ロフト9999,（不明）,ekam アドバンスドジェル,129,349461,2026-04,2026-05-18 13:44:26
2026-04-30,ロフト,ロフト9999,（不明）,ekam アドバンスドセラム,26,82264,2026-04,2026-05-18 13:44:26
2026-04-30,ロフト,ロフト9999,（不明）,ekam ホイップ洗顔,62,111600,2026-04,2026-05-18 13:44:26
2026-04-30,ロフト,ロフト9999,（不明）,ヒノキフットピーリングマスク,115,82800,2026-04,2026-05-18 13:44:26
2026-04-30,ロフト,ロフト9999,（不明）,フットピーリングダブルエッセンスマスク,94,70500,2026-04,2026-05-18 13:44:26
2026-04-30,ロフト,ロフト9999,（不明）,かかと集中ピーリングマスク,81,46980,2026-04,2026-05-18 13:44:26
2026-04-30,ロフト,ロフト9999,（不明）,VイフェクトFCポアタイトアンプル,8,21600,2026-04,2026-05-18 13:44:26
2026-04-30,ロフト,ロフト9999,（不明）,Vイフェクトコラーゲンラップマスク,2,5200,2026-04,2026-05-18 13:44:26
2026-04-30,ロフト,ロフト9999,（不明）,VイフェクトFCポアベルベットクリーム,9,26820,2026-04,2026-05-18 13:44:26
2026-04-30,ロフト,ロフト9999,（不明）,VイフェクトFCポアフィットマスク7枚入,7,9800,2026-04,2026-05-18 13:44:26
2026-04-30,ロフト,ロフト9999,（不明）,Vイフェクト青麦ジンクセラム,14,32200,2026-04,2026-05-18 13:44:26
2026-04-30,ロフト,ロフト9999,（不明）,Vイフェクト青麦LHAクレンジングジェル,30,63000,2026-04,2026-05-18 13:44:26
2026-04-30,ロフト,ロフト9999,（不明）,かかとソフトパッチ,80,60000,2026-04,2026-05-18 13:44:26
2026-04-30,ロフト,ロフト9999,（不明）,ティーブレスボディローションホワイト,23,34500,2026-04,2026-05-18 13:44:26
2026-04-30,ロフト,ロフト9999,（不明）,ティーブレスボディローションアールグレイ,16,24000,2026-04,2026-05-18 13:44:26
2026-04-30,ロフト,ロフト9999,（不明）,ティーブレスボディローショングリーン,31,46500,2026-04,2026-05-18 13:44:26
2026-04-30,ロフト,ロフト9999,（不明）,ティーブレスボディローションローズティー,25,37500,2026-04,2026-05-18 13:44:26
