日付,小売店名,店舗名,ブランド名,商品名,売上数量,売上金額,年月,登録日時
2026-04-30,ロフト,ロフト0201,ルベル,イオ シャンプー クリアメント200,4,6400,2026-04,2026-05-18 15:32:58
2026-04-30,ロフト,ロフト0201,ルベル,イオ エッセンス フォルティ,2,4000,2026-04,2026-05-18 15:32:58
2026-04-30,ロフト,ロフト0201,ルベル,イオ クリーム シルキーリペア 200,5,8000,2026-04,2026-05-18 15:32:58
2026-04-30,ロフト,ロフト0201,ルベル,ルベル ウィズ MG 240,3,3000,2026-04,2026-05-18 15:32:58
2026-04-30,ロフト,ロフト0201,ルベル,イオ シャンプー クリアメント200,1,1600,2026-04,2026-05-18 15:32:58
2026-04-30,ロフト,ロフト0201,ルベル,イオ シャンプー リラックスメント200,1,1600,2026-04,2026-05-18 15:32:58
2026-04-30,ロフト,ロフト0201,ルベル,イオ クリーム シルキーリペア 200,7,11200,2026-04,2026-05-18 15:32:58
2026-04-30,ロフト,ロフト0201,ルベル,イオ クリーム メルトリペア 200,9,14400,2026-04,2026-05-18 15:32:58
2026-04-30,ロフト,ロフト0201,ルベル,イオセラム シャンプー 200,3,6000,2026-04,2026-05-18 15:32:58
2026-04-30,ロフト,ロフト0201,ルベル,イオセラム クリーム 200,8,16000,2026-04,2026-05-18 15:32:58
2026-04-30,ロフト,ロフト0201,ルベル,イオセラム オイル 100,10,24000,2026-04,2026-05-18 15:32:58
2026-04-30,ロフト,ロフト0201,ルベル,イオセラム マスク 170,2,6400,2026-04,2026-05-18 15:32:58
2026-04-30,ロフト,ロフト0201,ルベル,ルベル ウィズ SW 240,9,9000,2026-04,2026-05-18 15:32:58
2026-04-30,ロフト,ロフト0201,ルベル,ルベル ウィズ RP 140,2,2000,2026-04,2026-05-18 15:32:58
2026-04-30,ロフト,ロフト0201,ルベル,ルベル ウィズ EP 140,6,7200,2026-04,2026-05-18 15:32:58
2026-04-30,ロフト,ロフト0201,VIAGE,ビューティアップナイトブラ ブラックM,4,11920,2026-04,2026-05-18 15:32:58
2026-04-30,ロフト,ロフト0201,VIAGE,ビューティアップナイトブラ ブラックL,1,2980,2026-04,2026-05-18 15:32:58
2026-04-30,ロフト,ロフト0201,VIAGE,ビューティアップナイトブラ NピンクM,3,8940,2026-04,2026-05-18 15:32:58
2026-04-30,ロフト,ロフト0201,VIAGE,ビューティアップナイトブラ NピンクL,3,8940,2026-04,2026-05-18 15:32:58
2026-04-30,ロフト,ロフト0201,VIAGE,ビューティアップナイトブラ BグレーM,4,11920,2026-04,2026-05-18 15:32:58
2026-04-30,ロフト,ロフト0201,VIAGE,ビューティアップナイトブラ BグレーL,5,14900,2026-04,2026-05-18 15:32:58
2026-04-30,ロフト,ロフト0201,ベルミス,ベルミス スリムレギンス L-LL,3,11970,2026-04,2026-05-18 15:32:58
2026-04-30,ロフト,ロフト0201,ベルミス,ベルミス カラープラスBK M,3,13608,2026-04,2026-05-18 15:32:58
2026-04-30,ロフト,ロフト0201,ベルミス,ベルミス カラープラスAGY M,1,4536,2026-04,2026-05-18 15:32:58
2026-04-30,ロフト,ロフト0201,ベルミス,ベルミス カラープラスAGY L,1,4536,2026-04,2026-05-18 15:32:58
2026-04-30,ロフト,ロフト0201,バイワンシー,バイワンシー モイストブースターホイップ,2,4400,2026-04,2026-05-18 15:32:58
2026-04-30,ロフト,ロフト0201,ベルミス,リムーブレギンスEB M-L,1,11182,2026-04,2026-05-18 15:32:58
2026-04-30,ロフト,ロフト0201,ベルミス,リムーブレギンスEB L-LL,2,22364,2026-04,2026-05-18 15:32:58
2026-04-30,ロフト,ロフト0201,ベルミス,リムーブレギンスRP L-LL,1,11182,2026-04,2026-05-18 15:32:58
2026-04-30,ロフト,ロフト0201,ベルミス,スリムレギンス Premium Lv2,1,5445,2026-04,2026-05-18 15:32:58
2026-04-30,ロフト,ロフト0201,ベルミス,スリムレギンス Premium Lv3,2,10890,2026-04,2026-05-18 15:32:58
2026-04-30,ロフト,ロフト0201,ベルミス,スリムフルレッグ クールプラス L-LL,2,9436,2026-04,2026-05-18 15:32:58
2026-04-30,ロフト,ロフト0201,インシトゥ,インシトゥ ハーブラピール,7,16800,2026-04,2026-05-18 15:32:58
2026-04-30,ロフト,ロフト0201,wolg,wolg BBクリーム ナチュラル,12,32508,2026-04,2026-05-18 15:32:58
2026-04-30,ロフト,ロフト0201,バイワンシー,バイワンシー ピュア・アミノシャンプー,3,8100,2026-04,2026-05-18 15:32:58
2026-04-30,ロフト,ロフト0201,バイワンシー,バイワンシー ヒートケア・トリートメント,4,10800,2026-04,2026-05-18 15:32:58
2026-04-30,ロフト,ロフト0201,バイワンシー,バイワンシー スムース・リペアエッセンス,7,18900,2026-04,2026-05-18 15:32:58
2026-04-30,ロフト,ロフト0201,ekam,ekam アドバンスドジェル,2,5418,2026-04,2026-05-18 15:32:58
2026-04-30,ロフト,ロフト0201,ekam,ekam ホイップ洗顔,2,3600,2026-04,2026-05-18 15:32:58
2026-04-30,ロフト,ロフト0201,Vイフェクト,VイフェクトFCポアタイトアンプル,1,2700,2026-04,2026-05-18 15:32:58
2026-04-30,ロフト,ロフト0201,Vイフェクト,Vイフェクトコラーゲンラップマスク,1,2600,2026-04,2026-05-18 15:32:58
2026-04-30,ロフト,ロフト0202,ルベル,イオ シャンプー リラックスメント200,2,3200,2026-04,2026-05-18 15:32:58
2026-04-30,ロフト,ロフト0202,ルベル,イオ エッセンス フォルティ,5,10000,2026-04,2026-05-18 15:32:58
2026-04-30,ロフト,ロフト0202,ルベル,イオ エッセンス スリーク,18,36000,2026-04,2026-05-18 15:32:58
2026-04-30,ロフト,ロフト0202,ルベル,イオ クリーム シルキーリペア 200,10,16000,2026-04,2026-05-18 15:32:58
2026-04-30,ロフト,ロフト0202,ルベル,イオ クリーム メルトリペア 200,25,40000,2026-04,2026-05-18 15:32:58
2026-04-30,ロフト,ロフト0202,ルベル,イオセラム シャンプー 200,1,2000,2026-04,2026-05-18 15:32:58
2026-04-30,ロフト,ロフト0202,ルベル,イオセラム クリーム 200,11,22000,2026-04,2026-05-18 15:32:58
2026-04-30,ロフト,ロフト0202,ルベル,イオセラム オイル 100,1,2400,2026-04,2026-05-18 15:32:58
2026-04-30,ロフト,ロフト0202,ルベル,ルベル ウィズ MG 240,1,1000,2026-04,2026-05-18 15:32:58
2026-04-30,ロフト,ロフト0202,ルベル,ルベル ウィズ RP 140,2,2000,2026-04,2026-05-18 15:32:58
2026-04-30,ロフト,ロフト0202,ルベル,ルベル ウィズ EP 140,2,2400,2026-04,2026-05-18 15:32:58
2026-04-30,ロフト,ロフト0202,VIAGE,ビューティアップナイトブラ ブラックM,9,26820,2026-04,2026-05-18 15:32:58
2026-04-30,ロフト,ロフト0202,VIAGE,ビューティアップナイトブラ ブラックL,5,14900,2026-04,2026-05-18 15:32:58
2026-04-30,ロフト,ロフト0202,VIAGE,ビューティアップナイトブラ NピンクM,2,5960,2026-04,2026-05-18 15:32:58
2026-04-30,ロフト,ロフト0202,VIAGE,ビューティアップナイトブラ NピンクL,4,11920,2026-04,2026-05-18 15:32:58
2026-04-30,ロフト,ロフト0202,VIAGE,ビューティアップナイトブラ BグレーM,8,23840,2026-04,2026-05-18 15:32:58
2026-04-30,ロフト,ロフト0202,VIAGE,ビューティアップナイトブラ BグレーL,4,11920,2026-04,2026-05-18 15:32:58
2026-04-30,ロフト,ロフト0202,ベルミス,ベルミス スリムレギンス M-L,5,19950,2026-04,2026-05-18 15:32:58
2026-04-30,ロフト,ロフト0202,ベルミス,ベルミス スリムレギンス L-LL,1,3990,2026-04,2026-05-18 15:32:58
2026-04-30,ロフト,ロフト0202,ベルミス,ベルミス カラープラスBK L,3,13608,2026-04,2026-05-18 15:32:58
2026-04-30,ロフト,ロフト0202,バイワンシー,バイワンシー モイストブースターホイップ,5,11000,2026-04,2026-05-18 15:32:58
2026-04-30,ロフト,ロフト0202,ベルミス,ベルミス スリムフルレッグ M-L,1,4718,2026-04,2026-05-18 15:32:58
2026-04-30,ロフト,ロフト0202,ベルミス,リムーブレギンスEB M-L,1,11182,2026-04,2026-05-18 15:32:58
2026-04-30,ロフト,ロフト0202,ベルミス,リムーブレギンスRP M-L,1,11182,2026-04,2026-05-18 15:32:58
2026-04-30,ロフト,ロフト0202,ベルミス,リムーブレギンスRP L-LL,1,11182,2026-04,2026-05-18 15:32:58
2026-04-30,ロフト,ロフト0202,ベルミス,スリムレギンス Premium Lv1,5,27225,2026-04,2026-05-18 15:32:58
2026-04-30,ロフト,ロフト0202,ベルミス,スリムレギンス Premium Lv2,4,21780,2026-04,2026-05-18 15:32:58
2026-04-30,ロフト,ロフト0202,ベルミス,スリムレギンス Premium Lv3,7,38115,2026-04,2026-05-18 15:32:58
2026-04-30,ロフト,ロフト0202,ベルミス,スリムフルレッグ クールプラス M-L,2,9436,2026-04,2026-05-18 15:32:58
2026-04-30,ロフト,ロフト0202,インシトゥ,インシトゥ ハーブラピール,16,38400,2026-04,2026-05-18 15:32:58
2026-04-30,ロフト,ロフト0202,wolg,wolg BBクリーム ナチュラル,4,10836,2026-04,2026-05-18 15:32:58
2026-04-30,ロフト,ロフト0202,バイワンシー,バイワンシー ピュア・アミノシャンプー,5,13500,2026-04,2026-05-18 15:32:58
2026-04-30,ロフト,ロフト0202,バイワンシー,バイワンシー ヒートケア・トリートメント,5,13500,2026-04,2026-05-18 15:32:58
2026-04-30,ロフト,ロフト0202,バイワンシー,バイワンシー スムース・リペアエッセンス,8,21600,2026-04,2026-05-18 15:32:58
2026-04-30,ロフト,ロフト0202,ekam,ekam アドバンスドジェル,14,37926,2026-04,2026-05-18 15:32:58
2026-04-30,ロフト,ロフト0202,ekam,ekam アドバンスドセラム,2,6328,2026-04,2026-05-18 15:32:58
2026-04-30,ロフト,ロフト0202,ekam,ekam ホイップ洗顔,4,7200,2026-04,2026-05-18 15:32:58
2026-04-30,ロフト,ロフト0202,Vイフェクト,Vイフェクト青麦ジンクセラム,2,4600,2026-04,2026-05-18 15:32:58
2026-04-30,ロフト,ロフト0202,Vイフェクト,Vイフェクト青麦LHAクレンジングジェル,4,8400,2026-04,2026-05-18 15:32:58
2026-04-30,ロフト,ロフト0207,ルベル,イオ エッセンス スリーク,1,2000,2026-04,2026-05-18 15:32:58
2026-04-30,ロフト,ロフト0207,ルベル,イオ シャンプー クリアメント200,3,4800,2026-04,2026-05-18 15:32:58
2026-04-30,ロフト,ロフト0207,ルベル,イオ エッセンス スリーク,3,6000,2026-04,2026-05-18 15:32:58
2026-04-30,ロフト,ロフト0207,ルベル,イオ クリーム メルトリペア 200,2,3200,2026-04,2026-05-18 15:32:58
2026-04-30,ロフト,ロフト0207,ルベル,イオセラム クリーム 200,3,6000,2026-04,2026-05-18 15:32:58
2026-04-30,ロフト,ロフト0207,ルベル,ルベル ウィズ MG 240,1,1000,2026-04,2026-05-18 15:32:58
2026-04-30,ロフト,ロフト0207,ルベル,ルベル ウィズ JO 240,2,2000,2026-04,2026-05-18 15:32:58
2026-04-30,ロフト,ロフト0207,ルベル,ルベル ウィズ SW 240,4,4000,2026-04,2026-05-18 15:32:58
2026-04-30,ロフト,ロフト0207,ルベル,ルベル ウィズ RP 140,2,2000,2026-04,2026-05-18 15:32:58
2026-04-30,ロフト,ロフト0207,ルベル,ルベル ウィズ EP 140,2,2400,2026-04,2026-05-18 15:32:58
2026-04-30,ロフト,ロフト0207,ルベル,トリエ スプレー10 170,4,6400,2026-04,2026-05-18 15:32:58
2026-04-30,ロフト,ロフト0207,VIAGE,ビューティアップナイトブラ ブラックM,1,2980,2026-04,2026-05-18 15:32:58
2026-04-30,ロフト,ロフト0207,VIAGE,ビューティアップナイトブラ NピンクM,1,2980,2026-04,2026-05-18 15:32:58
2026-04-30,ロフト,ロフト0207,VIAGE,ビューティアップナイトブラ BグレーM,2,5960,2026-04,2026-05-18 15:32:58
2026-04-30,ロフト,ロフト0207,VIAGE,ビューティアップナイトブラ BグレーL,1,2980,2026-04,2026-05-18 15:32:58
2026-04-30,ロフト,ロフト0207,ベルミス,ベルミス スリムレギンス L-LL,2,7980,2026-04,2026-05-18 15:32:58
2026-04-30,ロフト,ロフト0207,ベルミス,ベルミス カラープラスBK M,1,4536,2026-04,2026-05-18 15:32:58
2026-04-30,ロフト,ロフト0207,ベルミス,ベルミス カラープラスBK L,2,9072,2026-04,2026-05-18 15:32:58
2026-04-30,ロフト,ロフト0207,バイワンシー,バイワンシー モイストブースターホイップ,2,4400,2026-04,2026-05-18 15:32:58
2026-04-30,ロフト,ロフト0207,ベルミス,リムーブレギンスEB M-L,1,11182,2026-04,2026-05-18 15:32:58
2026-04-30,ロフト,ロフト0207,ベルミス,リムーブレギンスSG M-L,1,11182,2026-04,2026-05-18 15:32:58
2026-04-30,ロフト,ロフト0207,ベルミス,スリムレギンス Premium Lv1,1,5445,2026-04,2026-05-18 15:32:58
2026-04-30,ロフト,ロフト0207,ベルミス,スリムレギンス Premium Lv2,1,5445,2026-04,2026-05-18 15:32:58
2026-04-30,ロフト,ロフト0207,ベルミス,スリムレギンス Premium Lv3,3,16335,2026-04,2026-05-18 15:32:58
2026-04-30,ロフト,ロフト0207,wolg,wolg BBクリーム ナチュラル,4,10836,2026-04,2026-05-18 15:32:58
2026-04-30,ロフト,ロフト0207,バイワンシー,バイワンシー ピュア・アミノシャンプー,4,10800,2026-04,2026-05-18 15:32:58
2026-04-30,ロフト,ロフト0207,バイワンシー,バイワンシー ヒートケア・トリートメント,3,8100,2026-04,2026-05-18 15:32:58
2026-04-30,ロフト,ロフト0207,バイワンシー,バイワンシー スムース・リペアエッセンス,4,10800,2026-04,2026-05-18 15:32:58
2026-04-30,ロフト,ロフト0207,バイワンシー,バイワンシー スムースリペアESサシェ,8,2160,2026-04,2026-05-18 15:32:58
2026-04-30,ロフト,ロフト0207,バイワンシー,バイワンシー SP&TRサシェ,10,2700,2026-04,2026-05-18 15:32:58
2026-04-30,ロフト,ロフト0207,ekam,ekam アドバンスドジェル,3,8127,2026-04,2026-05-18 15:32:58
2026-04-30,ロフト,ロフト0207,ekam,ekam アドバンスドセラム,1,3164,2026-04,2026-05-18 15:32:58
2026-04-30,ロフト,ロフト0207,Vイフェクト,VイフェクトFCポアフィットマスク7枚入,1,1400,2026-04,2026-05-18 15:32:58
2026-04-30,ロフト,ロフト0213,ルベル,イオ シャンプー リラックスメント200,2,3200,2026-04,2026-05-18 15:32:58
2026-04-30,ロフト,ロフト0213,ルベル,イオ クリーム シルキーリペア 200,12,19200,2026-04,2026-05-18 15:32:58
2026-04-30,ロフト,ロフト0213,ルベル,イオ クリーム メルトリペア 200,1,1600,2026-04,2026-05-18 15:32:58
2026-04-30,ロフト,ロフト0213,ルベル,イオセラム クリーム 200,11,22000,2026-04,2026-05-18 15:32:58
2026-04-30,ロフト,ロフト0213,ルベル,ルベル ウィズ CY 240,3,4200,2026-04,2026-05-18 15:32:58
2026-04-30,ロフト,ロフト0213,ルベル,ルベル ウィズ JO 240,1,1000,2026-04,2026-05-18 15:32:58
2026-04-30,ロフト,ロフト0213,ルベル,トリエ スプレー10 170,58,92800,2026-04,2026-05-18 15:32:58
2026-04-30,ロフト,ロフト0213,VIAGE,ビューティアップナイトブラ ブラックM,1,2980,2026-04,2026-05-18 15:32:58
2026-04-30,ロフト,ロフト0213,VIAGE,ビューティアップナイトブラ ブラックL,2,5960,2026-04,2026-05-18 15:32:58
2026-04-30,ロフト,ロフト0213,VIAGE,ビューティアップナイトブラ NピンクM,4,11920,2026-04,2026-05-18 15:32:58
2026-04-30,ロフト,ロフト0213,VIAGE,ビューティアップナイトブラ NピンクL,1,2980,2026-04,2026-05-18 15:32:58
2026-04-30,ロフト,ロフト0213,VIAGE,ビューティアップナイトブラ BグレーM,2,5960,2026-04,2026-05-18 15:32:58
2026-04-30,ロフト,ロフト0213,VIAGE,ビューティアップナイトブラ BグレーL,1,2980,2026-04,2026-05-18 15:32:58
2026-04-30,ロフト,ロフト0213,ベルミス,ベルミス スリムレギンス M-L,6,23940,2026-04,2026-05-18 15:32:58
2026-04-30,ロフト,ロフト0213,ベルミス,ベルミス カラープラスBK M,3,13608,2026-04,2026-05-18 15:32:58
2026-04-30,ロフト,ロフト0213,ベルミス,ベルミス カラープラスAGY M,1,4536,2026-04,2026-05-18 15:32:58
2026-04-30,ロフト,ロフト0213,ベルミス,ベルミス カラープラスBK L,2,9072,2026-04,2026-05-18 15:32:58
2026-04-30,ロフト,ロフト0213,ベルミス,ベルミス カラープラスAGY L,1,4536,2026-04,2026-05-18 15:32:58
2026-04-30,ロフト,ロフト0213,バイワンシー,バイワンシー モイストブースターホイップ,5,11000,2026-04,2026-05-18 15:32:58
2026-04-30,ロフト,ロフト0213,ベルミス,ベルミス スリムフルレッグ M-L,1,4718,2026-04,2026-05-18 15:32:58
2026-04-30,ロフト,ロフト0213,ベルミス,リムーブレギンスEB M-L,1,11182,2026-04,2026-05-18 15:32:58
2026-04-30,ロフト,ロフト0213,ベルミス,リムーブレギンスEB L-LL,1,11182,2026-04,2026-05-18 15:32:58
2026-04-30,ロフト,ロフト0213,ベルミス,リムーブレギンスSG L-LL,1,11182,2026-04,2026-05-18 15:32:58
2026-04-30,ロフト,ロフト0213,ベルミス,リムーブレギンスRP M-L,1,11182,2026-04,2026-05-18 15:32:58
2026-04-30,ロフト,ロフト0213,ベルミス,スリムレギンス Premium Lv1,2,10890,2026-04,2026-05-18 15:32:58
2026-04-30,ロフト,ロフト0213,ベルミス,スリムレギンス Premium Lv2,4,21780,2026-04,2026-05-18 15:32:58
2026-04-30,ロフト,ロフト0213,ベルミス,スリムレギンス Premium Lv3,5,27225,2026-04,2026-05-18 15:32:58
2026-04-30,ロフト,ロフト0213,ベルミス,スリムフルレッグ クールプラス M-L,2,9436,2026-04,2026-05-18 15:32:58
2026-04-30,ロフト,ロフト0213,ベルミス,スリムフルレッグ クールプラス L-LL,4,18872,2026-04,2026-05-18 15:32:58
2026-04-30,ロフト,ロフト0213,My+Cee,My+Cee ビタミンCサプリメント,1,2980,2026-04,2026-05-18 15:32:58
2026-04-30,ロフト,ロフト0213,wolg,wolg BBクリーム ナチュラル,12,32508,2026-04,2026-05-18 15:32:58
2026-04-30,ロフト,ロフト0213,バイワンシー,バイワンシー ピュア・アミノシャンプー,3,8100,2026-04,2026-05-18 15:32:58
2026-04-30,ロフト,ロフト0213,バイワンシー,バイワンシー ヒートケア・トリートメント,1,2700,2026-04,2026-05-18 15:32:58
2026-04-30,ロフト,ロフト0213,バイワンシー,バイワンシー スムース・リペアエッセンス,13,35100,2026-04,2026-05-18 15:32:58
2026-04-30,ロフト,ロフト0213,ekam,ekam アドバンスドジェル,2,5418,2026-04,2026-05-18 15:32:58
2026-04-30,ロフト,ロフト0213,ekam,ekam ホイップ洗顔,2,3600,2026-04,2026-05-18 15:32:58
2026-04-30,ロフト,ロフト0215,ルベル,イオ シャンプー クリアメント200,2,3200,2026-04,2026-05-18 15:32:58
2026-04-30,ロフト,ロフト0215,ルベル,イオ シャンプー リラックスメント200,3,4800,2026-04,2026-05-18 15:32:58
2026-04-30,ロフト,ロフト0215,ルベル,イオ エッセンス スリーク,3,6000,2026-04,2026-05-18 15:32:58
2026-04-30,ロフト,ロフト0215,ルベル,イオ クリーム シルキーリペア 200,10,16000,2026-04,2026-05-18 15:32:58
2026-04-30,ロフト,ロフト0215,ルベル,イオ クリーム メルトリペア 200,7,11200,2026-04,2026-05-18 15:32:58
2026-04-30,ロフト,ロフト0215,ルベル,イオセラム クリーム 200,7,14000,2026-04,2026-05-18 15:32:58
2026-04-30,ロフト,ロフト0215,ルベル,イオセラム オイル 100,3,7200,2026-04,2026-05-18 15:32:58
2026-04-30,ロフト,ロフト0215,ルベル,ルベル ウィズ MG 240,1,1000,2026-04,2026-05-18 15:32:58
2026-04-30,ロフト,ロフト0215,ルベル,ルベル ウィズ JO 240,1,1000,2026-04,2026-05-18 15:32:58
2026-04-30,ロフト,ロフト0215,ルベル,ルベル ウィズ RP 140,9,9000,2026-04,2026-05-18 15:32:58
2026-04-30,ロフト,ロフト0215,ルベル,ルベル ウィズ EP 140,3,3600,2026-04,2026-05-18 15:32:58
2026-04-30,ロフト,ロフト0215,VIAGE,ビューティアップナイトブラ ブラックM,6,17880,2026-04,2026-05-18 15:32:58
2026-04-30,ロフト,ロフト0215,VIAGE,ビューティアップナイトブラ ブラックL,1,2980,2026-04,2026-05-18 15:32:58
2026-04-30,ロフト,ロフト0215,VIAGE,ビューティアップナイトブラ NピンクM,2,5960,2026-04,2026-05-18 15:32:58
2026-04-30,ロフト,ロフト0215,VIAGE,ビューティアップナイトブラ BグレーM,6,17880,2026-04,2026-05-18 15:32:58
2026-04-30,ロフト,ロフト0215,ベルミス,ベルミス スリムレギンス M-L,9,35910,2026-04,2026-05-18 15:32:58
2026-04-30,ロフト,ロフト0215,ベルミス,ベルミス スリムレギンス L-LL,1,3990,2026-04,2026-05-18 15:32:58
2026-04-30,ロフト,ロフト0215,ベルミス,ベルミス カラープラスBK M,1,4536,2026-04,2026-05-18 15:32:58
2026-04-30,ロフト,ロフト0215,ベルミス,ベルミス カラープラスBK L,1,4536,2026-04,2026-05-18 15:32:58
2026-04-30,ロフト,ロフト0215,ベルミス,リムーブレギンスEB M-L,2,22364,2026-04,2026-05-18 15:32:58
2026-04-30,ロフト,ロフト0215,ベルミス,リムーブレギンスEB L-LL,2,22364,2026-04,2026-05-18 15:32:58
2026-04-30,ロフト,ロフト0215,ベルミス,リムーブレギンスSG L-LL,2,22364,2026-04,2026-05-18 15:32:58
2026-04-30,ロフト,ロフト0215,ベルミス,スリムレギンス Premium Lv3,2,10890,2026-04,2026-05-18 15:32:58
2026-04-30,ロフト,ロフト0215,wolg,wolg BBクリーム ナチュラル,4,10836,2026-04,2026-05-18 15:32:58
2026-04-30,ロフト,ロフト0215,バイワンシー,バイワンシー スムース・リペアエッセンス,4,10800,2026-04,2026-05-18 15:32:58
2026-04-30,ロフト,ロフト0215,バイワンシー,バイワンシー スムースリペアESサシェ,19,5130,2026-04,2026-05-18 15:32:58
2026-04-30,ロフト,ロフト0215,バイワンシー,バイワンシー SP&TRサシェ,9,2430,2026-04,2026-05-18 15:32:58
2026-04-30,ロフト,ロフト0215,ekam,ekam アドバンスドジェル,2,5418,2026-04,2026-05-18 15:32:58
2026-04-30,ロフト,ロフト0215,Vイフェクト,Vイフェクト青麦ジンクセラム,1,2300,2026-04,2026-05-18 15:32:58
2026-04-30,ロフト,ロフト0218,ルベル,イオ エッセンス モイスト,1,2000,2026-04,2026-05-18 15:32:58
2026-04-30,ロフト,ロフト0218,ルベル,イオ エッセンス スリーク,8,16000,2026-04,2026-05-18 15:32:58
2026-04-30,ロフト,ロフト0218,ルベル,イオ クリーム シルキーリペア 200,3,4800,2026-04,2026-05-18 15:32:58
2026-04-30,ロフト,ロフト0218,ルベル,イオ クリーム メルトリペア 200,2,3200,2026-04,2026-05-18 15:32:58
2026-04-30,ロフト,ロフト0218,ルベル,イオセラム オイル 100,2,4800,2026-04,2026-05-18 15:32:58
2026-04-30,ロフト,ロフト0218,ルベル,ルベル ウィズ JO 240,3,3000,2026-04,2026-05-18 15:32:58
2026-04-30,ロフト,ロフト0218,ルベル,ルベル ウィズ RP 140,3,3000,2026-04,2026-05-18 15:32:58
2026-04-30,ロフト,ロフト0218,ルベル,ルベル ウィズ EP 140,1,1200,2026-04,2026-05-18 15:32:58
2026-04-30,ロフト,ロフト0218,VIAGE,ビューティアップナイトブラ ブラックM,2,5960,2026-04,2026-05-18 15:32:58
2026-04-30,ロフト,ロフト0218,VIAGE,ビューティアップナイトブラ ブラックL,2,5960,2026-04,2026-05-18 15:32:58
2026-04-30,ロフト,ロフト0218,VIAGE,ビューティアップナイトブラ NピンクM,2,5960,2026-04,2026-05-18 15:32:58
2026-04-30,ロフト,ロフト0218,VIAGE,ビューティアップナイトブラ BグレーL,1,2980,2026-04,2026-05-18 15:32:58
2026-04-30,ロフト,ロフト0218,ベルミス,ベルミス スリムレギンス L-LL,1,3990,2026-04,2026-05-18 15:32:58
2026-04-30,ロフト,ロフト0218,ベルミス,ベルミス カラープラスBK M,2,9072,2026-04,2026-05-18 15:32:58
2026-04-30,ロフト,ロフト0218,ベルミス,ベルミス カラープラスAGY M,1,4536,2026-04,2026-05-18 15:32:58
2026-04-30,ロフト,ロフト0218,バイワンシー,バイワンシー モイストブースターホイップ,5,11000,2026-04,2026-05-18 15:32:58
2026-04-30,ロフト,ロフト0218,ベルミス,リムーブレギンスEB L-LL,1,11182,2026-04,2026-05-18 15:32:58
2026-04-30,ロフト,ロフト0218,ベルミス,スリムレギンス Premium Lv2,1,5445,2026-04,2026-05-18 15:32:58
2026-04-30,ロフト,ロフト0218,ベルミス,スリムレギンス Premium Lv3,1,5445,2026-04,2026-05-18 15:32:58
2026-04-30,ロフト,ロフト0218,ベルミス,スリムフルレッグ クールプラス L-LL,1,4718,2026-04,2026-05-18 15:32:58
2026-04-30,ロフト,ロフト0218,インシトゥ,インシトゥ ハーブラピール,11,26400,2026-04,2026-05-18 15:32:58
2026-04-30,ロフト,ロフト0218,wolg,wolg BBクリーム ナチュラル,3,8127,2026-04,2026-05-18 15:32:58
2026-04-30,ロフト,ロフト0218,バイワンシー,バイワンシー ピュア・アミノシャンプー,1,2700,2026-04,2026-05-18 15:32:58
2026-04-30,ロフト,ロフト0218,バイワンシー,バイワンシー ヒートケア・トリートメント,2,5400,2026-04,2026-05-18 15:32:58
2026-04-30,ロフト,ロフト0218,バイワンシー,バイワンシー スムース・リペアエッセンス,7,18900,2026-04,2026-05-18 15:32:58
2026-04-30,ロフト,ロフト0218,バイワンシー,バイワンシー スムースリペアESサシェ,17,4590,2026-04,2026-05-18 15:32:58
2026-04-30,ロフト,ロフト0218,バイワンシー,バイワンシー SP&TRサシェ,30,8100,2026-04,2026-05-18 15:32:58
2026-04-30,ロフト,ロフト0218,ekam,ekam アドバンスドジェル,1,2709,2026-04,2026-05-18 15:32:58
2026-04-30,ロフト,ロフト0218,Vイフェクト,VイフェクトFCポアタイトアンプル,1,2700,2026-04,2026-05-18 15:32:58
2026-04-30,ロフト,ロフト0218,Vイフェクト,Vイフェクト青麦ジンクセラム,2,4600,2026-04,2026-05-18 15:32:58
2026-04-30,ロフト,ロフト0218,Vイフェクト,Vイフェクト青麦LHAクレンジングジェル,2,4200,2026-04,2026-05-18 15:32:58
2026-04-30,ロフト,ロフト0219,ルベル,イオ シャンプー クリアメント200,2,3200,2026-04,2026-05-18 15:32:58
2026-04-30,ロフト,ロフト0219,ルベル,イオ エッセンス モイスト,4,8000,2026-04,2026-05-18 15:32:58
2026-04-30,ロフト,ロフト0219,ルベル,イオ エッセンス スリーク,8,16000,2026-04,2026-05-18 15:32:58
2026-04-30,ロフト,ロフト0219,ルベル,イオ クリーム シルキーリペア 200,2,3200,2026-04,2026-05-18 15:32:58
2026-04-30,ロフト,ロフト0219,ルベル,イオ クリーム メルトリペア 200,5,8000,2026-04,2026-05-18 15:32:58
2026-04-30,ロフト,ロフト0219,ルベル,イオセラム シャンプー 200,1,2000,2026-04,2026-05-18 15:32:58
2026-04-30,ロフト,ロフト0219,ルベル,イオセラム クリーム 200,2,4000,2026-04,2026-05-18 15:32:58
2026-04-30,ロフト,ロフト0219,ルベル,ルベル ウィズ SW 240,5,5000,2026-04,2026-05-18 15:32:58
2026-04-30,ロフト,ロフト0219,ルベル,ルベル ウィズ RP 140,1,1000,2026-04,2026-05-18 15:32:58
2026-04-30,ロフト,ロフト0219,VIAGE,ビューティアップナイトブラ ブラックL,1,2980,2026-04,2026-05-18 15:32:58
2026-04-30,ロフト,ロフト0219,VIAGE,ビューティアップナイトブラ BグレーL,1,2980,2026-04,2026-05-18 15:32:58
2026-04-30,ロフト,ロフト0219,ベルミス,ベルミス スリムレギンス M-L,2,7980,2026-04,2026-05-18 15:32:58
2026-04-30,ロフト,ロフト0219,ベルミス,ベルミス スリムレギンス L-LL,2,7980,2026-04,2026-05-18 15:32:58
2026-04-30,ロフト,ロフト0219,ベルミス,ベルミス カラープラスBK M,1,4536,2026-04,2026-05-18 15:32:58
2026-04-30,ロフト,ロフト0219,バイワンシー,バイワンシー モイストブースターホイップ,3,6600,2026-04,2026-05-18 15:32:58
2026-04-30,ロフト,ロフト0219,ベルミス,ベルミス スリムフルレッグLーLL,2,9436,2026-04,2026-05-18 15:32:58
2026-04-30,ロフト,ロフト0219,ベルミス,リムーブレギンスEB L-LL,2,22364,2026-04,2026-05-18 15:32:58
2026-04-30,ロフト,ロフト0219,ベルミス,スリムレギンス Premium Lv3,1,5445,2026-04,2026-05-18 15:32:58
2026-04-30,ロフト,ロフト0219,インシトゥ,インシトゥ ハーブラピール,11,26400,2026-04,2026-05-18 15:32:58
2026-04-30,ロフト,ロフト0219,wolg,wolg BBクリーム ナチュラル,3,8127,2026-04,2026-05-18 15:32:58
2026-04-30,ロフト,ロフト0219,バイワンシー,バイワンシー スムース・リペアエッセンス,8,21600,2026-04,2026-05-18 15:32:58
2026-04-30,ロフト,ロフト0219,バイワンシー,バイワンシー スムースリペアESサシェ,15,4050,2026-04,2026-05-18 15:32:58
2026-04-30,ロフト,ロフト0219,バイワンシー,バイワンシー SP&TRサシェ,19,5130,2026-04,2026-05-18 15:32:58
2026-04-30,ロフト,ロフト0219,ekam,ekam ホイップ洗顔,1,1800,2026-04,2026-05-18 15:32:58
2026-04-30,ロフト,ロフト0219,Vイフェクト,VイフェクトFCポアベルベットクリーム,3,8940,2026-04,2026-05-18 15:32:58
2026-04-30,ロフト,ロフト0220,ルベル,イオ クリーム メルトリペア 200,1,1600,2026-04,2026-05-18 15:32:58
2026-04-30,ロフト,ロフト0220,ルベル,イオセラム シャンプー 200,1,2000,2026-04,2026-05-18 15:32:58
2026-04-30,ロフト,ロフト0220,VIAGE,ビューティアップナイトブラ ブラックM,1,2980,2026-04,2026-05-18 15:32:58
2026-04-30,ロフト,ロフト0220,VIAGE,ビューティアップナイトブラ BグレーM,3,8940,2026-04,2026-05-18 15:32:58
2026-04-30,ロフト,ロフト0220,VIAGE,ビューティアップナイトブラ BグレーL,1,2980,2026-04,2026-05-18 15:32:58
2026-04-30,ロフト,ロフト0220,ベルミス,ベルミス スリムレギンス M-L,1,3990,2026-04,2026-05-18 15:32:58
2026-04-30,ロフト,ロフト0220,ベルミス,ベルミス スリムレギンス L-LL,2,7980,2026-04,2026-05-18 15:32:58
2026-04-30,ロフト,ロフト0220,ベルミス,ベルミス カラープラスBK M,2,9072,2026-04,2026-05-18 15:32:58
2026-04-30,ロフト,ロフト0220,バイワンシー,バイワンシー モイストブースターホイップ,1,2200,2026-04,2026-05-18 15:32:58
2026-04-30,ロフト,ロフト0220,ベルミス,スリムフルレッグ クールプラス M-L,1,4718,2026-04,2026-05-18 15:32:58
2026-04-30,ロフト,ロフト0220,バイワンシー,バイワンシー ピュア・アミノシャンプー,1,2700,2026-04,2026-05-18 15:32:58
2026-04-30,ロフト,ロフト0220,バイワンシー,バイワンシー ヒートケア・トリートメント,2,5400,2026-04,2026-05-18 15:32:58
2026-04-30,ロフト,ロフト0220,バイワンシー,バイワンシー スムース・リペアエッセンス,2,5400,2026-04,2026-05-18 15:32:58
2026-04-30,ロフト,ロフト0223,ルベル,イオ シャンプー クリアメント200,2,3200,2026-04,2026-05-18 15:32:58
2026-04-30,ロフト,ロフト0223,ルベル,イオ シャンプー リラックスメント200,1,1600,2026-04,2026-05-18 15:32:58
2026-04-30,ロフト,ロフト0223,ルベル,イオセラム オイル 100,1,2400,2026-04,2026-05-18 15:32:58
2026-04-30,ロフト,ロフト0223,ルベル,イオ シャンプー クリアメント200,1,1600,2026-04,2026-05-18 15:32:58
2026-04-30,ロフト,ロフト0223,ルベル,イオ シャンプー リラックスメント200,8,12800,2026-04,2026-05-18 15:32:58
2026-04-30,ロフト,ロフト0223,ルベル,イオ エッセンス モイスト,2,4000,2026-04,2026-05-18 15:32:58
2026-04-30,ロフト,ロフト0223,ルベル,イオ クリーム メルトリペア 200,12,19200,2026-04,2026-05-18 15:32:58
2026-04-30,ロフト,ロフト0223,ルベル,イオセラム シャンプー 200,1,2000,2026-04,2026-05-18 15:32:58
2026-04-30,ロフト,ロフト0223,ルベル,イオセラム クリーム 200,9,18000,2026-04,2026-05-18 15:32:58
2026-04-30,ロフト,ロフト0223,ルベル,イオセラム オイル 100,1,2400,2026-04,2026-05-18 15:32:58
2026-04-30,ロフト,ロフト0223,ルベル,ルベル ウィズ MG 240,1,1000,2026-04,2026-05-18 15:32:58
2026-04-30,ロフト,ロフト0223,ルベル,ルベル ウィズ RP 140,6,6000,2026-04,2026-05-18 15:32:58
2026-04-30,ロフト,ロフト0223,ルベル,ルベル ウィズ EP 140,1,1200,2026-04,2026-05-18 15:32:58
2026-04-30,ロフト,ロフト0223,ルベル,トリエ スプレー10 170,1,1600,2026-04,2026-05-18 15:32:58
2026-04-30,ロフト,ロフト0223,VIAGE,ビューティアップナイトブラ ブラックM,3,8940,2026-04,2026-05-18 15:32:58
2026-04-30,ロフト,ロフト0223,VIAGE,ビューティアップナイトブラ BグレーM,1,2980,2026-04,2026-05-18 15:32:58
2026-04-30,ロフト,ロフト0223,ベルミス,ベルミス スリムレギンス M-L,5,19950,2026-04,2026-05-18 15:32:58
2026-04-30,ロフト,ロフト0223,ベルミス,ベルミス スリムレギンス L-LL,2,7980,2026-04,2026-05-18 15:32:58
2026-04-30,ロフト,ロフト0223,ベルミス,ベルミス カラープラスAGY M,1,4536,2026-04,2026-05-18 15:32:58
2026-04-30,ロフト,ロフト0223,ベルミス,ベルミス カラープラスBK L,1,4536,2026-04,2026-05-18 15:32:58
2026-04-30,ロフト,ロフト0223,バイワンシー,バイワンシー モイストブースターホイップ,1,2200,2026-04,2026-05-18 15:32:58
2026-04-30,ロフト,ロフト0223,ベルミス,リムーブレギンスEB M-L,1,11182,2026-04,2026-05-18 15:32:58
2026-04-30,ロフト,ロフト0223,ベルミス,リムーブレギンスEB L-LL,1,11182,2026-04,2026-05-18 15:32:58
2026-04-30,ロフト,ロフト0223,ベルミス,スリムレギンス Premium Lv2,1,5445,2026-04,2026-05-18 15:32:58
2026-04-30,ロフト,ロフト0223,ベルミス,スリムフルレッグ クールプラス L-LL,1,4718,2026-04,2026-05-18 15:32:58
2026-04-30,ロフト,ロフト0223,wolg,wolg BBクリーム ナチュラル,4,10836,2026-04,2026-05-18 15:32:58
2026-04-30,ロフト,ロフト0223,バイワンシー,バイワンシー スムースリペアESサシェ,4,1080,2026-04,2026-05-18 15:32:58
2026-04-30,ロフト,ロフト0223,ekam,ekam アドバンスドジェル,2,5418,2026-04,2026-05-18 15:32:58
2026-04-30,ロフト,ロフト0223,ekam,ekam ホイップ洗顔,1,1800,2026-04,2026-05-18 15:32:58
2026-04-30,ロフト,ロフト0224,ルベル,イオセラム シャンプー 200,1,2000,2026-04,2026-05-18 15:32:58
2026-04-30,ロフト,ロフト0224,ルベル,イオ クリーム メルトリペア 200,3,4800,2026-04,2026-05-18 15:32:58
2026-04-30,ロフト,ロフト0224,VIAGE,ビューティアップナイトブラ ブラックM,1,2980,2026-04,2026-05-18 15:32:58
2026-04-30,ロフト,ロフト0224,VIAGE,ビューティアップナイトブラ ブラックL,1,2980,2026-04,2026-05-18 15:32:58
2026-04-30,ロフト,ロフト0224,VIAGE,ビューティアップナイトブラ BグレーM,2,5960,2026-04,2026-05-18 15:32:58
2026-04-30,ロフト,ロフト0224,VIAGE,ビューティアップナイトブラ BグレーL,1,2980,2026-04,2026-05-18 15:32:58
2026-04-30,ロフト,ロフト0224,ベルミス,ベルミス スリムレギンス M-L,1,3990,2026-04,2026-05-18 15:32:58
2026-04-30,ロフト,ロフト0224,ベルミス,ベルミス カラープラスBK L,1,4536,2026-04,2026-05-18 15:32:58
2026-04-30,ロフト,ロフト0224,ベルミス,ベルミス カラープラスAGY L,1,4536,2026-04,2026-05-18 15:32:58
2026-04-30,ロフト,ロフト0224,バイワンシー,バイワンシー モイストブースターホイップ,1,2200,2026-04,2026-05-18 15:32:58
2026-04-30,ロフト,ロフト0224,ベルミス,スリムレギンス Premium Lv3,1,5445,2026-04,2026-05-18 15:32:58
2026-04-30,ロフト,ロフト0224,インシトゥ,インシトゥ ハーブラピール,8,19200,2026-04,2026-05-18 15:32:58
2026-04-30,ロフト,ロフト0224,バイワンシー,バイワンシー ピュア・アミノシャンプー,1,2700,2026-04,2026-05-18 15:32:58
2026-04-30,ロフト,ロフト0224,バイワンシー,バイワンシー スムース・リペアエッセンス,1,2700,2026-04,2026-05-18 15:32:58
2026-04-30,ロフト,ロフト0224,バイワンシー,バイワンシー スムースリペアESサシェ,8,2160,2026-04,2026-05-18 15:32:58
2026-04-30,ロフト,ロフト0224,バイワンシー,バイワンシー SP&TRサシェ,8,2160,2026-04,2026-05-18 15:32:58
2026-04-30,ロフト,ロフト0225,ルベル,ルベル ウィズ RP 720,3,8400,2026-04,2026-05-18 15:32:58
2026-04-30,ロフト,ロフト0225,ルベル,イオ シャンプー リラックスメント200,3,4800,2026-04,2026-05-18 15:32:58
2026-04-30,ロフト,ロフト0225,ルベル,イオ クリーム シルキーリペア 200,18,28800,2026-04,2026-05-18 15:32:58
2026-04-30,ロフト,ロフト0225,ルベル,イオ クリーム メルトリペア 200,7,11200,2026-04,2026-05-18 15:32:58
2026-04-30,ロフト,ロフト0225,ルベル,イオセラム シャンプー 200,5,10000,2026-04,2026-05-18 15:32:58
2026-04-30,ロフト,ロフト0225,ルベル,イオセラム クリーム 200,8,16000,2026-04,2026-05-18 15:32:58
2026-04-30,ロフト,ロフト0225,ルベル,イオセラム オイル 100,1,2400,2026-04,2026-05-18 15:32:58
2026-04-30,ロフト,ロフト0225,ルベル,イオセラム マスク 170,7,22400,2026-04,2026-05-18 15:32:58
2026-04-30,ロフト,ロフト0225,ルベル,ルベル ウィズ JO 240,1,1000,2026-04,2026-05-18 15:32:58
2026-04-30,ロフト,ロフト0225,VIAGE,ビューティアップナイトブラ ブラックL,1,2980,2026-04,2026-05-18 15:32:58
2026-04-30,ロフト,ロフト0225,VIAGE,ビューティアップナイトブラ BグレーM,1,2980,2026-04,2026-05-18 15:32:58
2026-04-30,ロフト,ロフト0225,ベルミス,ベルミス スリムレギンス M-L,2,7980,2026-04,2026-05-18 15:32:58
2026-04-30,ロフト,ロフト0225,ベルミス,ベルミス スリムレギンス L-LL,1,3990,2026-04,2026-05-18 15:32:58
2026-04-30,ロフト,ロフト0225,ベルミス,ベルミス カラープラスBK M,1,4536,2026-04,2026-05-18 15:32:58
2026-04-30,ロフト,ロフト0225,ベルミス,ベルミス カラープラスAGY M,1,4536,2026-04,2026-05-18 15:32:58
2026-04-30,ロフト,ロフト0225,ベルミス,ベルミス カラープラスBK L,1,4536,2026-04,2026-05-18 15:32:58
2026-04-30,ロフト,ロフト0225,バイワンシー,バイワンシー モイストブースターホイップ,4,8800,2026-04,2026-05-18 15:32:58
2026-04-30,ロフト,ロフト0225,ベルミス,ベルミス スリムフルレッグLーLL,1,4718,2026-04,2026-05-18 15:32:58
2026-04-30,ロフト,ロフト0225,ベルミス,ベルミス スリムフルレッグ M-L,1,4718,2026-04,2026-05-18 15:32:58
2026-04-30,ロフト,ロフト0225,ベルミス,リムーブレギンスEB M-L,1,11182,2026-04,2026-05-18 15:32:58
2026-04-30,ロフト,ロフト0225,ベルミス,リムーブレギンスEB L-LL,1,11182,2026-04,2026-05-18 15:32:58
2026-04-30,ロフト,ロフト0225,ベルミス,リムーブレギンスSG M-L,1,11182,2026-04,2026-05-18 15:32:58
2026-04-30,ロフト,ロフト0225,ベルミス,リムーブレギンスSG L-LL,1,11182,2026-04,2026-05-18 15:32:58
2026-04-30,ロフト,ロフト0225,ベルミス,スリムフルレッグ クールプラス M-L,1,4718,2026-04,2026-05-18 15:32:58
2026-04-30,ロフト,ロフト0225,ベルミス,スリムフルレッグ クールプラス L-LL,1,4718,2026-04,2026-05-18 15:32:58
2026-04-30,ロフト,ロフト0225,ekam,ekam アドバンスドセラム,1,3164,2026-04,2026-05-18 15:32:58
2026-04-30,ロフト,ロフト0225,ekam,ekam ホイップ洗顔,3,5400,2026-04,2026-05-18 15:32:58
2026-04-30,ロフト,ロフト0226,ルベル,イオ シャンプー クリアメント200,1,1600,2026-04,2026-05-18 15:32:58
2026-04-30,ロフト,ロフト0226,ルベル,イオ シャンプー リラックスメント200,3,4800,2026-04,2026-05-18 15:32:58
2026-04-30,ロフト,ロフト0226,ルベル,イオ クリーム シルキーリペア 200,7,11200,2026-04,2026-05-18 15:32:58
2026-04-30,ロフト,ロフト0226,ルベル,イオセラム クリーム 200,6,12000,2026-04,2026-05-18 15:32:58
2026-04-30,ロフト,ロフト0226,ルベル,イオセラム オイル 100,1,2400,2026-04,2026-05-18 15:32:58
2026-04-30,ロフト,ロフト0226,ルベル,ルベル ウィズ RP 140,1,1000,2026-04,2026-05-18 15:32:58
2026-04-30,ロフト,ロフト0226,ルベル,トリエ スプレー10 170,11,17600,2026-04,2026-05-18 15:32:58
2026-04-30,ロフト,ロフト0226,VIAGE,ビューティアップナイトブラ ブラックM,1,2980,2026-04,2026-05-18 15:32:58
2026-04-30,ロフト,ロフト0226,VIAGE,ビューティアップナイトブラ BグレーM,1,2980,2026-04,2026-05-18 15:32:58
2026-04-30,ロフト,ロフト0226,VIAGE,ビューティアップナイトブラ BグレーL,2,5960,2026-04,2026-05-18 15:32:58
2026-04-30,ロフト,ロフト0226,ベルミス,ベルミス スリムレギンス M-L,1,3990,2026-04,2026-05-18 15:32:58
2026-04-30,ロフト,ロフト0226,ベルミス,ベルミス カラープラスBK M,1,4536,2026-04,2026-05-18 15:32:58
2026-04-30,ロフト,ロフト0226,ベルミス,ベルミス カラープラスAGY L,1,4536,2026-04,2026-05-18 15:32:58
2026-04-30,ロフト,ロフト0226,バイワンシー,バイワンシー モイストブースターホイップ,1,2200,2026-04,2026-05-18 15:32:58
2026-04-30,ロフト,ロフト0226,ベルミス,ベルミス スリムフルレッグLーLL,1,4718,2026-04,2026-05-18 15:32:58
2026-04-30,ロフト,ロフト0226,ベルミス,リムーブレギンスEB M-L,2,22364,2026-04,2026-05-18 15:32:58
2026-04-30,ロフト,ロフト0226,ベルミス,スリムレギンス Premium Lv3,3,16335,2026-04,2026-05-18 15:32:58
2026-04-30,ロフト,ロフト0226,ベルミス,スリムフルレッグ クールプラス L-LL,1,4718,2026-04,2026-05-18 15:32:58
2026-04-30,ロフト,ロフト0226,wolg,wolg BBクリーム ナチュラル,3,8127,2026-04,2026-05-18 15:32:58
2026-04-30,ロフト,ロフト0226,バイワンシー,バイワンシー ピュア・アミノシャンプー,4,10800,2026-04,2026-05-18 15:32:58
2026-04-30,ロフト,ロフト0226,バイワンシー,バイワンシー ヒートケア・トリートメント,3,8100,2026-04,2026-05-18 15:32:58
2026-04-30,ロフト,ロフト0226,バイワンシー,バイワンシー スムース・リペアエッセンス,2,5400,2026-04,2026-05-18 15:32:58
2026-04-30,ロフト,ロフト0226,バイワンシー,バイワンシー スムースリペアESサシェ,7,1890,2026-04,2026-05-18 15:32:58
2026-04-30,ロフト,ロフト0226,バイワンシー,バイワンシー SP&TRサシェ,17,4590,2026-04,2026-05-18 15:32:58
2026-04-30,ロフト,ロフト0229,ルベル,イオ シャンプー クリアメント200,1,1600,2026-04,2026-05-18 15:32:58
2026-04-30,ロフト,ロフト0229,ルベル,イオ エッセンス モイスト,6,12000,2026-04,2026-05-18 15:32:58
2026-04-30,ロフト,ロフト0229,ルベル,イオ クリーム シルキーリペア 200,2,3200,2026-04,2026-05-18 15:32:58
2026-04-30,ロフト,ロフト0229,ルベル,イオ クリーム メルトリペア 200,1,1600,2026-04,2026-05-18 15:32:58
2026-04-30,ロフト,ロフト0229,ルベル,イオセラム オイル 100,1,2400,2026-04,2026-05-18 15:32:58
2026-04-30,ロフト,ロフト0229,ルベル,トリエ スプレー10 170,18,28800,2026-04,2026-05-18 15:32:58
2026-04-30,ロフト,ロフト0229,VIAGE,ビューティアップナイトブラ ブラックM,1,2980,2026-04,2026-05-18 15:32:58
2026-04-30,ロフト,ロフト0229,VIAGE,ビューティアップナイトブラ ブラックL,2,5960,2026-04,2026-05-18 15:32:58
2026-04-30,ロフト,ロフト0229,VIAGE,ビューティアップナイトブラ BグレーL,1,2980,2026-04,2026-05-18 15:32:58
2026-04-30,ロフト,ロフト0229,ベルミス,ベルミス カラープラスBK M,3,13608,2026-04,2026-05-18 15:32:58
2026-04-30,ロフト,ロフト0229,バイワンシー,バイワンシー モイストブースターホイップ,3,6600,2026-04,2026-05-18 15:32:58
2026-04-30,ロフト,ロフト0229,バイワンシー,バイワンシー ピュア・アミノシャンプー,3,8100,2026-04,2026-05-18 15:32:58
2026-04-30,ロフト,ロフト0229,バイワンシー,バイワンシー ヒートケア・トリートメント,2,5400,2026-04,2026-05-18 15:32:58
2026-04-30,ロフト,ロフト0229,バイワンシー,バイワンシー スムース・リペアエッセンス,5,13500,2026-04,2026-05-18 15:32:58
2026-04-30,ロフト,ロフト0229,バイワンシー,バイワンシー スムースリペアESサシェ,7,1890,2026-04,2026-05-18 15:32:58
2026-04-30,ロフト,ロフト0229,バイワンシー,バイワンシー SP&TRサシェ,9,2430,2026-04,2026-05-18 15:32:58
2026-04-30,ロフト,ロフト0229,ekam,ekam アドバンスドジェル,1,2709,2026-04,2026-05-18 15:32:58
2026-04-30,ロフト,ロフト0229,ekam,ekam ホイップ洗顔,1,1800,2026-04,2026-05-18 15:32:58
2026-04-30,ロフト,ロフト0229,Vイフェクト,Vイフェクト青麦ジンクセラム,1,2300,2026-04,2026-05-18 15:32:58
2026-04-30,ロフト,ロフト0229,Vイフェクト,Vイフェクト青麦LHAクレンジングジェル,3,6300,2026-04,2026-05-18 15:32:58
2026-04-30,ロフト,ロフト0231,ルベル,イオ シャンプー クリアメント200,2,3200,2026-04,2026-05-18 15:32:58
2026-04-30,ロフト,ロフト0231,ルベル,イオ シャンプー リラックスメント200,1,1600,2026-04,2026-05-18 15:32:58
2026-04-30,ロフト,ロフト0231,ルベル,イオ エッセンス スリーク,1,2000,2026-04,2026-05-18 15:32:58
2026-04-30,ロフト,ロフト0231,ルベル,イオ クリーム シルキーリペア 200,1,1600,2026-04,2026-05-18 15:32:58
2026-04-30,ロフト,ロフト0231,ルベル,イオ クリーム メルトリペア 200,1,1600,2026-04,2026-05-18 15:32:58
2026-04-30,ロフト,ロフト0231,ルベル,イオセラム オイル 100,1,2400,2026-04,2026-05-18 15:32:58
2026-04-30,ロフト,ロフト0231,ルベル,ルベル ウィズ RP 140,1,1000,2026-04,2026-05-18 15:32:58
2026-04-30,ロフト,ロフト0231,ルベル,トリエ スプレー10 170,25,40000,2026-04,2026-05-18 15:32:58
2026-04-30,ロフト,ロフト0231,VIAGE,ビューティアップナイトブラ ブラックM,1,2980,2026-04,2026-05-18 15:32:58
2026-04-30,ロフト,ロフト0231,VIAGE,ビューティアップナイトブラ ブラックL,1,2980,2026-04,2026-05-18 15:32:58
2026-04-30,ロフト,ロフト0231,VIAGE,ビューティアップナイトブラ BグレーM,1,2980,2026-04,2026-05-18 15:32:58
2026-04-30,ロフト,ロフト0231,VIAGE,ビューティアップナイトブラ BグレーL,1,2980,2026-04,2026-05-18 15:32:58
2026-04-30,ロフト,ロフト0231,バイワンシー,バイワンシー モイストブースターホイップ,5,11000,2026-04,2026-05-18 15:32:58
2026-04-30,ロフト,ロフト0231,ベルミス,リムーブレギンスEB M-L,2,22364,2026-04,2026-05-18 15:32:58
2026-04-30,ロフト,ロフト0231,ベルミス,リムーブレギンスEB L-LL,3,33546,2026-04,2026-05-18 15:32:58
2026-04-30,ロフト,ロフト0231,ベルミス,スリムレギンス Premium Lv1,1,5445,2026-04,2026-05-18 15:32:58
2026-04-30,ロフト,ロフト0231,ベルミス,スリムレギンス Premium Lv3,1,5445,2026-04,2026-05-18 15:32:58
2026-04-30,ロフト,ロフト0231,ベルミス,スリムフルレッグ クールプラス M-L,1,4718,2026-04,2026-05-18 15:32:58
2026-04-30,ロフト,ロフト0231,インシトゥ,インシトゥ ハーブラピール,3,7200,2026-04,2026-05-18 15:32:58
2026-04-30,ロフト,ロフト0231,wolg,wolg BBクリーム ナチュラル,1,2709,2026-04,2026-05-18 15:32:58
2026-04-30,ロフト,ロフト0231,バイワンシー,バイワンシー ピュア・アミノシャンプー,3,8100,2026-04,2026-05-18 15:32:58
2026-04-30,ロフト,ロフト0231,バイワンシー,バイワンシー ヒートケア・トリートメント,5,13500,2026-04,2026-05-18 15:32:58
2026-04-30,ロフト,ロフト0231,バイワンシー,バイワンシー スムース・リペアエッセンス,6,16200,2026-04,2026-05-18 15:32:58
2026-04-30,ロフト,ロフト0231,バイワンシー,バイワンシー スムースリペアESサシェ,9,2430,2026-04,2026-05-18 15:32:58
2026-04-30,ロフト,ロフト0231,バイワンシー,バイワンシー SP&TRサシェ,24,6480,2026-04,2026-05-18 15:32:58
2026-04-30,ロフト,ロフト0231,ekam,ekam アドバンスドジェル,2,5418,2026-04,2026-05-18 15:32:58
2026-04-30,ロフト,ロフト0231,Vイフェクト,Vイフェクト青麦LHAクレンジングジェル,1,2100,2026-04,2026-05-18 15:32:58
2026-04-30,ロフト,ロフト0232,ルベル,イオセラム オイル 100,1,2400,2026-04,2026-05-18 15:32:58
2026-04-30,ロフト,ロフト0232,ルベル,イオ シャンプー リラックスメント200,1,1600,2026-04,2026-05-18 15:32:58
2026-04-30,ロフト,ロフト0232,ルベル,イオセラム クリーム 200,4,8000,2026-04,2026-05-18 15:32:58
2026-04-30,ロフト,ロフト0232,ルベル,ルベル ウィズ JO 240,1,1000,2026-04,2026-05-18 15:32:58
2026-04-30,ロフト,ロフト0232,VIAGE,ビューティアップナイトブラ ブラックM,3,8940,2026-04,2026-05-18 15:32:58
2026-04-30,ロフト,ロフト0232,VIAGE,ビューティアップナイトブラ ブラックL,2,5960,2026-04,2026-05-18 15:32:58
2026-04-30,ロフト,ロフト0232,VIAGE,ビューティアップナイトブラ BグレーM,1,2980,2026-04,2026-05-18 15:32:58
2026-04-30,ロフト,ロフト0232,VIAGE,ビューティアップナイトブラ BグレーL,1,2980,2026-04,2026-05-18 15:32:58
2026-04-30,ロフト,ロフト0232,ベルミス,ベルミス スリムレギンス M-L,1,3990,2026-04,2026-05-18 15:32:58
2026-04-30,ロフト,ロフト0232,ベルミス,ベルミス スリムレギンス L-LL,1,3990,2026-04,2026-05-18 15:32:58
2026-04-30,ロフト,ロフト0232,ベルミス,ベルミス カラープラスBK M,1,4536,2026-04,2026-05-18 15:32:58
2026-04-30,ロフト,ロフト0232,ベルミス,ベルミス カラープラスAGY M,2,9072,2026-04,2026-05-18 15:32:58
2026-04-30,ロフト,ロフト0232,ベルミス,ベルミス カラープラスBK L,3,13608,2026-04,2026-05-18 15:32:58
2026-04-30,ロフト,ロフト0232,ベルミス,ベルミス カラープラスAGY L,1,4536,2026-04,2026-05-18 15:32:58
2026-04-30,ロフト,ロフト0232,ベルミス,ベルミス スリムフルレッグLーLL,1,4718,2026-04,2026-05-18 15:32:58
2026-04-30,ロフト,ロフト0232,ベルミス,スリムレギンス Premium Lv2,1,5445,2026-04,2026-05-18 15:32:58
2026-04-30,ロフト,ロフト0232,wolg,wolg BBクリーム ナチュラル,2,5418,2026-04,2026-05-18 15:32:58
2026-04-30,ロフト,ロフト0232,ekam,ekam ホイップ洗顔,1,1800,2026-04,2026-05-18 15:32:58
2026-04-30,ロフト,ロフト0232,Vイフェクト,Vイフェクト青麦LHAクレンジングジェル,3,6300,2026-04,2026-05-18 15:32:58
2026-04-30,ロフト,ロフト0233,ルベル,イオセラム オイル 100,2,4800,2026-04,2026-05-18 15:32:58
2026-04-30,ロフト,ロフト0233,ルベル,イオ エッセンス モイスト,1,2000,2026-04,2026-05-18 15:32:58
2026-04-30,ロフト,ロフト0233,ルベル,イオ クリーム メルトリペア 200,4,6400,2026-04,2026-05-18 15:32:58
2026-04-30,ロフト,ロフト0233,ルベル,イオセラム クリーム 200,3,6000,2026-04,2026-05-18 15:32:58
2026-04-30,ロフト,ロフト0233,ルベル,イオセラム オイル 100,6,14400,2026-04,2026-05-18 15:32:58
2026-04-30,ロフト,ロフト0233,ルベル,ルベル ウィズ RP 140,2,2000,2026-04,2026-05-18 15:32:58
2026-04-30,ロフト,ロフト0233,ルベル,トリエ スプレー10 170,7,11200,2026-04,2026-05-18 15:32:58
2026-04-30,ロフト,ロフト0233,VIAGE,ビューティアップナイトブラ ブラックL,1,2980,2026-04,2026-05-18 15:32:58
2026-04-30,ロフト,ロフト0233,VIAGE,ビューティアップナイトブラ BグレーM,1,2980,2026-04,2026-05-18 15:32:58
2026-04-30,ロフト,ロフト0233,ベルミス,ベルミス スリムレギンス L-LL,1,3990,2026-04,2026-05-18 15:32:58
2026-04-30,ロフト,ロフト0233,ベルミス,ベルミス カラープラスBK M,2,9072,2026-04,2026-05-18 15:32:58
2026-04-30,ロフト,ロフト0233,バイワンシー,バイワンシー モイストブースターホイップ,2,4400,2026-04,2026-05-18 15:32:58
2026-04-30,ロフト,ロフト0233,ベルミス,ベルミス スリムフルレッグLーLL,1,4718,2026-04,2026-05-18 15:32:58
2026-04-30,ロフト,ロフト0233,ベルミス,リムーブレギンスEB L-LL,1,11182,2026-04,2026-05-18 15:32:58
2026-04-30,ロフト,ロフト0233,ベルミス,スリムレギンス Premium Lv3,1,5445,2026-04,2026-05-18 15:32:58
2026-04-30,ロフト,ロフト0233,wolg,wolg BBクリーム ナチュラル,3,8127,2026-04,2026-05-18 15:32:58
2026-04-30,ロフト,ロフト0233,バイワンシー,バイワンシー ピュア・アミノシャンプー,3,8100,2026-04,2026-05-18 15:32:58
2026-04-30,ロフト,ロフト0233,バイワンシー,バイワンシー ヒートケア・トリートメント,4,10800,2026-04,2026-05-18 15:32:58
2026-04-30,ロフト,ロフト0233,バイワンシー,バイワンシー スムース・リペアエッセンス,4,10800,2026-04,2026-05-18 15:32:58
2026-04-30,ロフト,ロフト0233,バイワンシー,バイワンシー スムースリペアESサシェ,7,1890,2026-04,2026-05-18 15:32:58
2026-04-30,ロフト,ロフト0233,バイワンシー,バイワンシー SP&TRサシェ,9,2430,2026-04,2026-05-18 15:32:58
2026-04-30,ロフト,ロフト0233,ekam,ekam アドバンスドジェル,6,16254,2026-04,2026-05-18 15:32:58
2026-04-30,ロフト,ロフト0233,ekam,ekam アドバンスドセラム,1,3164,2026-04,2026-05-18 15:32:58
2026-04-30,ロフト,ロフト0233,ekam,ekam ホイップ洗顔,4,7200,2026-04,2026-05-18 15:32:58
2026-04-30,ロフト,ロフト0234,ルベル,イオ シャンプー クリアメント200,6,9600,2026-04,2026-05-18 15:32:58
2026-04-30,ロフト,ロフト0234,ルベル,イオ エッセンス スリーク,3,6000,2026-04,2026-05-18 15:32:58
2026-04-30,ロフト,ロフト0234,ルベル,イオ クリーム メルトリペア 200,8,12800,2026-04,2026-05-18 15:32:58
2026-04-30,ロフト,ロフト0234,ルベル,イオセラム クリーム 200,2,4000,2026-04,2026-05-18 15:32:58
2026-04-30,ロフト,ロフト0234,ルベル,ルベル ウィズ SW 240,5,5000,2026-04,2026-05-18 15:32:58
2026-04-30,ロフト,ロフト0234,ルベル,トリエ スプレー10 170,41,65600,2026-04,2026-05-18 15:32:58
2026-04-30,ロフト,ロフト0234,VIAGE,ビューティアップナイトブラ ブラックL,1,2980,2026-04,2026-05-18 15:32:58
2026-04-30,ロフト,ロフト0234,VIAGE,ビューティアップナイトブラ BグレーL,1,2980,2026-04,2026-05-18 15:32:58
2026-04-30,ロフト,ロフト0234,ベルミス,ベルミス スリムレギンス M-L,2,7980,2026-04,2026-05-18 15:32:58
2026-04-30,ロフト,ロフト0234,ベルミス,ベルミス スリムレギンス L-LL,2,7980,2026-04,2026-05-18 15:32:58
2026-04-30,ロフト,ロフト0234,ベルミス,ベルミス カラープラスBK L,1,4536,2026-04,2026-05-18 15:32:58
2026-04-30,ロフト,ロフト0234,バイワンシー,バイワンシー モイストブースターホイップ,1,2200,2026-04,2026-05-18 15:32:58
2026-04-30,ロフト,ロフト0234,ベルミス,スリムレギンス Premium Lv2,1,5445,2026-04,2026-05-18 15:32:58
2026-04-30,ロフト,ロフト0234,ベルミス,スリムフルレッグ クールプラス M-L,1,4718,2026-04,2026-05-18 15:32:58
2026-04-30,ロフト,ロフト0234,ベルミス,スリムフルレッグ クールプラス L-LL,1,4718,2026-04,2026-05-18 15:32:58
2026-04-30,ロフト,ロフト0234,インシトゥ,インシトゥ ハーブラピール,20,48000,2026-04,2026-05-18 15:32:58
2026-04-30,ロフト,ロフト0234,wolg,wolg BBクリーム ナチュラル,6,16254,2026-04,2026-05-18 15:32:58
2026-04-30,ロフト,ロフト0234,バイワンシー,バイワンシー ピュア・アミノシャンプー,1,2700,2026-04,2026-05-18 15:32:58
2026-04-30,ロフト,ロフト0234,バイワンシー,バイワンシー ヒートケア・トリートメント,1,2700,2026-04,2026-05-18 15:32:58
2026-04-30,ロフト,ロフト0234,バイワンシー,バイワンシー スムース・リペアエッセンス,7,18900,2026-04,2026-05-18 15:32:58
2026-04-30,ロフト,ロフト0234,バイワンシー,バイワンシー スムースリペアESサシェ,8,2160,2026-04,2026-05-18 15:32:58
2026-04-30,ロフト,ロフト0234,バイワンシー,バイワンシー SP&TRサシェ,25,6750,2026-04,2026-05-18 15:32:58
2026-04-30,ロフト,ロフト0234,ekam,ekam アドバンスドジェル,2,5418,2026-04,2026-05-18 15:32:58
2026-04-30,ロフト,ロフト0234,ekam,ekam アドバンスドセラム,1,3164,2026-04,2026-05-18 15:32:58
2026-04-30,ロフト,ロフト0234,ekam,ekam ホイップ洗顔,1,1800,2026-04,2026-05-18 15:32:58
2026-04-30,ロフト,ロフト0235,ルベル,イオ シャンプー クリアメント200,3,4800,2026-04,2026-05-18 15:32:58
2026-04-30,ロフト,ロフト0235,ルベル,イオ シャンプー リラックスメント200,18,28800,2026-04,2026-05-18 15:32:58
2026-04-30,ロフト,ロフト0235,ルベル,イオ エッセンス モイスト,23,46000,2026-04,2026-05-18 15:32:58
2026-04-30,ロフト,ロフト0235,ルベル,イオ エッセンス スリーク,18,36000,2026-04,2026-05-18 15:32:58
2026-04-30,ロフト,ロフト0235,ルベル,イオ クリーム シルキーリペア 200,13,20800,2026-04,2026-05-18 15:32:58
2026-04-30,ロフト,ロフト0235,ルベル,イオ ディープマスク,15,45000,2026-04,2026-05-18 15:32:58
2026-04-30,ロフト,ロフト0235,ルベル,イオセラム シャンプー 200,15,30000,2026-04,2026-05-18 15:32:58
2026-04-30,ロフト,ロフト0235,ルベル,イオセラム クリーム 200,27,54000,2026-04,2026-05-18 15:32:58
2026-04-30,ロフト,ロフト0235,ルベル,イオセラム マスク 170,6,19200,2026-04,2026-05-18 15:32:58
2026-04-30,ロフト,ロフト0235,ルベル,ルベル ウィズ MG 240,3,3000,2026-04,2026-05-18 15:32:58
2026-04-30,ロフト,ロフト0235,ルベル,ルベル ウィズ JO 240,4,4000,2026-04,2026-05-18 15:32:58
2026-04-30,ロフト,ロフト0235,ルベル,ルベル ウィズ RP 140,2,2000,2026-04,2026-05-18 15:32:58
2026-04-30,ロフト,ロフト0235,ルベル,トリエ スプレー10 170,28,44800,2026-04,2026-05-18 15:32:58
2026-04-30,ロフト,ロフト0235,VIAGE,ビューティアップナイトブラ ブラックM,6,17880,2026-04,2026-05-18 15:32:58
2026-04-30,ロフト,ロフト0235,VIAGE,ビューティアップナイトブラ ブラックL,6,17880,2026-04,2026-05-18 15:32:58
2026-04-30,ロフト,ロフト0235,VIAGE,ビューティアップナイトブラ NピンクM,3,8940,2026-04,2026-05-18 15:32:58
2026-04-30,ロフト,ロフト0235,VIAGE,ビューティアップナイトブラ NピンクL,8,23840,2026-04,2026-05-18 15:32:58
2026-04-30,ロフト,ロフト0235,VIAGE,ビューティアップナイトブラ BグレーM,4,11920,2026-04,2026-05-18 15:32:58
2026-04-30,ロフト,ロフト0235,VIAGE,ビューティアップナイトブラ BグレーL,4,11920,2026-04,2026-05-18 15:32:58
2026-04-30,ロフト,ロフト0235,ベルミス,ベルミス スリムレギンス M-L,4,15960,2026-04,2026-05-18 15:32:58
2026-04-30,ロフト,ロフト0235,ベルミス,ベルミス カラープラスBK L,1,4536,2026-04,2026-05-18 15:32:58
2026-04-30,ロフト,ロフト0235,ベルミス,ベルミス スリムフルレッグ M-L,1,4718,2026-04,2026-05-18 15:32:58
2026-04-30,ロフト,ロフト0235,ベルミス,リムーブレギンスEB M-L,1,11182,2026-04,2026-05-18 15:32:58
2026-04-30,ロフト,ロフト0235,ベルミス,リムーブレギンスEB L-LL,1,11182,2026-04,2026-05-18 15:32:58
2026-04-30,ロフト,ロフト0235,ベルミス,リムーブレギンスSG M-L,2,22364,2026-04,2026-05-18 15:32:58
2026-04-30,ロフト,ロフト0235,ベルミス,リムーブレギンスSG L-LL,1,11182,2026-04,2026-05-18 15:32:58
2026-04-30,ロフト,ロフト0235,ベルミス,リムーブレギンスRP L-LL,2,22364,2026-04,2026-05-18 15:32:58
2026-04-30,ロフト,ロフト0235,ベルミス,スリムレギンス Premium Lv1,2,10890,2026-04,2026-05-18 15:32:58
2026-04-30,ロフト,ロフト0235,ベルミス,スリムレギンス Premium Lv2,3,16335,2026-04,2026-05-18 15:32:58
2026-04-30,ロフト,ロフト0235,ベルミス,スリムレギンス Premium Lv3,2,10890,2026-04,2026-05-18 15:32:58
2026-04-30,ロフト,ロフト0235,ベルミス,スリムフルレッグ クールプラス M-L,3,14154,2026-04,2026-05-18 15:32:58
2026-04-30,ロフト,ロフト0235,ベルミス,スリムフルレッグ クールプラス L-LL,1,4718,2026-04,2026-05-18 15:32:58
2026-04-30,ロフト,ロフト0235,My+Cee,My+Cee ビタミンCサプリメント,2,5960,2026-04,2026-05-18 15:32:58
2026-04-30,ロフト,ロフト0235,wolg,wolg BBクリーム ナチュラル,14,37926,2026-04,2026-05-18 15:32:58
2026-04-30,ロフト,ロフト0235,バイワンシー,バイワンシー ピュア・アミノシャンプー,4,10800,2026-04,2026-05-18 15:32:58
2026-04-30,ロフト,ロフト0235,バイワンシー,バイワンシー ヒートケア・トリートメント,3,8100,2026-04,2026-05-18 15:32:58
2026-04-30,ロフト,ロフト0235,バイワンシー,バイワンシー スムース・リペアエッセンス,1,2700,2026-04,2026-05-18 15:32:58
2026-04-30,ロフト,ロフト0235,ekam,ekam アドバンスドジェル,1,2709,2026-04,2026-05-18 15:32:58
2026-04-30,ロフト,ロフト0235,ekam,ekam アドバンスドセラム,3,9492,2026-04,2026-05-18 15:32:58
2026-04-30,ロフト,ロフト0235,ekam,ekam ホイップ洗顔,2,3600,2026-04,2026-05-18 15:32:58
2026-04-30,ロフト,ロフト0235,Vイフェクト,Vイフェクト青麦ジンクセラム,1,2300,2026-04,2026-05-18 15:32:58
2026-04-30,ロフト,ロフト0235,Vイフェクト,Vイフェクト青麦LHAクレンジングジェル,3,6300,2026-04,2026-05-18 15:32:58
2026-04-30,ロフト,ロフト0236,ルベル,イオ シャンプー リラックスメント200,4,6400,2026-04,2026-05-18 15:32:58
2026-04-30,ロフト,ロフト0236,ルベル,イオ エッセンス モイスト,5,10000,2026-04,2026-05-18 15:32:58
2026-04-30,ロフト,ロフト0236,ルベル,イオ エッセンス スリーク,7,14000,2026-04,2026-05-18 15:32:58
2026-04-30,ロフト,ロフト0236,ルベル,イオ クリーム シルキーリペア 200,7,11200,2026-04,2026-05-18 15:32:58
2026-04-30,ロフト,ロフト0236,ルベル,イオセラム シャンプー 200,3,6000,2026-04,2026-05-18 15:32:58
2026-04-30,ロフト,ロフト0236,ルベル,イオセラム クリーム 200,5,10000,2026-04,2026-05-18 15:32:58
2026-04-30,ロフト,ロフト0236,ルベル,イオセラム オイル 100,4,9600,2026-04,2026-05-18 15:32:58
2026-04-30,ロフト,ロフト0236,ルベル,トリエ スプレー10 170,12,19200,2026-04,2026-05-18 15:32:58
2026-04-30,ロフト,ロフト0236,VIAGE,ビューティアップナイトブラ ブラックM,3,8940,2026-04,2026-05-18 15:32:58
2026-04-30,ロフト,ロフト0236,VIAGE,ビューティアップナイトブラ NピンクM,3,8940,2026-04,2026-05-18 15:32:58
2026-04-30,ロフト,ロフト0236,VIAGE,ビューティアップナイトブラ NピンクL,2,5960,2026-04,2026-05-18 15:32:58
2026-04-30,ロフト,ロフト0236,VIAGE,ビューティアップナイトブラ BグレーM,1,2980,2026-04,2026-05-18 15:32:58
2026-04-30,ロフト,ロフト0236,ベルミス,ベルミス スリムレギンス M-L,1,3990,2026-04,2026-05-18 15:32:58
2026-04-30,ロフト,ロフト0236,ベルミス,ベルミス スリムレギンス L-LL,1,3990,2026-04,2026-05-18 15:32:58
2026-04-30,ロフト,ロフト0236,ベルミス,ベルミス カラープラスBK M,3,13608,2026-04,2026-05-18 15:32:58
2026-04-30,ロフト,ロフト0236,ベルミス,ベルミス カラープラスBK L,1,4536,2026-04,2026-05-18 15:32:58
2026-04-30,ロフト,ロフト0236,バイワンシー,バイワンシー モイストブースターホイップ,2,4400,2026-04,2026-05-18 15:32:58
2026-04-30,ロフト,ロフト0236,ベルミス,ベルミス スリムフルレッグLーLL,1,4718,2026-04,2026-05-18 15:32:58
2026-04-30,ロフト,ロフト0236,ベルミス,リムーブレギンスEB L-LL,1,11182,2026-04,2026-05-18 15:32:58
2026-04-30,ロフト,ロフト0236,ベルミス,リムーブレギンスSG L-LL,1,11182,2026-04,2026-05-18 15:32:58
2026-04-30,ロフト,ロフト0236,インシトゥ,インシトゥ ハーブラピール,15,36000,2026-04,2026-05-18 15:32:58
2026-04-30,ロフト,ロフト0236,wolg,wolg BBクリーム ナチュラル,7,18963,2026-04,2026-05-18 15:32:58
2026-04-30,ロフト,ロフト0236,バイワンシー,バイワンシー ピュア・アミノシャンプー,3,8100,2026-04,2026-05-18 15:32:58
2026-04-30,ロフト,ロフト0236,バイワンシー,バイワンシー ヒートケア・トリートメント,4,10800,2026-04,2026-05-18 15:32:58
2026-04-30,ロフト,ロフト0236,バイワンシー,バイワンシー スムース・リペアエッセンス,4,10800,2026-04,2026-05-18 15:32:58
2026-04-30,ロフト,ロフト0236,Vイフェクト,Vイフェクト青麦ジンクセラム,2,4600,2026-04,2026-05-18 15:32:58
2026-04-30,ロフト,ロフト0236,Vイフェクト,Vイフェクト青麦LHAクレンジングジェル,1,2100,2026-04,2026-05-18 15:32:58
2026-04-30,ロフト,ロフト0237,ルベル,イオ エッセンス スリーク,2,4000,2026-04,2026-05-18 15:32:58
2026-04-30,ロフト,ロフト0237,ルベル,イオ シャンプー クリアメント200,6,9600,2026-04,2026-05-18 15:32:58
2026-04-30,ロフト,ロフト0237,ルベル,イオ シャンプー リラックスメント200,5,8000,2026-04,2026-05-18 15:32:58
2026-04-30,ロフト,ロフト0237,ルベル,イオ エッセンス スリーク,15,30000,2026-04,2026-05-18 15:32:58
2026-04-30,ロフト,ロフト0237,ルベル,イオ クリーム シルキーリペア 200,14,22400,2026-04,2026-05-18 15:32:58
2026-04-30,ロフト,ロフト0237,ルベル,イオセラム シャンプー 200,5,10000,2026-04,2026-05-18 15:32:58
2026-04-30,ロフト,ロフト0237,ルベル,イオセラム オイル 100,3,7200,2026-04,2026-05-18 15:32:58
2026-04-30,ロフト,ロフト0237,ルベル,イオセラム マスク 170,1,3200,2026-04,2026-05-18 15:32:58
2026-04-30,ロフト,ロフト0237,ルベル,ルベル ウィズ CY 240,2,2800,2026-04,2026-05-18 15:32:58
2026-04-30,ロフト,ロフト0237,ルベル,ルベル ウィズ JO 240,2,2000,2026-04,2026-05-18 15:32:58
2026-04-30,ロフト,ロフト0237,ルベル,ルベル ウィズ RP 140,3,3000,2026-04,2026-05-18 15:32:58
2026-04-30,ロフト,ロフト0237,ルベル,ルベル ウィズ EP 140,3,3600,2026-04,2026-05-18 15:32:58
2026-04-30,ロフト,ロフト0237,VIAGE,ビューティアップナイトブラ ブラックM,2,5960,2026-04,2026-05-18 15:32:58
2026-04-30,ロフト,ロフト0237,VIAGE,ビューティアップナイトブラ ブラックL,1,2980,2026-04,2026-05-18 15:32:58
2026-04-30,ロフト,ロフト0237,VIAGE,ビューティアップナイトブラ NピンクL,1,2980,2026-04,2026-05-18 15:32:58
2026-04-30,ロフト,ロフト0237,VIAGE,ビューティアップナイトブラ BグレーM,4,11920,2026-04,2026-05-18 15:32:58
2026-04-30,ロフト,ロフト0237,VIAGE,ビューティアップナイトブラ BグレーL,4,11920,2026-04,2026-05-18 15:32:58
2026-04-30,ロフト,ロフト0237,ベルミス,ベルミス スリムレギンス M-L,2,7980,2026-04,2026-05-18 15:32:58
2026-04-30,ロフト,ロフト0237,ベルミス,ベルミス スリムレギンス L-LL,2,7980,2026-04,2026-05-18 15:32:58
2026-04-30,ロフト,ロフト0237,ベルミス,ベルミス カラープラスBK M,1,4536,2026-04,2026-05-18 15:32:58
2026-04-30,ロフト,ロフト0237,ベルミス,ベルミス カラープラスBK L,2,9072,2026-04,2026-05-18 15:32:58
2026-04-30,ロフト,ロフト0237,バイワンシー,バイワンシー モイストブースターホイップ,6,13200,2026-04,2026-05-18 15:32:58
2026-04-30,ロフト,ロフト0237,ベルミス,ベルミス スリムフルレッグLーLL,2,9436,2026-04,2026-05-18 15:32:58
2026-04-30,ロフト,ロフト0237,ベルミス,ベルミス スリムフルレッグ M-L,1,4718,2026-04,2026-05-18 15:32:58
2026-04-30,ロフト,ロフト0237,ベルミス,スリムレギンス Premium Lv1,3,16335,2026-04,2026-05-18 15:32:58
2026-04-30,ロフト,ロフト0237,ベルミス,スリムレギンス Premium Lv2,2,10890,2026-04,2026-05-18 15:32:58
2026-04-30,ロフト,ロフト0237,ベルミス,スリムレギンス Premium Lv3,2,10890,2026-04,2026-05-18 15:32:58
2026-04-30,ロフト,ロフト0237,ベルミス,スリムフルレッグ クールプラス M-L,1,4718,2026-04,2026-05-18 15:32:58
2026-04-30,ロフト,ロフト0237,ベルミス,スリムフルレッグ クールプラス L-LL,1,4718,2026-04,2026-05-18 15:32:58
2026-04-30,ロフト,ロフト0237,wolg,wolg BBクリーム ナチュラル,6,16254,2026-04,2026-05-18 15:32:58
2026-04-30,ロフト,ロフト0237,ekam,ekam アドバンスドジェル,1,2709,2026-04,2026-05-18 15:32:58
2026-04-30,ロフト,ロフト0237,ekam,ekam アドバンスドセラム,1,3164,2026-04,2026-05-18 15:32:58
2026-04-30,ロフト,ロフト0237,ekam,ekam ホイップ洗顔,1,1800,2026-04,2026-05-18 15:32:58
2026-04-30,ロフト,ロフト0237,Vイフェクト,Vイフェクト青麦ジンクセラム,1,2300,2026-04,2026-05-18 15:32:58
2026-04-30,ロフト,ロフト0251,ルベル,ルベル ウィズ CY 240,1,1400,2026-04,2026-05-18 15:32:58
2026-04-30,ロフト,ロフト0251,ルベル,イオ シャンプー クリアメント200,1,1600,2026-04,2026-05-18 15:32:58
2026-04-30,ロフト,ロフト0251,ルベル,イオ クリーム メルトリペア 200,5,8000,2026-04,2026-05-18 15:32:58
2026-04-30,ロフト,ロフト0251,ルベル,イオセラム クリーム 200,5,10000,2026-04,2026-05-18 15:32:58
2026-04-30,ロフト,ロフト0251,ルベル,ルベル ウィズ EP 140,2,2400,2026-04,2026-05-18 15:32:58
2026-04-30,ロフト,ロフト0251,ルベル,トリエ スプレー10 170,10,16000,2026-04,2026-05-18 15:32:58
2026-04-30,ロフト,ロフト0251,ベルミス,ベルミス スリムレギンス M-L,1,3990,2026-04,2026-05-18 15:32:58
2026-04-30,ロフト,ロフト0251,ベルミス,ベルミス カラープラスBK M,1,4536,2026-04,2026-05-18 15:32:58
2026-04-30,ロフト,ロフト0251,ベルミス,スリムレギンス Premium Lv3,1,5445,2026-04,2026-05-18 15:32:58
2026-04-30,ロフト,ロフト0251,バイワンシー,バイワンシー ピュア・アミノシャンプー,1,2700,2026-04,2026-05-18 15:32:58
2026-04-30,ロフト,ロフト0251,バイワンシー,バイワンシー スムース・リペアエッセンス,1,2700,2026-04,2026-05-18 15:32:58
2026-04-30,ロフト,ロフト0260,ルベル,イオ エッセンス モイスト,1,2000,2026-04,2026-05-18 15:32:58
2026-04-30,ロフト,ロフト0260,ルベル,イオ エッセンス スリーク,2,4000,2026-04,2026-05-18 15:32:58
2026-04-30,ロフト,ロフト0260,ルベル,イオ クリーム シルキーリペア 200,2,3200,2026-04,2026-05-18 15:32:58
2026-04-30,ロフト,ロフト0260,ルベル,イオ クリーム メルトリペア 200,2,3200,2026-04,2026-05-18 15:32:58
2026-04-30,ロフト,ロフト0260,ルベル,イオセラム クリーム 200,3,6000,2026-04,2026-05-18 15:32:58
2026-04-30,ロフト,ロフト0260,ルベル,トリエ スプレー10 170,14,22400,2026-04,2026-05-18 15:32:58
2026-04-30,ロフト,ロフト0260,ベルミス,スリムレギンス Premium Lv1,1,5445,2026-04,2026-05-18 15:32:58
2026-04-30,ロフト,ロフト0260,ベルミス,スリムレギンス Premium Lv3,1,5445,2026-04,2026-05-18 15:32:58
2026-04-30,ロフト,ロフト0260,wolg,wolg BBクリーム ナチュラル,3,8127,2026-04,2026-05-18 15:32:58
2026-04-30,ロフト,ロフト0260,バイワンシー,バイワンシー ピュア・アミノシャンプー,5,13500,2026-04,2026-05-18 15:32:58
2026-04-30,ロフト,ロフト0260,バイワンシー,バイワンシー ヒートケア・トリートメント,3,8100,2026-04,2026-05-18 15:32:58
2026-04-30,ロフト,ロフト0260,バイワンシー,バイワンシー スムース・リペアエッセンス,5,13500,2026-04,2026-05-18 15:32:58
2026-04-30,ロフト,ロフト0260,バイワンシー,バイワンシー スムースリペアESサシェ,9,2430,2026-04,2026-05-18 15:32:58
2026-04-30,ロフト,ロフト0260,バイワンシー,バイワンシー SP&TRサシェ,18,4860,2026-04,2026-05-18 15:32:58
2026-04-30,ロフト,ロフト0260,ekam,ekam アドバンスドジェル,1,2709,2026-04,2026-05-18 15:32:58
2026-04-30,ロフト,ロフト0260,ekam,ekam アドバンスドセラム,1,3164,2026-04,2026-05-18 15:32:58
2026-04-30,ロフト,ロフト0260,ekam,ekam ホイップ洗顔,1,1800,2026-04,2026-05-18 15:32:58
2026-04-30,ロフト,ロフト0261,ルベル,イオ シャンプー クリアメント200,4,6400,2026-04,2026-05-18 15:32:58
2026-04-30,ロフト,ロフト0261,ルベル,ルベル ウィズ RP 140,2,2000,2026-04,2026-05-18 15:32:58
2026-04-30,ロフト,ロフト0261,ルベル,トリエ スプレー10 170,1,1600,2026-04,2026-05-18 15:32:58
2026-04-30,ロフト,ロフト0261,ベルミス,ベルミス カラープラスBK M,1,4536,2026-04,2026-05-18 15:32:58
2026-04-30,ロフト,ロフト0261,バイワンシー,バイワンシー モイストブースターホイップ,1,2200,2026-04,2026-05-18 15:32:58
2026-04-30,ロフト,ロフト0261,ベルミス,ベルミス スリムフルレッグLーLL,1,4718,2026-04,2026-05-18 15:32:58
2026-04-30,ロフト,ロフト0261,バイワンシー,バイワンシー ピュア・アミノシャンプー,1,2700,2026-04,2026-05-18 15:32:58
2026-04-30,ロフト,ロフト0261,バイワンシー,バイワンシー SP&TRサシェ,4,1080,2026-04,2026-05-18 15:32:58
2026-04-30,ロフト,ロフト0262,ルベル,イオ シャンプー クリアメント200,1,1600,2026-04,2026-05-18 15:32:58
2026-04-30,ロフト,ロフト0262,ルベル,イオ クリーム シルキーリペア 200,2,3200,2026-04,2026-05-18 15:32:58
2026-04-30,ロフト,ロフト0262,ベルミス,スリムフルレッグ クールプラス L-LL,1,4718,2026-04,2026-05-18 15:32:58
2026-04-30,ロフト,ロフト0263,ルベル,イオ エッセンス スリーク,2,4000,2026-04,2026-05-18 15:32:58
2026-04-30,ロフト,ロフト0263,ルベル,イオセラム オイル 100,1,2400,2026-04,2026-05-18 15:32:58
2026-04-30,ロフト,ロフト0263,ルベル,トリエ スプレー10 170,3,4800,2026-04,2026-05-18 15:32:58
2026-04-30,ロフト,ロフト0263,VIAGE,ビューティアップナイトブラ ブラックM,2,5960,2026-04,2026-05-18 15:32:58
2026-04-30,ロフト,ロフト0263,VIAGE,ビューティアップナイトブラ ブラックL,2,5960,2026-04,2026-05-18 15:32:58
2026-04-30,ロフト,ロフト0263,VIAGE,ビューティアップナイトブラ BグレーL,2,5960,2026-04,2026-05-18 15:32:58
2026-04-30,ロフト,ロフト0263,ベルミス,ベルミス スリムレギンス M-L,1,3990,2026-04,2026-05-18 15:32:58
2026-04-30,ロフト,ロフト0263,バイワンシー,バイワンシー モイストブースターホイップ,1,2200,2026-04,2026-05-18 15:32:58
2026-04-30,ロフト,ロフト0263,バイワンシー,バイワンシー ヒートケア・トリートメント,1,2700,2026-04,2026-05-18 15:32:58
2026-04-30,ロフト,ロフト0263,バイワンシー,バイワンシー スムース・リペアエッセンス,1,2700,2026-04,2026-05-18 15:32:58
2026-04-30,ロフト,ロフト0263,バイワンシー,バイワンシー スムースリペアESサシェ,6,1620,2026-04,2026-05-18 15:32:58
2026-04-30,ロフト,ロフト0263,バイワンシー,バイワンシー SP&TRサシェ,7,1890,2026-04,2026-05-18 15:32:58
2026-04-30,ロフト,ロフト0263,ekam,ekam アドバンスドジェル,1,2709,2026-04,2026-05-18 15:32:58
2026-04-30,ロフト,ロフト0265,ルベル,イオ シャンプー クリアメント200,1,1600,2026-04,2026-05-18 15:32:58
2026-04-30,ロフト,ロフト0265,ルベル,イオセラム シャンプー 200,1,2000,2026-04,2026-05-18 15:32:58
2026-04-30,ロフト,ロフト0265,ルベル,イオセラム クリーム 200,1,2000,2026-04,2026-05-18 15:32:58
2026-04-30,ロフト,ロフト0265,ルベル,トリエ スプレー10 170,23,36800,2026-04,2026-05-18 15:32:58
2026-04-30,ロフト,ロフト0265,VIAGE,ビューティアップナイトブラ ブラックM,2,5960,2026-04,2026-05-18 15:32:58
2026-04-30,ロフト,ロフト0265,VIAGE,ビューティアップナイトブラ BグレーM,1,2980,2026-04,2026-05-18 15:32:58
2026-04-30,ロフト,ロフト0265,VIAGE,ビューティアップナイトブラ BグレーL,1,2980,2026-04,2026-05-18 15:32:58
2026-04-30,ロフト,ロフト0265,ベルミス,ベルミス スリムフルレッグLーLL,1,4718,2026-04,2026-05-18 15:32:58
2026-04-30,ロフト,ロフト0265,ベルミス,ベルミス スリムフルレッグ M-L,2,9436,2026-04,2026-05-18 15:32:58
2026-04-30,ロフト,ロフト0265,ベルミス,リムーブレギンスEB L-LL,1,11182,2026-04,2026-05-18 15:32:58
2026-04-30,ロフト,ロフト0265,ベルミス,スリムレギンス Premium Lv2,2,10890,2026-04,2026-05-18 15:32:58
2026-04-30,ロフト,ロフト0265,ベルミス,スリムレギンス Premium Lv3,1,5445,2026-04,2026-05-18 15:32:58
2026-04-30,ロフト,ロフト0265,wolg,wolg BBクリーム ナチュラル,1,2709,2026-04,2026-05-18 15:32:58
2026-04-30,ロフト,ロフト0265,バイワンシー,バイワンシー ピュア・アミノシャンプー,4,10800,2026-04,2026-05-18 15:32:58
2026-04-30,ロフト,ロフト0265,バイワンシー,バイワンシー ヒートケア・トリートメント,3,8100,2026-04,2026-05-18 15:32:58
2026-04-30,ロフト,ロフト0265,バイワンシー,バイワンシー スムース・リペアエッセンス,6,16200,2026-04,2026-05-18 15:32:58
2026-04-30,ロフト,ロフト0265,ekam,ekam アドバンスドジェル,3,8127,2026-04,2026-05-18 15:32:58
2026-04-30,ロフト,ロフト0265,ekam,ekam ホイップ洗顔,1,1800,2026-04,2026-05-18 15:32:58
2026-04-30,ロフト,ロフト0265,Vイフェクト,VイフェクトFCポアベルベットクリーム,1,2980,2026-04,2026-05-18 15:32:58
2026-04-30,ロフト,ロフト0268,ルベル,イオ シャンプー リラックスメント200,1,1600,2026-04,2026-05-18 15:32:58
2026-04-30,ロフト,ロフト0268,ルベル,イオ クリーム シルキーリペア 200,3,4800,2026-04,2026-05-18 15:32:58
2026-04-30,ロフト,ロフト0268,ルベル,ルベル ウィズ SW 240,1,1000,2026-04,2026-05-18 15:32:58
2026-04-30,ロフト,ロフト0268,ルベル,ルベル ウィズ EP 140,1,1200,2026-04,2026-05-18 15:32:58
2026-04-30,ロフト,ロフト0268,ルベル,ルベル ウィズ EP 260,2,4400,2026-04,2026-05-18 15:32:58
2026-04-30,ロフト,ロフト0268,ルベル,トリエ スプレー10 170,25,40000,2026-04,2026-05-18 15:32:58
2026-04-30,ロフト,ロフト0268,VIAGE,ビューティアップナイトブラ ブラックM,1,2980,2026-04,2026-05-18 15:32:58
2026-04-30,ロフト,ロフト0268,VIAGE,ビューティアップナイトブラ BグレーM,1,2980,2026-04,2026-05-18 15:32:58
2026-04-30,ロフト,ロフト0268,VIAGE,ビューティアップナイトブラ BグレーL,1,2980,2026-04,2026-05-18 15:32:58
2026-04-30,ロフト,ロフト0268,ベルミス,ベルミス スリムレギンス M-L,2,7980,2026-04,2026-05-18 15:32:58
2026-04-30,ロフト,ロフト0268,ベルミス,ベルミス スリムレギンス L-LL,1,3990,2026-04,2026-05-18 15:32:58
2026-04-30,ロフト,ロフト0268,バイワンシー,バイワンシー モイストブースターホイップ,4,8800,2026-04,2026-05-18 15:32:58
2026-04-30,ロフト,ロフト0268,バイワンシー,バイワンシー ピュア・アミノシャンプー,3,8100,2026-04,2026-05-18 15:32:58
2026-04-30,ロフト,ロフト0268,バイワンシー,バイワンシー ヒートケア・トリートメント,4,10800,2026-04,2026-05-18 15:32:58
2026-04-30,ロフト,ロフト0268,バイワンシー,バイワンシー スムース・リペアエッセンス,6,16200,2026-04,2026-05-18 15:32:58
2026-04-30,ロフト,ロフト0268,ekam,ekam アドバンスドジェル,3,8127,2026-04,2026-05-18 15:32:58
2026-04-30,ロフト,ロフト0268,ekam,ekam ホイップ洗顔,1,1800,2026-04,2026-05-18 15:32:58
2026-04-30,ロフト,ロフト0268,Vイフェクト,Vイフェクト青麦ジンクセラム,1,2300,2026-04,2026-05-18 15:32:58
2026-04-30,ロフト,ロフト0268,Vイフェクト,Vイフェクト青麦LHAクレンジングジェル,1,2100,2026-04,2026-05-18 15:32:58
2026-04-30,ロフト,ロフト0269,ルベル,イオ シャンプー クリアメント200,1,1600,2026-04,2026-05-18 15:32:58
2026-04-30,ロフト,ロフト0269,ルベル,イオ クリーム メルトリペア 200,3,4800,2026-04,2026-05-18 15:32:58
2026-04-30,ロフト,ロフト0269,ルベル,イオセラム クリーム 200,3,6000,2026-04,2026-05-18 15:32:58
2026-04-30,ロフト,ロフト0269,ベルミス,ベルミス カラープラスAGY M,1,4536,2026-04,2026-05-18 15:32:58
2026-04-30,ロフト,ロフト0269,ベルミス,スリムレギンス Premium Lv3,1,5445,2026-04,2026-05-18 15:32:58
2026-04-30,ロフト,ロフト0270,ルベル,ルベル ウィズ RP 140,2,2000,2026-04,2026-05-18 15:32:58
2026-04-30,ロフト,ロフト0270,ルベル,ルベル ウィズ EP 260,1,2200,2026-04,2026-05-18 15:32:58
2026-04-30,ロフト,ロフト0270,ルベル,トリエ スプレー10 170,16,25600,2026-04,2026-05-18 15:32:58
2026-04-30,ロフト,ロフト0270,バイワンシー,バイワンシー モイストブースターホイップ,1,2200,2026-04,2026-05-18 15:32:58
2026-04-30,ロフト,ロフト0270,バイワンシー,バイワンシー ピュア・アミノシャンプー,1,2700,2026-04,2026-05-18 15:32:58
2026-04-30,ロフト,ロフト0270,バイワンシー,バイワンシー ヒートケア・トリートメント,2,5400,2026-04,2026-05-18 15:32:58
2026-04-30,ロフト,ロフト0270,バイワンシー,バイワンシー スムース・リペアエッセンス,5,13500,2026-04,2026-05-18 15:32:58
2026-04-30,ロフト,ロフト0270,バイワンシー,バイワンシー スムースリペアESサシェ,11,2970,2026-04,2026-05-18 15:32:58
2026-04-30,ロフト,ロフト0270,バイワンシー,バイワンシー SP&TRサシェ,16,4320,2026-04,2026-05-18 15:32:58
2026-04-30,ロフト,ロフト0271,ルベル,イオ シャンプー クリアメント200,1,1600,2026-04,2026-05-18 15:32:58
2026-04-30,ロフト,ロフト0271,ルベル,イオ シャンプー リラックスメント200,6,9600,2026-04,2026-05-18 15:32:58
2026-04-30,ロフト,ロフト0271,ルベル,イオ クリーム メルトリペア 200,8,12800,2026-04,2026-05-18 15:32:58
2026-04-30,ロフト,ロフト0271,ルベル,ルベル ウィズ MG 240,4,4000,2026-04,2026-05-18 15:32:58
2026-04-30,ロフト,ロフト0271,ルベル,ルベル ウィズ EP 260,1,2200,2026-04,2026-05-18 15:32:58
2026-04-30,ロフト,ロフト0271,ルベル,トリエ スプレー10 170,9,14400,2026-04,2026-05-18 15:32:58
2026-04-30,ロフト,ロフト0271,VIAGE,ビューティアップナイトブラ ブラックL,1,2980,2026-04,2026-05-18 15:32:58
2026-04-30,ロフト,ロフト0271,ベルミス,ベルミス スリムレギンス M-L,2,7980,2026-04,2026-05-18 15:32:58
2026-04-30,ロフト,ロフト0271,ベルミス,ベルミス スリムレギンス L-LL,3,11970,2026-04,2026-05-18 15:32:58
2026-04-30,ロフト,ロフト0271,ベルミス,ベルミス カラープラスBK M,1,4536,2026-04,2026-05-18 15:32:58
2026-04-30,ロフト,ロフト0271,ベルミス,ベルミス スリムフルレッグLーLL,1,4718,2026-04,2026-05-18 15:32:58
2026-04-30,ロフト,ロフト0271,ベルミス,スリムレギンス Premium Lv3,1,5445,2026-04,2026-05-18 15:32:58
2026-04-30,ロフト,ロフト0271,wolg,wolg BBクリーム ナチュラル,3,8127,2026-04,2026-05-18 15:32:58
2026-04-30,ロフト,ロフト0271,ekam,ekam ホイップ洗顔,1,1800,2026-04,2026-05-18 15:32:58
2026-04-30,ロフト,ロフト0272,ルベル,イオ シャンプー リラックスメント200,2,3200,2026-04,2026-05-18 15:32:58
2026-04-30,ロフト,ロフト0272,ルベル,イオ エッセンス スリーク,4,8000,2026-04,2026-05-18 15:32:58
2026-04-30,ロフト,ロフト0272,ルベル,イオ クリーム メルトリペア 200,3,4800,2026-04,2026-05-18 15:32:58
2026-04-30,ロフト,ロフト0272,ルベル,イオセラム オイル 100,1,2400,2026-04,2026-05-18 15:32:58
2026-04-30,ロフト,ロフト0272,ルベル,ルベル ウィズ MG 240,1,1000,2026-04,2026-05-18 15:32:58
2026-04-30,ロフト,ロフト0272,ルベル,ルベル ウィズ JO 240,1,1000,2026-04,2026-05-18 15:32:58
2026-04-30,ロフト,ロフト0272,ルベル,ルベル ウィズ SW 240,1,1000,2026-04,2026-05-18 15:32:58
2026-04-30,ロフト,ロフト0272,VIAGE,ビューティアップナイトブラ ブラックM,1,2980,2026-04,2026-05-18 15:32:58
2026-04-30,ロフト,ロフト0272,VIAGE,ビューティアップナイトブラ BグレーM,1,2980,2026-04,2026-05-18 15:32:58
2026-04-30,ロフト,ロフト0272,ベルミス,ベルミス スリムレギンス M-L,3,11970,2026-04,2026-05-18 15:32:58
2026-04-30,ロフト,ロフト0272,ベルミス,ベルミス スリムレギンス L-LL,1,3990,2026-04,2026-05-18 15:32:58
2026-04-30,ロフト,ロフト0272,ベルミス,ベルミス カラープラスBK M,1,4536,2026-04,2026-05-18 15:32:58
2026-04-30,ロフト,ロフト0272,ベルミス,ベルミス カラープラスBK L,2,9072,2026-04,2026-05-18 15:32:58
2026-04-30,ロフト,ロフト0272,ベルミス,ベルミス カラープラスAGY L,1,4536,2026-04,2026-05-18 15:32:58
2026-04-30,ロフト,ロフト0272,バイワンシー,バイワンシー モイストブースターホイップ,1,2200,2026-04,2026-05-18 15:32:58
2026-04-30,ロフト,ロフト0272,ベルミス,リムーブレギンスEB M-L,1,11182,2026-04,2026-05-18 15:32:58
2026-04-30,ロフト,ロフト0272,ベルミス,リムーブレギンスEB L-LL,1,11182,2026-04,2026-05-18 15:32:58
2026-04-30,ロフト,ロフト0272,ベルミス,スリムレギンス Premium Lv3,1,5445,2026-04,2026-05-18 15:32:58
2026-04-30,ロフト,ロフト0272,wolg,wolg BBクリーム ナチュラル,5,13545,2026-04,2026-05-18 15:32:58
2026-04-30,ロフト,ロフト0272,バイワンシー,バイワンシー ピュア・アミノシャンプー,4,10800,2026-04,2026-05-18 15:32:58
2026-04-30,ロフト,ロフト0272,バイワンシー,バイワンシー ヒートケア・トリートメント,3,8100,2026-04,2026-05-18 15:32:58
2026-04-30,ロフト,ロフト0272,バイワンシー,バイワンシー スムース・リペアエッセンス,10,27000,2026-04,2026-05-18 15:32:58
2026-04-30,ロフト,ロフト0272,バイワンシー,バイワンシー スムースリペアESサシェ,16,4320,2026-04,2026-05-18 15:32:58
2026-04-30,ロフト,ロフト0272,バイワンシー,バイワンシー SP&TRサシェ,29,7830,2026-04,2026-05-18 15:32:58
2026-04-30,ロフト,ロフト0273,ルベル,イオセラム シャンプー 200,1,2000,2026-04,2026-05-18 15:32:58
2026-04-30,ロフト,ロフト0273,ルベル,イオ エッセンス モイスト,1,2000,2026-04,2026-05-18 15:32:58
2026-04-30,ロフト,ロフト0273,ルベル,イオ クリーム シルキーリペア 200,2,3200,2026-04,2026-05-18 15:32:58
2026-04-30,ロフト,ロフト0273,ルベル,トリエ スプレー10 170,14,22400,2026-04,2026-05-18 15:32:58
2026-04-30,ロフト,ロフト0273,VIAGE,ビューティアップナイトブラ ブラックM,1,2980,2026-04,2026-05-18 15:32:58
2026-04-30,ロフト,ロフト0273,VIAGE,ビューティアップナイトブラ ブラックL,1,2980,2026-04,2026-05-18 15:32:58
2026-04-30,ロフト,ロフト0273,ベルミス,ベルミス スリムレギンス M-L,1,3990,2026-04,2026-05-18 15:32:58
2026-04-30,ロフト,ロフト0273,ベルミス,ベルミス スリムレギンス L-LL,1,3990,2026-04,2026-05-18 15:32:58
2026-04-30,ロフト,ロフト0273,ベルミス,ベルミス カラープラスBK M,2,9072,2026-04,2026-05-18 15:32:58
2026-04-30,ロフト,ロフト0273,バイワンシー,バイワンシー モイストブースターホイップ,2,4400,2026-04,2026-05-18 15:32:58
2026-04-30,ロフト,ロフト0273,ベルミス,ベルミス スリムフルレッグ M-L,1,4718,2026-04,2026-05-18 15:32:58
2026-04-30,ロフト,ロフト0273,ベルミス,スリムレギンス Premium Lv2,2,10890,2026-04,2026-05-18 15:32:58
2026-04-30,ロフト,ロフト0273,wolg,wolg BBクリーム ナチュラル,1,2709,2026-04,2026-05-18 15:32:58
2026-04-30,ロフト,ロフト0273,バイワンシー,バイワンシー ピュア・アミノシャンプー,1,2700,2026-04,2026-05-18 15:32:58
2026-04-30,ロフト,ロフト0273,バイワンシー,バイワンシー ヒートケア・トリートメント,1,2700,2026-04,2026-05-18 15:32:58
2026-04-30,ロフト,ロフト0273,バイワンシー,バイワンシー SP&TRサシェ,4,1080,2026-04,2026-05-18 15:32:58
2026-04-30,ロフト,ロフト0274,ルベル,ルベル ウィズ CY 240,1,1400,2026-04,2026-05-18 15:32:58
2026-04-30,ロフト,ロフト0274,ルベル,ルベル ウィズ JO 240,1,1000,2026-04,2026-05-18 15:32:58
2026-04-30,ロフト,ロフト0274,ルベル,ルベル ウィズ RP 140,1,1000,2026-04,2026-05-18 15:32:58
2026-04-30,ロフト,ロフト0274,ベルミス,ベルミス カラープラスBK M,2,9072,2026-04,2026-05-18 15:32:58
2026-04-30,ロフト,ロフト0274,ベルミス,スリムレギンス Premium Lv3,1,5445,2026-04,2026-05-18 15:32:58
2026-04-30,ロフト,ロフト0274,wolg,wolg BBクリーム ナチュラル,2,5418,2026-04,2026-05-18 15:32:58
2026-04-30,ロフト,ロフト0275,ルベル,イオ シャンプー リラックスメント200,6,9600,2026-04,2026-05-18 15:32:58
2026-04-30,ロフト,ロフト0275,ルベル,ルベル ウィズ SW 240,1,1000,2026-04,2026-05-18 15:32:58
2026-04-30,ロフト,ロフト0275,ルベル,ルベル ウィズ RP 140,1,1000,2026-04,2026-05-18 15:32:58
2026-04-30,ロフト,ロフト0275,ルベル,ルベル ウィズ EP 140,2,2400,2026-04,2026-05-18 15:32:58
2026-04-30,ロフト,ロフト0275,ルベル,トリエ スプレー10 170,10,16000,2026-04,2026-05-18 15:32:58
2026-04-30,ロフト,ロフト0275,ベルミス,ベルミス カラープラスBK L,2,9072,2026-04,2026-05-18 15:32:58
2026-04-30,ロフト,ロフト0275,ベルミス,スリムレギンス Premium Lv2,1,5445,2026-04,2026-05-18 15:32:58
2026-04-30,ロフト,ロフト0275,ベルミス,スリムレギンス Premium Lv3,1,5445,2026-04,2026-05-18 15:32:58
2026-04-30,ロフト,ロフト0275,バイワンシー,バイワンシー ピュア・アミノシャンプー,1,2700,2026-04,2026-05-18 15:32:58
2026-04-30,ロフト,ロフト0275,バイワンシー,バイワンシー ヒートケア・トリートメント,2,5400,2026-04,2026-05-18 15:32:58
2026-04-30,ロフト,ロフト0275,バイワンシー,バイワンシー スムース・リペアエッセンス,1,2700,2026-04,2026-05-18 15:32:58
2026-04-30,ロフト,ロフト0275,バイワンシー,バイワンシー スムースリペアESサシェ,7,1890,2026-04,2026-05-18 15:32:58
2026-04-30,ロフト,ロフト0275,バイワンシー,バイワンシー SP&TRサシェ,13,3510,2026-04,2026-05-18 15:32:58
2026-04-30,ロフト,ロフト0277,ルベル,イオ エッセンス スリーク,1,2000,2026-04,2026-05-18 15:32:58
2026-04-30,ロフト,ロフト0277,ルベル,イオ クリーム メルトリペア 200,3,4800,2026-04,2026-05-18 15:32:58
2026-04-30,ロフト,ロフト0277,ルベル,イオセラム シャンプー 200,1,2000,2026-04,2026-05-18 15:32:58
2026-04-30,ロフト,ロフト0277,ルベル,ルベル ウィズ SW 240,3,3000,2026-04,2026-05-18 15:32:58
2026-04-30,ロフト,ロフト0277,ルベル,ルベル ウィズ RP 140,2,2000,2026-04,2026-05-18 15:32:58
2026-04-30,ロフト,ロフト0277,ルベル,トリエ スプレー10 170,13,20800,2026-04,2026-05-18 15:32:58
2026-04-30,ロフト,ロフト0277,ベルミス,ベルミス スリムレギンス M-L,1,3990,2026-04,2026-05-18 15:32:58
2026-04-30,ロフト,ロフト0277,ベルミス,ベルミス カラープラスBK M,1,4536,2026-04,2026-05-18 15:32:58
2026-04-30,ロフト,ロフト0277,ベルミス,ベルミス カラープラスAGY M,1,4536,2026-04,2026-05-18 15:32:58
2026-04-30,ロフト,ロフト0277,ベルミス,ベルミス カラープラスAGY L,1,4536,2026-04,2026-05-18 15:32:58
2026-04-30,ロフト,ロフト0277,ベルミス,スリムレギンス Premium Lv3,1,5445,2026-04,2026-05-18 15:32:58
2026-04-30,ロフト,ロフト0277,ベルミス,スリムフルレッグ クールプラス L-LL,1,4718,2026-04,2026-05-18 15:32:58
2026-04-30,ロフト,ロフト0277,wolg,wolg BBクリーム ナチュラル,2,5418,2026-04,2026-05-18 15:32:58
2026-04-30,ロフト,ロフト0278,ルベル,イオ クリーム メルトリペア 200,1,1600,2026-04,2026-05-18 15:32:58
2026-04-30,ロフト,ロフト0278,ルベル,イオセラム シャンプー 200,1,2000,2026-04,2026-05-18 15:32:58
2026-04-30,ロフト,ロフト0278,ルベル,トリエ スプレー10 170,9,14400,2026-04,2026-05-18 15:32:58
2026-04-30,ロフト,ロフト0278,ベルミス,ベルミス スリムフルレッグ M-L,1,4718,2026-04,2026-05-18 15:32:58
2026-04-30,ロフト,ロフト0278,ベルミス,スリムレギンス Premium Lv1,1,5445,2026-04,2026-05-18 15:32:58
2026-04-30,ロフト,ロフト0278,バイワンシー,バイワンシー スムース・リペアエッセンス,1,2700,2026-04,2026-05-18 15:32:58
2026-04-30,ロフト,ロフト0279,ルベル,イオセラム オイル 100,2,4800,2026-04,2026-05-18 15:32:58
2026-04-30,ロフト,ロフト0279,ルベル,イオ シャンプー リラックスメント200,2,3200,2026-04,2026-05-18 15:32:58
2026-04-30,ロフト,ロフト0279,ルベル,イオ クリーム シルキーリペア 200,2,3200,2026-04,2026-05-18 15:32:58
2026-04-30,ロフト,ロフト0279,ルベル,イオ クリーム メルトリペア 200,3,4800,2026-04,2026-05-18 15:32:58
2026-04-30,ロフト,ロフト0279,ルベル,ルベル ウィズ SW 240,2,2000,2026-04,2026-05-18 15:32:58
2026-04-30,ロフト,ロフト0279,ルベル,ルベル ウィズ EP 140,1,1200,2026-04,2026-05-18 15:32:58
2026-04-30,ロフト,ロフト0279,ルベル,トリエ スプレー10 170,20,32000,2026-04,2026-05-18 15:32:58
2026-04-30,ロフト,ロフト0279,バイワンシー,バイワンシー モイストブースターホイップ,2,4400,2026-04,2026-05-18 15:32:58
2026-04-30,ロフト,ロフト0279,ベルミス,ベルミス スリムフルレッグ M-L,1,4718,2026-04,2026-05-18 15:32:58
2026-04-30,ロフト,ロフト0279,ベルミス,スリムレギンス Premium Lv3,1,5445,2026-04,2026-05-18 15:32:58
2026-04-30,ロフト,ロフト0279,wolg,wolg BBクリーム ナチュラル,2,5418,2026-04,2026-05-18 15:32:58
2026-04-30,ロフト,ロフト0279,バイワンシー,バイワンシー ヒートケア・トリートメント,1,2700,2026-04,2026-05-18 15:32:58
2026-04-30,ロフト,ロフト0279,バイワンシー,バイワンシー スムース・リペアエッセンス,2,5400,2026-04,2026-05-18 15:32:58
2026-04-30,ロフト,ロフト0279,ekam,ekam アドバンスドジェル,1,2709,2026-04,2026-05-18 15:32:58
2026-04-30,ロフト,ロフト0279,ekam,ekam ホイップ洗顔,1,1800,2026-04,2026-05-18 15:32:58
2026-04-30,ロフト,ロフト0283,ルベル,イオセラム シャンプー 200,1,2000,2026-04,2026-05-18 15:32:58
2026-04-30,ロフト,ロフト0283,ルベル,イオ クリーム メルトリペア 200,2,3200,2026-04,2026-05-18 15:32:58
2026-04-30,ロフト,ロフト0283,ルベル,イオセラム オイル 100,2,4800,2026-04,2026-05-18 15:32:58
2026-04-30,ロフト,ロフト0283,ルベル,イオセラム マスク 170,1,3200,2026-04,2026-05-18 15:32:58
2026-04-30,ロフト,ロフト0283,ルベル,ルベル ウィズ JO 240,3,3000,2026-04,2026-05-18 15:32:58
2026-04-30,ロフト,ロフト0283,ルベル,トリエ スプレー10 170,3,4800,2026-04,2026-05-18 15:32:58
2026-04-30,ロフト,ロフト0283,ベルミス,ベルミス カラープラスBK L,1,4536,2026-04,2026-05-18 15:32:58
2026-04-30,ロフト,ロフト0283,ベルミス,ベルミス スリムフルレッグLーLL,2,9436,2026-04,2026-05-18 15:32:58
2026-04-30,ロフト,ロフト0284,ルベル,イオ シャンプー クリアメント200,2,3200,2026-04,2026-05-18 15:32:58
2026-04-30,ロフト,ロフト0284,ルベル,イオ クリーム シルキーリペア 200,5,8000,2026-04,2026-05-18 15:32:58
2026-04-30,ロフト,ロフト0284,ルベル,イオ クリーム メルトリペア 200,3,4800,2026-04,2026-05-18 15:32:58
2026-04-30,ロフト,ロフト0284,ルベル,イオセラム シャンプー 200,1,2000,2026-04,2026-05-18 15:32:58
2026-04-30,ロフト,ロフト0284,ルベル,イオセラム オイル 100,2,4800,2026-04,2026-05-18 15:32:58
2026-04-30,ロフト,ロフト0284,ルベル,ルベル ウィズ RP 140,1,1000,2026-04,2026-05-18 15:32:58
2026-04-30,ロフト,ロフト0284,ルベル,トリエ スプレー10 170,9,14400,2026-04,2026-05-18 15:32:58
2026-04-30,ロフト,ロフト0284,ベルミス,ベルミス カラープラスBK M,1,4536,2026-04,2026-05-18 15:32:58
2026-04-30,ロフト,ロフト0284,ベルミス,ベルミス カラープラスBK L,1,4536,2026-04,2026-05-18 15:32:58
2026-04-30,ロフト,ロフト0284,バイワンシー,バイワンシー モイストブースターホイップ,4,8800,2026-04,2026-05-18 15:32:58
2026-04-30,ロフト,ロフト0284,バイワンシー,バイワンシー ピュア・アミノシャンプー,1,2700,2026-04,2026-05-18 15:32:58
2026-04-30,ロフト,ロフト0284,バイワンシー,バイワンシー スムースリペアESサシェ,5,1350,2026-04,2026-05-18 15:32:58
2026-04-30,ロフト,ロフト0286,ルベル,イオ シャンプー クリアメント200,1,1600,2026-04,2026-05-18 15:32:58
2026-04-30,ロフト,ロフト0286,ルベル,イオセラム オイル 100,1,2400,2026-04,2026-05-18 15:32:58
2026-04-30,ロフト,ロフト0286,ルベル,イオセラム マスク 170,1,3200,2026-04,2026-05-18 15:32:58
2026-04-30,ロフト,ロフト0286,ルベル,ルベル ウィズ MG 240,1,1000,2026-04,2026-05-18 15:32:58
2026-04-30,ロフト,ロフト0288,ルベル,イオセラム オイル 100,3,7200,2026-04,2026-05-18 15:32:58
2026-04-30,ロフト,ロフト0288,ルベル,ルベル ウィズ EP 260,3,6600,2026-04,2026-05-18 15:32:58
2026-04-30,ロフト,ロフト0289,ルベル,イオ シャンプー リラックスメント200,11,17600,2026-04,2026-05-18 15:32:58
2026-04-30,ロフト,ロフト0289,ルベル,イオ エッセンス モイスト,1,2000,2026-04,2026-05-18 15:32:58
2026-04-30,ロフト,ロフト0289,ルベル,イオ エッセンス スリーク,5,10000,2026-04,2026-05-18 15:32:58
2026-04-30,ロフト,ロフト0289,ルベル,イオ クリーム シルキーリペア 200,9,14400,2026-04,2026-05-18 15:32:58
2026-04-30,ロフト,ロフト0289,ルベル,イオ クリーム メルトリペア 200,7,11200,2026-04,2026-05-18 15:32:58
2026-04-30,ロフト,ロフト0289,ルベル,イオセラム クリーム 200,4,8000,2026-04,2026-05-18 15:32:58
2026-04-30,ロフト,ロフト0289,ルベル,ルベル ウィズ SW 240,6,6000,2026-04,2026-05-18 15:32:58
2026-04-30,ロフト,ロフト0289,ルベル,ルベル ウィズ RP 140,5,5000,2026-04,2026-05-18 15:32:58
2026-04-30,ロフト,ロフト0289,ルベル,トリエ スプレー10 170,53,84800,2026-04,2026-05-18 15:32:58
2026-04-30,ロフト,ロフト0289,ベルミス,ベルミス スリムレギンス M-L,1,3990,2026-04,2026-05-18 15:32:58
2026-04-30,ロフト,ロフト0289,ベルミス,ベルミス スリムレギンス L-LL,2,7980,2026-04,2026-05-18 15:32:58
2026-04-30,ロフト,ロフト0289,ベルミス,ベルミス カラープラスBK M,1,4536,2026-04,2026-05-18 15:32:58
2026-04-30,ロフト,ロフト0289,バイワンシー,バイワンシー モイストブースターホイップ,2,4400,2026-04,2026-05-18 15:32:58
2026-04-30,ロフト,ロフト0289,ベルミス,ベルミス スリムフルレッグ M-L,2,9436,2026-04,2026-05-18 15:32:58
2026-04-30,ロフト,ロフト0289,ベルミス,スリムレギンス Premium Lv2,1,5445,2026-04,2026-05-18 15:32:58
2026-04-30,ロフト,ロフト0289,ベルミス,スリムレギンス Premium Lv3,3,16335,2026-04,2026-05-18 15:32:58
2026-04-30,ロフト,ロフト0289,ベルミス,スリムフルレッグ クールプラス M-L,2,9436,2026-04,2026-05-18 15:32:58
2026-04-30,ロフト,ロフト0289,ベルミス,スリムフルレッグ クールプラス L-LL,1,4718,2026-04,2026-05-18 15:32:58
2026-04-30,ロフト,ロフト0289,wolg,wolg BBクリーム ナチュラル,1,2709,2026-04,2026-05-18 15:32:58
2026-04-30,ロフト,ロフト0289,バイワンシー,バイワンシー ピュア・アミノシャンプー,7,18900,2026-04,2026-05-18 15:32:58
2026-04-30,ロフト,ロフト0289,バイワンシー,バイワンシー ヒートケア・トリートメント,5,13500,2026-04,2026-05-18 15:32:58
2026-04-30,ロフト,ロフト0289,バイワンシー,バイワンシー スムース・リペアエッセンス,6,16200,2026-04,2026-05-18 15:32:58
2026-04-30,ロフト,ロフト0289,バイワンシー,バイワンシー スムースリペアESサシェ,24,6480,2026-04,2026-05-18 15:32:58
2026-04-30,ロフト,ロフト0289,バイワンシー,バイワンシー SP&TRサシェ,54,14580,2026-04,2026-05-18 15:32:58
2026-04-30,ロフト,ロフト0289,ekam,ekam アドバンスドジェル,3,8127,2026-04,2026-05-18 15:32:58
2026-04-30,ロフト,ロフト0289,ekam,ekam ホイップ洗顔,3,5400,2026-04,2026-05-18 15:32:58
2026-04-30,ロフト,ロフト0292,ルベル,イオ シャンプー リラックスメント200,2,3200,2026-04,2026-05-18 15:32:58
2026-04-30,ロフト,ロフト0292,ルベル,イオ エッセンス スリーク,1,2000,2026-04,2026-05-18 15:32:58
2026-04-30,ロフト,ロフト0292,ルベル,イオセラム オイル 100,1,2400,2026-04,2026-05-18 15:32:58
2026-04-30,ロフト,ロフト0293,ルベル,イオ シャンプー リラックスメント200,1,1600,2026-04,2026-05-18 15:32:58
2026-04-30,ロフト,ロフト0293,ルベル,イオ エッセンス モイスト,2,4000,2026-04,2026-05-18 15:32:58
2026-04-30,ロフト,ロフト0293,ルベル,イオ クリーム メルトリペア 200,2,3200,2026-04,2026-05-18 15:32:58
2026-04-30,ロフト,ロフト0293,ルベル,イオセラム クリーム 200,7,14000,2026-04,2026-05-18 15:32:58
2026-04-30,ロフト,ロフト0293,ルベル,トリエ スプレー10 170,6,9600,2026-04,2026-05-18 15:32:58
2026-04-30,ロフト,ロフト0293,ベルミス,ベルミス カラープラスAGY M,1,4536,2026-04,2026-05-18 15:32:58
2026-04-30,ロフト,ロフト0293,ベルミス,ベルミス スリムフルレッグ M-L,1,4718,2026-04,2026-05-18 15:32:58
2026-04-30,ロフト,ロフト0295,ルベル,イオ エッセンス スリーク,8,16000,2026-04,2026-05-18 15:32:58
2026-04-30,ロフト,ロフト0295,ルベル,イオセラム オイル 100,2,4800,2026-04,2026-05-18 15:32:58
2026-04-30,ロフト,ロフト0295,ルベル,ルベル ウィズ CY 240,1,1400,2026-04,2026-05-18 15:32:58
2026-04-30,ロフト,ロフト0295,ルベル,イオ シャンプー クリアメント200,1,1600,2026-04,2026-05-18 15:32:58
2026-04-30,ロフト,ロフト0295,ルベル,イオ シャンプー リラックスメント200,5,8000,2026-04,2026-05-18 15:32:58
2026-04-30,ロフト,ロフト0295,ルベル,イオ エッセンス モイスト,1,2000,2026-04,2026-05-18 15:32:58
2026-04-30,ロフト,ロフト0295,ルベル,イオ クリーム シルキーリペア 200,1,1600,2026-04,2026-05-18 15:32:58
2026-04-30,ロフト,ロフト0295,ルベル,イオ クリーム メルトリペア 200,5,8000,2026-04,2026-05-18 15:32:58
2026-04-30,ロフト,ロフト0295,ルベル,イオセラム シャンプー 200,4,8000,2026-04,2026-05-18 15:32:58
2026-04-30,ロフト,ロフト0295,ルベル,トリエ スプレー10 170,26,41600,2026-04,2026-05-18 15:32:58
2026-04-30,ロフト,ロフト0295,ベルミス,ベルミス カラープラスBK M,1,4536,2026-04,2026-05-18 15:32:58
2026-04-30,ロフト,ロフト0295,ベルミス,ベルミス カラープラスBK L,2,9072,2026-04,2026-05-18 15:32:58
2026-04-30,ロフト,ロフト0296,ルベル,イオ シャンプー リラックスメント200,3,4800,2026-04,2026-05-18 15:32:58
2026-04-30,ロフト,ロフト0296,ルベル,イオ エッセンス モイスト,1,2000,2026-04,2026-05-18 15:32:58
2026-04-30,ロフト,ロフト0296,ルベル,イオ クリーム メルトリペア 200,1,1600,2026-04,2026-05-18 15:32:58
2026-04-30,ロフト,ロフト0296,ルベル,イオセラム シャンプー 200,1,2000,2026-04,2026-05-18 15:32:58
2026-04-30,ロフト,ロフト0296,ルベル,イオセラム クリーム 200,4,8000,2026-04,2026-05-18 15:32:58
2026-04-30,ロフト,ロフト0297,ベルミス,ベルミス カラープラスBK M,1,4536,2026-04,2026-05-18 15:32:58
2026-04-30,ロフト,ロフト0297,ベルミス,ベルミス カラープラスBK L,2,9072,2026-04,2026-05-18 15:32:58
2026-04-30,ロフト,ロフト0297,ベルミス,ベルミス カラープラスAGY L,1,4536,2026-04,2026-05-18 15:32:58
2026-04-30,ロフト,ロフト0298,ルベル,イオ クリーム メルトリペア 200,1,1600,2026-04,2026-05-18 15:32:58
2026-04-30,ロフト,ロフト0298,ベルミス,ベルミス カラープラスBK M,1,4536,2026-04,2026-05-18 15:32:58
2026-04-30,ロフト,ロフト0298,ベルミス,ベルミス スリムフルレッグ M-L,1,4718,2026-04,2026-05-18 15:32:58
2026-04-30,ロフト,ロフト0299,ルベル,イオ エッセンス スリーク,1,2000,2026-04,2026-05-18 15:32:58
2026-04-30,ロフト,ロフト0299,ルベル,イオ シャンプー クリアメント200,1,1600,2026-04,2026-05-18 15:32:58
2026-04-30,ロフト,ロフト0299,ルベル,イオ エッセンス モイスト,1,2000,2026-04,2026-05-18 15:32:58
2026-04-30,ロフト,ロフト0299,ルベル,イオセラム オイル 100,1,2400,2026-04,2026-05-18 15:32:58
2026-04-30,ロフト,ロフト0299,ルベル,ルベル ウィズ JO 240,1,1000,2026-04,2026-05-18 15:32:58
2026-04-30,ロフト,ロフト0299,ルベル,ルベル ウィズ EP 140,2,2400,2026-04,2026-05-18 15:32:58
2026-04-30,ロフト,ロフト0299,ベルミス,スリムフルレッグ クールプラス L-LL,2,9436,2026-04,2026-05-18 15:32:58
2026-04-30,ロフト,ロフト0299,バイワンシー,バイワンシー スムース・リペアエッセンス,1,2700,2026-04,2026-05-18 15:32:58
2026-04-30,ロフト,ロフト0299,Vイフェクト,VイフェクトFCポアフィットマスク7枚入,2,2800,2026-04,2026-05-18 15:32:58
2026-04-30,ロフト,ロフト0303,ルベル,ルベル ウィズ MG 240,2,2000,2026-04,2026-05-18 15:32:58
2026-04-30,ロフト,ロフト0303,ルベル,イオ シャンプー リラックスメント200,5,8000,2026-04,2026-05-18 15:32:58
2026-04-30,ロフト,ロフト0303,ルベル,イオ エッセンス スリーク,1,2000,2026-04,2026-05-18 15:32:58
2026-04-30,ロフト,ロフト0303,ルベル,イオ クリーム シルキーリペア 200,1,1600,2026-04,2026-05-18 15:32:58
2026-04-30,ロフト,ロフト0303,ルベル,イオ クリーム メルトリペア 200,2,3200,2026-04,2026-05-18 15:32:58
2026-04-30,ロフト,ロフト0303,ルベル,イオセラム シャンプー 200,1,2000,2026-04,2026-05-18 15:32:58
2026-04-30,ロフト,ロフト0303,ルベル,イオセラム クリーム 200,1,2000,2026-04,2026-05-18 15:32:58
2026-04-30,ロフト,ロフト0303,ルベル,トリエ スプレー10 170,19,30400,2026-04,2026-05-18 15:32:58
2026-04-30,ロフト,ロフト0303,VIAGE,ビューティアップナイトブラ ブラックM,2,5960,2026-04,2026-05-18 15:32:58
2026-04-30,ロフト,ロフト0303,VIAGE,ビューティアップナイトブラ BグレーL,2,5960,2026-04,2026-05-18 15:32:58
2026-04-30,ロフト,ロフト0303,ベルミス,ベルミス スリムレギンス L-LL,1,3990,2026-04,2026-05-18 15:32:58
2026-04-30,ロフト,ロフト0303,ベルミス,ベルミス カラープラスBK M,1,4536,2026-04,2026-05-18 15:32:58
2026-04-30,ロフト,ロフト0303,ベルミス,ベルミス カラープラスBK L,2,9072,2026-04,2026-05-18 15:32:58
2026-04-30,ロフト,ロフト0303,バイワンシー,バイワンシー モイストブースターホイップ,2,4400,2026-04,2026-05-18 15:32:58
2026-04-30,ロフト,ロフト0303,ベルミス,スリムレギンス Premium Lv3,1,5445,2026-04,2026-05-18 15:32:58
2026-04-30,ロフト,ロフト0303,ベルミス,スリムフルレッグ クールプラス M-L,1,4718,2026-04,2026-05-18 15:32:58
2026-04-30,ロフト,ロフト0303,ベルミス,スリムフルレッグ クールプラス L-LL,1,4718,2026-04,2026-05-18 15:32:58
2026-04-30,ロフト,ロフト0303,ekam,ekam ホイップ洗顔,2,3600,2026-04,2026-05-18 15:32:58
2026-04-30,ロフト,ロフト0305,ルベル,イオ シャンプー クリアメント200,3,4800,2026-04,2026-05-18 15:32:58
2026-04-30,ロフト,ロフト0305,ルベル,イオ シャンプー リラックスメント200,6,9600,2026-04,2026-05-18 15:32:58
2026-04-30,ロフト,ロフト0305,ルベル,イオ クリーム シルキーリペア 200,6,9600,2026-04,2026-05-18 15:32:58
2026-04-30,ロフト,ロフト0305,ルベル,イオセラム シャンプー 200,4,8000,2026-04,2026-05-18 15:32:58
2026-04-30,ロフト,ロフト0305,ルベル,イオセラム オイル 100,1,2400,2026-04,2026-05-18 15:32:58
2026-04-30,ロフト,ロフト0305,ルベル,ルベル ウィズ MG 240,3,3000,2026-04,2026-05-18 15:32:58
2026-04-30,ロフト,ロフト0305,ルベル,ルベル ウィズ RP 140,2,2000,2026-04,2026-05-18 15:32:58
2026-04-30,ロフト,ロフト0305,ルベル,トリエ スプレー10 170,9,14400,2026-04,2026-05-18 15:32:58
2026-04-30,ロフト,ロフト0305,ベルミス,ベルミス スリムレギンス M-L,2,7980,2026-04,2026-05-18 15:32:58
2026-04-30,ロフト,ロフト0305,バイワンシー,バイワンシー モイストブースターホイップ,1,2200,2026-04,2026-05-18 15:32:58
2026-04-30,ロフト,ロフト0305,ベルミス,スリムレギンス Premium Lv1,2,10890,2026-04,2026-05-18 15:32:58
2026-04-30,ロフト,ロフト0305,wolg,wolg BBクリーム ナチュラル,2,5418,2026-04,2026-05-18 15:32:58
2026-04-30,ロフト,ロフト0305,ekam,ekam アドバンスドジェル,3,8127,2026-04,2026-05-18 15:32:58
2026-04-30,ロフト,ロフト0305,ekam,ekam ホイップ洗顔,1,1800,2026-04,2026-05-18 15:32:58
2026-04-30,ロフト,ロフト0306,ルベル,イオセラム オイル 100,1,2400,2026-04,2026-05-18 15:32:58
2026-04-30,ロフト,ロフト0306,ルベル,ルベル ウィズ CY 240,2,2800,2026-04,2026-05-18 15:32:58
2026-04-30,ロフト,ロフト0306,ルベル,イオ シャンプー リラックスメント200,3,4800,2026-04,2026-05-18 15:32:58
2026-04-30,ロフト,ロフト0306,ルベル,イオ エッセンス モイスト,1,2000,2026-04,2026-05-18 15:32:58
2026-04-30,ロフト,ロフト0306,ルベル,イオ エッセンス スリーク,2,4000,2026-04,2026-05-18 15:32:58
2026-04-30,ロフト,ロフト0306,ルベル,イオセラム シャンプー 200,3,6000,2026-04,2026-05-18 15:32:58
2026-04-30,ロフト,ロフト0306,ルベル,ルベル ウィズ RP 140,3,3000,2026-04,2026-05-18 15:32:58
2026-04-30,ロフト,ロフト0306,ルベル,トリエ スプレー10 170,2,3200,2026-04,2026-05-18 15:32:58
2026-04-30,ロフト,ロフト0306,ベルミス,ベルミス スリムレギンス M-L,1,3990,2026-04,2026-05-18 15:32:58
2026-04-30,ロフト,ロフト0306,ベルミス,ベルミス スリムレギンス L-LL,3,11970,2026-04,2026-05-18 15:32:58
2026-04-30,ロフト,ロフト0306,ベルミス,ベルミス カラープラスBK M,1,4536,2026-04,2026-05-18 15:32:58
2026-04-30,ロフト,ロフト0306,ベルミス,スリムレギンス Premium Lv3,1,5445,2026-04,2026-05-18 15:32:58
2026-04-30,ロフト,ロフト0306,Vイフェクト,VイフェクトFCポアタイトアンプル,1,2700,2026-04,2026-05-18 15:32:58
2026-04-30,ロフト,ロフト0307,ルベル,ルベル ウィズ SW 240,2,2000,2026-04,2026-05-18 15:32:58
2026-04-30,ロフト,ロフト0307,ルベル,イオ クリーム メルトリペア 200,3,4800,2026-04,2026-05-18 15:32:58
2026-04-30,ロフト,ロフト0307,ルベル,ルベル ウィズ RP 140,1,1000,2026-04,2026-05-18 15:32:58
2026-04-30,ロフト,ロフト0307,ルベル,ルベル ウィズ EP 140,1,1200,2026-04,2026-05-18 15:32:58
2026-04-30,ロフト,ロフト0307,ベルミス,ベルミス カラープラスBK M,2,9072,2026-04,2026-05-18 15:32:58
2026-04-30,ロフト,ロフト0307,ベルミス,スリムレギンス Premium Lv3,2,10890,2026-04,2026-05-18 15:32:58
2026-04-30,ロフト,ロフト0310,ルベル,イオ エッセンス スリーク,3,6000,2026-04,2026-05-18 15:32:58
2026-04-30,ロフト,ロフト0310,ルベル,イオ シャンプー クリアメント200,2,3200,2026-04,2026-05-18 15:32:58
2026-04-30,ロフト,ロフト0310,ルベル,イオ クリーム メルトリペア 200,9,14400,2026-04,2026-05-18 15:32:58
2026-04-30,ロフト,ロフト0310,ルベル,イオセラム オイル 100,4,9600,2026-04,2026-05-18 15:32:58
2026-04-30,ロフト,ロフト0310,ルベル,ルベル ウィズ SW 240,1,1000,2026-04,2026-05-18 15:32:58
2026-04-30,ロフト,ロフト0310,ルベル,トリエ スプレー10 170,9,14400,2026-04,2026-05-18 15:32:58
2026-04-30,ロフト,ロフト0310,ベルミス,ベルミス スリムレギンス L-LL,3,11970,2026-04,2026-05-18 15:32:58
2026-04-30,ロフト,ロフト0310,ベルミス,ベルミス カラープラスBK M,1,4536,2026-04,2026-05-18 15:32:58
2026-04-30,ロフト,ロフト0310,ベルミス,ベルミス カラープラスBK L,3,13608,2026-04,2026-05-18 15:32:58
2026-04-30,ロフト,ロフト0310,ベルミス,ベルミス カラープラスAGY L,1,4536,2026-04,2026-05-18 15:32:58
2026-04-30,ロフト,ロフト0310,バイワンシー,バイワンシー モイストブースターホイップ,1,2200,2026-04,2026-05-18 15:32:58
2026-04-30,ロフト,ロフト0310,ベルミス,リムーブレギンスRP M-L,1,11182,2026-04,2026-05-18 15:32:58
2026-04-30,ロフト,ロフト0310,ベルミス,リムーブレギンスRP L-LL,1,11182,2026-04,2026-05-18 15:32:58
2026-04-30,ロフト,ロフト0310,ベルミス,スリムレギンス Premium Lv3,1,5445,2026-04,2026-05-18 15:32:58
2026-04-30,ロフト,ロフト0310,ベルミス,スリムフルレッグ クールプラス M-L,1,4718,2026-04,2026-05-18 15:32:58
2026-04-30,ロフト,ロフト0310,ekam,ekam アドバンスドジェル,1,2709,2026-04,2026-05-18 15:32:58
2026-04-30,ロフト,ロフト0310,Vイフェクト,VイフェクトFCポアタイトアンプル,2,5400,2026-04,2026-05-18 15:32:58
2026-04-30,ロフト,ロフト0310,Vイフェクト,VイフェクトFCポアベルベットクリーム,2,5960,2026-04,2026-05-18 15:32:58
2026-04-30,ロフト,ロフト0311,ルベル,イオ シャンプー クリアメント200,1,1600,2026-04,2026-05-18 15:32:58
2026-04-30,ロフト,ロフト0311,ルベル,ルベル ウィズ RP 140,2,2000,2026-04,2026-05-18 15:32:58
2026-04-30,ロフト,ロフト0311,ルベル,イオ シャンプー リラックスメント200,1,1600,2026-04,2026-05-18 15:32:58
2026-04-30,ロフト,ロフト0311,ルベル,イオ エッセンス スリーク,5,10000,2026-04,2026-05-18 15:32:58
2026-04-30,ロフト,ロフト0311,ルベル,イオ クリーム メルトリペア 200,2,3200,2026-04,2026-05-18 15:32:58
2026-04-30,ロフト,ロフト0311,ルベル,トリエ スプレー10 170,11,17600,2026-04,2026-05-18 15:32:58
2026-04-30,ロフト,ロフト0311,VIAGE,ビューティアップナイトブラ ブラックM,2,5960,2026-04,2026-05-18 15:32:58
2026-04-30,ロフト,ロフト0311,VIAGE,ビューティアップナイトブラ ブラックL,1,2980,2026-04,2026-05-18 15:32:58
2026-04-30,ロフト,ロフト0311,VIAGE,ビューティアップナイトブラ BグレーM,2,5960,2026-04,2026-05-18 15:32:58
2026-04-30,ロフト,ロフト0311,VIAGE,ビューティアップナイトブラ BグレーL,1,2980,2026-04,2026-05-18 15:32:58
2026-04-30,ロフト,ロフト0311,ベルミス,ベルミス スリムフルレッグ M-L,1,4718,2026-04,2026-05-18 15:32:58
2026-04-30,ロフト,ロフト0311,ベルミス,スリムレギンス Premium Lv3,1,5445,2026-04,2026-05-18 15:32:58
2026-04-30,ロフト,ロフト0311,ベルミス,スリムフルレッグ クールプラス L-LL,2,9436,2026-04,2026-05-18 15:32:58
2026-04-30,ロフト,ロフト0311,wolg,wolg BBクリーム ナチュラル,1,2709,2026-04,2026-05-18 15:32:58
2026-04-30,ロフト,ロフト0311,ekam,ekam アドバンスドジェル,1,2709,2026-04,2026-05-18 15:32:58
2026-04-30,ロフト,ロフト0312,ルベル,イオ エッセンス スリーク,9,18000,2026-04,2026-05-18 15:32:58
2026-04-30,ロフト,ロフト0312,ルベル,イオ クリーム メルトリペア 200,6,9600,2026-04,2026-05-18 15:32:58
2026-04-30,ロフト,ロフト0312,ルベル,イオセラム シャンプー 200,5,10000,2026-04,2026-05-18 15:32:58
2026-04-30,ロフト,ロフト0312,ルベル,イオセラム クリーム 200,2,4000,2026-04,2026-05-18 15:32:58
2026-04-30,ロフト,ロフト0312,ベルミス,ベルミス カラープラスAGY L,2,9072,2026-04,2026-05-18 15:32:58
2026-04-30,ロフト,ロフト0312,ベルミス,ベルミス スリムフルレッグLーLL,1,4718,2026-04,2026-05-18 15:32:58
2026-04-30,ロフト,ロフト0312,ベルミス,スリムフルレッグ クールプラス L-LL,2,9436,2026-04,2026-05-18 15:32:58
2026-04-30,ロフト,ロフト0312,wolg,wolg BBクリーム ナチュラル,1,2709,2026-04,2026-05-18 15:32:58
2026-04-30,ロフト,ロフト0312,ekam,ekam アドバンスドジェル,2,5418,2026-04,2026-05-18 15:32:58
2026-04-30,ロフト,ロフト0313,ルベル,イオ シャンプー クリアメント200,1,1600,2026-04,2026-05-18 15:32:58
2026-04-30,ロフト,ロフト0313,ルベル,イオセラム シャンプー 200,1,2000,2026-04,2026-05-18 15:32:58
2026-04-30,ロフト,ロフト0313,ルベル,イオセラム クリーム 200,2,4000,2026-04,2026-05-18 15:32:58
2026-04-30,ロフト,ロフト0313,ルベル,イオ シャンプー クリアメント200,1,1600,2026-04,2026-05-18 15:32:58
2026-04-30,ロフト,ロフト0313,ベルミス,ベルミス カラープラスBK M,2,9072,2026-04,2026-05-18 15:32:58
2026-04-30,ロフト,ロフト0313,ベルミス,ベルミス カラープラスBK L,2,9072,2026-04,2026-05-18 15:32:58
2026-04-30,ロフト,ロフト0313,ベルミス,スリムレギンス Premium Lv3,1,5445,2026-04,2026-05-18 15:32:58
2026-04-30,ロフト,ロフト0313,ベルミス,スリムフルレッグ クールプラス M-L,2,9436,2026-04,2026-05-18 15:32:58
2026-04-30,ロフト,ロフト0313,ベルミス,スリムフルレッグ クールプラス L-LL,2,9436,2026-04,2026-05-18 15:32:58
2026-04-30,ロフト,ロフト0314,ルベル,イオ シャンプー クリアメント200,1,1600,2026-04,2026-05-18 15:32:58
2026-04-30,ロフト,ロフト0314,ルベル,イオセラム オイル 100,1,2400,2026-04,2026-05-18 15:32:58
2026-04-30,ロフト,ロフト0314,ルベル,イオ エッセンス モイスト,1,2000,2026-04,2026-05-18 15:32:58
2026-04-30,ロフト,ロフト0314,ルベル,イオ クリーム シルキーリペア 200,3,4800,2026-04,2026-05-18 15:32:58
2026-04-30,ロフト,ロフト0314,ルベル,イオ クリーム メルトリペア 200,4,6400,2026-04,2026-05-18 15:32:58
2026-04-30,ロフト,ロフト0314,ルベル,イオセラム シャンプー 200,1,2000,2026-04,2026-05-18 15:32:58
2026-04-30,ロフト,ロフト0314,ルベル,イオセラム クリーム 200,3,6000,2026-04,2026-05-18 15:32:58
2026-04-30,ロフト,ロフト0314,ルベル,ルベル ウィズ RP 140,1,1000,2026-04,2026-05-18 15:32:58
2026-04-30,ロフト,ロフト0314,ルベル,ルベル ウィズ EP 140,2,2400,2026-04,2026-05-18 15:32:58
2026-04-30,ロフト,ロフト0314,ルベル,トリエ スプレー10 170,7,11200,2026-04,2026-05-18 15:32:58
2026-04-30,ロフト,ロフト0314,VIAGE,ビューティアップナイトブラ ブラックM,1,2980,2026-04,2026-05-18 15:32:58
2026-04-30,ロフト,ロフト0314,VIAGE,ビューティアップナイトブラ ブラックL,3,8940,2026-04,2026-05-18 15:32:58
2026-04-30,ロフト,ロフト0314,VIAGE,ビューティアップナイトブラ BグレーM,4,11920,2026-04,2026-05-18 15:32:58
2026-04-30,ロフト,ロフト0314,VIAGE,ビューティアップナイトブラ BグレーL,3,8940,2026-04,2026-05-18 15:32:58
2026-04-30,ロフト,ロフト0314,ベルミス,ベルミス スリムレギンス M-L,1,3990,2026-04,2026-05-18 15:32:58
2026-04-30,ロフト,ロフト0314,ベルミス,ベルミス カラープラスAGY M,2,9072,2026-04,2026-05-18 15:32:58
2026-04-30,ロフト,ロフト0314,ベルミス,ベルミス カラープラスBK L,3,13608,2026-04,2026-05-18 15:32:58
2026-04-30,ロフト,ロフト0314,バイワンシー,バイワンシー モイストブースターホイップ,6,13200,2026-04,2026-05-18 15:32:58
2026-04-30,ロフト,ロフト0314,ベルミス,リムーブレギンスEB L-LL,1,11182,2026-04,2026-05-18 15:32:58
2026-04-30,ロフト,ロフト0314,ベルミス,スリムレギンス Premium Lv3,3,16335,2026-04,2026-05-18 15:32:58
2026-04-30,ロフト,ロフト0314,ベルミス,スリムフルレッグ クールプラス M-L,1,4718,2026-04,2026-05-18 15:32:58
2026-04-30,ロフト,ロフト0314,wolg,wolg BBクリーム ナチュラル,1,2709,2026-04,2026-05-18 15:32:58
2026-04-30,ロフト,ロフト0314,バイワンシー,バイワンシー ピュア・アミノシャンプー,4,10800,2026-04,2026-05-18 15:32:58
2026-04-30,ロフト,ロフト0314,バイワンシー,バイワンシー ヒートケア・トリートメント,2,5400,2026-04,2026-05-18 15:32:58
2026-04-30,ロフト,ロフト0314,ekam,ekam アドバンスドジェル,1,2709,2026-04,2026-05-18 15:32:58
2026-04-30,ロフト,ロフト0314,Vイフェクト,Vイフェクト青麦LHAクレンジングジェル,1,2100,2026-04,2026-05-18 15:32:58
2026-04-30,ロフト,ロフト0315,ルベル,イオ シャンプー リラックスメント200,1,1600,2026-04,2026-05-18 15:32:58
2026-04-30,ロフト,ロフト0315,ルベル,イオ クリーム メルトリペア 200,3,4800,2026-04,2026-05-18 15:32:58
2026-04-30,ロフト,ロフト0315,ルベル,トリエ スプレー10 170,1,1600,2026-04,2026-05-18 15:32:58
2026-04-30,ロフト,ロフト0315,VIAGE,ビューティアップナイトブラ BグレーM,1,2980,2026-04,2026-05-18 15:32:58
2026-04-30,ロフト,ロフト0315,ベルミス,ベルミス カラープラスBK M,1,4536,2026-04,2026-05-18 15:32:58
2026-04-30,ロフト,ロフト0315,ベルミス,ベルミス スリムフルレッグLーLL,1,4718,2026-04,2026-05-18 15:32:58
2026-04-30,ロフト,ロフト0315,ベルミス,ベルミス スリムフルレッグ M-L,1,4718,2026-04,2026-05-18 15:32:58
2026-04-30,ロフト,ロフト0315,ベルミス,スリムレギンス Premium Lv2,3,16335,2026-04,2026-05-18 15:32:58
2026-04-30,ロフト,ロフト0315,バイワンシー,バイワンシー ピュア・アミノシャンプー,2,5400,2026-04,2026-05-18 15:32:58
2026-04-30,ロフト,ロフト0315,バイワンシー,バイワンシー ヒートケア・トリートメント,2,5400,2026-04,2026-05-18 15:32:58
2026-04-30,ロフト,ロフト0315,バイワンシー,バイワンシー スムース・リペアエッセンス,1,2700,2026-04,2026-05-18 15:32:58
2026-04-30,ロフト,ロフト0320,ルベル,イオセラム クリーム 200,2,4000,2026-04,2026-05-18 15:32:58
2026-04-30,ロフト,ロフト0320,ルベル,イオ クリーム シルキーリペア 200,1,1600,2026-04,2026-05-18 15:32:58
2026-04-30,ロフト,ロフト0320,ルベル,トリエ スプレー10 170,3,4800,2026-04,2026-05-18 15:32:58
2026-04-30,ロフト,ロフト0320,ベルミス,ベルミス スリムレギンス L-LL,2,7980,2026-04,2026-05-18 15:32:58
2026-04-30,ロフト,ロフト0320,ベルミス,ベルミス カラープラスBK L,1,4536,2026-04,2026-05-18 15:32:58
2026-04-30,ロフト,ロフト0320,ベルミス,スリムレギンス Premium Lv3,1,5445,2026-04,2026-05-18 15:32:58
2026-04-30,ロフト,ロフト0320,バイワンシー,バイワンシー スムース・リペアエッセンス,5,13500,2026-04,2026-05-18 15:32:58
2026-04-30,ロフト,ロフト0320,バイワンシー,バイワンシー SP&TRサシェ,9,2430,2026-04,2026-05-18 15:32:58
2026-04-30,ロフト,ロフト0321,ルベル,イオ クリーム シルキーリペア 200,3,4800,2026-04,2026-05-18 15:32:58
2026-04-30,ロフト,ロフト0321,ルベル,イオ クリーム メルトリペア 200,4,6400,2026-04,2026-05-18 15:32:58
2026-04-30,ロフト,ロフト0321,ルベル,ルベル ウィズ SW 240,4,4000,2026-04,2026-05-18 15:32:58
2026-04-30,ロフト,ロフト0321,ルベル,トリエ スプレー10 170,4,6400,2026-04,2026-05-18 15:32:58
2026-04-30,ロフト,ロフト0321,ベルミス,ベルミス スリムレギンス M-L,4,15960,2026-04,2026-05-18 15:32:58
2026-04-30,ロフト,ロフト0321,ベルミス,ベルミス スリムフルレッグLーLL,1,4718,2026-04,2026-05-18 15:32:58
2026-04-30,ロフト,ロフト0321,ベルミス,スリムレギンス Premium Lv2,1,5445,2026-04,2026-05-18 15:32:58
2026-04-30,ロフト,ロフト0321,ベルミス,スリムレギンス Premium Lv3,2,10890,2026-04,2026-05-18 15:32:58
2026-04-30,ロフト,ロフト0322,ルベル,イオ シャンプー クリアメント200,3,4800,2026-04,2026-05-18 15:32:58
2026-04-30,ロフト,ロフト0322,ルベル,イオ シャンプー リラックスメント200,6,9600,2026-04,2026-05-18 15:32:58
2026-04-30,ロフト,ロフト0322,ルベル,イオ エッセンス モイスト,5,10000,2026-04,2026-05-18 15:32:58
2026-04-30,ロフト,ロフト0322,ルベル,イオ エッセンス スリーク,9,18000,2026-04,2026-05-18 15:32:58
2026-04-30,ロフト,ロフト0322,ルベル,イオ クリーム シルキーリペア 200,1,1600,2026-04,2026-05-18 15:32:58
2026-04-30,ロフト,ロフト0322,ルベル,イオセラム クリーム 200,1,2000,2026-04,2026-05-18 15:32:58
2026-04-30,ロフト,ロフト0322,ルベル,イオセラム オイル 100,2,4800,2026-04,2026-05-18 15:32:58
2026-04-30,ロフト,ロフト0322,ルベル,ルベル ウィズ RP 140,1,1000,2026-04,2026-05-18 15:32:58
2026-04-30,ロフト,ロフト0322,ルベル,トリエ スプレー10 170,31,49600,2026-04,2026-05-18 15:32:58
2026-04-30,ロフト,ロフト0322,ベルミス,ベルミス スリムレギンス M-L,1,3990,2026-04,2026-05-18 15:32:58
2026-04-30,ロフト,ロフト0322,ベルミス,ベルミス カラープラスAGY M,1,4536,2026-04,2026-05-18 15:32:58
2026-04-30,ロフト,ロフト0322,バイワンシー,バイワンシー モイストブースターホイップ,2,4400,2026-04,2026-05-18 15:32:58
2026-04-30,ロフト,ロフト0322,ベルミス,スリムレギンス Premium Lv1,1,5445,2026-04,2026-05-18 15:32:58
2026-04-30,ロフト,ロフト0322,ekam,ekam アドバンスドジェル,1,2709,2026-04,2026-05-18 15:32:58
2026-04-30,ロフト,ロフト0322,ekam,ekam ホイップ洗顔,2,3600,2026-04,2026-05-18 15:32:58
2026-04-30,ロフト,ロフト0322,Vイフェクト,VイフェクトFCポアタイトアンプル,1,2700,2026-04,2026-05-18 15:32:58
2026-04-30,ロフト,ロフト0323,ルベル,イオセラム オイル 100,1,2400,2026-04,2026-05-18 15:32:58
2026-04-30,ロフト,ロフト0323,ルベル,イオ エッセンス スリーク,6,12000,2026-04,2026-05-18 15:32:58
2026-04-30,ロフト,ロフト0323,ルベル,イオ クリーム シルキーリペア 200,3,4800,2026-04,2026-05-18 15:32:58
2026-04-30,ロフト,ロフト0323,ルベル,イオセラム クリーム 200,1,2000,2026-04,2026-05-18 15:32:58
2026-04-30,ロフト,ロフト0323,ルベル,トリエ スプレー10 170,2,3200,2026-04,2026-05-18 15:32:58
2026-04-30,ロフト,ロフト0323,VIAGE,ビューティアップナイトブラ ブラックL,1,2980,2026-04,2026-05-18 15:32:58
2026-04-30,ロフト,ロフト0323,VIAGE,ビューティアップナイトブラ BグレーM,1,2980,2026-04,2026-05-18 15:32:58
2026-04-30,ロフト,ロフト0323,ベルミス,ベルミス スリムレギンス M-L,1,3990,2026-04,2026-05-18 15:32:58
2026-04-30,ロフト,ロフト0323,ベルミス,ベルミス カラープラスAGY M,1,4536,2026-04,2026-05-18 15:32:58
2026-04-30,ロフト,ロフト0323,ベルミス,ベルミス カラープラスBK L,3,13608,2026-04,2026-05-18 15:32:58
2026-04-30,ロフト,ロフト0323,ベルミス,スリムレギンス Premium Lv3,2,10890,2026-04,2026-05-18 15:32:58
2026-04-30,ロフト,ロフト0323,ベルミス,スリムフルレッグ クールプラス M-L,2,9436,2026-04,2026-05-18 15:32:58
2026-04-30,ロフト,ロフト0323,ベルミス,スリムフルレッグ クールプラス L-LL,1,4718,2026-04,2026-05-18 15:32:58
2026-04-30,ロフト,ロフト0323,インシトゥ,インシトゥ ハーブラピール,5,12000,2026-04,2026-05-18 15:32:58
2026-04-30,ロフト,ロフト0323,ekam,ekam アドバンスドジェル,4,10836,2026-04,2026-05-18 15:32:58
2026-04-30,ロフト,ロフト0323,Vイフェクト,VイフェクトFCポアフィットマスク7枚入,2,2800,2026-04,2026-05-18 15:32:58
2026-04-30,ロフト,ロフト0323,Vイフェクト,Vイフェクト青麦ジンクセラム,1,2300,2026-04,2026-05-18 15:32:58
2026-04-30,ロフト,ロフト0323,Vイフェクト,Vイフェクト青麦LHAクレンジングジェル,1,2100,2026-04,2026-05-18 15:32:58
2026-04-30,ロフト,ロフト0324,ルベル,イオ エッセンス スリーク,1,2000,2026-04,2026-05-18 15:32:58
2026-04-30,ロフト,ロフト0324,ルベル,イオ シャンプー リラックスメント200,2,3200,2026-04,2026-05-18 15:32:58
2026-04-30,ロフト,ロフト0324,ルベル,イオ クリーム シルキーリペア 200,1,1600,2026-04,2026-05-18 15:32:58
2026-04-30,ロフト,ロフト0324,ルベル,イオセラム オイル 100,1,2400,2026-04,2026-05-18 15:32:58
2026-04-30,ロフト,ロフト0324,ベルミス,ベルミス スリムレギンス L-LL,1,3990,2026-04,2026-05-18 15:32:58
2026-04-30,ロフト,ロフト0324,バイワンシー,バイワンシー モイストブースターホイップ,1,2200,2026-04,2026-05-18 15:32:58
2026-04-30,ロフト,ロフト0324,ベルミス,ベルミス スリムフルレッグ M-L,1,4718,2026-04,2026-05-18 15:32:58
2026-04-30,ロフト,ロフト0324,ベルミス,スリムレギンス Premium Lv2,1,5445,2026-04,2026-05-18 15:32:58
2026-04-30,ロフト,ロフト0324,ベルミス,スリムレギンス Premium Lv3,1,5445,2026-04,2026-05-18 15:32:58
2026-04-30,ロフト,ロフト0324,ekam,ekam アドバンスドジェル,4,10836,2026-04,2026-05-18 15:32:58
2026-04-30,ロフト,ロフト0324,ekam,ekam アドバンスドセラム,1,3164,2026-04,2026-05-18 15:32:58
2026-04-30,ロフト,ロフト0324,ekam,ekam ホイップ洗顔,2,3600,2026-04,2026-05-18 15:32:58
2026-04-30,ロフト,ロフト0325,ルベル,イオ シャンプー クリアメント200,1,1600,2026-04,2026-05-18 15:32:58
2026-04-30,ロフト,ロフト0325,ルベル,イオ エッセンス スリーク,1,2000,2026-04,2026-05-18 15:32:58
2026-04-30,ロフト,ロフト0325,ルベル,イオ クリーム シルキーリペア 200,3,4800,2026-04,2026-05-18 15:32:58
2026-04-30,ロフト,ロフト0325,ルベル,イオ クリーム メルトリペア 200,5,8000,2026-04,2026-05-18 15:32:58
2026-04-30,ロフト,ロフト0325,ルベル,イオセラム クリーム 200,4,8000,2026-04,2026-05-18 15:32:58
2026-04-30,ロフト,ロフト0325,ルベル,トリエ スプレー10 170,1,1600,2026-04,2026-05-18 15:32:58
2026-04-30,ロフト,ロフト0325,ベルミス,ベルミス スリムレギンス M-L,2,7980,2026-04,2026-05-18 15:32:58
2026-04-30,ロフト,ロフト0325,ベルミス,ベルミス スリムレギンス L-LL,1,3990,2026-04,2026-05-18 15:32:58
2026-04-30,ロフト,ロフト0325,ベルミス,ベルミス カラープラスBK M,1,4536,2026-04,2026-05-18 15:32:58
2026-04-30,ロフト,ロフト0325,ベルミス,ベルミス カラープラスBK L,1,4536,2026-04,2026-05-18 15:32:58
2026-04-30,ロフト,ロフト0325,ベルミス,スリムレギンス Premium Lv2,2,10890,2026-04,2026-05-18 15:32:58
2026-04-30,ロフト,ロフト0325,バイワンシー,バイワンシー ピュア・アミノシャンプー,2,5400,2026-04,2026-05-18 15:32:58
2026-04-30,ロフト,ロフト0325,バイワンシー,バイワンシー ヒートケア・トリートメント,1,2700,2026-04,2026-05-18 15:32:58
2026-04-30,ロフト,ロフト0325,バイワンシー,バイワンシー スムース・リペアエッセンス,5,13500,2026-04,2026-05-18 15:32:58
2026-04-30,ロフト,ロフト0325,ekam,ekam アドバンスドジェル,1,2709,2026-04,2026-05-18 15:32:58
2026-04-30,ロフト,ロフト0326,ベルミス,ベルミス スリムレギンス M-L,2,7980,2026-04,2026-05-18 15:32:58
2026-04-30,ロフト,ロフト0326,ベルミス,ベルミス スリムレギンス L-LL,1,3990,2026-04,2026-05-18 15:32:58
2026-04-30,ロフト,ロフト0326,ベルミス,ベルミス カラープラスBK M,1,4536,2026-04,2026-05-18 15:32:58
2026-04-30,ロフト,ロフト0326,ベルミス,ベルミス カラープラスBK L,2,9072,2026-04,2026-05-18 15:32:58
2026-04-30,ロフト,ロフト0326,ベルミス,ベルミス スリムフルレッグLーLL,2,9436,2026-04,2026-05-18 15:32:58
2026-04-30,ロフト,ロフト0326,ベルミス,スリムレギンス Premium Lv3,1,5445,2026-04,2026-05-18 15:32:58
2026-04-30,ロフト,ロフト0327,ルベル,イオ クリーム シルキーリペア 200,1,1600,2026-04,2026-05-18 15:32:58
2026-04-30,ロフト,ロフト0327,ルベル,トリエ スプレー10 170,7,11200,2026-04,2026-05-18 15:32:58
2026-04-30,ロフト,ロフト0327,ベルミス,ベルミス スリムレギンス M-L,2,7980,2026-04,2026-05-18 15:32:58
2026-04-30,ロフト,ロフト0327,ベルミス,ベルミス スリムレギンス L-LL,1,3990,2026-04,2026-05-18 15:32:58
2026-04-30,ロフト,ロフト0327,ベルミス,リムーブレギンスEB L-LL,1,11182,2026-04,2026-05-18 15:32:58
2026-04-30,ロフト,ロフト0327,ベルミス,スリムフルレッグ クールプラス M-L,2,9436,2026-04,2026-05-18 15:32:58
2026-04-30,ロフト,ロフト0327,wolg,wolg BBクリーム ナチュラル,3,8127,2026-04,2026-05-18 15:32:58
2026-04-30,ロフト,ロフト0327,ekam,ekam アドバンスドジェル,2,5418,2026-04,2026-05-18 15:32:58
2026-04-30,ロフト,ロフト0327,ekam,ekam ホイップ洗顔,1,1800,2026-04,2026-05-18 15:32:58
2026-04-30,ロフト,ロフト0329,ルベル,イオ シャンプー クリアメント200,1,1600,2026-04,2026-05-18 15:32:58
2026-04-30,ロフト,ロフト0329,ルベル,イオ シャンプー リラックスメント200,3,4800,2026-04,2026-05-18 15:32:58
2026-04-30,ロフト,ロフト0329,ルベル,イオ クリーム シルキーリペア 200,3,4800,2026-04,2026-05-18 15:32:58
2026-04-30,ロフト,ロフト0329,ルベル,イオ クリーム メルトリペア 200,5,8000,2026-04,2026-05-18 15:32:58
2026-04-30,ロフト,ロフト0329,ルベル,イオ ディープマスク,1,3000,2026-04,2026-05-18 15:32:58
2026-04-30,ロフト,ロフト0329,ルベル,イオセラム クリーム 200,1,2000,2026-04,2026-05-18 15:32:58
2026-04-30,ロフト,ロフト0329,ルベル,イオセラム オイル 100,1,2400,2026-04,2026-05-18 15:32:58
2026-04-30,ロフト,ロフト0329,ルベル,トリエ スプレー10 170,41,65600,2026-04,2026-05-18 15:32:58
2026-04-30,ロフト,ロフト0329,VIAGE,ビューティアップナイトブラ ブラックM,1,2980,2026-04,2026-05-18 15:32:58
2026-04-30,ロフト,ロフト0329,VIAGE,ビューティアップナイトブラ BグレーM,1,2980,2026-04,2026-05-18 15:32:58
2026-04-30,ロフト,ロフト0329,ベルミス,ベルミス スリムレギンス L-LL,1,3990,2026-04,2026-05-18 15:32:58
2026-04-30,ロフト,ロフト0329,ベルミス,ベルミス カラープラスBK M,1,4536,2026-04,2026-05-18 15:32:58
2026-04-30,ロフト,ロフト0329,バイワンシー,バイワンシー モイストブースターホイップ,3,6600,2026-04,2026-05-18 15:32:58
2026-04-30,ロフト,ロフト0329,ベルミス,ベルミス スリムフルレッグLーLL,1,4718,2026-04,2026-05-18 15:32:58
2026-04-30,ロフト,ロフト0329,ベルミス,リムーブレギンスEB M-L,1,11182,2026-04,2026-05-18 15:32:58
2026-04-30,ロフト,ロフト0329,ベルミス,リムーブレギンスEB L-LL,1,11182,2026-04,2026-05-18 15:32:58
2026-04-30,ロフト,ロフト0329,ベルミス,スリムレギンス Premium Lv3,2,10890,2026-04,2026-05-18 15:32:58
2026-04-30,ロフト,ロフト0329,ベルミス,スリムフルレッグ クールプラス L-LL,1,4718,2026-04,2026-05-18 15:32:58
2026-04-30,ロフト,ロフト0329,バイワンシー,バイワンシー スムース・リペアエッセンス,4,10800,2026-04,2026-05-18 15:32:58
2026-04-30,ロフト,ロフト0329,ekam,ekam アドバンスドジェル,1,2709,2026-04,2026-05-18 15:32:58
2026-04-30,ロフト,ロフト0329,ekam,ekam ホイップ洗顔,1,1800,2026-04,2026-05-18 15:32:58
2026-04-30,ロフト,ロフト0329,Vイフェクト,Vイフェクト青麦LHAクレンジングジェル,1,2100,2026-04,2026-05-18 15:32:58
2026-04-30,ロフト,ロフト0330,ルベル,イオ エッセンス モイスト,1,2000,2026-04,2026-05-18 15:32:58
2026-04-30,ロフト,ロフト0330,ルベル,イオ クリーム シルキーリペア 200,2,3200,2026-04,2026-05-18 15:32:58
2026-04-30,ロフト,ロフト0330,ルベル,トリエ スプレー10 170,6,9600,2026-04,2026-05-18 15:32:58
2026-04-30,ロフト,ロフト0330,VIAGE,ビューティアップナイトブラ ブラックM,4,11920,2026-04,2026-05-18 15:32:58
2026-04-30,ロフト,ロフト0330,VIAGE,ビューティアップナイトブラ ブラックL,3,8940,2026-04,2026-05-18 15:32:58
2026-04-30,ロフト,ロフト0330,VIAGE,ビューティアップナイトブラ BグレーM,1,2980,2026-04,2026-05-18 15:32:58
2026-04-30,ロフト,ロフト0330,VIAGE,ビューティアップナイトブラ BグレーL,3,8940,2026-04,2026-05-18 15:32:58
2026-04-30,ロフト,ロフト0330,ベルミス,ベルミス カラープラスBK L,2,9072,2026-04,2026-05-18 15:32:58
2026-04-30,ロフト,ロフト0330,ベルミス,ベルミス スリムフルレッグ M-L,1,4718,2026-04,2026-05-18 15:32:58
2026-04-30,ロフト,ロフト0330,ベルミス,スリムレギンス Premium Lv2,1,5445,2026-04,2026-05-18 15:32:58
2026-04-30,ロフト,ロフト0330,ベルミス,スリムレギンス Premium Lv3,1,5445,2026-04,2026-05-18 15:32:58
2026-04-30,ロフト,ロフト0330,ekam,ekam ホイップ洗顔,1,1800,2026-04,2026-05-18 15:32:58
2026-04-30,ロフト,ロフト0331,ルベル,イオ シャンプー リラックスメント200,1,1600,2026-04,2026-05-18 15:32:58
2026-04-30,ロフト,ロフト0331,ルベル,トリエ スプレー10 170,4,6400,2026-04,2026-05-18 15:32:58
2026-04-30,ロフト,ロフト0331,ベルミス,ベルミス カラープラスAGY M,1,4536,2026-04,2026-05-18 15:32:58
2026-04-30,ロフト,ロフト0331,wolg,wolg BBクリーム ナチュラル,1,2709,2026-04,2026-05-18 15:32:58
2026-04-30,ロフト,ロフト0332,ルベル,イオ エッセンス スリーク,4,8000,2026-04,2026-05-18 15:32:58
2026-04-30,ロフト,ロフト0332,ルベル,イオ クリーム メルトリペア 200,2,3200,2026-04,2026-05-18 15:32:58
2026-04-30,ロフト,ロフト0332,ルベル,イオセラム シャンプー 200,2,4000,2026-04,2026-05-18 15:32:58
2026-04-30,ロフト,ロフト0332,VIAGE,ビューティアップナイトブラ ブラックL,2,5960,2026-04,2026-05-18 15:32:58
2026-04-30,ロフト,ロフト0332,ベルミス,ベルミス スリムレギンス M-L,4,15960,2026-04,2026-05-18 15:32:58
2026-04-30,ロフト,ロフト0332,ベルミス,ベルミス スリムレギンス L-LL,1,3990,2026-04,2026-05-18 15:32:58
2026-04-30,ロフト,ロフト0332,ベルミス,ベルミス カラープラスBK M,2,9072,2026-04,2026-05-18 15:32:58
2026-04-30,ロフト,ロフト0332,ベルミス,スリムレギンス Premium Lv1,1,5445,2026-04,2026-05-18 15:32:58
2026-04-30,ロフト,ロフト0332,ベルミス,スリムレギンス Premium Lv2,1,5445,2026-04,2026-05-18 15:32:58
2026-04-30,ロフト,ロフト0332,ベルミス,スリムレギンス Premium Lv3,2,10890,2026-04,2026-05-18 15:32:58
2026-04-30,ロフト,ロフト0332,ベルミス,スリムフルレッグ クールプラス M-L,2,9436,2026-04,2026-05-18 15:32:58
2026-04-30,ロフト,ロフト0332,wolg,wolg BBクリーム ナチュラル,1,2709,2026-04,2026-05-18 15:32:58
2026-04-30,ロフト,ロフト0332,Vイフェクト,Vイフェクト青麦LHAクレンジングジェル,1,2100,2026-04,2026-05-18 15:32:58
2026-04-30,ロフト,ロフト0333,ルベル,イオセラム クリーム 200,1,2000,2026-04,2026-05-18 15:32:58
2026-04-30,ロフト,ロフト0333,ルベル,ルベル ウィズ RP 140,1,1000,2026-04,2026-05-18 15:32:58
2026-04-30,ロフト,ロフト0333,ルベル,イオ シャンプー リラックスメント200,4,6400,2026-04,2026-05-18 15:32:58
2026-04-30,ロフト,ロフト0333,ルベル,イオ エッセンス モイスト,4,8000,2026-04,2026-05-18 15:32:58
2026-04-30,ロフト,ロフト0333,ルベル,イオ エッセンス スリーク,3,6000,2026-04,2026-05-18 15:32:58
2026-04-30,ロフト,ロフト0333,ルベル,イオ クリーム シルキーリペア 200,5,8000,2026-04,2026-05-18 15:32:58
2026-04-30,ロフト,ロフト0333,ルベル,イオセラム シャンプー 200,1,2000,2026-04,2026-05-18 15:32:58
2026-04-30,ロフト,ロフト0333,ルベル,ルベル ウィズ RP 140,1,1000,2026-04,2026-05-18 15:32:58
2026-04-30,ロフト,ロフト0333,ルベル,トリエ スプレー10 170,16,25600,2026-04,2026-05-18 15:32:58
2026-04-30,ロフト,ロフト0333,ベルミス,ベルミス カラープラスAGY L,1,4536,2026-04,2026-05-18 15:32:58
2026-04-30,ロフト,ロフト0333,ベルミス,ベルミス スリムフルレッグLーLL,1,4718,2026-04,2026-05-18 15:32:58
2026-04-30,ロフト,ロフト0333,ベルミス,ベルミス スリムフルレッグ M-L,1,4718,2026-04,2026-05-18 15:32:58
2026-04-30,ロフト,ロフト0333,ベルミス,リムーブレギンスEB M-L,1,11182,2026-04,2026-05-18 15:32:58
2026-04-30,ロフト,ロフト0333,ベルミス,スリムレギンス Premium Lv1,1,5445,2026-04,2026-05-18 15:32:58
2026-04-30,ロフト,ロフト0335,ルベル,イオ シャンプー リラックスメント200,4,6400,2026-04,2026-05-18 15:32:58
2026-04-30,ロフト,ロフト0335,ルベル,イオ エッセンス モイスト,4,8000,2026-04,2026-05-18 15:32:58
2026-04-30,ロフト,ロフト0335,ルベル,イオ エッセンス スリーク,4,8000,2026-04,2026-05-18 15:32:58
2026-04-30,ロフト,ロフト0335,ルベル,イオ クリーム メルトリペア 200,3,4800,2026-04,2026-05-18 15:32:58
2026-04-30,ロフト,ロフト0335,ルベル,ルベル ウィズ MG 240,1,1000,2026-04,2026-05-18 15:32:58
2026-04-30,ロフト,ロフト0335,ルベル,ルベル ウィズ RP 140,1,1000,2026-04,2026-05-18 15:32:58
2026-04-30,ロフト,ロフト0335,ベルミス,ベルミス スリムレギンス M-L,2,7980,2026-04,2026-05-18 15:32:58
2026-04-30,ロフト,ロフト0335,ベルミス,ベルミス スリムレギンス L-LL,1,3990,2026-04,2026-05-18 15:32:58
2026-04-30,ロフト,ロフト0335,バイワンシー,バイワンシー モイストブースターホイップ,2,4400,2026-04,2026-05-18 15:32:58
2026-04-30,ロフト,ロフト0335,ベルミス,ベルミス スリムフルレッグLーLL,1,4718,2026-04,2026-05-18 15:32:58
2026-04-30,ロフト,ロフト0335,ベルミス,スリムレギンス Premium Lv2,2,10890,2026-04,2026-05-18 15:32:58
2026-04-30,ロフト,ロフト0335,ベルミス,スリムレギンス Premium Lv3,2,10890,2026-04,2026-05-18 15:32:58
2026-04-30,ロフト,ロフト0335,wolg,wolg BBクリーム ナチュラル,4,10836,2026-04,2026-05-18 15:32:58
2026-04-30,ロフト,ロフト0336,ルベル,ルベル ウィズ SW 240,2,2000,2026-04,2026-05-18 15:32:58
2026-04-30,ロフト,ロフト0336,ルベル,トリエ スプレー10 170,4,6400,2026-04,2026-05-18 15:32:58
2026-04-30,ロフト,ロフト0336,VIAGE,ビューティアップナイトブラ ブラックM,1,2980,2026-04,2026-05-18 15:32:58
2026-04-30,ロフト,ロフト0336,VIAGE,ビューティアップナイトブラ BグレーM,1,2980,2026-04,2026-05-18 15:32:58
2026-04-30,ロフト,ロフト0336,ベルミス,ベルミス スリムレギンス M-L,3,11970,2026-04,2026-05-18 15:32:58
2026-04-30,ロフト,ロフト0336,ベルミス,ベルミス スリムレギンス L-LL,1,3990,2026-04,2026-05-18 15:32:58
2026-04-30,ロフト,ロフト0336,ベルミス,ベルミス カラープラスBK M,2,9072,2026-04,2026-05-18 15:32:58
2026-04-30,ロフト,ロフト0336,ベルミス,ベルミス カラープラスAGY L,1,4536,2026-04,2026-05-18 15:32:58
2026-04-30,ロフト,ロフト0336,ベルミス,スリムレギンス Premium Lv3,1,5445,2026-04,2026-05-18 15:32:58
2026-04-30,ロフト,ロフト0336,バイワンシー,バイワンシー ヒートケア・トリートメント,1,2700,2026-04,2026-05-18 15:32:58
2026-04-30,ロフト,ロフト0336,バイワンシー,バイワンシー スムース・リペアエッセンス,2,5400,2026-04,2026-05-18 15:32:58
2026-04-30,ロフト,ロフト0336,バイワンシー,バイワンシー スムースリペアESサシェ,9,2430,2026-04,2026-05-18 15:32:58
2026-04-30,ロフト,ロフト0336,バイワンシー,バイワンシー SP&TRサシェ,17,4590,2026-04,2026-05-18 15:32:58
2026-04-30,ロフト,ロフト0337,ルベル,イオ シャンプー リラックスメント200,1,1600,2026-04,2026-05-18 15:32:58
2026-04-30,ロフト,ロフト0337,ルベル,イオセラム シャンプー 200,2,4000,2026-04,2026-05-18 15:32:58
2026-04-30,ロフト,ロフト0337,ルベル,トリエ スプレー10 170,7,11200,2026-04,2026-05-18 15:32:58
2026-04-30,ロフト,ロフト0337,ベルミス,ベルミス スリムレギンス M-L,1,3990,2026-04,2026-05-18 15:32:58
2026-04-30,ロフト,ロフト0337,ベルミス,ベルミス カラープラスBK M,1,4536,2026-04,2026-05-18 15:32:58
2026-04-30,ロフト,ロフト0337,ベルミス,ベルミス スリムフルレッグ M-L,1,4718,2026-04,2026-05-18 15:32:58
2026-04-30,ロフト,ロフト0337,ベルミス,スリムレギンス Premium Lv3,1,5445,2026-04,2026-05-18 15:32:58
2026-04-30,ロフト,ロフト0338,ルベル,イオ シャンプー リラックスメント200,1,1600,2026-04,2026-05-18 15:32:58
2026-04-30,ロフト,ロフト0338,VIAGE,ビューティアップナイトブラ ブラックM,1,2980,2026-04,2026-05-18 15:32:58
2026-04-30,ロフト,ロフト0338,VIAGE,ビューティアップナイトブラ BグレーM,1,2980,2026-04,2026-05-18 15:32:58
2026-04-30,ロフト,ロフト0338,VIAGE,ビューティアップナイトブラ BグレーL,1,2980,2026-04,2026-05-18 15:32:58
2026-04-30,ロフト,ロフト0338,ベルミス,ベルミス スリムレギンス M-L,3,11970,2026-04,2026-05-18 15:32:58
2026-04-30,ロフト,ロフト0338,ベルミス,ベルミス スリムレギンス L-LL,3,11970,2026-04,2026-05-18 15:32:58
2026-04-30,ロフト,ロフト0338,ベルミス,ベルミス カラープラスBK L,1,4536,2026-04,2026-05-18 15:32:58
2026-04-30,ロフト,ロフト0338,バイワンシー,バイワンシー モイストブースターホイップ,1,2200,2026-04,2026-05-18 15:32:58
2026-04-30,ロフト,ロフト0338,ベルミス,ベルミス スリムフルレッグLーLL,1,4718,2026-04,2026-05-18 15:32:58
2026-04-30,ロフト,ロフト0338,ベルミス,リムーブレギンスEB L-LL,1,11182,2026-04,2026-05-18 15:32:58
2026-04-30,ロフト,ロフト0338,ベルミス,スリムレギンス Premium Lv2,2,10890,2026-04,2026-05-18 15:32:58
2026-04-30,ロフト,ロフト0338,ベルミス,スリムレギンス Premium Lv3,3,16335,2026-04,2026-05-18 15:32:58
2026-04-30,ロフト,ロフト0338,ベルミス,スリムフルレッグ クールプラス M-L,1,4718,2026-04,2026-05-18 15:32:58
2026-04-30,ロフト,ロフト0338,ベルミス,スリムフルレッグ クールプラス L-LL,1,4718,2026-04,2026-05-18 15:32:58
2026-04-30,ロフト,ロフト0338,バイワンシー,バイワンシー ピュア・アミノシャンプー,1,2700,2026-04,2026-05-18 15:32:58
2026-04-30,ロフト,ロフト0338,バイワンシー,バイワンシー ヒートケア・トリートメント,1,2700,2026-04,2026-05-18 15:32:58
2026-04-30,ロフト,ロフト0338,バイワンシー,バイワンシー スムース・リペアエッセンス,2,5400,2026-04,2026-05-18 15:32:58
2026-04-30,ロフト,ロフト0339,ルベル,イオ クリーム シルキーリペア 200,7,11200,2026-04,2026-05-18 15:32:58
2026-04-30,ロフト,ロフト0339,ルベル,トリエ スプレー10 170,10,16000,2026-04,2026-05-18 15:32:58
2026-04-30,ロフト,ロフト0339,ベルミス,ベルミス スリムレギンス M-L,1,3990,2026-04,2026-05-18 15:32:58
2026-04-30,ロフト,ロフト0339,ベルミス,ベルミス スリムレギンス L-LL,2,7980,2026-04,2026-05-18 15:32:58
2026-04-30,ロフト,ロフト0339,ベルミス,ベルミス カラープラスBK M,1,4536,2026-04,2026-05-18 15:32:58
2026-04-30,ロフト,ロフト0339,ベルミス,ベルミス カラープラスBK L,2,9072,2026-04,2026-05-18 15:32:58
2026-04-30,ロフト,ロフト0339,ベルミス,ベルミス カラープラスAGY L,4,9072,2026-04,2026-05-18 15:32:58
2026-04-30,ロフト,ロフト0339,バイワンシー,バイワンシー モイストブースターホイップ,2,4400,2026-04,2026-05-18 15:32:58
2026-04-30,ロフト,ロフト0339,ベルミス,スリムレギンス Premium Lv3,2,10890,2026-04,2026-05-18 15:32:58
2026-04-30,ロフト,ロフト0340,ルベル,イオ シャンプー クリアメント200,2,3200,2026-04,2026-05-18 15:32:58
2026-04-30,ロフト,ロフト0340,ルベル,イオ エッセンス モイスト,1,2000,2026-04,2026-05-18 15:32:58
2026-04-30,ロフト,ロフト0340,ルベル,イオ シャンプー リラックスメント200,7,11200,2026-04,2026-05-18 15:32:58
2026-04-30,ロフト,ロフト0340,ベルミス,ベルミス カラープラスBK M,1,4536,2026-04,2026-05-18 15:32:58
2026-04-30,ロフト,ロフト0340,ベルミス,ベルミス カラープラスAGY M,1,4536,2026-04,2026-05-18 15:32:58
2026-04-30,ロフト,ロフト0340,ベルミス,ベルミス カラープラスBK L,3,13608,2026-04,2026-05-18 15:32:58
2026-04-30,ロフト,ロフト0340,バイワンシー,バイワンシー モイストブースターホイップ,2,4400,2026-04,2026-05-18 15:32:58
2026-04-30,ロフト,ロフト0340,ベルミス,ベルミス スリムフルレッグ M-L,1,4718,2026-04,2026-05-18 15:32:58
2026-04-30,ロフト,ロフト0340,ベルミス,スリムレギンス Premium Lv3,1,5445,2026-04,2026-05-18 15:32:58
2026-04-30,ロフト,ロフト0340,ベルミス,スリムフルレッグ クールプラス M-L,2,9436,2026-04,2026-05-18 15:32:58
2026-04-30,ロフト,ロフト0340,ベルミス,スリムフルレッグ クールプラス L-LL,1,4718,2026-04,2026-05-18 15:32:58
2026-04-30,ロフト,ロフト0340,バイワンシー,バイワンシー ピュア・アミノシャンプー,1,2700,2026-04,2026-05-18 15:32:58
2026-04-30,ロフト,ロフト0340,バイワンシー,バイワンシー ヒートケア・トリートメント,2,5400,2026-04,2026-05-18 15:32:58
2026-04-30,ロフト,ロフト0340,バイワンシー,バイワンシー スムース・リペアエッセンス,5,13500,2026-04,2026-05-18 15:32:58
2026-04-30,ロフト,ロフト0340,バイワンシー,バイワンシー SP&TRサシェ,22,5940,2026-04,2026-05-18 15:32:58
2026-04-30,ロフト,ロフト0341,ルベル,イオ シャンプー クリアメント200,3,4800,2026-04,2026-05-18 15:32:58
2026-04-30,ロフト,ロフト0341,ルベル,イオ エッセンス モイスト,2,4000,2026-04,2026-05-18 15:32:58
2026-04-30,ロフト,ロフト0341,ルベル,トリエ スプレー10 170,3,4800,2026-04,2026-05-18 15:32:58
2026-04-30,ロフト,ロフト0341,ルベル,イオ クリーム シルキーリペア 200,5,8000,2026-04,2026-05-18 15:32:58
2026-04-30,ロフト,ロフト0341,ルベル,イオ クリーム メルトリペア 200,3,4800,2026-04,2026-05-18 15:32:58
2026-04-30,ロフト,ロフト0341,ルベル,ルベル ウィズ EP 140,1,1200,2026-04,2026-05-18 15:32:58
2026-04-30,ロフト,ロフト0341,ルベル,トリエ スプレー10 170,1,1600,2026-04,2026-05-18 15:32:58
2026-04-30,ロフト,ロフト0341,ベルミス,ベルミス スリムレギンス M-L,3,11970,2026-04,2026-05-18 15:32:58
2026-04-30,ロフト,ロフト0341,ベルミス,ベルミス スリムレギンス L-LL,1,3990,2026-04,2026-05-18 15:32:58
2026-04-30,ロフト,ロフト0341,ベルミス,ベルミス カラープラスBK M,2,9072,2026-04,2026-05-18 15:32:58
2026-04-30,ロフト,ロフト0341,バイワンシー,バイワンシー モイストブースターホイップ,2,4400,2026-04,2026-05-18 15:32:58
2026-04-30,ロフト,ロフト0341,ベルミス,スリムレギンス Premium Lv3,1,5445,2026-04,2026-05-18 15:32:58
2026-04-30,ロフト,ロフト0341,ベルミス,スリムフルレッグ クールプラス M-L,1,4718,2026-04,2026-05-18 15:32:58
2026-04-30,ロフト,ロフト0341,バイワンシー,バイワンシー スムース・リペアエッセンス,4,10800,2026-04,2026-05-18 15:32:58
2026-04-30,ロフト,ロフト0341,ekam,ekam アドバンスドジェル,1,2709,2026-04,2026-05-18 15:32:58
2026-04-30,ロフト,ロフト0342,ルベル,イオ ディープマスク,2,6000,2026-04,2026-05-18 15:32:58
2026-04-30,ロフト,ロフト0342,ルベル,イオセラム シャンプー 200,6,12000,2026-04,2026-05-18 15:32:58
2026-04-30,ロフト,ロフト0342,ルベル,イオセラム オイル 100,1,2400,2026-04,2026-05-18 15:32:58
2026-04-30,ロフト,ロフト0342,ルベル,ルベル ウィズ EP 140,1,1200,2026-04,2026-05-18 15:32:58
2026-04-30,ロフト,ロフト0342,ルベル,ルベル ウィズ EP 260,1,2200,2026-04,2026-05-18 15:32:58
2026-04-30,ロフト,ロフト0342,ルベル,トリエ スプレー10 170,18,28800,2026-04,2026-05-18 15:32:58
2026-04-30,ロフト,ロフト0342,ベルミス,ベルミス カラープラスBK L,1,4536,2026-04,2026-05-18 15:32:58
2026-04-30,ロフト,ロフト0342,ベルミス,ベルミス カラープラスAGY L,1,4536,2026-04,2026-05-18 15:32:58
2026-04-30,ロフト,ロフト0342,ベルミス,スリムレギンス Premium Lv1,1,5445,2026-04,2026-05-18 15:32:58
2026-04-30,ロフト,ロフト0342,ベルミス,スリムレギンス Premium Lv3,1,5445,2026-04,2026-05-18 15:32:58
2026-04-30,ロフト,ロフト0342,wolg,wolg BBクリーム ナチュラル,3,8127,2026-04,2026-05-18 15:32:58
2026-04-30,ロフト,ロフト0342,ekam,ekam アドバンスドジェル,2,5418,2026-04,2026-05-18 15:32:58
2026-04-30,ロフト,ロフト0342,ekam,ekam アドバンスドセラム,1,3164,2026-04,2026-05-18 15:32:58
2026-04-30,ロフト,ロフト0342,ekam,ekam ホイップ洗顔,2,3600,2026-04,2026-05-18 15:32:58
2026-04-30,ロフト,ロフト0343,ルベル,イオセラム クリーム 200,2,4000,2026-04,2026-05-18 15:32:58
2026-04-30,ロフト,ロフト0343,ルベル,イオ シャンプー リラックスメント200,5,8000,2026-04,2026-05-18 15:32:58
2026-04-30,ロフト,ロフト0343,ルベル,イオ エッセンス モイスト,3,6000,2026-04,2026-05-18 15:32:58
2026-04-30,ロフト,ロフト0343,ルベル,イオ クリーム メルトリペア 200,2,3200,2026-04,2026-05-18 15:32:58
2026-04-30,ロフト,ロフト0343,ルベル,イオセラム シャンプー 200,6,12000,2026-04,2026-05-18 15:32:58
2026-04-30,ロフト,ロフト0343,ルベル,イオセラム クリーム 200,1,2000,2026-04,2026-05-18 15:32:58
2026-04-30,ロフト,ロフト0343,ルベル,イオセラム オイル 100,4,9600,2026-04,2026-05-18 15:32:58
2026-04-30,ロフト,ロフト0343,ルベル,トリエ スプレー10 170,20,32000,2026-04,2026-05-18 15:32:58
2026-04-30,ロフト,ロフト0343,ベルミス,ベルミス カラープラスBK M,1,4536,2026-04,2026-05-18 15:32:58
2026-04-30,ロフト,ロフト0343,ベルミス,ベルミス カラープラスAGY M,1,4536,2026-04,2026-05-18 15:32:58
2026-04-30,ロフト,ロフト0343,ベルミス,ベルミス カラープラスAGY L,1,4536,2026-04,2026-05-18 15:32:58
2026-04-30,ロフト,ロフト0343,ベルミス,スリムレギンス Premium Lv3,2,10890,2026-04,2026-05-18 15:32:58
2026-04-30,ロフト,ロフト0343,wolg,wolg BBクリーム ナチュラル,2,5418,2026-04,2026-05-18 15:32:58
2026-04-30,ロフト,ロフト0343,ekam,ekam アドバンスドセラム,1,3164,2026-04,2026-05-18 15:32:58
2026-04-30,ロフト,ロフト0344,ルベル,イオ シャンプー リラックスメント200,1,1600,2026-04,2026-05-18 15:32:58
2026-04-30,ロフト,ロフト0344,ルベル,イオ エッセンス スリーク,6,12000,2026-04,2026-05-18 15:32:58
2026-04-30,ロフト,ロフト0344,ルベル,イオ クリーム シルキーリペア 200,1,1600,2026-04,2026-05-18 15:32:58
2026-04-30,ロフト,ロフト0344,ルベル,イオセラム シャンプー 200,4,8000,2026-04,2026-05-18 15:32:58
2026-04-30,ロフト,ロフト0344,ルベル,イオセラム クリーム 200,1,2000,2026-04,2026-05-18 15:32:58
2026-04-30,ロフト,ロフト0344,ルベル,イオセラム オイル 100,3,7200,2026-04,2026-05-18 15:32:58
2026-04-30,ロフト,ロフト0344,ベルミス,ベルミス カラープラスBK L,1,4536,2026-04,2026-05-18 15:32:58
2026-04-30,ロフト,ロフト0344,バイワンシー,バイワンシー モイストブースターホイップ,5,11000,2026-04,2026-05-18 15:32:58
2026-04-30,ロフト,ロフト0344,ベルミス,ベルミス スリムフルレッグLーLL,2,9436,2026-04,2026-05-18 15:32:58
2026-04-30,ロフト,ロフト0344,ベルミス,スリムレギンス Premium Lv2,1,5445,2026-04,2026-05-18 15:32:58
2026-04-30,ロフト,ロフト0345,ルベル,イオ エッセンス フォルティ,1,2000,2026-04,2026-05-18 15:32:58
2026-04-30,ロフト,ロフト0345,ルベル,イオ エッセンス モイスト,3,6000,2026-04,2026-05-18 15:32:58
2026-04-30,ロフト,ロフト0345,ルベル,イオ クリーム シルキーリペア 200,4,6400,2026-04,2026-05-18 15:32:58
2026-04-30,ロフト,ロフト0345,ルベル,イオセラム シャンプー 200,2,4000,2026-04,2026-05-18 15:32:58
2026-04-30,ロフト,ロフト0345,ルベル,イオセラム マスク 170,1,3200,2026-04,2026-05-18 15:32:58
2026-04-30,ロフト,ロフト0345,ルベル,トリエ スプレー10 170,4,6400,2026-04,2026-05-18 15:32:58
2026-04-30,ロフト,ロフト0345,ベルミス,ベルミス カラープラスBK L,3,13608,2026-04,2026-05-18 15:32:58
2026-04-30,ロフト,ロフト0345,ベルミス,ベルミス カラープラスAGY L,3,13608,2026-04,2026-05-18 15:32:58
2026-04-30,ロフト,ロフト0345,バイワンシー,バイワンシー モイストブースターホイップ,1,2200,2026-04,2026-05-18 15:32:58
2026-04-30,ロフト,ロフト0345,ベルミス,ベルミス スリムフルレッグ M-L,2,9436,2026-04,2026-05-18 15:32:58
2026-04-30,ロフト,ロフト0345,ベルミス,リムーブレギンスEB L-LL,2,22364,2026-04,2026-05-18 15:32:58
2026-04-30,ロフト,ロフト0345,ベルミス,スリムレギンス Premium Lv2,1,5445,2026-04,2026-05-18 15:32:58
2026-04-30,ロフト,ロフト0345,ベルミス,スリムレギンス Premium Lv3,2,10890,2026-04,2026-05-18 15:32:58
2026-04-30,ロフト,ロフト0345,ベルミス,スリムフルレッグ クールプラス M-L,3,14154,2026-04,2026-05-18 15:32:58
2026-04-30,ロフト,ロフト0345,ベルミス,スリムフルレッグ クールプラス L-LL,1,4718,2026-04,2026-05-18 15:32:58
2026-04-30,ロフト,ロフト0345,ekam,ekam アドバンスドジェル,3,8127,2026-04,2026-05-18 15:32:58
2026-04-30,ロフト,ロフト0345,ekam,ekam ホイップ洗顔,1,1800,2026-04,2026-05-18 15:32:58
2026-04-30,ロフト,ロフト0346,ルベル,イオ クリーム メルトリペア 200,1,1600,2026-04,2026-05-18 15:32:58
2026-04-30,ロフト,ロフト0346,ルベル,イオセラム オイル 100,2,4800,2026-04,2026-05-18 15:32:58
2026-04-30,ロフト,ロフト0346,VIAGE,ビューティアップナイトブラ ブラックM,1,2980,2026-04,2026-05-18 15:32:58
2026-04-30,ロフト,ロフト0346,VIAGE,ビューティアップナイトブラ ブラックL,3,8940,2026-04,2026-05-18 15:32:58
2026-04-30,ロフト,ロフト0346,VIAGE,ビューティアップナイトブラ BグレーL,1,2980,2026-04,2026-05-18 15:32:58
2026-04-30,ロフト,ロフト0346,ベルミス,ベルミス スリムレギンス L-LL,3,11970,2026-04,2026-05-18 15:32:58
2026-04-30,ロフト,ロフト0346,ベルミス,ベルミス カラープラスBK M,1,4536,2026-04,2026-05-18 15:32:58
2026-04-30,ロフト,ロフト0346,ベルミス,ベルミス カラープラスAGY M,1,4536,2026-04,2026-05-18 15:32:58
2026-04-30,ロフト,ロフト0346,バイワンシー,バイワンシー モイストブースターホイップ,1,2200,2026-04,2026-05-18 15:32:58
2026-04-30,ロフト,ロフト0346,ベルミス,スリムレギンス Premium Lv1,1,5445,2026-04,2026-05-18 15:32:58
2026-04-30,ロフト,ロフト0346,ベルミス,スリムレギンス Premium Lv3,2,10890,2026-04,2026-05-18 15:32:58
2026-04-30,ロフト,ロフト0346,ベルミス,スリムフルレッグ クールプラス L-LL,2,9436,2026-04,2026-05-18 15:32:58
2026-04-30,ロフト,ロフト0346,バイワンシー,バイワンシー ピュア・アミノシャンプー,1,2700,2026-04,2026-05-18 15:32:58
2026-04-30,ロフト,ロフト0346,バイワンシー,バイワンシー ヒートケア・トリートメント,1,2700,2026-04,2026-05-18 15:32:58
2026-04-30,ロフト,ロフト0346,バイワンシー,バイワンシー スムース・リペアエッセンス,1,2700,2026-04,2026-05-18 15:32:58
2026-04-30,ロフト,ロフト0347,ルベル,イオ エッセンス モイスト,1,2000,2026-04,2026-05-18 15:32:58
2026-04-30,ロフト,ロフト0347,ルベル,イオセラム オイル 100,2,4800,2026-04,2026-05-18 15:32:58
2026-04-30,ロフト,ロフト0347,ルベル,イオ クリーム メルトリペア 200,2,3200,2026-04,2026-05-18 15:32:58
2026-04-30,ロフト,ロフト0347,VIAGE,ビューティアップナイトブラ ブラックM,1,2980,2026-04,2026-05-18 15:32:58
2026-04-30,ロフト,ロフト0347,VIAGE,ビューティアップナイトブラ ブラックL,2,5960,2026-04,2026-05-18 15:32:58
2026-04-30,ロフト,ロフト0347,VIAGE,ビューティアップナイトブラ BグレーM,1,2980,2026-04,2026-05-18 15:32:58
2026-04-30,ロフト,ロフト0347,VIAGE,ビューティアップナイトブラ BグレーL,1,2980,2026-04,2026-05-18 15:32:58
2026-04-30,ロフト,ロフト0347,ベルミス,ベルミス スリムレギンス M-L,5,19950,2026-04,2026-05-18 15:32:58
2026-04-30,ロフト,ロフト0347,ベルミス,ベルミス カラープラスBK M,3,13608,2026-04,2026-05-18 15:32:58
2026-04-30,ロフト,ロフト0347,ベルミス,ベルミス カラープラスAGY M,1,4536,2026-04,2026-05-18 15:32:58
2026-04-30,ロフト,ロフト0347,ベルミス,ベルミス カラープラスBK L,1,4536,2026-04,2026-05-18 15:32:58
2026-04-30,ロフト,ロフト0347,バイワンシー,バイワンシー モイストブースターホイップ,1,2200,2026-04,2026-05-18 15:32:58
2026-04-30,ロフト,ロフト0347,ベルミス,ベルミス スリムフルレッグLーLL,2,9436,2026-04,2026-05-18 15:32:58
2026-04-30,ロフト,ロフト0347,ベルミス,スリムレギンス Premium Lv1,1,5445,2026-04,2026-05-18 15:32:58
2026-04-30,ロフト,ロフト0347,バイワンシー,バイワンシー スムース・リペアエッセンス,3,8100,2026-04,2026-05-18 15:32:58
2026-04-30,ロフト,ロフト0347,ekam,ekam アドバンスドジェル,1,2709,2026-04,2026-05-18 15:32:58
2026-04-30,ロフト,ロフト0347,ekam,ekam ホイップ洗顔,1,1800,2026-04,2026-05-18 15:32:58
2026-04-30,ロフト,ロフト0348,ルベル,イオ シャンプー クリアメント200,3,4800,2026-04,2026-05-18 15:32:58
2026-04-30,ロフト,ロフト0348,ルベル,イオ シャンプー リラックスメント200,2,3200,2026-04,2026-05-18 15:32:58
2026-04-30,ロフト,ロフト0348,ルベル,イオセラム クリーム 200,1,2000,2026-04,2026-05-18 15:32:58
2026-04-30,ロフト,ロフト0348,ルベル,イオセラム オイル 100,2,4800,2026-04,2026-05-18 15:32:58
2026-04-30,ロフト,ロフト0348,ルベル,ルベル ウィズ CY 240,1,1400,2026-04,2026-05-18 15:32:58
2026-04-30,ロフト,ロフト0348,ルベル,トリエ スプレー10 170,2,3200,2026-04,2026-05-18 15:32:58
2026-04-30,ロフト,ロフト0348,VIAGE,ビューティアップナイトブラ ブラックM,2,5960,2026-04,2026-05-18 15:32:58
2026-04-30,ロフト,ロフト0348,VIAGE,ビューティアップナイトブラ BグレーM,1,2980,2026-04,2026-05-18 15:32:58
2026-04-30,ロフト,ロフト0348,VIAGE,ビューティアップナイトブラ BグレーL,1,2980,2026-04,2026-05-18 15:32:58
2026-04-30,ロフト,ロフト0348,ベルミス,ベルミス スリムレギンス M-L,1,3990,2026-04,2026-05-18 15:32:58
2026-04-30,ロフト,ロフト0348,ベルミス,ベルミス カラープラスBK M,2,9072,2026-04,2026-05-18 15:32:58
2026-04-30,ロフト,ロフト0348,ベルミス,ベルミス カラープラスBK L,1,4536,2026-04,2026-05-18 15:32:58
2026-04-30,ロフト,ロフト0348,ベルミス,ベルミス カラープラスAGY L,1,4536,2026-04,2026-05-18 15:32:58
2026-04-30,ロフト,ロフト0348,バイワンシー,バイワンシー モイストブースターホイップ,3,6600,2026-04,2026-05-18 15:32:58
2026-04-30,ロフト,ロフト0348,ベルミス,スリムレギンス Premium Lv1,1,5445,2026-04,2026-05-18 15:32:58
2026-04-30,ロフト,ロフト0348,ベルミス,スリムフルレッグ クールプラス M-L,1,4718,2026-04,2026-05-18 15:32:58
2026-04-30,ロフト,ロフト0348,ekam,ekam アドバンスドジェル,2,5418,2026-04,2026-05-18 15:32:58
2026-04-30,ロフト,ロフト0348,ekam,ekam アドバンスドセラム,1,3164,2026-04,2026-05-18 15:32:58
2026-04-30,ロフト,ロフト0348,Vイフェクト,VイフェクトFCポアタイトアンプル,1,2700,2026-04,2026-05-18 15:32:58
2026-04-30,ロフト,ロフト0348,Vイフェクト,VイフェクトFCポアベルベットクリーム,1,2980,2026-04,2026-05-18 15:32:58
2026-04-30,ロフト,ロフト0348,Vイフェクト,Vイフェクト青麦LHAクレンジングジェル,1,2100,2026-04,2026-05-18 15:32:58
2026-04-30,ロフト,ロフト0349,ルベル,イオセラム シャンプー 200,1,2000,2026-04,2026-05-18 15:32:58
2026-04-30,ロフト,ロフト0349,ルベル,イオ シャンプー クリアメント200,1,1600,2026-04,2026-05-18 15:32:58
2026-04-30,ロフト,ロフト0349,ルベル,イオ エッセンス スリーク,1,2000,2026-04,2026-05-18 15:32:58
2026-04-30,ロフト,ロフト0349,ルベル,イオセラム オイル 100,1,2400,2026-04,2026-05-18 15:32:58
2026-04-30,ロフト,ロフト0349,ベルミス,ベルミス スリムレギンス M-L,1,3990,2026-04,2026-05-18 15:32:58
2026-04-30,ロフト,ロフト0349,ベルミス,ベルミス スリムフルレッグ M-L,1,4718,2026-04,2026-05-18 15:32:58
2026-04-30,ロフト,ロフト0349,ベルミス,スリムレギンス Premium Lv2,1,5445,2026-04,2026-05-18 15:32:58
2026-04-30,ロフト,ロフト0350,ルベル,イオセラム シャンプー 200,1,2000,2026-04,2026-05-18 15:32:58
2026-04-30,ロフト,ロフト0350,ルベル,イオセラム クリーム 200,3,6000,2026-04,2026-05-18 15:32:58
2026-04-30,ロフト,ロフト0350,ルベル,イオセラム オイル 100,1,2400,2026-04,2026-05-18 15:32:58
2026-04-30,ロフト,ロフト0350,ルベル,イオ クリーム メルトリペア 200,2,3200,2026-04,2026-05-18 15:32:58
2026-04-30,ロフト,ロフト0350,ルベル,ルベル ウィズ RP 140,1,1000,2026-04,2026-05-18 15:32:58
2026-04-30,ロフト,ロフト0350,VIAGE,ビューティアップナイトブラ ブラックL,2,5960,2026-04,2026-05-18 15:32:58
2026-04-30,ロフト,ロフト0350,ベルミス,ベルミス カラープラスBK M,1,4536,2026-04,2026-05-18 15:32:58
2026-04-30,ロフト,ロフト0350,ベルミス,スリムレギンス Premium Lv2,1,5445,2026-04,2026-05-18 15:32:58
2026-04-30,ロフト,ロフト0350,ベルミス,スリムレギンス Premium Lv3,1,5445,2026-04,2026-05-18 15:32:58
2026-04-30,ロフト,ロフト0350,ベルミス,スリムフルレッグ クールプラス M-L,1,4718,2026-04,2026-05-18 15:32:58
2026-04-30,ロフト,ロフト0350,バイワンシー,バイワンシー ピュア・アミノシャンプー,3,8100,2026-04,2026-05-18 15:32:58
2026-04-30,ロフト,ロフト0350,バイワンシー,バイワンシー スムース・リペアエッセンス,3,8100,2026-04,2026-05-18 15:32:58
2026-04-30,ロフト,ロフト0350,バイワンシー,バイワンシー スムースリペアESサシェ,8,2160,2026-04,2026-05-18 15:32:58
2026-04-30,ロフト,ロフト0350,ekam,ekam アドバンスドジェル,1,2709,2026-04,2026-05-18 15:32:58
2026-04-30,ロフト,ロフト0352,ルベル,ルベル ウィズ JO 240,1,1000,2026-04,2026-05-18 15:32:58
2026-04-30,ロフト,ロフト0352,ルベル,イオ エッセンス スリーク,1,2000,2026-04,2026-05-18 15:32:58
2026-04-30,ロフト,ロフト0352,ルベル,イオセラム シャンプー 200,2,4000,2026-04,2026-05-18 15:32:58
2026-04-30,ロフト,ロフト0352,ルベル,イオセラム オイル 100,1,2400,2026-04,2026-05-18 15:32:58
2026-04-30,ロフト,ロフト0352,ルベル,トリエ スプレー10 170,2,3200,2026-04,2026-05-18 15:32:58
2026-04-30,ロフト,ロフト0352,ベルミス,ベルミス スリムレギンス L-LL,2,7980,2026-04,2026-05-18 15:32:58
2026-04-30,ロフト,ロフト0352,ベルミス,ベルミス カラープラスAGY M,1,4536,2026-04,2026-05-18 15:32:58
2026-04-30,ロフト,ロフト0352,バイワンシー,バイワンシー モイストブースターホイップ,4,8800,2026-04,2026-05-18 15:32:58
2026-04-30,ロフト,ロフト0352,ベルミス,ベルミス スリムフルレッグ M-L,2,9436,2026-04,2026-05-18 15:32:58
2026-04-30,ロフト,ロフト0352,ベルミス,スリムレギンス Premium Lv1,1,5445,2026-04,2026-05-18 15:32:58
2026-04-30,ロフト,ロフト0352,ベルミス,スリムレギンス Premium Lv3,3,16335,2026-04,2026-05-18 15:32:58
2026-04-30,ロフト,ロフト0352,ベルミス,スリムフルレッグ クールプラス M-L,2,9436,2026-04,2026-05-18 15:32:58
2026-04-30,ロフト,ロフト0352,ベルミス,スリムフルレッグ クールプラス L-LL,2,9436,2026-04,2026-05-18 15:32:58
2026-04-30,ロフト,ロフト0353,ルベル,イオ シャンプー リラックスメント200,1,1600,2026-04,2026-05-18 15:32:58
2026-04-30,ロフト,ロフト0353,ルベル,ルベル ウィズ MG 240,2,2000,2026-04,2026-05-18 15:32:58
2026-04-30,ロフト,ロフト0353,ルベル,ルベル ウィズ JO 240,1,1000,2026-04,2026-05-18 15:32:58
2026-04-30,ロフト,ロフト0353,ルベル,ルベル ウィズ RP 140,3,3000,2026-04,2026-05-18 15:32:58
2026-04-30,ロフト,ロフト0353,ルベル,イオ シャンプー クリアメント200,2,3200,2026-04,2026-05-18 15:32:58
2026-04-30,ロフト,ロフト0353,ルベル,イオ エッセンス モイスト,1,2000,2026-04,2026-05-18 15:32:58
2026-04-30,ロフト,ロフト0353,ルベル,イオ クリーム シルキーリペア 200,9,14400,2026-04,2026-05-18 15:32:58
2026-04-30,ロフト,ロフト0353,ルベル,イオ クリーム メルトリペア 200,3,4800,2026-04,2026-05-18 15:32:58
2026-04-30,ロフト,ロフト0353,ルベル,イオセラム シャンプー 200,1,2000,2026-04,2026-05-18 15:32:58
2026-04-30,ロフト,ロフト0353,VIAGE,ビューティアップナイトブラ ブラックM,3,8940,2026-04,2026-05-18 15:32:58
2026-04-30,ロフト,ロフト0353,VIAGE,ビューティアップナイトブラ ブラックL,2,5960,2026-04,2026-05-18 15:32:58
2026-04-30,ロフト,ロフト0353,VIAGE,ビューティアップナイトブラ BグレーM,1,2980,2026-04,2026-05-18 15:32:58
2026-04-30,ロフト,ロフト0353,ベルミス,ベルミス スリムレギンス M-L,1,3990,2026-04,2026-05-18 15:32:58
2026-04-30,ロフト,ロフト0353,ベルミス,ベルミス スリムレギンス L-LL,3,11970,2026-04,2026-05-18 15:32:58
2026-04-30,ロフト,ロフト0353,ベルミス,ベルミス カラープラスBK L,2,9072,2026-04,2026-05-18 15:32:58
2026-04-30,ロフト,ロフト0353,ベルミス,ベルミス スリムフルレッグ M-L,1,4718,2026-04,2026-05-18 15:32:58
2026-04-30,ロフト,ロフト0353,ベルミス,リムーブレギンスEB L-LL,1,11182,2026-04,2026-05-18 15:32:58
2026-04-30,ロフト,ロフト0353,ベルミス,スリムレギンス Premium Lv2,1,5445,2026-04,2026-05-18 15:32:58
2026-04-30,ロフト,ロフト0353,ベルミス,スリムフルレッグ クールプラス M-L,2,9436,2026-04,2026-05-18 15:32:58
2026-04-30,ロフト,ロフト0353,ベルミス,スリムフルレッグ クールプラス L-LL,4,18872,2026-04,2026-05-18 15:32:58
2026-04-30,ロフト,ロフト0353,ekam,ekam アドバンスドジェル,1,2709,2026-04,2026-05-18 15:32:58
2026-04-30,ロフト,ロフト0354,ルベル,イオ エッセンス スリーク,1,2000,2026-04,2026-05-18 15:32:58
2026-04-30,ロフト,ロフト0354,ルベル,ルベル ウィズ JO 240,1,1000,2026-04,2026-05-18 15:32:58
2026-04-30,ロフト,ロフト0354,ルベル,イオ クリーム シルキーリペア 200,1,1600,2026-04,2026-05-18 15:32:58
2026-04-30,ロフト,ロフト0354,ルベル,イオセラム クリーム 200,1,2000,2026-04,2026-05-18 15:32:58
2026-04-30,ロフト,ロフト0354,VIAGE,ビューティアップナイトブラ BグレーM,1,2980,2026-04,2026-05-18 15:32:58
2026-04-30,ロフト,ロフト0354,ベルミス,ベルミス スリムレギンス M-L,2,7980,2026-04,2026-05-18 15:32:58
2026-04-30,ロフト,ロフト0354,ベルミス,ベルミス カラープラスBK M,2,9072,2026-04,2026-05-18 15:32:58
2026-04-30,ロフト,ロフト0354,ベルミス,ベルミス カラープラスBK L,1,4536,2026-04,2026-05-18 15:32:58
2026-04-30,ロフト,ロフト0354,ベルミス,ベルミス カラープラスAGY L,1,4536,2026-04,2026-05-18 15:32:58
2026-04-30,ロフト,ロフト0354,バイワンシー,バイワンシー モイストブースターホイップ,1,2200,2026-04,2026-05-18 15:32:58
2026-04-30,ロフト,ロフト0354,ベルミス,スリムレギンス Premium Lv1,2,10890,2026-04,2026-05-18 15:32:58
2026-04-30,ロフト,ロフト0354,ベルミス,スリムレギンス Premium Lv2,2,10890,2026-04,2026-05-18 15:32:58
2026-04-30,ロフト,ロフト0354,ベルミス,スリムフルレッグ クールプラス L-LL,1,4718,2026-04,2026-05-18 15:32:58
2026-04-30,ロフト,ロフト0354,バイワンシー,バイワンシー ピュア・アミノシャンプー,3,8100,2026-04,2026-05-18 15:32:58
2026-04-30,ロフト,ロフト0354,バイワンシー,バイワンシー ヒートケア・トリートメント,2,5400,2026-04,2026-05-18 15:32:58
2026-04-30,ロフト,ロフト0354,バイワンシー,バイワンシー スムース・リペアエッセンス,1,2700,2026-04,2026-05-18 15:32:58
2026-04-30,ロフト,ロフト0354,バイワンシー,バイワンシー スムースリペアESサシェ,5,1350,2026-04,2026-05-18 15:32:58
2026-04-30,ロフト,ロフト0354,バイワンシー,バイワンシー SP&TRサシェ,19,5130,2026-04,2026-05-18 15:32:58
2026-04-30,ロフト,ロフト0354,ekam,ekam アドバンスドジェル,2,5418,2026-04,2026-05-18 15:32:58
2026-04-30,ロフト,ロフト0354,ekam,ekam ホイップ洗顔,2,3600,2026-04,2026-05-18 15:32:58
2026-04-30,ロフト,ロフト0354,Vイフェクト,Vイフェクト青麦ジンクセラム,1,2300,2026-04,2026-05-18 15:32:58
2026-04-30,ロフト,ロフト0355,ルベル,イオ エッセンス モイスト,1,2000,2026-04,2026-05-18 15:32:58
2026-04-30,ロフト,ロフト0355,ルベル,イオ クリーム シルキーリペア 200,2,3200,2026-04,2026-05-18 15:32:58
2026-04-30,ロフト,ロフト0355,ルベル,イオ クリーム メルトリペア 200,1,1600,2026-04,2026-05-18 15:32:58
2026-04-30,ロフト,ロフト0355,ルベル,イオセラム クリーム 200,2,4000,2026-04,2026-05-18 15:32:58
2026-04-30,ロフト,ロフト0355,ルベル,イオセラム マスク 170,2,6400,2026-04,2026-05-18 15:32:58
2026-04-30,ロフト,ロフト0355,ルベル,トリエ スプレー10 170,6,9600,2026-04,2026-05-18 15:32:58
2026-04-30,ロフト,ロフト0355,VIAGE,ビューティアップナイトブラ ブラックL,1,2980,2026-04,2026-05-18 15:32:58
2026-04-30,ロフト,ロフト0355,VIAGE,ビューティアップナイトブラ BグレーL,1,2980,2026-04,2026-05-18 15:32:58
2026-04-30,ロフト,ロフト0355,ベルミス,ベルミス スリムレギンス M-L,2,7980,2026-04,2026-05-18 15:32:58
2026-04-30,ロフト,ロフト0355,ベルミス,ベルミス スリムレギンス L-LL,1,3990,2026-04,2026-05-18 15:32:58
2026-04-30,ロフト,ロフト0355,ベルミス,ベルミス カラープラスBK M,1,4536,2026-04,2026-05-18 15:32:58
2026-04-30,ロフト,ロフト0355,ベルミス,リムーブレギンスEB L-LL,2,22364,2026-04,2026-05-18 15:32:58
2026-04-30,ロフト,ロフト0355,ベルミス,スリムレギンス Premium Lv1,1,5445,2026-04,2026-05-18 15:32:58
2026-04-30,ロフト,ロフト0355,ベルミス,スリムフルレッグ クールプラス M-L,3,14154,2026-04,2026-05-18 15:32:58
2026-04-30,ロフト,ロフト0355,wolg,wolg BBクリーム ナチュラル,2,5418,2026-04,2026-05-18 15:32:58
2026-04-30,ロフト,ロフト0355,ekam,ekam アドバンスドジェル,2,5418,2026-04,2026-05-18 15:32:58
2026-04-30,ロフト,ロフト0356,ルベル,イオ エッセンス スリーク,1,2000,2026-04,2026-05-18 15:32:58
2026-04-30,ロフト,ロフト0356,ルベル,イオセラム シャンプー 200,2,4000,2026-04,2026-05-18 15:32:58
2026-04-30,ロフト,ロフト0356,ルベル,イオセラム クリーム 200,4,8000,2026-04,2026-05-18 15:32:58
2026-04-30,ロフト,ロフト0356,ルベル,イオ クリーム シルキーリペア 200,1,1600,2026-04,2026-05-18 15:32:58
2026-04-30,ロフト,ロフト0356,ルベル,イオ クリーム メルトリペア 200,2,3200,2026-04,2026-05-18 15:32:58
2026-04-30,ロフト,ロフト0356,ルベル,ルベル ウィズ RP 140,1,1000,2026-04,2026-05-18 15:32:58
2026-04-30,ロフト,ロフト0356,ベルミス,ベルミス スリムレギンス M-L,1,3990,2026-04,2026-05-18 15:32:58
2026-04-30,ロフト,ロフト0356,ベルミス,ベルミス カラープラスBK M,1,4536,2026-04,2026-05-18 15:32:58
2026-04-30,ロフト,ロフト0356,ベルミス,スリムレギンス Premium Lv1,1,5445,2026-04,2026-05-18 15:32:58
2026-04-30,ロフト,ロフト0356,ベルミス,スリムレギンス Premium Lv2,1,5445,2026-04,2026-05-18 15:32:58
2026-04-30,ロフト,ロフト0356,ベルミス,スリムレギンス Premium Lv3,1,5445,2026-04,2026-05-18 15:32:58
2026-04-30,ロフト,ロフト0356,ベルミス,スリムフルレッグ クールプラス M-L,1,4718,2026-04,2026-05-18 15:32:58
2026-04-30,ロフト,ロフト0357,ルベル,イオ クリーム メルトリペア 200,2,3200,2026-04,2026-05-18 15:32:58
2026-04-30,ロフト,ロフト0357,ベルミス,ベルミス スリムレギンス M-L,1,3990,2026-04,2026-05-18 15:32:58
2026-04-30,ロフト,ロフト0357,ベルミス,ベルミス カラープラスBK L,1,4536,2026-04,2026-05-18 15:32:58
2026-04-30,ロフト,ロフト0357,バイワンシー,バイワンシー モイストブースターホイップ,2,4400,2026-04,2026-05-18 15:32:58
2026-04-30,ロフト,ロフト0357,ベルミス,スリムレギンス Premium Lv3,2,10890,2026-04,2026-05-18 15:32:58
2026-04-30,ロフト,ロフト0357,ベルミス,スリムフルレッグ クールプラス L-LL,1,4718,2026-04,2026-05-18 15:32:58
2026-04-30,ロフト,ロフト0357,wolg,wolg BBクリーム ナチュラル,1,2709,2026-04,2026-05-18 15:32:58
2026-04-30,ロフト,ロフト0357,バイワンシー,バイワンシー ピュア・アミノシャンプー,2,5400,2026-04,2026-05-18 15:32:58
2026-04-30,ロフト,ロフト0357,バイワンシー,バイワンシー ヒートケア・トリートメント,1,2700,2026-04,2026-05-18 15:32:58
2026-04-30,ロフト,ロフト0357,バイワンシー,バイワンシー スムース・リペアエッセンス,6,16200,2026-04,2026-05-18 15:32:58
2026-04-30,ロフト,ロフト0357,バイワンシー,バイワンシー スムースリペアESサシェ,8,2160,2026-04,2026-05-18 15:32:58
2026-04-30,ロフト,ロフト0357,バイワンシー,バイワンシー SP&TRサシェ,11,2970,2026-04,2026-05-18 15:32:58
2026-04-30,ロフト,ロフト0357,ekam,ekam アドバンスドジェル,4,10836,2026-04,2026-05-18 15:32:58
2026-04-30,ロフト,ロフト0357,ekam,ekam アドバンスドセラム,1,3164,2026-04,2026-05-18 15:32:58
2026-04-30,ロフト,ロフト0357,ekam,ekam ホイップ洗顔,2,3600,2026-04,2026-05-18 15:32:58
2026-04-30,ロフト,ロフト0358,ルベル,イオ エッセンス フォルティ,1,2000,2026-04,2026-05-18 15:32:58
2026-04-30,ロフト,ロフト0358,ルベル,イオ クリーム シルキーリペア 200,1,1600,2026-04,2026-05-18 15:32:58
2026-04-30,ロフト,ロフト0358,ルベル,イオ クリーム メルトリペア 200,1,1600,2026-04,2026-05-18 15:32:58
2026-04-30,ロフト,ロフト0358,VIAGE,ビューティアップナイトブラ ブラックM,1,2980,2026-04,2026-05-18 15:32:58
2026-04-30,ロフト,ロフト0358,VIAGE,ビューティアップナイトブラ ブラックL,1,2980,2026-04,2026-05-18 15:32:58
2026-04-30,ロフト,ロフト0358,VIAGE,ビューティアップナイトブラ BグレーM,2,5960,2026-04,2026-05-18 15:32:58
2026-04-30,ロフト,ロフト0358,VIAGE,ビューティアップナイトブラ BグレーL,1,2980,2026-04,2026-05-18 15:32:58
2026-04-30,ロフト,ロフト0358,ベルミス,ベルミス スリムレギンス M-L,3,11970,2026-04,2026-05-18 15:32:58
2026-04-30,ロフト,ロフト0358,ベルミス,ベルミス スリムレギンス L-LL,1,3990,2026-04,2026-05-18 15:32:58
2026-04-30,ロフト,ロフト0358,ベルミス,ベルミス カラープラスBK M,3,13608,2026-04,2026-05-18 15:32:58
2026-04-30,ロフト,ロフト0358,ベルミス,ベルミス カラープラスAGY M,1,4536,2026-04,2026-05-18 15:32:58
2026-04-30,ロフト,ロフト0358,バイワンシー,バイワンシー モイストブースターホイップ,6,13200,2026-04,2026-05-18 15:32:58
2026-04-30,ロフト,ロフト0358,ベルミス,スリムレギンス Premium Lv1,1,5445,2026-04,2026-05-18 15:32:58
2026-04-30,ロフト,ロフト0358,ベルミス,スリムレギンス Premium Lv2,2,10890,2026-04,2026-05-18 15:32:58
2026-04-30,ロフト,ロフト0358,ベルミス,スリムレギンス Premium Lv3,1,5445,2026-04,2026-05-18 15:32:58
2026-04-30,ロフト,ロフト0359,ルベル,イオ クリーム シルキーリペア 200,1,1600,2026-04,2026-05-18 15:32:58
2026-04-30,ロフト,ロフト0359,ルベル,イオセラム クリーム 200,2,4000,2026-04,2026-05-18 15:32:58
2026-04-30,ロフト,ロフト0359,ベルミス,スリムレギンス Premium Lv1,1,5445,2026-04,2026-05-18 15:32:58
2026-04-30,ロフト,ロフト0359,ベルミス,スリムレギンス Premium Lv3,1,5445,2026-04,2026-05-18 15:32:58
2026-04-30,ロフト,ロフト0359,ベルミス,スリムフルレッグ クールプラス L-LL,1,4718,2026-04,2026-05-18 15:32:58
2026-04-30,ロフト,ロフト0359,wolg,wolg BBクリーム ナチュラル,4,10836,2026-04,2026-05-18 15:32:58
2026-04-30,ロフト,ロフト0360,ルベル,イオ クリーム メルトリペア 200,1,1600,2026-04,2026-05-18 15:32:58
2026-04-30,ロフト,ロフト0360,ルベル,イオセラム クリーム 200,3,6000,2026-04,2026-05-18 15:32:58
2026-04-30,ロフト,ロフト0360,ルベル,イオセラム マスク 170,1,3200,2026-04,2026-05-18 15:32:58
2026-04-30,ロフト,ロフト0360,ルベル,トリエ スプレー10 170,5,8000,2026-04,2026-05-18 15:32:58
2026-04-30,ロフト,ロフト0360,ベルミス,ベルミス スリムレギンス L-LL,1,3990,2026-04,2026-05-18 15:32:58
2026-04-30,ロフト,ロフト0360,ベルミス,スリムレギンス Premium Lv2,1,5445,2026-04,2026-05-18 15:32:58
2026-04-30,ロフト,ロフト0360,バイワンシー,バイワンシー スムース・リペアエッセンス,1,2700,2026-04,2026-05-18 15:32:58
2026-04-30,ロフト,ロフト0361,ルベル,イオ クリーム シルキーリペア 200,2,3200,2026-04,2026-05-18 15:32:58
2026-04-30,ロフト,ロフト0361,ルベル,イオ クリーム メルトリペア 200,1,1600,2026-04,2026-05-18 15:32:58
2026-04-30,ロフト,ロフト0361,ルベル,トリエ スプレー10 170,2,3200,2026-04,2026-05-18 15:32:58
2026-04-30,ロフト,ロフト0361,ベルミス,ベルミス スリムレギンス M-L,1,3990,2026-04,2026-05-18 15:32:58
2026-04-30,ロフト,ロフト0361,ベルミス,ベルミス スリムレギンス L-LL,1,3990,2026-04,2026-05-18 15:32:58
2026-04-30,ロフト,ロフト0361,ベルミス,ベルミス カラープラスBK M,2,9072,2026-04,2026-05-18 15:32:58
2026-04-30,ロフト,ロフト0361,バイワンシー,バイワンシー モイストブースターホイップ,2,4400,2026-04,2026-05-18 15:32:58
2026-04-30,ロフト,ロフト0361,ベルミス,スリムレギンス Premium Lv1,1,5445,2026-04,2026-05-18 15:32:58
2026-04-30,ロフト,ロフト0361,ベルミス,スリムレギンス Premium Lv2,1,5445,2026-04,2026-05-18 15:32:58
2026-04-30,ロフト,ロフト0361,ベルミス,スリムレギンス Premium Lv3,4,21780,2026-04,2026-05-18 15:32:58
2026-04-30,ロフト,ロフト0361,ベルミス,スリムフルレッグ クールプラス M-L,1,4718,2026-04,2026-05-18 15:32:58
2026-04-30,ロフト,ロフト0361,バイワンシー,バイワンシー ピュア・アミノシャンプー,1,2700,2026-04,2026-05-18 15:32:58
2026-04-30,ロフト,ロフト0361,バイワンシー,バイワンシー ヒートケア・トリートメント,1,2700,2026-04,2026-05-18 15:32:58
2026-04-30,ロフト,ロフト0361,バイワンシー,バイワンシー スムース・リペアエッセンス,1,2700,2026-04,2026-05-18 15:32:58
2026-04-30,ロフト,ロフト0361,バイワンシー,バイワンシー SP&TRサシェ,10,2700,2026-04,2026-05-18 15:32:58
2026-04-30,ロフト,ロフト0361,ekam,ekam アドバンスドジェル,1,2709,2026-04,2026-05-18 15:32:58
2026-04-30,ロフト,ロフト0361,ekam,ekam アドバンスドセラム,1,3164,2026-04,2026-05-18 15:32:58
2026-04-30,ロフト,ロフト0361,Vイフェクト,VイフェクトFCポアタイトアンプル,1,2700,2026-04,2026-05-18 15:32:58
2026-04-30,ロフト,ロフト0362,ルベル,イオ シャンプー クリアメント200,2,3200,2026-04,2026-05-18 15:32:58
2026-04-30,ロフト,ロフト0362,ルベル,イオ エッセンス モイスト,6,12000,2026-04,2026-05-18 15:32:58
2026-04-30,ロフト,ロフト0362,ルベル,イオ エッセンス スリーク,2,4000,2026-04,2026-05-18 15:32:58
2026-04-30,ロフト,ロフト0362,ルベル,イオ クリーム シルキーリペア 200,7,11200,2026-04,2026-05-18 15:32:58
2026-04-30,ロフト,ロフト0362,ルベル,イオ クリーム メルトリペア 200,3,4800,2026-04,2026-05-18 15:32:58
2026-04-30,ロフト,ロフト0362,ルベル,トリエ スプレー10 170,4,6400,2026-04,2026-05-18 15:32:58
2026-04-30,ロフト,ロフト0362,ベルミス,ベルミス スリムレギンス M-L,1,3990,2026-04,2026-05-18 15:32:58
2026-04-30,ロフト,ロフト0362,ベルミス,ベルミス スリムレギンス L-LL,2,7980,2026-04,2026-05-18 15:32:58
2026-04-30,ロフト,ロフト0362,ベルミス,ベルミス カラープラスBK M,1,4536,2026-04,2026-05-18 15:32:58
2026-04-30,ロフト,ロフト0362,ベルミス,ベルミス カラープラスBK L,1,4536,2026-04,2026-05-18 15:32:58
2026-04-30,ロフト,ロフト0362,バイワンシー,バイワンシー モイストブースターホイップ,2,4400,2026-04,2026-05-18 15:32:58
2026-04-30,ロフト,ロフト0362,ベルミス,スリムレギンス Premium Lv2,2,10890,2026-04,2026-05-18 15:32:58
2026-04-30,ロフト,ロフト0362,ベルミス,スリムレギンス Premium Lv3,2,10890,2026-04,2026-05-18 15:32:58
2026-04-30,ロフト,ロフト0362,ベルミス,スリムフルレッグ クールプラス M-L,2,9436,2026-04,2026-05-18 15:32:58
2026-04-30,ロフト,ロフト0362,ベルミス,スリムフルレッグ クールプラス L-LL,1,4718,2026-04,2026-05-18 15:32:58
2026-04-30,ロフト,ロフト0363,ルベル,イオセラム シャンプー 200,2,4000,2026-04,2026-05-18 15:32:58
2026-04-30,ロフト,ロフト0363,ルベル,イオセラム クリーム 200,1,2000,2026-04,2026-05-18 15:32:58
2026-04-30,ロフト,ロフト0363,ベルミス,ベルミス カラープラスAGY L,1,4536,2026-04,2026-05-18 15:32:58
2026-04-30,ロフト,ロフト0363,バイワンシー,バイワンシー ピュア・アミノシャンプー,2,5400,2026-04,2026-05-18 15:32:58
2026-04-30,ロフト,ロフト0363,バイワンシー,バイワンシー ヒートケア・トリートメント,2,5400,2026-04,2026-05-18 15:32:58
2026-04-30,ロフト,ロフト0363,バイワンシー,バイワンシー スムース・リペアエッセンス,3,8100,2026-04,2026-05-18 15:32:58
2026-04-30,ロフト,ロフト0364,ルベル,イオ クリーム メルトリペア 200,1,1600,2026-04,2026-05-18 15:32:58
2026-04-30,ロフト,ロフト0364,ルベル,トリエ スプレー10 170,1,1600,2026-04,2026-05-18 15:32:58
2026-04-30,ロフト,ロフト0364,ベルミス,ベルミス スリムレギンス M-L,2,7980,2026-04,2026-05-18 15:32:58
2026-04-30,ロフト,ロフト0364,バイワンシー,バイワンシー モイストブースターホイップ,1,2200,2026-04,2026-05-18 15:32:58
2026-04-30,ロフト,ロフト0364,wolg,wolg BBクリーム ナチュラル,1,2709,2026-04,2026-05-18 15:32:58
2026-04-30,ロフト,ロフト0364,ekam,ekam アドバンスドジェル,1,2709,2026-04,2026-05-18 15:32:58
2026-04-30,ロフト,ロフト0365,ルベル,イオ シャンプー リラックスメント200,5,8000,2026-04,2026-05-18 15:32:58
2026-04-30,ロフト,ロフト0365,ルベル,イオ エッセンス スリーク,5,10000,2026-04,2026-05-18 15:32:58
2026-04-30,ロフト,ロフト0365,ルベル,イオ クリーム メルトリペア 200,2,3200,2026-04,2026-05-18 15:32:58
2026-04-30,ロフト,ロフト0365,ルベル,イオセラム クリーム 200,2,4000,2026-04,2026-05-18 15:32:58
2026-04-30,ロフト,ロフト0365,ベルミス,ベルミス スリムレギンス M-L,2,7980,2026-04,2026-05-18 15:32:58
2026-04-30,ロフト,ロフト0365,ベルミス,ベルミス カラープラスBK M,2,9072,2026-04,2026-05-18 15:32:58
2026-04-30,ロフト,ロフト0365,ベルミス,ベルミス カラープラスBK L,1,4536,2026-04,2026-05-18 15:32:58
2026-04-30,ロフト,ロフト0365,ベルミス,スリムレギンス Premium Lv3,4,21780,2026-04,2026-05-18 15:32:58
2026-04-30,ロフト,ロフト0365,バイワンシー,バイワンシー ヒートケア・トリートメント,1,2700,2026-04,2026-05-18 15:32:58
2026-04-30,ロフト,ロフト0365,バイワンシー,バイワンシー スムース・リペアエッセンス,6,16200,2026-04,2026-05-18 15:32:58
2026-04-30,ロフト,ロフト0365,バイワンシー,バイワンシー スムースリペアESサシェ,6,1620,2026-04,2026-05-18 15:32:58
2026-04-30,ロフト,ロフト0365,バイワンシー,バイワンシー SP&TRサシェ,13,3510,2026-04,2026-05-18 15:32:58
2026-04-30,ロフト,ロフト0365,Vイフェクト,VイフェクトFCポアフィットマスク7枚入,1,1400,2026-04,2026-05-18 15:32:58
2026-04-30,ロフト,ロフト0365,Vイフェクト,Vイフェクト青麦LHAクレンジングジェル,1,2100,2026-04,2026-05-18 15:32:58
2026-04-30,ロフト,ロフト0366,ルベル,イオ シャンプー リラックスメント200,1,1600,2026-04,2026-05-18 15:32:58
2026-04-30,ロフト,ロフト0366,ルベル,イオ エッセンス モイスト,1,2000,2026-04,2026-05-18 15:32:58
2026-04-30,ロフト,ロフト0366,ルベル,イオ クリーム シルキーリペア 200,1,1600,2026-04,2026-05-18 15:32:58
2026-04-30,ロフト,ロフト0366,ルベル,イオ クリーム メルトリペア 200,3,4800,2026-04,2026-05-18 15:32:58
2026-04-30,ロフト,ロフト0366,ルベル,イオセラム シャンプー 200,2,4000,2026-04,2026-05-18 15:32:58
2026-04-30,ロフト,ロフト0366,ルベル,トリエ スプレー10 170,12,19200,2026-04,2026-05-18 15:32:58
2026-04-30,ロフト,ロフト0366,ベルミス,ベルミス スリムレギンス L-LL,2,7980,2026-04,2026-05-18 15:32:58
2026-04-30,ロフト,ロフト0366,ベルミス,ベルミス カラープラスAGY L,1,4536,2026-04,2026-05-18 15:32:58
2026-04-30,ロフト,ロフト0366,ベルミス,ベルミス スリムフルレッグ M-L,1,4718,2026-04,2026-05-18 15:32:58
2026-04-30,ロフト,ロフト0366,ベルミス,スリムレギンス Premium Lv3,2,10890,2026-04,2026-05-18 15:32:58
2026-04-30,ロフト,ロフト0366,ベルミス,スリムフルレッグ クールプラス M-L,1,4718,2026-04,2026-05-18 15:32:58
2026-04-30,ロフト,ロフト0366,wolg,wolg BBクリーム ナチュラル,3,8127,2026-04,2026-05-18 15:32:58
2026-04-30,ロフト,ロフト0367,ルベル,イオ シャンプー クリアメント200,1,1600,2026-04,2026-05-18 15:32:58
2026-04-30,ロフト,ロフト0367,ルベル,イオ シャンプー リラックスメント200,2,3200,2026-04,2026-05-18 15:32:58
2026-04-30,ロフト,ロフト0367,ルベル,イオ クリーム メルトリペア 200,5,8000,2026-04,2026-05-18 15:32:58
2026-04-30,ロフト,ロフト0367,ルベル,トリエ スプレー10 170,8,12800,2026-04,2026-05-18 15:32:58
2026-04-30,ロフト,ロフト0367,ベルミス,ベルミス スリムレギンス M-L,3,11970,2026-04,2026-05-18 15:32:58
2026-04-30,ロフト,ロフト0367,ベルミス,ベルミス スリムレギンス L-LL,1,3990,2026-04,2026-05-18 15:32:58
2026-04-30,ロフト,ロフト0367,ベルミス,ベルミス カラープラスAGY M,1,4536,2026-04,2026-05-18 15:32:58
2026-04-30,ロフト,ロフト0367,バイワンシー,バイワンシー モイストブースターホイップ,1,2200,2026-04,2026-05-18 15:32:58
2026-04-30,ロフト,ロフト0368,ルベル,イオ シャンプー クリアメント200,3,4800,2026-04,2026-05-18 15:32:58
2026-04-30,ロフト,ロフト0368,ルベル,イオ シャンプー リラックスメント200,6,9600,2026-04,2026-05-18 15:32:58
2026-04-30,ロフト,ロフト0368,ルベル,イオ クリーム シルキーリペア 200,3,4800,2026-04,2026-05-18 15:32:58
2026-04-30,ロフト,ロフト0368,ルベル,イオ クリーム メルトリペア 200,9,14400,2026-04,2026-05-18 15:32:58
2026-04-30,ロフト,ロフト0368,ルベル,イオセラム クリーム 200,12,24000,2026-04,2026-05-18 15:32:58
2026-04-30,ロフト,ロフト0368,ルベル,イオセラム オイル 100,3,7200,2026-04,2026-05-18 15:32:58
2026-04-30,ロフト,ロフト0368,ルベル,ルベル ウィズ SW 240,3,3000,2026-04,2026-05-18 15:32:58
2026-04-30,ロフト,ロフト0368,ルベル,ルベル ウィズ EP 140,1,1200,2026-04,2026-05-18 15:32:58
2026-04-30,ロフト,ロフト0368,ルベル,トリエ スプレー10 170,7,11200,2026-04,2026-05-18 15:32:58
2026-04-30,ロフト,ロフト0368,VIAGE,ビューティアップナイトブラ ブラックM,3,8940,2026-04,2026-05-18 15:32:58
2026-04-30,ロフト,ロフト0368,VIAGE,ビューティアップナイトブラ ブラックL,2,5960,2026-04,2026-05-18 15:32:58
2026-04-30,ロフト,ロフト0368,VIAGE,ビューティアップナイトブラ BグレーM,1,2980,2026-04,2026-05-18 15:32:58
2026-04-30,ロフト,ロフト0368,VIAGE,ビューティアップナイトブラ BグレーL,1,2980,2026-04,2026-05-18 15:32:58
2026-04-30,ロフト,ロフト0368,ベルミス,ベルミス スリムレギンス M-L,1,3990,2026-04,2026-05-18 15:32:58
2026-04-30,ロフト,ロフト0368,ベルミス,ベルミス スリムレギンス L-LL,1,3990,2026-04,2026-05-18 15:32:58
2026-04-30,ロフト,ロフト0368,ベルミス,ベルミス カラープラスBK M,2,9072,2026-04,2026-05-18 15:32:58
2026-04-30,ロフト,ロフト0368,ベルミス,ベルミス カラープラスBK L,1,4536,2026-04,2026-05-18 15:32:58
2026-04-30,ロフト,ロフト0368,バイワンシー,バイワンシー モイストブースターホイップ,1,2200,2026-04,2026-05-18 15:32:58
2026-04-30,ロフト,ロフト0368,ベルミス,ベルミス スリムフルレッグ M-L,1,4718,2026-04,2026-05-18 15:32:58
2026-04-30,ロフト,ロフト0368,ベルミス,スリムレギンス Premium Lv3,1,5445,2026-04,2026-05-18 15:32:58
2026-04-30,ロフト,ロフト0368,wolg,wolg BBクリーム ナチュラル,5,13545,2026-04,2026-05-18 15:32:58
2026-04-30,ロフト,ロフト0368,バイワンシー,バイワンシー ピュア・アミノシャンプー,3,8100,2026-04,2026-05-18 15:32:58
2026-04-30,ロフト,ロフト0368,バイワンシー,バイワンシー ヒートケア・トリートメント,3,8100,2026-04,2026-05-18 15:32:58
2026-04-30,ロフト,ロフト0368,バイワンシー,バイワンシー スムース・リペアエッセンス,5,13500,2026-04,2026-05-18 15:32:58
2026-04-30,ロフト,ロフト0368,ekam,ekam アドバンスドジェル,1,2709,2026-04,2026-05-18 15:32:58
2026-04-30,ロフト,ロフト0368,Vイフェクト,Vイフェクトコラーゲンラップマスク,1,2600,2026-04,2026-05-18 15:32:58
2026-04-30,ロフト,ロフト0369,ルベル,イオセラム シャンプー 200,1,2000,2026-04,2026-05-18 15:32:58
2026-04-30,ロフト,ロフト0369,ルベル,イオ シャンプー リラックスメント200,3,4800,2026-04,2026-05-18 15:32:58
2026-04-30,ロフト,ロフト0369,ルベル,イオ クリーム シルキーリペア 200,1,1600,2026-04,2026-05-18 15:32:58
2026-04-30,ロフト,ロフト0369,ルベル,イオ クリーム メルトリペア 200,4,6400,2026-04,2026-05-18 15:32:58
2026-04-30,ロフト,ロフト0369,ルベル,イオセラム シャンプー 200,2,4000,2026-04,2026-05-18 15:32:58
2026-04-30,ロフト,ロフト0369,ルベル,イオセラム クリーム 200,7,14000,2026-04,2026-05-18 15:32:58
2026-04-30,ロフト,ロフト0369,ルベル,トリエ スプレー10 170,3,4800,2026-04,2026-05-18 15:32:58
2026-04-30,ロフト,ロフト0369,ベルミス,ベルミス カラープラスBK M,2,9072,2026-04,2026-05-18 15:32:58
2026-04-30,ロフト,ロフト0369,バイワンシー,バイワンシー モイストブースターホイップ,1,2200,2026-04,2026-05-18 15:32:58
2026-04-30,ロフト,ロフト0369,ベルミス,スリムレギンス Premium Lv3,1,5445,2026-04,2026-05-18 15:32:58
2026-04-30,ロフト,ロフト0369,ベルミス,スリムフルレッグ クールプラス L-LL,1,4718,2026-04,2026-05-18 15:32:58
2026-04-30,ロフト,ロフト0369,インシトゥ,インシトゥ ハーブラピール,1,2400,2026-04,2026-05-18 15:32:58
2026-04-30,ロフト,ロフト0369,wolg,wolg BBクリーム ナチュラル,2,5418,2026-04,2026-05-18 15:32:58
2026-04-30,ロフト,ロフト0369,ekam,ekam アドバンスドジェル,2,5418,2026-04,2026-05-18 15:32:58
2026-04-30,ロフト,ロフト0370,ルベル,イオ シャンプー クリアメント200,2,3200,2026-04,2026-05-18 15:32:58
2026-04-30,ロフト,ロフト0370,ルベル,イオ エッセンス モイスト,1,2000,2026-04,2026-05-18 15:32:58
2026-04-30,ロフト,ロフト0370,ルベル,イオ エッセンス スリーク,4,8000,2026-04,2026-05-18 15:32:58
2026-04-30,ロフト,ロフト0370,ルベル,イオセラム オイル 100,2,4800,2026-04,2026-05-18 15:32:58
2026-04-30,ロフト,ロフト0370,ベルミス,ベルミス スリムレギンス M-L,3,11970,2026-04,2026-05-18 15:32:58
2026-04-30,ロフト,ロフト0370,ベルミス,ベルミス スリムレギンス L-LL,1,3990,2026-04,2026-05-18 15:32:58
2026-04-30,ロフト,ロフト0370,ベルミス,ベルミス カラープラスAGY M,1,4536,2026-04,2026-05-18 15:32:58
2026-04-30,ロフト,ロフト0370,ベルミス,ベルミス カラープラスBK L,2,9072,2026-04,2026-05-18 15:32:58
2026-04-30,ロフト,ロフト0370,ベルミス,リムーブレギンスEB L-LL,1,11182,2026-04,2026-05-18 15:32:58
2026-04-30,ロフト,ロフト0370,ベルミス,スリムレギンス Premium Lv2,1,5445,2026-04,2026-05-18 15:32:58
2026-04-30,ロフト,ロフト0370,ベルミス,スリムフルレッグ クールプラス M-L,1,4718,2026-04,2026-05-18 15:32:58
2026-04-30,ロフト,ロフト0370,wolg,wolg BBクリーム ナチュラル,2,5418,2026-04,2026-05-18 15:32:58
2026-04-30,ロフト,ロフト0370,バイワンシー,バイワンシー ピュア・アミノシャンプー,2,5400,2026-04,2026-05-18 15:32:58
2026-04-30,ロフト,ロフト0370,バイワンシー,バイワンシー ヒートケア・トリートメント,1,2700,2026-04,2026-05-18 15:32:58
2026-04-30,ロフト,ロフト0370,バイワンシー,バイワンシー スムース・リペアエッセンス,2,5400,2026-04,2026-05-18 15:32:58
2026-04-30,ロフト,ロフト0370,ekam,ekam アドバンスドジェル,5,13545,2026-04,2026-05-18 15:32:58
2026-04-30,ロフト,ロフト0370,ekam,ekam ホイップ洗顔,1,1800,2026-04,2026-05-18 15:32:58
2026-04-30,ロフト,ロフト0371,ルベル,イオ エッセンス モイスト,1,2000,2026-04,2026-05-18 15:32:58
2026-04-30,ロフト,ロフト0371,ルベル,イオセラム シャンプー 200,1,2000,2026-04,2026-05-18 15:32:58
2026-04-30,ロフト,ロフト0371,ルベル,イオ クリーム シルキーリペア 200,4,6400,2026-04,2026-05-18 15:32:58
2026-04-30,ロフト,ロフト0371,ルベル,トリエ スプレー10 170,1,1600,2026-04,2026-05-18 15:32:58
2026-04-30,ロフト,ロフト0372,ルベル,イオ シャンプー リラックスメント200,1,1600,2026-04,2026-05-18 15:32:58
2026-04-30,ロフト,ロフト0372,ルベル,トリエ スプレー10 170,8,12800,2026-04,2026-05-18 15:32:58
2026-04-30,ロフト,ロフト0372,ベルミス,ベルミス スリムレギンス M-L,2,7980,2026-04,2026-05-18 15:32:58
2026-04-30,ロフト,ロフト0372,ベルミス,ベルミス カラープラスBK L,2,9072,2026-04,2026-05-18 15:32:58
2026-04-30,ロフト,ロフト0372,バイワンシー,バイワンシー モイストブースターホイップ,2,4400,2026-04,2026-05-18 15:32:58
2026-04-30,ロフト,ロフト0372,ベルミス,スリムレギンス Premium Lv3,1,5445,2026-04,2026-05-18 15:32:58
2026-04-30,ロフト,ロフト0372,wolg,wolg BBクリーム ナチュラル,2,5418,2026-04,2026-05-18 15:32:58
2026-04-30,ロフト,ロフト0372,バイワンシー,バイワンシー スムース・リペアエッセンス,4,10800,2026-04,2026-05-18 15:32:58
2026-04-30,ロフト,ロフト0373,ルベル,イオセラム クリーム 200,1,2000,2026-04,2026-05-18 15:32:58
2026-04-30,ロフト,ロフト0373,バイワンシー,バイワンシー モイストブースターホイップ,1,2200,2026-04,2026-05-18 15:32:58
2026-04-30,ロフト,ロフト0373,ベルミス,スリムフルレッグ クールプラス M-L,1,4718,2026-04,2026-05-18 15:32:58
2026-04-30,ロフト,ロフト0373,バイワンシー,バイワンシー ピュア・アミノシャンプー,1,2700,2026-04,2026-05-18 15:32:58
2026-04-30,ロフト,ロフト0373,バイワンシー,バイワンシー ヒートケア・トリートメント,2,5400,2026-04,2026-05-18 15:32:58
2026-04-30,ロフト,ロフト0373,ekam,ekam アドバンスドジェル,3,8127,2026-04,2026-05-18 15:32:58
2026-04-30,ロフト,ロフト0373,ekam,ekam ホイップ洗顔,1,1800,2026-04,2026-05-18 15:32:58
2026-04-30,ロフト,ロフト0374,ルベル,イオ シャンプー クリアメント200,1,1600,2026-04,2026-05-18 15:32:58
2026-04-30,ロフト,ロフト0374,ルベル,イオ シャンプー リラックスメント200,4,6400,2026-04,2026-05-18 15:32:58
2026-04-30,ロフト,ロフト0374,ルベル,イオ エッセンス スリーク,1,2000,2026-04,2026-05-18 15:32:58
2026-04-30,ロフト,ロフト0374,ルベル,イオ クリーム シルキーリペア 200,9,14400,2026-04,2026-05-18 15:32:58
2026-04-30,ロフト,ロフト0374,ルベル,イオ クリーム メルトリペア 200,5,8000,2026-04,2026-05-18 15:32:58
2026-04-30,ロフト,ロフト0374,ルベル,イオセラム クリーム 200,1,2000,2026-04,2026-05-18 15:32:58
2026-04-30,ロフト,ロフト0374,ルベル,イオセラム オイル 100,2,4800,2026-04,2026-05-18 15:32:58
2026-04-30,ロフト,ロフト0374,ルベル,ルベル ウィズ RP 140,1,1000,2026-04,2026-05-18 15:32:58
2026-04-30,ロフト,ロフト0374,ルベル,トリエ スプレー10 170,1,1600,2026-04,2026-05-18 15:32:58
2026-04-30,ロフト,ロフト0374,VIAGE,ビューティアップナイトブラ ブラックM,1,2980,2026-04,2026-05-18 15:32:58
2026-04-30,ロフト,ロフト0374,VIAGE,ビューティアップナイトブラ ブラックL,3,8940,2026-04,2026-05-18 15:32:58
2026-04-30,ロフト,ロフト0374,VIAGE,ビューティアップナイトブラ BグレーM,1,2980,2026-04,2026-05-18 15:32:58
2026-04-30,ロフト,ロフト0374,VIAGE,ビューティアップナイトブラ BグレーL,2,5960,2026-04,2026-05-18 15:32:58
2026-04-30,ロフト,ロフト0374,ベルミス,ベルミス スリムレギンス M-L,4,15960,2026-04,2026-05-18 15:32:58
2026-04-30,ロフト,ロフト0374,ベルミス,ベルミス スリムレギンス L-LL,1,3990,2026-04,2026-05-18 15:32:58
2026-04-30,ロフト,ロフト0374,ベルミス,ベルミス カラープラスBK M,2,9072,2026-04,2026-05-18 15:32:58
2026-04-30,ロフト,ロフト0374,ベルミス,ベルミス カラープラスBK L,1,4536,2026-04,2026-05-18 15:32:58
2026-04-30,ロフト,ロフト0374,ベルミス,ベルミス カラープラスAGY L,1,4536,2026-04,2026-05-18 15:32:58
2026-04-30,ロフト,ロフト0374,バイワンシー,バイワンシー モイストブースターホイップ,2,4400,2026-04,2026-05-18 15:32:58
2026-04-30,ロフト,ロフト0374,ベルミス,リムーブレギンスEB L-LL,1,11182,2026-04,2026-05-18 15:32:58
2026-04-30,ロフト,ロフト0374,ベルミス,スリムレギンス Premium Lv2,1,5445,2026-04,2026-05-18 15:32:58
2026-04-30,ロフト,ロフト0374,ベルミス,スリムレギンス Premium Lv3,1,5445,2026-04,2026-05-18 15:32:58
2026-04-30,ロフト,ロフト0374,ベルミス,スリムフルレッグ クールプラス L-LL,1,4718,2026-04,2026-05-18 15:32:58
2026-04-30,ロフト,ロフト0374,インシトゥ,インシトゥ ハーブラピール,2,4800,2026-04,2026-05-18 15:32:58
2026-04-30,ロフト,ロフト0374,wolg,wolg BBクリーム ナチュラル,3,8127,2026-04,2026-05-18 15:32:58
2026-04-30,ロフト,ロフト0374,バイワンシー,バイワンシー ピュア・アミノシャンプー,2,5400,2026-04,2026-05-18 15:32:58
2026-04-30,ロフト,ロフト0374,バイワンシー,バイワンシー ヒートケア・トリートメント,3,8100,2026-04,2026-05-18 15:32:58
2026-04-30,ロフト,ロフト0374,バイワンシー,バイワンシー スムース・リペアエッセンス,3,8100,2026-04,2026-05-18 15:32:58
2026-04-30,ロフト,ロフト0374,バイワンシー,バイワンシー スムースリペアESサシェ,6,1620,2026-04,2026-05-18 15:32:58
2026-04-30,ロフト,ロフト0374,バイワンシー,バイワンシー SP&TRサシェ,14,3780,2026-04,2026-05-18 15:32:58
2026-04-30,ロフト,ロフト0374,ekam,ekam アドバンスドジェル,5,13545,2026-04,2026-05-18 15:32:58
2026-04-30,ロフト,ロフト0374,ekam,ekam アドバンスドセラム,1,3164,2026-04,2026-05-18 15:32:58
2026-04-30,ロフト,ロフト0374,ekam,ekam ホイップ洗顔,2,3600,2026-04,2026-05-18 15:32:58
2026-04-30,ロフト,ロフト0375,ルベル,イオ シャンプー クリアメント200,2,3200,2026-04,2026-05-18 15:32:58
2026-04-30,ロフト,ロフト0375,ルベル,イオ エッセンス モイスト,1,2000,2026-04,2026-05-18 15:32:58
2026-04-30,ロフト,ロフト0375,ルベル,ルベル ウィズ EP 140,2,2400,2026-04,2026-05-18 15:32:58
2026-04-30,ロフト,ロフト0375,ルベル,イオセラム シャンプー 200,2,4000,2026-04,2026-05-18 15:32:58
2026-04-30,ロフト,ロフト0375,ルベル,トリエ スプレー10 170,4,6400,2026-04,2026-05-18 15:32:58
2026-04-30,ロフト,ロフト0375,ベルミス,ベルミス スリムフルレッグLーLL,1,4718,2026-04,2026-05-18 15:32:58
2026-04-30,ロフト,ロフト0375,ベルミス,スリムフルレッグ クールプラス L-LL,1,4718,2026-04,2026-05-18 15:32:58
2026-04-30,ロフト,ロフト0376,ルベル,イオ シャンプー クリアメント200,2,3200,2026-04,2026-05-18 15:32:58
2026-04-30,ロフト,ロフト0376,ルベル,イオ シャンプー リラックスメント200,2,3200,2026-04,2026-05-18 15:32:58
2026-04-30,ロフト,ロフト0376,バイワンシー,バイワンシー モイストブースターホイップ,1,2200,2026-04,2026-05-18 15:32:58
2026-04-30,ロフト,ロフト0376,ベルミス,スリムレギンス Premium Lv3,1,5445,2026-04,2026-05-18 15:32:58
2026-04-30,ロフト,ロフト0376,ベルミス,スリムフルレッグ クールプラス M-L,1,4718,2026-04,2026-05-18 15:32:58
2026-04-30,ロフト,ロフト0376,wolg,wolg BBクリーム ナチュラル,3,8127,2026-04,2026-05-18 15:32:58
2026-04-30,ロフト,ロフト0376,バイワンシー,バイワンシー ピュア・アミノシャンプー,2,5400,2026-04,2026-05-18 15:32:58
2026-04-30,ロフト,ロフト0376,バイワンシー,バイワンシー ヒートケア・トリートメント,4,10800,2026-04,2026-05-18 15:32:58
2026-04-30,ロフト,ロフト0376,バイワンシー,バイワンシー スムース・リペアエッセンス,3,8100,2026-04,2026-05-18 15:32:58
2026-04-30,ロフト,ロフト0377,ルベル,イオ クリーム シルキーリペア 200,1,1600,2026-04,2026-05-18 15:32:58
2026-04-30,ロフト,ロフト0377,ルベル,イオ クリーム メルトリペア 200,3,4800,2026-04,2026-05-18 15:32:58
2026-04-30,ロフト,ロフト0377,ルベル,ルベル ウィズ RP 140,1,1000,2026-04,2026-05-18 15:32:58
2026-04-30,ロフト,ロフト0377,ルベル,トリエ スプレー10 170,2,3200,2026-04,2026-05-18 15:32:58
2026-04-30,ロフト,ロフト0377,バイワンシー,バイワンシー モイストブースターホイップ,1,2200,2026-04,2026-05-18 15:32:58
2026-04-30,ロフト,ロフト0377,ベルミス,スリムレギンス Premium Lv2,1,5445,2026-04,2026-05-18 15:32:58
2026-04-30,ロフト,ロフト0377,ベルミス,スリムレギンス Premium Lv3,2,10890,2026-04,2026-05-18 15:32:58
2026-04-30,ロフト,ロフト0377,バイワンシー,バイワンシー ヒートケア・トリートメント,1,2700,2026-04,2026-05-18 15:32:58
2026-04-30,ロフト,ロフト0377,バイワンシー,バイワンシー スムース・リペアエッセンス,3,8100,2026-04,2026-05-18 15:32:58
2026-04-30,ロフト,ロフト0377,バイワンシー,バイワンシー スムースリペアESサシェ,4,1080,2026-04,2026-05-18 15:32:58
2026-04-30,ロフト,ロフト0377,バイワンシー,バイワンシー SP&TRサシェ,10,2700,2026-04,2026-05-18 15:32:58
2026-04-30,ロフト,ロフト0378,ルベル,イオ シャンプー クリアメント200,1,1600,2026-04,2026-05-18 15:32:58
2026-04-30,ロフト,ロフト0378,ルベル,イオ シャンプー リラックスメント200,4,6400,2026-04,2026-05-18 15:32:58
2026-04-30,ロフト,ロフト0378,ルベル,イオ クリーム メルトリペア 200,2,3200,2026-04,2026-05-18 15:32:58
2026-04-30,ロフト,ロフト0378,ルベル,トリエ スプレー10 170,19,30400,2026-04,2026-05-18 15:32:58
2026-04-30,ロフト,ロフト0378,ベルミス,ベルミス スリムレギンス M-L,4,15960,2026-04,2026-05-18 15:32:58
2026-04-30,ロフト,ロフト0378,ベルミス,ベルミス カラープラスAGY L,1,4536,2026-04,2026-05-18 15:32:58
2026-04-30,ロフト,ロフト0378,ベルミス,スリムレギンス Premium Lv2,2,10890,2026-04,2026-05-18 15:32:58
2026-04-30,ロフト,ロフト0378,ベルミス,スリムレギンス Premium Lv3,3,16335,2026-04,2026-05-18 15:32:58
2026-04-30,ロフト,ロフト0378,ベルミス,スリムフルレッグ クールプラス L-LL,1,4718,2026-04,2026-05-18 15:32:58
2026-04-30,ロフト,ロフト0378,ekam,ekam アドバンスドジェル,2,5418,2026-04,2026-05-18 15:32:58
2026-04-30,ロフト,ロフト0379,ルベル,イオ エッセンス スリーク,1,2000,2026-04,2026-05-18 15:32:58
2026-04-30,ロフト,ロフト0379,ルベル,イオ クリーム シルキーリペア 200,2,3200,2026-04,2026-05-18 15:32:58
2026-04-30,ロフト,ロフト0379,ルベル,トリエ スプレー10 170,2,3200,2026-04,2026-05-18 15:32:58
2026-04-30,ロフト,ロフト0379,ベルミス,ベルミス スリムレギンス M-L,3,11970,2026-04,2026-05-18 15:32:58
2026-04-30,ロフト,ロフト0379,ベルミス,ベルミス カラープラスBK L,1,4536,2026-04,2026-05-18 15:32:58
2026-04-30,ロフト,ロフト0379,ベルミス,スリムレギンス Premium Lv2,1,5445,2026-04,2026-05-18 15:32:58
2026-04-30,ロフト,ロフト0380,ルベル,イオ エッセンス モイスト,1,2000,2026-04,2026-05-18 15:32:58
2026-04-30,ロフト,ロフト0380,ルベル,イオ クリーム メルトリペア 200,3,4800,2026-04,2026-05-18 15:32:58
2026-04-30,ロフト,ロフト0380,ルベル,イオセラム オイル 100,1,2400,2026-04,2026-05-18 15:32:58
2026-04-30,ロフト,ロフト0380,ベルミス,ベルミス スリムレギンス M-L,1,3990,2026-04,2026-05-18 15:32:58
2026-04-30,ロフト,ロフト0380,ベルミス,ベルミス スリムレギンス L-LL,1,3990,2026-04,2026-05-18 15:32:58
2026-04-30,ロフト,ロフト0380,ベルミス,ベルミス カラープラスBK L,1,4536,2026-04,2026-05-18 15:32:58
2026-04-30,ロフト,ロフト0380,バイワンシー,バイワンシー モイストブースターホイップ,2,4400,2026-04,2026-05-18 15:32:58
2026-04-30,ロフト,ロフト0380,ベルミス,ベルミス スリムフルレッグLーLL,2,9436,2026-04,2026-05-18 15:32:58
2026-04-30,ロフト,ロフト0380,バイワンシー,バイワンシー ピュア・アミノシャンプー,3,8100,2026-04,2026-05-18 15:32:58
2026-04-30,ロフト,ロフト0380,バイワンシー,バイワンシー ヒートケア・トリートメント,4,10800,2026-04,2026-05-18 15:32:58
2026-04-30,ロフト,ロフト0381,ルベル,イオセラム シャンプー 200,1,2000,2026-04,2026-05-18 15:32:58
2026-04-30,ロフト,ロフト0381,ルベル,イオ エッセンス モイスト,1,2000,2026-04,2026-05-18 15:32:58
2026-04-30,ロフト,ロフト0381,ルベル,イオ クリーム シルキーリペア 200,1,1600,2026-04,2026-05-18 15:32:58
2026-04-30,ロフト,ロフト0381,ルベル,ルベル ウィズ RP 140,2,2000,2026-04,2026-05-18 15:32:58
2026-04-30,ロフト,ロフト0381,ルベル,ルベル ウィズ EP 140,3,3600,2026-04,2026-05-18 15:32:58
2026-04-30,ロフト,ロフト0381,ルベル,トリエ スプレー10 170,18,28800,2026-04,2026-05-18 15:32:58
2026-04-30,ロフト,ロフト0381,ベルミス,ベルミス スリムレギンス M-L,1,3990,2026-04,2026-05-18 15:32:58
2026-04-30,ロフト,ロフト0381,ベルミス,ベルミス カラープラスBK M,1,4536,2026-04,2026-05-18 15:32:58
2026-04-30,ロフト,ロフト0381,バイワンシー,バイワンシー モイストブースターホイップ,3,6600,2026-04,2026-05-18 15:32:58
2026-04-30,ロフト,ロフト0381,ベルミス,スリムレギンス Premium Lv3,2,10890,2026-04,2026-05-18 15:32:58
2026-04-30,ロフト,ロフト0381,ベルミス,スリムフルレッグ クールプラス M-L,1,4718,2026-04,2026-05-18 15:32:58
2026-04-30,ロフト,ロフト0381,wolg,wolg BBクリーム ナチュラル,3,8127,2026-04,2026-05-18 15:32:58
2026-04-30,ロフト,ロフト0381,バイワンシー,バイワンシー ピュア・アミノシャンプー,5,13500,2026-04,2026-05-18 15:32:58
2026-04-30,ロフト,ロフト0381,バイワンシー,バイワンシー ヒートケア・トリートメント,3,8100,2026-04,2026-05-18 15:32:58
2026-04-30,ロフト,ロフト0381,バイワンシー,バイワンシー スムース・リペアエッセンス,8,21600,2026-04,2026-05-18 15:32:58
2026-04-30,ロフト,ロフト0381,バイワンシー,バイワンシー スムースリペアESサシェ,11,2970,2026-04,2026-05-18 15:32:58
2026-04-30,ロフト,ロフト0381,バイワンシー,バイワンシー SP&TRサシェ,8,2160,2026-04,2026-05-18 15:32:58
2026-04-30,ロフト,ロフト0381,ekam,ekam アドバンスドジェル,3,8127,2026-04,2026-05-18 15:32:58
2026-04-30,ロフト,ロフト0381,ekam,ekam アドバンスドセラム,1,3164,2026-04,2026-05-18 15:32:58
2026-04-30,ロフト,ロフト0382,ルベル,ルベル ウィズ JO 240,2,2000,2026-04,2026-05-18 15:32:58
2026-04-30,ロフト,ロフト0382,ルベル,イオ シャンプー リラックスメント200,6,9600,2026-04,2026-05-18 15:32:58
2026-04-30,ロフト,ロフト0382,ルベル,イオ クリーム メルトリペア 200,3,4800,2026-04,2026-05-18 15:32:58
2026-04-30,ロフト,ロフト0382,ルベル,イオセラム クリーム 200,7,14000,2026-04,2026-05-18 15:32:58
2026-04-30,ロフト,ロフト0382,ルベル,トリエ スプレー10 170,1,1600,2026-04,2026-05-18 15:32:58
2026-04-30,ロフト,ロフト0382,VIAGE,ビューティアップナイトブラ ブラックM,1,2980,2026-04,2026-05-18 15:32:58
2026-04-30,ロフト,ロフト0382,VIAGE,ビューティアップナイトブラ ブラックL,2,5960,2026-04,2026-05-18 15:32:58
2026-04-30,ロフト,ロフト0382,VIAGE,ビューティアップナイトブラ BグレーM,2,5960,2026-04,2026-05-18 15:32:58
2026-04-30,ロフト,ロフト0382,VIAGE,ビューティアップナイトブラ BグレーL,1,2980,2026-04,2026-05-18 15:32:58
2026-04-30,ロフト,ロフト0382,ベルミス,ベルミス スリムレギンス M-L,2,7980,2026-04,2026-05-18 15:32:58
2026-04-30,ロフト,ロフト0382,ベルミス,ベルミス スリムレギンス L-LL,4,15960,2026-04,2026-05-18 15:32:58
2026-04-30,ロフト,ロフト0382,ベルミス,ベルミス カラープラスBK M,1,4536,2026-04,2026-05-18 15:32:58
2026-04-30,ロフト,ロフト0382,ベルミス,ベルミス カラープラスBK L,1,4536,2026-04,2026-05-18 15:32:58
2026-04-30,ロフト,ロフト0382,バイワンシー,バイワンシー モイストブースターホイップ,3,6600,2026-04,2026-05-18 15:32:58
2026-04-30,ロフト,ロフト0382,ベルミス,ベルミス スリムフルレッグ M-L,1,4718,2026-04,2026-05-18 15:32:58
2026-04-30,ロフト,ロフト0382,ベルミス,リムーブレギンスEB M-L,1,11182,2026-04,2026-05-18 15:32:58
2026-04-30,ロフト,ロフト0382,ベルミス,スリムレギンス Premium Lv3,2,10890,2026-04,2026-05-18 15:32:58
2026-04-30,ロフト,ロフト0382,ベルミス,スリムフルレッグ クールプラス L-LL,1,4718,2026-04,2026-05-18 15:32:58
2026-04-30,ロフト,ロフト0382,wolg,wolg BBクリーム ナチュラル,3,8127,2026-04,2026-05-18 15:32:58
2026-04-30,ロフト,ロフト0382,バイワンシー,バイワンシー ピュア・アミノシャンプー,4,10800,2026-04,2026-05-18 15:32:58
2026-04-30,ロフト,ロフト0382,バイワンシー,バイワンシー ヒートケア・トリートメント,6,16200,2026-04,2026-05-18 15:32:58
2026-04-30,ロフト,ロフト0382,バイワンシー,バイワンシー スムース・リペアエッセンス,6,16200,2026-04,2026-05-18 15:32:58
2026-04-30,ロフト,ロフト0382,バイワンシー,バイワンシー スムースリペアESサシェ,6,1620,2026-04,2026-05-18 15:32:58
2026-04-30,ロフト,ロフト0382,バイワンシー,バイワンシー SP&TRサシェ,21,5670,2026-04,2026-05-18 15:32:58
2026-04-30,ロフト,ロフト0382,ekam,ekam ホイップ洗顔,1,1800,2026-04,2026-05-18 15:32:58
2026-04-30,ロフト,ロフト0382,Vイフェクト,Vイフェクト青麦LHAクレンジングジェル,1,2100,2026-04,2026-05-18 15:32:58
2026-04-30,ロフト,ロフト0383,ルベル,イオ シャンプー リラックスメント200,1,1600,2026-04,2026-05-18 15:32:58
2026-04-30,ロフト,ロフト0383,ルベル,ルベル ウィズ SW 240,2,2000,2026-04,2026-05-18 15:32:58
2026-04-30,ロフト,ロフト0383,ルベル,イオ エッセンス モイスト,2,4000,2026-04,2026-05-18 15:32:58
2026-04-30,ロフト,ロフト0383,ルベル,イオセラム クリーム 200,1,2000,2026-04,2026-05-18 15:32:58
2026-04-30,ロフト,ロフト0383,ベルミス,ベルミス スリムレギンス M-L,3,11970,2026-04,2026-05-18 15:32:58
2026-04-30,ロフト,ロフト0383,ベルミス,ベルミス スリムレギンス L-LL,2,7980,2026-04,2026-05-18 15:32:58
2026-04-30,ロフト,ロフト0383,ベルミス,ベルミス スリムフルレッグ M-L,1,4718,2026-04,2026-05-18 15:32:58
2026-04-30,ロフト,ロフト0383,ベルミス,スリムレギンス Premium Lv3,4,21780,2026-04,2026-05-18 15:32:58
2026-04-30,ロフト,ロフト0383,ベルミス,スリムフルレッグ クールプラス M-L,2,9436,2026-04,2026-05-18 15:32:58
2026-04-30,ロフト,ロフト0383,wolg,wolg BBクリーム ナチュラル,1,2709,2026-04,2026-05-18 15:32:58
2026-04-30,ロフト,ロフト0383,バイワンシー,バイワンシー スムース・リペアエッセンス,1,2700,2026-04,2026-05-18 15:32:58
2026-04-30,ロフト,ロフト0383,ekam,ekam アドバンスドジェル,2,5418,2026-04,2026-05-18 15:32:58
2026-04-30,ロフト,ロフト0384,ルベル,ルベル ウィズ SW 240,1,1000,2026-04,2026-05-18 15:32:58
2026-04-30,ロフト,ロフト0384,ルベル,イオ クリーム シルキーリペア 200,2,3200,2026-04,2026-05-18 15:32:58
2026-04-30,ロフト,ロフト0384,ルベル,イオ クリーム メルトリペア 200,3,4800,2026-04,2026-05-18 15:32:58
2026-04-30,ロフト,ロフト0384,ルベル,トリエ スプレー10 170,1,1600,2026-04,2026-05-18 15:32:58
2026-04-30,ロフト,ロフト0384,ベルミス,ベルミス スリムレギンス M-L,1,3990,2026-04,2026-05-18 15:32:58
2026-04-30,ロフト,ロフト0384,ベルミス,ベルミス カラープラスBK M,2,9072,2026-04,2026-05-18 15:32:58
2026-04-30,ロフト,ロフト0384,ベルミス,ベルミス カラープラスBK L,2,9072,2026-04,2026-05-18 15:32:58
2026-04-30,ロフト,ロフト0384,ベルミス,スリムレギンス Premium Lv1,1,5445,2026-04,2026-05-18 15:32:58
2026-04-30,ロフト,ロフト0384,ベルミス,スリムレギンス Premium Lv3,1,5445,2026-04,2026-05-18 15:32:58
2026-04-30,ロフト,ロフト0385,ルベル,イオ クリーム メルトリペア 200,1,1600,2026-04,2026-05-18 15:32:58
2026-04-30,ロフト,ロフト0385,ルベル,イオセラム オイル 100,2,4800,2026-04,2026-05-18 15:32:58
2026-04-30,ロフト,ロフト0385,ベルミス,スリムレギンス Premium Lv2,1,5445,2026-04,2026-05-18 15:32:58
2026-04-30,ロフト,ロフト0385,ベルミス,スリムレギンス Premium Lv3,1,5445,2026-04,2026-05-18 15:32:58
2026-04-30,ロフト,ロフト0385,ベルミス,スリムフルレッグ クールプラス L-LL,1,4718,2026-04,2026-05-18 15:32:58
2026-04-30,ロフト,ロフト0385,wolg,wolg BBクリーム ナチュラル,3,8127,2026-04,2026-05-18 15:32:58
2026-04-30,ロフト,ロフト0386,ルベル,イオセラム シャンプー 200,1,2000,2026-04,2026-05-18 15:32:58
2026-04-30,ロフト,ロフト0386,ルベル,イオ クリーム シルキーリペア 200,5,8000,2026-04,2026-05-18 15:32:58
2026-04-30,ロフト,ロフト0386,ルベル,イオ クリーム メルトリペア 200,7,11200,2026-04,2026-05-18 15:32:58
2026-04-30,ロフト,ロフト0386,ルベル,イオセラム オイル 100,2,4800,2026-04,2026-05-18 15:32:58
2026-04-30,ロフト,ロフト0386,ルベル,ルベル ウィズ RP 140,2,2000,2026-04,2026-05-18 15:32:58
2026-04-30,ロフト,ロフト0386,ルベル,ルベル ウィズ EP 140,7,8400,2026-04,2026-05-18 15:32:58
2026-04-30,ロフト,ロフト0386,ルベル,トリエ スプレー10 170,3,4800,2026-04,2026-05-18 15:32:58
2026-04-30,ロフト,ロフト0386,ベルミス,ベルミス カラープラスBK L,1,4536,2026-04,2026-05-18 15:32:58
2026-04-30,ロフト,ロフト0386,ベルミス,スリムレギンス Premium Lv3,1,5445,2026-04,2026-05-18 15:32:58
2026-04-30,ロフト,ロフト0386,wolg,wolg BBクリーム ナチュラル,1,2709,2026-04,2026-05-18 15:32:58
2026-04-30,ロフト,ロフト0386,バイワンシー,バイワンシー ピュア・アミノシャンプー,1,2700,2026-04,2026-05-18 15:32:58
2026-04-30,ロフト,ロフト0386,バイワンシー,バイワンシー ヒートケア・トリートメント,2,5400,2026-04,2026-05-18 15:32:58
2026-04-30,ロフト,ロフト0386,バイワンシー,バイワンシー SP&TRサシェ,8,2160,2026-04,2026-05-18 15:32:58
2026-04-30,ロフト,ロフト0386,ekam,ekam アドバンスドジェル,2,5418,2026-04,2026-05-18 15:32:58
2026-04-30,ロフト,ロフト0386,Vイフェクト,Vイフェクト青麦ジンクセラム,1,2300,2026-04,2026-05-18 15:32:58
2026-04-30,ロフト,ロフト0387,ルベル,イオ クリーム シルキーリペア 200,3,4800,2026-04,2026-05-18 15:32:58
2026-04-30,ロフト,ロフト0387,ルベル,トリエ スプレー10 170,2,3200,2026-04,2026-05-18 15:32:58
2026-04-30,ロフト,ロフト0387,ベルミス,ベルミス カラープラスBK L,1,4536,2026-04,2026-05-18 15:32:58
2026-04-30,ロフト,ロフト0387,ベルミス,スリムレギンス Premium Lv2,2,10890,2026-04,2026-05-18 15:32:58
2026-04-30,ロフト,ロフト0388,ルベル,イオ エッセンス フォルティ,1,2000,2026-04,2026-05-18 15:32:58
2026-04-30,ロフト,ロフト0388,ルベル,ルベル ウィズ CY 240,4,5600,2026-04,2026-05-18 15:32:58
2026-04-30,ロフト,ロフト0388,ルベル,イオ シャンプー リラックスメント200,3,4800,2026-04,2026-05-18 15:32:58
2026-04-30,ロフト,ロフト0388,ルベル,イオ クリーム メルトリペア 200,2,3200,2026-04,2026-05-18 15:32:58
2026-04-30,ロフト,ロフト0388,ルベル,ルベル ウィズ MG 240,1,1000,2026-04,2026-05-18 15:32:58
2026-04-30,ロフト,ロフト0388,VIAGE,ビューティアップナイトブラ BグレーL,1,2980,2026-04,2026-05-18 15:32:58
2026-04-30,ロフト,ロフト0388,ベルミス,ベルミス カラープラスBK M,1,4536,2026-04,2026-05-18 15:32:58
2026-04-30,ロフト,ロフト0388,ベルミス,ベルミス カラープラスBK L,1,4536,2026-04,2026-05-18 15:32:58
2026-04-30,ロフト,ロフト0388,バイワンシー,バイワンシー モイストブースターホイップ,2,4400,2026-04,2026-05-18 15:32:58
2026-04-30,ロフト,ロフト0388,wolg,wolg BBクリーム ナチュラル,3,8127,2026-04,2026-05-18 15:32:58
2026-04-30,ロフト,ロフト0388,バイワンシー,バイワンシー ピュア・アミノシャンプー,5,13500,2026-04,2026-05-18 15:32:58
2026-04-30,ロフト,ロフト0388,バイワンシー,バイワンシー ヒートケア・トリートメント,6,16200,2026-04,2026-05-18 15:32:58
2026-04-30,ロフト,ロフト0388,バイワンシー,バイワンシー スムース・リペアエッセンス,5,13500,2026-04,2026-05-18 15:32:58
2026-04-30,ロフト,ロフト0388,バイワンシー,バイワンシー スムースリペアESサシェ,4,1080,2026-04,2026-05-18 15:32:58
2026-04-30,ロフト,ロフト0388,バイワンシー,バイワンシー SP&TRサシェ,10,2700,2026-04,2026-05-18 15:32:58
2026-04-30,ロフト,ロフト0388,ekam,ekam アドバンスドジェル,2,5418,2026-04,2026-05-18 15:32:58
2026-04-30,ロフト,ロフト0388,ekam,ekam ホイップ洗顔,2,3600,2026-04,2026-05-18 15:32:58
2026-04-30,ロフト,ロフト0389,ルベル,イオ シャンプー クリアメント200,1,1600,2026-04,2026-05-18 15:32:58
2026-04-30,ロフト,ロフト0389,ルベル,イオ シャンプー リラックスメント200,3,4800,2026-04,2026-05-18 15:32:58
2026-04-30,ロフト,ロフト0389,ルベル,イオ エッセンス モイスト,1,2000,2026-04,2026-05-18 15:32:58
2026-04-30,ロフト,ロフト0389,ルベル,イオ エッセンス スリーク,2,4000,2026-04,2026-05-18 15:32:58
2026-04-30,ロフト,ロフト0389,ルベル,イオ クリーム メルトリペア 200,3,4800,2026-04,2026-05-18 15:32:58
2026-04-30,ロフト,ロフト0389,VIAGE,ビューティアップナイトブラ ブラックM,5,14900,2026-04,2026-05-18 15:32:58
2026-04-30,ロフト,ロフト0389,VIAGE,ビューティアップナイトブラ ブラックL,1,2980,2026-04,2026-05-18 15:32:58
2026-04-30,ロフト,ロフト0389,VIAGE,ビューティアップナイトブラ BグレーM,1,2980,2026-04,2026-05-18 15:32:58
2026-04-30,ロフト,ロフト0389,VIAGE,ビューティアップナイトブラ BグレーL,2,5960,2026-04,2026-05-18 15:32:58
2026-04-30,ロフト,ロフト0389,ベルミス,ベルミス カラープラスBK M,2,9072,2026-04,2026-05-18 15:32:58
2026-04-30,ロフト,ロフト0389,ベルミス,ベルミス カラープラスBK L,1,4536,2026-04,2026-05-18 15:32:58
2026-04-30,ロフト,ロフト0389,ベルミス,ベルミス カラープラスAGY L,1,4536,2026-04,2026-05-18 15:32:58
2026-04-30,ロフト,ロフト0389,バイワンシー,バイワンシー モイストブースターホイップ,2,4400,2026-04,2026-05-18 15:32:58
2026-04-30,ロフト,ロフト0389,ベルミス,スリムレギンス Premium Lv1,1,5445,2026-04,2026-05-18 15:32:58
2026-04-30,ロフト,ロフト0389,ベルミス,スリムレギンス Premium Lv2,3,16335,2026-04,2026-05-18 15:32:58
2026-04-30,ロフト,ロフト0389,ベルミス,スリムレギンス Premium Lv3,2,10890,2026-04,2026-05-18 15:32:58
2026-04-30,ロフト,ロフト0389,ベルミス,スリムフルレッグ クールプラス L-LL,1,4718,2026-04,2026-05-18 15:32:58
2026-04-30,ロフト,ロフト0389,wolg,wolg BBクリーム ナチュラル,2,5418,2026-04,2026-05-18 15:32:58
2026-04-30,ロフト,ロフト0389,バイワンシー,バイワンシー スムース・リペアエッセンス,3,8100,2026-04,2026-05-18 15:32:58
2026-04-30,ロフト,ロフト0389,バイワンシー,バイワンシー スムースリペアESサシェ,3,810,2026-04,2026-05-18 15:32:58
2026-04-30,ロフト,ロフト0389,バイワンシー,バイワンシー SP&TRサシェ,14,3780,2026-04,2026-05-18 15:32:58
2026-04-30,ロフト,ロフト0389,ekam,ekam アドバンスドジェル,2,5418,2026-04,2026-05-18 15:32:58
2026-04-30,ロフト,ロフト0389,ekam,ekam ホイップ洗顔,1,1800,2026-04,2026-05-18 15:32:58
2026-04-30,ロフト,ロフト0389,Vイフェクト,Vイフェクト青麦LHAクレンジングジェル,3,6300,2026-04,2026-05-18 15:32:58
2026-04-30,ロフト,ロフト0390,ルベル,イオ エッセンス スリーク,1,2000,2026-04,2026-05-18 15:32:58
2026-04-30,ロフト,ロフト0390,ベルミス,ベルミス スリムレギンス M-L,2,7980,2026-04,2026-05-18 15:32:58
2026-04-30,ロフト,ロフト0390,バイワンシー,バイワンシー モイストブースターホイップ,4,8800,2026-04,2026-05-18 15:32:58
2026-04-30,ロフト,ロフト0390,ベルミス,スリムレギンス Premium Lv3,1,5445,2026-04,2026-05-18 15:32:58
2026-04-30,ロフト,ロフト0390,ベルミス,スリムフルレッグ クールプラス L-LL,2,9436,2026-04,2026-05-18 15:32:58
2026-04-30,ロフト,ロフト0390,インシトゥ,インシトゥ ハーブラピール,8,19200,2026-04,2026-05-18 15:32:58
2026-04-30,ロフト,ロフト0390,Vイフェクト,Vイフェクト青麦LHAクレンジングジェル,1,2100,2026-04,2026-05-18 15:32:58
2026-04-30,ロフト,ロフト0391,ルベル,ルベル ウィズ JO 240,2,2000,2026-04,2026-05-18 15:32:58
2026-04-30,ロフト,ロフト0391,ルベル,イオ シャンプー リラックスメント200,5,8000,2026-04,2026-05-18 15:32:58
2026-04-30,ロフト,ロフト0391,ルベル,イオ クリーム シルキーリペア 200,3,4800,2026-04,2026-05-18 15:32:58
2026-04-30,ロフト,ロフト0391,ベルミス,ベルミス スリムレギンス L-LL,2,7980,2026-04,2026-05-18 15:32:58
2026-04-30,ロフト,ロフト0391,ベルミス,ベルミス カラープラスBK M,1,4536,2026-04,2026-05-18 15:32:58
2026-04-30,ロフト,ロフト0391,ベルミス,ベルミス カラープラスBK L,2,9072,2026-04,2026-05-18 15:32:58
2026-04-30,ロフト,ロフト0391,ベルミス,ベルミス スリムフルレッグLーLL,2,9436,2026-04,2026-05-18 15:32:58
2026-04-30,ロフト,ロフト0391,ベルミス,スリムレギンス Premium Lv3,1,5445,2026-04,2026-05-18 15:32:58
2026-04-30,ロフト,ロフト0391,wolg,wolg BBクリーム ナチュラル,2,5418,2026-04,2026-05-18 15:32:58
2026-04-30,ロフト,ロフト0392,ルベル,イオ エッセンス モイスト,1,2000,2026-04,2026-05-18 15:32:58
2026-04-30,ロフト,ロフト0392,ルベル,イオセラム オイル 100,1,2400,2026-04,2026-05-18 15:32:58
2026-04-30,ロフト,ロフト0392,ルベル,イオ クリーム シルキーリペア 200,1,1600,2026-04,2026-05-18 15:32:58
2026-04-30,ロフト,ロフト0392,ベルミス,ベルミス スリムレギンス L-LL,1,3990,2026-04,2026-05-18 15:32:58
2026-04-30,ロフト,ロフト0392,ベルミス,スリムレギンス Premium Lv3,1,5445,2026-04,2026-05-18 15:32:58
2026-04-30,ロフト,ロフト0392,Vイフェクト,VイフェクトFCポアフィットマスク7枚入,1,1400,2026-04,2026-05-18 15:32:58
2026-04-30,ロフト,ロフト0393,ルベル,イオ シャンプー クリアメント200,1,1600,2026-04,2026-05-18 15:32:58
2026-04-30,ロフト,ロフト0393,ルベル,イオ シャンプー リラックスメント200,2,3200,2026-04,2026-05-18 15:32:58
2026-04-30,ロフト,ロフト0393,ルベル,イオ エッセンス スリーク,2,4000,2026-04,2026-05-18 15:32:58
2026-04-30,ロフト,ロフト0393,ルベル,イオ クリーム メルトリペア 200,2,3200,2026-04,2026-05-18 15:32:58
2026-04-30,ロフト,ロフト0393,ベルミス,ベルミス スリムレギンス M-L,1,3990,2026-04,2026-05-18 15:32:58
2026-04-30,ロフト,ロフト0393,ベルミス,ベルミス カラープラスBK L,1,4536,2026-04,2026-05-18 15:32:58
2026-04-30,ロフト,ロフト0393,ベルミス,スリムフルレッグ クールプラス M-L,1,4718,2026-04,2026-05-18 15:32:58
2026-04-30,ロフト,ロフト0393,バイワンシー,バイワンシー SP&TRサシェ,1,270,2026-04,2026-05-18 15:32:58
2026-04-30,ロフト,ロフト0394,ルベル,ルベル ウィズ RP 140,1,1000,2026-04,2026-05-18 15:32:58
2026-04-30,ロフト,ロフト0394,ルベル,トリエ スプレー10 170,1,1600,2026-04,2026-05-18 15:32:58
2026-04-30,ロフト,ロフト0394,ベルミス,ベルミス スリムフルレッグ M-L,1,4718,2026-04,2026-05-18 15:32:58
2026-04-30,ロフト,ロフト0394,ベルミス,スリムレギンス Premium Lv2,1,5445,2026-04,2026-05-18 15:32:58
2026-04-30,ロフト,ロフト0394,ベルミス,スリムレギンス Premium Lv3,1,5445,2026-04,2026-05-18 15:32:58
2026-04-30,ロフト,ロフト0394,ベルミス,スリムフルレッグ クールプラス L-LL,1,4718,2026-04,2026-05-18 15:32:58
2026-04-30,ロフト,ロフト0394,バイワンシー,バイワンシー ピュア・アミノシャンプー,1,2700,2026-04,2026-05-18 15:32:58
2026-04-30,ロフト,ロフト0394,バイワンシー,バイワンシー ヒートケア・トリートメント,1,2700,2026-04,2026-05-18 15:32:58
2026-04-30,ロフト,ロフト0394,バイワンシー,バイワンシー スムース・リペアエッセンス,1,2700,2026-04,2026-05-18 15:32:58
2026-04-30,ロフト,ロフト0394,バイワンシー,バイワンシー スムースリペアESサシェ,12,3240,2026-04,2026-05-18 15:32:58
2026-04-30,ロフト,ロフト0394,バイワンシー,バイワンシー SP&TRサシェ,11,2970,2026-04,2026-05-18 15:32:58
2026-04-30,ロフト,ロフト0395,ルベル,ルベル ウィズ SW 240,1,1000,2026-04,2026-05-18 15:32:58
2026-04-30,ロフト,ロフト0395,ルベル,イオ シャンプー リラックスメント200,3,4800,2026-04,2026-05-18 15:32:58
2026-04-30,ロフト,ロフト0395,ルベル,イオ クリーム メルトリペア 200,2,3200,2026-04,2026-05-18 15:32:58
2026-04-30,ロフト,ロフト0395,ルベル,ルベル ウィズ RP 140,2,2000,2026-04,2026-05-18 15:32:58
2026-04-30,ロフト,ロフト0395,ルベル,ルベル ウィズ EP 140,3,3600,2026-04,2026-05-18 15:32:58
2026-04-30,ロフト,ロフト0395,ルベル,トリエ スプレー10 170,2,3200,2026-04,2026-05-18 15:32:58
2026-04-30,ロフト,ロフト0395,ベルミス,ベルミス スリムレギンス M-L,1,3990,2026-04,2026-05-18 15:32:58
2026-04-30,ロフト,ロフト0395,ベルミス,ベルミス カラープラスBK L,1,4536,2026-04,2026-05-18 15:32:58
2026-04-30,ロフト,ロフト0395,ekam,ekam アドバンスドジェル,1,2709,2026-04,2026-05-18 15:32:58
2026-04-30,ロフト,ロフト0395,ekam,ekam アドバンスドセラム,1,3164,2026-04,2026-05-18 15:32:58
2026-04-30,ロフト,ロフト0395,ekam,ekam ホイップ洗顔,1,1800,2026-04,2026-05-18 15:32:58
2026-04-30,ロフト,ロフト0396,ベルミス,ベルミス スリムレギンス L-LL,3,11970,2026-04,2026-05-18 15:32:58
2026-04-30,ロフト,ロフト0396,バイワンシー,バイワンシー モイストブースターホイップ,2,4400,2026-04,2026-05-18 15:32:58
2026-04-30,ロフト,ロフト0396,ベルミス,スリムレギンス Premium Lv3,1,5445,2026-04,2026-05-18 15:32:58
2026-04-30,ロフト,ロフト0396,ekam,ekam アドバンスドジェル,1,2709,2026-04,2026-05-18 15:32:58
2026-04-30,ロフト,ロフト0396,ekam,ekam ホイップ洗顔,2,3600,2026-04,2026-05-18 15:32:58
2026-04-30,ロフト,ロフト0397,ルベル,トリエ スプレー10 170,3,4800,2026-04,2026-05-18 15:32:58
2026-04-30,ロフト,ロフト0397,VIAGE,ビューティアップナイトブラ BグレーM,1,2980,2026-04,2026-05-18 15:32:58
2026-04-30,ロフト,ロフト0397,VIAGE,ビューティアップナイトブラ BグレーL,1,2980,2026-04,2026-05-18 15:32:58
2026-04-30,ロフト,ロフト0397,ベルミス,ベルミス スリムレギンス M-L,2,7980,2026-04,2026-05-18 15:32:58
2026-04-30,ロフト,ロフト0397,ベルミス,ベルミス スリムレギンス L-LL,1,3990,2026-04,2026-05-18 15:32:58
2026-04-30,ロフト,ロフト0397,ベルミス,ベルミス カラープラスBK M,1,4536,2026-04,2026-05-18 15:32:58
2026-04-30,ロフト,ロフト0397,バイワンシー,バイワンシー モイストブースターホイップ,1,2200,2026-04,2026-05-18 15:32:58
2026-04-30,ロフト,ロフト0397,ベルミス,スリムレギンス Premium Lv3,1,5445,2026-04,2026-05-18 15:32:58
2026-04-30,ロフト,ロフト0397,ベルミス,スリムフルレッグ クールプラス M-L,1,4718,2026-04,2026-05-18 15:32:58
2026-04-30,ロフト,ロフト0397,ベルミス,スリムフルレッグ クールプラス L-LL,1,4718,2026-04,2026-05-18 15:32:58
2026-04-30,ロフト,ロフト0397,インシトゥ,インシトゥ ハーブラピール,1,2400,2026-04,2026-05-18 15:32:58
2026-04-30,ロフト,ロフト0397,バイワンシー,バイワンシー ピュア・アミノシャンプー,1,2700,2026-04,2026-05-18 15:32:58
2026-04-30,ロフト,ロフト0397,バイワンシー,バイワンシー ヒートケア・トリートメント,1,2700,2026-04,2026-05-18 15:32:58
2026-04-30,ロフト,ロフト0397,バイワンシー,バイワンシー スムース・リペアエッセンス,7,18900,2026-04,2026-05-18 15:32:58
2026-04-30,ロフト,ロフト0397,バイワンシー,バイワンシー スムースリペアESサシェ,4,1080,2026-04,2026-05-18 15:32:58
2026-04-30,ロフト,ロフト0398,ベルミス,ベルミス スリムレギンス M-L,1,3990,2026-04,2026-05-18 15:32:58
2026-04-30,ロフト,ロフト0398,ベルミス,ベルミス カラープラスBK M,2,9072,2026-04,2026-05-18 15:32:58
2026-04-30,ロフト,ロフト0398,ベルミス,ベルミス カラープラスBK L,1,4536,2026-04,2026-05-18 15:32:58
2026-04-30,ロフト,ロフト0398,ベルミス,スリムレギンス Premium Lv2,1,5445,2026-04,2026-05-18 15:32:58
2026-04-30,ロフト,ロフト0398,ベルミス,スリムレギンス Premium Lv3,1,5445,2026-04,2026-05-18 15:32:58
2026-04-30,ロフト,ロフト0398,ベルミス,スリムフルレッグ クールプラス M-L,1,4718,2026-04,2026-05-18 15:32:58
2026-04-30,ロフト,ロフト0398,ベルミス,スリムフルレッグ クールプラス L-LL,2,9436,2026-04,2026-05-18 15:32:58
2026-04-30,ロフト,ロフト0399,ルベル,イオセラム オイル 100,1,2400,2026-04,2026-05-18 15:32:58
2026-04-30,ロフト,ロフト0399,ルベル,トリエ スプレー10 170,1,1600,2026-04,2026-05-18 15:32:58
2026-04-30,ロフト,ロフト0399,ベルミス,ベルミス スリムレギンス L-LL,2,7980,2026-04,2026-05-18 15:32:58
2026-04-30,ロフト,ロフト0399,ベルミス,ベルミス カラープラスBK L,1,4536,2026-04,2026-05-18 15:32:58
2026-04-30,ロフト,ロフト0399,インシトゥ,インシトゥ ハーブラピール,3,7200,2026-04,2026-05-18 15:32:58
2026-04-30,ロフト,ロフト0399,バイワンシー,バイワンシー ピュア・アミノシャンプー,4,10800,2026-04,2026-05-18 15:32:58
2026-04-30,ロフト,ロフト0399,バイワンシー,バイワンシー ヒートケア・トリートメント,3,8100,2026-04,2026-05-18 15:32:58
2026-04-30,ロフト,ロフト0399,バイワンシー,バイワンシー スムース・リペアエッセンス,3,8100,2026-04,2026-05-18 15:32:58
2026-04-30,ロフト,ロフト0399,バイワンシー,バイワンシー スムースリペアESサシェ,8,2160,2026-04,2026-05-18 15:32:58
2026-04-30,ロフト,ロフト0399,バイワンシー,バイワンシー SP&TRサシェ,5,1350,2026-04,2026-05-18 15:32:58
2026-04-30,ロフト,ロフト0400,ルベル,イオセラム シャンプー 200,1,2000,2026-04,2026-05-18 15:32:58
2026-04-30,ロフト,ロフト0400,ルベル,イオ エッセンス モイスト,1,2000,2026-04,2026-05-18 15:32:58
2026-04-30,ロフト,ロフト0400,ルベル,イオ クリーム メルトリペア 200,1,1600,2026-04,2026-05-18 15:32:58
2026-04-30,ロフト,ロフト0400,ベルミス,ベルミス スリムレギンス M-L,1,3990,2026-04,2026-05-18 15:32:58
2026-04-30,ロフト,ロフト0400,ベルミス,ベルミス カラープラスBK L,1,4536,2026-04,2026-05-18 15:32:58
2026-04-30,ロフト,ロフト0400,バイワンシー,バイワンシー モイストブースターホイップ,1,2200,2026-04,2026-05-18 15:32:58
2026-04-30,ロフト,ロフト0400,ベルミス,ベルミス スリムフルレッグ M-L,1,4718,2026-04,2026-05-18 15:32:58
2026-04-30,ロフト,ロフト0400,ベルミス,スリムレギンス Premium Lv2,1,5445,2026-04,2026-05-18 15:32:58
2026-04-30,ロフト,ロフト0400,ベルミス,スリムレギンス Premium Lv3,3,16335,2026-04,2026-05-18 15:32:58
2026-04-30,ロフト,ロフト0400,wolg,wolg BBクリーム ナチュラル,1,2709,2026-04,2026-05-18 15:32:58
2026-04-30,ロフト,ロフト0401,ルベル,イオ クリーム シルキーリペア 200,6,9600,2026-04,2026-05-18 15:32:58
2026-04-30,ロフト,ロフト0407,ルベル,イオ クリーム メルトリペア 200,1,1600,2026-04,2026-05-18 15:32:58
2026-04-30,ロフト,ロフト0408,ルベル,イオ シャンプー クリアメント200,1,1600,2026-04,2026-05-18 15:32:58
2026-04-30,ロフト,ロフト0408,ルベル,イオ シャンプー リラックスメント200,3,4800,2026-04,2026-05-18 15:32:58
2026-04-30,ロフト,ロフト0408,ルベル,イオ クリーム シルキーリペア 200,2,3200,2026-04,2026-05-18 15:32:58
2026-04-30,ロフト,ロフト0408,ルベル,イオ クリーム メルトリペア 200,1,1600,2026-04,2026-05-18 15:32:58
2026-04-30,ロフト,ロフト0408,ルベル,トリエ スプレー10 170,3,4800,2026-04,2026-05-18 15:32:58
2026-04-30,ロフト,ロフト0409,ルベル,イオセラム オイル 100,3,7200,2026-04,2026-05-18 15:32:58
2026-04-30,ロフト,ロフト0409,ルベル,ルベル ウィズ EP 140,1,1200,2026-04,2026-05-18 15:32:58
2026-04-30,ロフト,ロフト0409,ルベル,ルベル ウィズ RP 140,2,2000,2026-04,2026-05-18 15:32:58
2026-04-30,ロフト,ロフト0409,ルベル,ルベル ウィズ EP 140,1,1200,2026-04,2026-05-18 15:32:58
2026-04-30,ロフト,ロフト0410,ルベル,イオ クリーム シルキーリペア 200,1,1600,2026-04,2026-05-18 15:32:58
2026-04-30,ロフト,ロフト0410,ルベル,ルベル ウィズ EP 140,1,1200,2026-04,2026-05-18 15:32:58
2026-04-30,ロフト,ロフト0411,ルベル,イオ クリーム シルキーリペア 200,1,1600,2026-04,2026-05-18 15:32:58
2026-04-30,ロフト,ロフト0413,ルベル,イオセラム シャンプー 200,1,2000,2026-04,2026-05-18 15:32:58
2026-04-30,ロフト,ロフト0413,ルベル,イオセラム クリーム 200,2,4000,2026-04,2026-05-18 15:32:58
2026-04-30,ロフト,ロフト0413,ルベル,イオ シャンプー リラックスメント200,3,4800,2026-04,2026-05-18 15:32:58
2026-04-30,ロフト,ロフト0413,ルベル,イオ クリーム メルトリペア 200,4,6400,2026-04,2026-05-18 15:32:58
2026-04-30,ロフト,ロフト0413,ルベル,イオセラム クリーム 200,1,2000,2026-04,2026-05-18 15:32:58
2026-04-30,ロフト,ロフト0413,ルベル,トリエ スプレー10 170,2,3200,2026-04,2026-05-18 15:32:58
2026-04-30,ロフト,ロフト0413,VIAGE,ビューティアップナイトブラ ブラックL,3,8940,2026-04,2026-05-18 15:32:58
2026-04-30,ロフト,ロフト0413,ベルミス,ベルミス スリムレギンス L-LL,1,3990,2026-04,2026-05-18 15:32:58
2026-04-30,ロフト,ロフト0413,バイワンシー,バイワンシー モイストブースターホイップ,2,4400,2026-04,2026-05-18 15:32:58
2026-04-30,ロフト,ロフト0413,ベルミス,スリムフルレッグ クールプラス M-L,1,4718,2026-04,2026-05-18 15:32:58
2026-04-30,ロフト,ロフト0414,ルベル,イオ エッセンス スリーク,1,2000,2026-04,2026-05-18 15:32:58
2026-04-30,ロフト,ロフト0414,VIAGE,ビューティアップナイトブラ ブラックL,2,5960,2026-04,2026-05-18 15:32:58
2026-04-30,ロフト,ロフト0414,VIAGE,ビューティアップナイトブラ BグレーL,1,2980,2026-04,2026-05-18 15:32:58
2026-04-30,ロフト,ロフト0414,ベルミス,ベルミス スリムレギンス L-LL,1,3990,2026-04,2026-05-18 15:32:58
2026-04-30,ロフト,ロフト0414,ベルミス,ベルミス カラープラスBK M,1,4536,2026-04,2026-05-18 15:32:58
2026-04-30,ロフト,ロフト0414,ベルミス,ベルミス スリムフルレッグLーLL,1,4718,2026-04,2026-05-18 15:32:58
2026-04-30,ロフト,ロフト0414,ベルミス,スリムレギンス Premium Lv3,2,10890,2026-04,2026-05-18 15:32:58
2026-04-30,ロフト,ロフト0414,ベルミス,スリムフルレッグ クールプラス L-LL,1,4718,2026-04,2026-05-18 15:32:58
2026-04-30,ロフト,ロフト0414,My+Cee,My+Cee ビタミンCサプリメント,1,2980,2026-04,2026-05-18 15:32:58
2026-04-30,ロフト,ロフト0414,wolg,wolg BBクリーム ナチュラル,4,10836,2026-04,2026-05-18 15:32:58
2026-04-30,ロフト,ロフト0414,ekam,ekam アドバンスドジェル,2,5418,2026-04,2026-05-18 15:32:58
2026-04-30,ロフト,ロフト0415,ルベル,イオセラム オイル 100,1,2400,2026-04,2026-05-18 15:32:58
2026-04-30,ロフト,ロフト0415,ルベル,ルベル ウィズ SW 240,1,1000,2026-04,2026-05-18 15:32:58
2026-04-30,ロフト,ロフト0415,ルベル,イオ シャンプー リラックスメント200,1,1600,2026-04,2026-05-18 15:32:58
2026-04-30,ロフト,ロフト0415,ベルミス,ベルミス スリムレギンス L-LL,1,3990,2026-04,2026-05-18 15:32:58
2026-04-30,ロフト,ロフト0415,ベルミス,ベルミス カラープラスAGY L,2,9072,2026-04,2026-05-18 15:32:58
2026-04-30,ロフト,ロフト0415,ベルミス,スリムレギンス Premium Lv2,2,10890,2026-04,2026-05-18 15:32:58
2026-04-30,ロフト,ロフト0415,ekam,ekam アドバンスドセラム,1,3164,2026-04,2026-05-18 15:32:58
2026-04-30,ロフト,ロフト0416,ルベル,イオ シャンプー クリアメント200,2,3200,2026-04,2026-05-18 15:32:58
2026-04-30,ロフト,ロフト0416,ルベル,イオセラム クリーム 200,1,2000,2026-04,2026-05-18 15:32:58
2026-04-30,ロフト,ロフト0416,ルベル,ルベル ウィズ JO 240,1,1000,2026-04,2026-05-18 15:32:58
2026-04-30,ロフト,ロフト0416,ルベル,ルベル ウィズ CY 240,1,1400,2026-04,2026-05-18 15:32:58
2026-04-30,ロフト,ロフト0416,ベルミス,ベルミス スリムレギンス M-L,1,3990,2026-04,2026-05-18 15:32:58
2026-04-30,ロフト,ロフト0416,ベルミス,ベルミス カラープラスBK M,1,4536,2026-04,2026-05-18 15:32:58
2026-04-30,ロフト,ロフト0416,ベルミス,ベルミス カラープラスAGY M,1,4536,2026-04,2026-05-18 15:32:58
2026-04-30,ロフト,ロフト0416,ベルミス,ベルミス カラープラスAGY L,1,4536,2026-04,2026-05-18 15:32:58
2026-04-30,ロフト,ロフト0416,ベルミス,ベルミス スリムフルレッグLーLL,1,4718,2026-04,2026-05-18 15:32:58
2026-04-30,ロフト,ロフト0416,ベルミス,スリムレギンス Premium Lv3,1,5445,2026-04,2026-05-18 15:32:58
2026-04-30,ロフト,ロフト0417,ルベル,イオ シャンプー リラックスメント200,1,1600,2026-04,2026-05-18 15:32:58
2026-04-30,ロフト,ロフト0417,ルベル,イオ クリーム メルトリペア 200,1,1600,2026-04,2026-05-18 15:32:58
2026-04-30,ロフト,ロフト0417,ルベル,イオセラム クリーム 200,1,2000,2026-04,2026-05-18 15:32:58
2026-04-30,ロフト,ロフト0417,ベルミス,ベルミス スリムレギンス L-LL,1,3990,2026-04,2026-05-18 15:32:58
2026-04-30,ロフト,ロフト0417,バイワンシー,バイワンシー モイストブースターホイップ,3,6600,2026-04,2026-05-18 15:32:58
2026-04-30,ロフト,ロフト0417,ベルミス,スリムレギンス Premium Lv3,1,5445,2026-04,2026-05-18 15:32:58
2026-04-30,ロフト,ロフト0417,バイワンシー,バイワンシー スムース・リペアエッセンス,2,5400,2026-04,2026-05-18 15:32:58
2026-04-30,ロフト,ロフト0418,ルベル,イオ エッセンス モイスト,1,2000,2026-04,2026-05-18 15:32:58
2026-04-30,ロフト,ロフト0418,ルベル,ルベル ウィズ MG 240,1,1000,2026-04,2026-05-18 15:32:58
2026-04-30,ロフト,ロフト0418,ルベル,ルベル ウィズ RP 140,2,2000,2026-04,2026-05-18 15:32:58
2026-04-30,ロフト,ロフト0418,ルベル,イオ シャンプー クリアメント200,1,1600,2026-04,2026-05-18 15:32:58
2026-04-30,ロフト,ロフト0418,ルベル,イオ シャンプー リラックスメント200,1,1600,2026-04,2026-05-18 15:32:58
2026-04-30,ロフト,ロフト0418,ルベル,イオ エッセンス モイスト,1,2000,2026-04,2026-05-18 15:32:58
2026-04-30,ロフト,ロフト0418,ルベル,イオ クリーム メルトリペア 200,1,1600,2026-04,2026-05-18 15:32:58
2026-04-30,ロフト,ロフト0418,ルベル,イオセラム クリーム 200,2,4000,2026-04,2026-05-18 15:32:58
2026-04-30,ロフト,ロフト0418,ルベル,イオセラム オイル 100,2,4800,2026-04,2026-05-18 15:32:58
2026-04-30,ロフト,ロフト0418,ルベル,ルベル ウィズ SW 240,3,3000,2026-04,2026-05-18 15:32:58
2026-04-30,ロフト,ロフト0418,VIAGE,ビューティアップナイトブラ ブラックM,1,2980,2026-04,2026-05-18 15:32:58
2026-04-30,ロフト,ロフト0418,VIAGE,ビューティアップナイトブラ BグレーM,2,5960,2026-04,2026-05-18 15:32:58
2026-04-30,ロフト,ロフト0418,ベルミス,ベルミス スリムレギンス M-L,3,11970,2026-04,2026-05-18 15:32:58
2026-04-30,ロフト,ロフト0418,バイワンシー,バイワンシー モイストブースターホイップ,1,2200,2026-04,2026-05-18 15:32:58
2026-04-30,ロフト,ロフト0418,ベルミス,ベルミス スリムフルレッグLーLL,1,4718,2026-04,2026-05-18 15:32:58
2026-04-30,ロフト,ロフト0418,ベルミス,スリムレギンス Premium Lv3,2,10890,2026-04,2026-05-18 15:32:58
2026-04-30,ロフト,ロフト0418,ベルミス,スリムフルレッグ クールプラス M-L,1,4718,2026-04,2026-05-18 15:32:58
2026-04-30,ロフト,ロフト0418,ベルミス,スリムフルレッグ クールプラス L-LL,3,14154,2026-04,2026-05-18 15:32:58
2026-04-30,ロフト,ロフト0418,wolg,wolg BBクリーム ナチュラル,10,27090,2026-04,2026-05-18 15:32:58
2026-04-30,ロフト,ロフト0418,バイワンシー,バイワンシー ピュア・アミノシャンプー,2,5400,2026-04,2026-05-18 15:32:58
2026-04-30,ロフト,ロフト0418,バイワンシー,バイワンシー ヒートケア・トリートメント,1,2700,2026-04,2026-05-18 15:32:58
2026-04-30,ロフト,ロフト0418,バイワンシー,バイワンシー スムース・リペアエッセンス,2,5400,2026-04,2026-05-18 15:32:58
2026-04-30,ロフト,ロフト0418,バイワンシー,バイワンシー スムースリペアESサシェ,5,1350,2026-04,2026-05-18 15:32:58
2026-04-30,ロフト,ロフト0418,バイワンシー,バイワンシー SP&TRサシェ,6,1620,2026-04,2026-05-18 15:32:58
2026-04-30,ロフト,ロフト0418,ekam,ekam アドバンスドセラム,3,9492,2026-04,2026-05-18 15:32:58
2026-04-30,ロフト,ロフト0420,ルベル,イオ エッセンス モイスト,1,2000,2026-04,2026-05-18 15:32:58
2026-04-30,ロフト,ロフト0420,ルベル,イオ クリーム メルトリペア 200,1,1600,2026-04,2026-05-18 15:32:58
2026-04-30,ロフト,ロフト0420,ベルミス,ベルミス スリムフルレッグ M-L,1,4718,2026-04,2026-05-18 15:32:58
2026-04-30,ロフト,ロフト0420,ベルミス,スリムレギンス Premium Lv3,2,10890,2026-04,2026-05-18 15:32:58
2026-04-30,ロフト,ロフト0501,ルベル,イオ エッセンス スリーク,4,8000,2026-04,2026-05-18 15:32:58
2026-04-30,ロフト,ロフト0501,ルベル,イオ クリーム メルトリペア 200,2,3200,2026-04,2026-05-18 15:32:58
2026-04-30,ロフト,ロフト0501,ルベル,イオセラム クリーム 200,3,6000,2026-04,2026-05-18 15:32:58
2026-04-30,ロフト,ロフト0501,ベルミス,ベルミス スリムレギンス M-L,1,3990,2026-04,2026-05-18 15:32:58
2026-04-30,ロフト,ロフト0501,ベルミス,ベルミス カラープラスAGY L,1,4536,2026-04,2026-05-18 15:32:58
2026-04-30,ロフト,ロフト0501,ベルミス,リムーブレギンスEB M-L,1,11182,2026-04,2026-05-18 15:32:58
2026-04-30,ロフト,ロフト0501,ベルミス,スリムレギンス Premium Lv3,1,5445,2026-04,2026-05-18 15:32:58
2026-04-30,ロフト,ロフト0501,バイワンシー,バイワンシー ピュア・アミノシャンプー,5,13500,2026-04,2026-05-18 15:32:58
2026-04-30,ロフト,ロフト0501,バイワンシー,バイワンシー ヒートケア・トリートメント,6,16200,2026-04,2026-05-18 15:32:58
2026-04-30,ロフト,ロフト0501,バイワンシー,バイワンシー スムース・リペアエッセンス,10,27000,2026-04,2026-05-18 15:32:58
2026-04-30,ロフト,ロフト0501,バイワンシー,バイワンシー スムースリペアESサシェ,3,810,2026-04,2026-05-18 15:32:58
2026-04-30,ロフト,ロフト0501,バイワンシー,バイワンシー SP&TRサシェ,15,4050,2026-04,2026-05-18 15:32:58
2026-04-30,ロフト,ロフト0501,Vイフェクト,Vイフェクト青麦LHAクレンジングジェル,1,2100,2026-04,2026-05-18 15:32:58
2026-04-30,ロフト,ロフト0833,ルベル,イオ エッセンス スリーク,1,2000,2026-04,2026-05-18 15:32:58
2026-04-30,ロフト,ロフト0833,ルベル,イオセラム クリーム 200,1,2000,2026-04,2026-05-18 15:32:58
2026-04-30,ロフト,ロフト0833,ルベル,ルベル ウィズ RP 140,1,1000,2026-04,2026-05-18 15:32:58
2026-04-30,ロフト,ロフト0833,ルベル,ルベル ウィズ EP 140,1,1200,2026-04,2026-05-18 15:32:58
2026-04-30,ロフト,ロフト0833,ベルミス,ベルミス スリムレギンス M-L,3,11970,2026-04,2026-05-18 15:32:58
2026-04-30,ロフト,ロフト0833,ベルミス,ベルミス カラープラスBK L,2,9072,2026-04,2026-05-18 15:32:58
2026-04-30,ロフト,ロフト0833,ベルミス,ベルミス カラープラスAGY L,1,4536,2026-04,2026-05-18 15:32:58
2026-04-30,ロフト,ロフト0833,ベルミス,スリムレギンス Premium Lv3,1,5445,2026-04,2026-05-18 15:32:58
2026-04-30,ロフト,ロフト0834,ルベル,イオセラム クリーム 200,1,2000,2026-04,2026-05-18 15:32:58
2026-04-30,ロフト,ロフト0834,ルベル,ルベル ウィズ CY 240,1,1400,2026-04,2026-05-18 15:32:58
2026-04-30,ロフト,ロフト0834,ルベル,ルベル ウィズ SW 240,1,1000,2026-04,2026-05-18 15:32:58
2026-04-30,ロフト,ロフト0834,ルベル,イオ クリーム メルトリペア 200,2,3200,2026-04,2026-05-18 15:32:58
2026-04-30,ロフト,ロフト0834,ベルミス,ベルミス スリムフルレッグLーLL,2,9436,2026-04,2026-05-18 15:32:58
2026-04-30,ロフト,ロフト0834,ベルミス,スリムレギンス Premium Lv3,1,5445,2026-04,2026-05-18 15:32:58
2026-04-30,ロフト,ロフト0836,ルベル,イオ エッセンス モイスト,1,2000,2026-04,2026-05-18 15:32:58
2026-04-30,ロフト,ロフト0836,ルベル,ルベル ウィズ CY 240,1,1400,2026-04,2026-05-18 15:32:58
2026-04-30,ロフト,ロフト0836,ルベル,トリエ スプレー10 170,6,9600,2026-04,2026-05-18 15:32:58
2026-04-30,ロフト,ロフト0836,ベルミス,ベルミス スリムレギンス M-L,1,3990,2026-04,2026-05-18 15:32:58
2026-04-30,ロフト,ロフト0836,ベルミス,ベルミス スリムレギンス L-LL,1,3990,2026-04,2026-05-18 15:32:58
2026-04-30,ロフト,ロフト0836,ベルミス,ベルミス カラープラスBK M,1,4536,2026-04,2026-05-18 15:32:58
2026-04-30,ロフト,ロフト0836,ベルミス,ベルミス カラープラスBK L,1,4536,2026-04,2026-05-18 15:32:58
2026-04-30,ロフト,ロフト0836,ベルミス,ベルミス カラープラスAGY L,1,4536,2026-04,2026-05-18 15:32:58
2026-04-30,ロフト,ロフト0836,ベルミス,ベルミス スリムフルレッグLーLL,1,4718,2026-04,2026-05-18 15:32:58
2026-04-30,ロフト,ロフト0838,ルベル,イオ エッセンス モイスト,1,2000,2026-04,2026-05-18 15:32:58
2026-04-30,ロフト,ロフト0838,ベルミス,ベルミス スリムレギンス M-L,2,7980,2026-04,2026-05-18 15:32:58
2026-04-30,ロフト,ロフト0838,ベルミス,ベルミス カラープラスBK M,1,4536,2026-04,2026-05-18 15:32:58
2026-04-30,ロフト,ロフト0838,ベルミス,スリムレギンス Premium Lv1,1,5445,2026-04,2026-05-18 15:32:58
2026-04-30,ロフト,ロフト0838,ベルミス,スリムレギンス Premium Lv3,1,5445,2026-04,2026-05-18 15:32:58
2026-04-30,ロフト,ロフト0842,ルベル,イオセラム シャンプー 200,1,2000,2026-04,2026-05-18 15:32:58
2026-04-30,ロフト,ロフト0842,ルベル,イオセラム クリーム 200,4,8000,2026-04,2026-05-18 15:32:58
2026-04-30,ロフト,ロフト0842,ルベル,ルベル ウィズ CY 240,1,1400,2026-04,2026-05-18 15:32:58
2026-04-30,ロフト,ロフト0842,ルベル,イオ シャンプー リラックスメント200,1,1600,2026-04,2026-05-18 15:32:58
2026-04-30,ロフト,ロフト0842,ルベル,イオ クリーム メルトリペア 200,2,3200,2026-04,2026-05-18 15:32:58
2026-04-30,ロフト,ロフト0842,ルベル,イオセラム シャンプー 200,1,2000,2026-04,2026-05-18 15:32:58
2026-04-30,ロフト,ロフト0842,ルベル,ルベル ウィズ RP 140,2,2000,2026-04,2026-05-18 15:32:58
2026-04-30,ロフト,ロフト0842,ルベル,トリエ スプレー10 170,10,16000,2026-04,2026-05-18 15:32:58
2026-04-30,ロフト,ロフト0842,VIAGE,ビューティアップナイトブラ BグレーL,2,5960,2026-04,2026-05-18 15:32:58
2026-04-30,ロフト,ロフト0842,ベルミス,ベルミス スリムレギンス L-LL,1,3990,2026-04,2026-05-18 15:32:58
2026-04-30,ロフト,ロフト0842,ベルミス,ベルミス カラープラスBK M,2,9072,2026-04,2026-05-18 15:32:58
2026-04-30,ロフト,ロフト0842,wolg,wolg BBクリーム ナチュラル,1,2709,2026-04,2026-05-18 15:32:58
2026-04-30,ロフト,ロフト0842,バイワンシー,バイワンシー ヒートケア・トリートメント,1,2700,2026-04,2026-05-18 15:32:58
2026-04-30,ロフト,ロフト0842,バイワンシー,バイワンシー スムース・リペアエッセンス,1,2700,2026-04,2026-05-18 15:32:58
2026-04-30,ロフト,ロフト0842,バイワンシー,バイワンシー SP&TRサシェ,6,1620,2026-04,2026-05-18 15:32:58
2026-04-30,ロフト,ロフト0842,ekam,ekam ホイップ洗顔,1,1800,2026-04,2026-05-18 15:32:58
2026-04-30,ロフト,ロフト0844,ルベル,イオ エッセンス フォルティ,1,2000,2026-04,2026-05-18 15:32:58
2026-04-30,ロフト,ロフト0844,ルベル,イオ クリーム シルキーリペア 200,3,4800,2026-04,2026-05-18 15:32:58
2026-04-30,ロフト,ロフト0844,ルベル,イオ クリーム メルトリペア 200,1,1600,2026-04,2026-05-18 15:32:58
2026-04-30,ロフト,ロフト0844,ルベル,イオセラム オイル 100,2,4800,2026-04,2026-05-18 15:32:58
2026-04-30,ロフト,ロフト0844,VIAGE,ビューティアップナイトブラ ブラックM,8,23840,2026-04,2026-05-18 15:32:58
2026-04-30,ロフト,ロフト0844,VIAGE,ビューティアップナイトブラ ブラックL,2,5960,2026-04,2026-05-18 15:32:58
2026-04-30,ロフト,ロフト0844,VIAGE,ビューティアップナイトブラ NピンクL,1,2980,2026-04,2026-05-18 15:32:58
2026-04-30,ロフト,ロフト0844,VIAGE,ビューティアップナイトブラ BグレーM,4,11920,2026-04,2026-05-18 15:32:58
2026-04-30,ロフト,ロフト0844,ベルミス,ベルミス スリムレギンス M-L,3,11970,2026-04,2026-05-18 15:32:58
2026-04-30,ロフト,ロフト0844,ベルミス,ベルミス スリムレギンス L-LL,4,15960,2026-04,2026-05-18 15:32:58
2026-04-30,ロフト,ロフト0844,ベルミス,ベルミス カラープラスBK M,1,4536,2026-04,2026-05-18 15:32:58
2026-04-30,ロフト,ロフト0844,バイワンシー,バイワンシー モイストブースターホイップ,1,2200,2026-04,2026-05-18 15:32:58
2026-04-30,ロフト,ロフト0844,ベルミス,リムーブレギンスEB M-L,1,11182,2026-04,2026-05-18 15:32:58
2026-04-30,ロフト,ロフト0844,ベルミス,リムーブレギンスSG L-LL,1,11182,2026-04,2026-05-18 15:32:58
2026-04-30,ロフト,ロフト0844,ベルミス,スリムレギンス Premium Lv2,1,5445,2026-04,2026-05-18 15:32:58
2026-04-30,ロフト,ロフト0844,ベルミス,スリムレギンス Premium Lv3,1,5445,2026-04,2026-05-18 15:32:58
2026-04-30,ロフト,ロフト0844,インシトゥ,インシトゥ ハーブラピール,14,33600,2026-04,2026-05-18 15:32:58
2026-04-30,ロフト,ロフト0844,wolg,wolg BBクリーム ナチュラル,5,13545,2026-04,2026-05-18 15:32:58
2026-04-30,ロフト,ロフト0844,バイワンシー,バイワンシー ピュア・アミノシャンプー,5,13500,2026-04,2026-05-18 15:32:58
2026-04-30,ロフト,ロフト0844,バイワンシー,バイワンシー ヒートケア・トリートメント,4,10800,2026-04,2026-05-18 15:32:58
2026-04-30,ロフト,ロフト0844,バイワンシー,バイワンシー スムース・リペアエッセンス,7,18900,2026-04,2026-05-18 15:32:58
2026-04-30,ロフト,ロフト0844,バイワンシー,バイワンシー スムースリペアESサシェ,14,3780,2026-04,2026-05-18 15:32:58
2026-04-30,ロフト,ロフト0844,バイワンシー,バイワンシー SP&TRサシェ,11,2970,2026-04,2026-05-18 15:32:58
2026-04-30,ロフト,ロフト0844,ekam,ekam アドバンスドジェル,2,5418,2026-04,2026-05-18 15:32:58
2026-04-30,ロフト,ロフト0844,ekam,ekam アドバンスドセラム,1,3164,2026-04,2026-05-18 15:32:58
2026-04-30,ロフト,ロフト0844,ekam,ekam ホイップ洗顔,1,1800,2026-04,2026-05-18 15:32:58
2026-04-30,ロフト,ロフト0844,Vイフェクト,VイフェクトFCポアベルベットクリーム,2,5960,2026-04,2026-05-18 15:32:58
2026-04-30,ロフト,ロフト0845,ベルミス,ベルミス スリムレギンス M-L,1,3990,2026-04,2026-05-18 15:32:58
2026-04-30,ロフト,ロフト0845,ベルミス,ベルミス スリムフルレッグLーLL,1,4718,2026-04,2026-05-18 15:32:58
2026-04-30,ロフト,ロフト0845,ベルミス,ベルミス スリムフルレッグ M-L,2,9436,2026-04,2026-05-18 15:32:58
2026-04-30,ロフト,ロフト0845,ベルミス,スリムレギンス Premium Lv3,1,5445,2026-04,2026-05-18 15:32:58
2026-04-30,ロフト,ロフト0846,ルベル,イオ エッセンス スリーク,1,2000,2026-04,2026-05-18 15:32:58
2026-04-30,ロフト,ロフト0846,ベルミス,ベルミス スリムレギンス M-L,2,7980,2026-04,2026-05-18 15:32:58
2026-04-30,ロフト,ロフト0846,ベルミス,ベルミス カラープラスBK M,2,9072,2026-04,2026-05-18 15:32:58
2026-04-30,ロフト,ロフト0846,ベルミス,ベルミス スリムフルレッグ M-L,2,9436,2026-04,2026-05-18 15:32:58
2026-04-30,ロフト,ロフト0846,ベルミス,スリムレギンス Premium Lv3,2,10890,2026-04,2026-05-18 15:32:58
2026-04-30,ロフト,ロフト0846,ベルミス,スリムフルレッグ クールプラス M-L,1,4718,2026-04,2026-05-18 15:32:58
2026-04-30,ロフト,ロフト0846,ベルミス,スリムフルレッグ クールプラス L-LL,2,9436,2026-04,2026-05-18 15:32:58
2026-04-30,ロフト,ロフト0853,ルベル,トリエ スプレー10 170,2,3200,2026-04,2026-05-18 15:32:58
2026-04-30,ロフト,ロフト0853,ルベル,ルベル ウィズ RP 140,1,1000,2026-04,2026-05-18 15:32:58
2026-04-30,ロフト,ロフト0853,ベルミス,ベルミス カラープラスAGY S,1,4536,2026-04,2026-05-18 15:32:58
2026-04-30,ロフト,ロフト0853,ベルミス,ベルミス カラープラスAGY M,3,13608,2026-04,2026-05-18 15:32:58
2026-04-30,ロフト,ロフト0853,ベルミス,ベルミス カラープラスAGY L,1,4536,2026-04,2026-05-18 15:32:58
2026-04-30,ロフト,ロフト0853,バイワンシー,バイワンシー モイストブースターホイップ,1,2200,2026-04,2026-05-18 15:32:58
2026-04-30,ロフト,ロフト0853,ベルミス,スリムフルレッグ クールプラス M-L,1,4718,2026-04,2026-05-18 15:32:58
2026-04-30,ロフト,ロフト0853,バイワンシー,バイワンシー スムースリペアESサシェ,3,810,2026-04,2026-05-18 15:32:58
2026-04-30,ロフト,ロフト0853,バイワンシー,バイワンシー SP&TRサシェ,2,540,2026-04,2026-05-18 15:32:58
2026-04-30,ロフト,ロフト0854,ルベル,イオ エッセンス モイスト,2,4000,2026-04,2026-05-18 15:32:58
2026-04-30,ロフト,ロフト0854,ルベル,イオセラム オイル 100,2,4800,2026-04,2026-05-18 15:32:58
2026-04-30,ロフト,ロフト0854,ルベル,イオ シャンプー クリアメント200,1,1600,2026-04,2026-05-18 15:32:58
2026-04-30,ロフト,ロフト0854,ルベル,イオ クリーム メルトリペア 200,1,1600,2026-04,2026-05-18 15:32:58
2026-04-30,ロフト,ロフト0854,ベルミス,ベルミス スリムレギンス M-L,1,3990,2026-04,2026-05-18 15:32:58
2026-04-30,ロフト,ロフト0855,ルベル,イオ エッセンス モイスト,2,4000,2026-04,2026-05-18 15:32:58
2026-04-30,ロフト,ロフト0855,ルベル,ルベル ウィズ MG 240,1,1000,2026-04,2026-05-18 15:32:58
2026-04-30,ロフト,ロフト0855,ルベル,イオ シャンプー クリアメント200,1,1600,2026-04,2026-05-18 15:32:58
2026-04-30,ロフト,ロフト0855,ルベル,イオ シャンプー フレッシュメント200,3,4800,2026-04,2026-05-18 15:32:58
2026-04-30,ロフト,ロフト0855,ルベル,イオ エッセンス モイスト,1,2000,2026-04,2026-05-18 15:32:58
2026-04-30,ロフト,ロフト0855,ルベル,イオ クリーム シルキーリペア 200,4,6400,2026-04,2026-05-18 15:32:58
2026-04-30,ロフト,ロフト0855,ルベル,イオ クリーム メルトリペア 200,5,8000,2026-04,2026-05-18 15:32:58
2026-04-30,ロフト,ロフト0855,ベルミス,ベルミス カラープラスAGY S,1,4536,2026-04,2026-05-18 15:32:58
2026-04-30,ロフト,ロフト0855,ベルミス,ベルミス カラープラスBK L,1,4536,2026-04,2026-05-18 15:32:58
2026-04-30,ロフト,ロフト0855,バイワンシー,バイワンシー モイストブースターホイップ,1,2200,2026-04,2026-05-18 15:32:58
2026-04-30,ロフト,ロフト0855,wolg,wolg BBクリーム ナチュラル,2,5418,2026-04,2026-05-18 15:32:58
2026-04-30,ロフト,ロフト0855,バイワンシー,バイワンシー ピュア・アミノシャンプー,3,8100,2026-04,2026-05-18 15:32:58
2026-04-30,ロフト,ロフト0855,バイワンシー,バイワンシー ヒートケア・トリートメント,3,8100,2026-04,2026-05-18 15:32:58
2026-04-30,ロフト,ロフト0855,バイワンシー,バイワンシー スムース・リペアエッセンス,2,5400,2026-04,2026-05-18 15:32:58
2026-04-30,ロフト,ロフト0855,ekam,ekam アドバンスドセラム,1,3164,2026-04,2026-05-18 15:32:58
2026-04-30,ロフト,ロフト0856,ルベル,イオ シャンプー クリアメント200,1,1600,2026-04,2026-05-18 15:32:58
2026-04-30,ロフト,ロフト0856,ルベル,イオセラム シャンプー 200,1,2000,2026-04,2026-05-18 15:32:58
2026-04-30,ロフト,ロフト0856,ルベル,ルベル ウィズ EP 140,1,1200,2026-04,2026-05-18 15:32:58
2026-04-30,ロフト,ロフト0856,ルベル,イオ クリーム シルキーリペア 200,2,3200,2026-04,2026-05-18 15:32:58
2026-04-30,ロフト,ロフト0856,ルベル,イオ クリーム メルトリペア 200,1,1600,2026-04,2026-05-18 15:32:58
2026-04-30,ロフト,ロフト0856,ルベル,ルベル ウィズ CY 240,1,1400,2026-04,2026-05-18 15:32:58
2026-04-30,ロフト,ロフト0856,ベルミス,ベルミス カラープラスBK M,1,4536,2026-04,2026-05-18 15:32:58
2026-04-30,ロフト,ロフト0856,ベルミス,スリムレギンス Premium Lv2,1,5445,2026-04,2026-05-18 15:32:58
2026-04-30,ロフト,ロフト0856,バイワンシー,バイワンシー スムース・リペアエッセンス,1,2700,2026-04,2026-05-18 15:32:58
2026-04-30,ロフト,ロフト0857,ルベル,トリエ スプレー10 170,5,8000,2026-04,2026-05-18 15:32:58
2026-04-30,ロフト,ロフト0857,ルベル,イオ クリーム メルトリペア 200,1,1600,2026-04,2026-05-18 15:32:58
2026-04-30,ロフト,ロフト0857,ベルミス,ベルミス カラープラスAGY M,1,4536,2026-04,2026-05-18 15:32:58
2026-04-30,ロフト,ロフト0857,ベルミス,スリムレギンス Premium Lv2,1,5445,2026-04,2026-05-18 15:32:58
2026-04-30,ロフト,ロフト0858,ルベル,イオ エッセンス モイスト,1,2000,2026-04,2026-05-18 15:32:58
2026-04-30,ロフト,ロフト0858,ルベル,イオ クリーム メルトリペア 200,1,1600,2026-04,2026-05-18 15:32:58
2026-04-30,ロフト,ロフト0858,ベルミス,ベルミス カラープラスBK M,1,4536,2026-04,2026-05-18 15:32:58
2026-04-30,ロフト,ロフト0858,wolg,wolg BBクリーム ナチュラル,1,2709,2026-04,2026-05-18 15:32:58
2026-04-30,ロフト,ロフト0859,ルベル,イオ クリーム メルトリペア 200,2,3200,2026-04,2026-05-18 15:32:58
2026-04-30,ロフト,ロフト0859,バイワンシー,バイワンシー モイストブースターホイップ,1,2200,2026-04,2026-05-18 15:32:58
2026-04-30,ロフト,ロフト0859,ベルミス,スリムレギンス Premium Lv1,1,5445,2026-04,2026-05-18 15:32:58
2026-04-30,ロフト,ロフト0859,ベルミス,スリムレギンス Premium Lv2,1,5445,2026-04,2026-05-18 15:32:58
2026-04-30,ロフト,ロフト0859,ベルミス,スリムレギンス Premium Lv3,1,5445,2026-04,2026-05-18 15:32:58
2026-04-30,ロフト,ロフト0859,バイワンシー,バイワンシー スムースリペアESサシェ,2,540,2026-04,2026-05-18 15:32:58
2026-04-30,ロフト,ロフト0860,ルベル,イオ エッセンス モイスト,1,2000,2026-04,2026-05-18 15:32:58
2026-04-30,ロフト,ロフト0860,ルベル,ルベル ウィズ JO 240,2,2000,2026-04,2026-05-18 15:32:58
2026-04-30,ロフト,ロフト0860,ルベル,イオ シャンプー クリアメント200,1,1600,2026-04,2026-05-18 15:32:58
2026-04-30,ロフト,ロフト0860,ルベル,イオセラム シャンプー 200,2,4000,2026-04,2026-05-18 15:32:58
2026-04-30,ロフト,ロフト0860,ベルミス,ベルミス スリムレギンス M-L,1,3990,2026-04,2026-05-18 15:32:58
2026-04-30,ロフト,ロフト0860,ベルミス,ベルミス スリムフルレッグLーLL,1,4718,2026-04,2026-05-18 15:32:58
2026-04-30,ロフト,ロフト0861,ルベル,ルベル ウィズ MG 720,1,2800,2026-04,2026-05-18 15:32:58
2026-04-30,ロフト,ロフト0861,ルベル,イオ クリーム メルトリペア 200,2,3200,2026-04,2026-05-18 15:32:58
2026-04-30,ロフト,ロフト0861,ルベル,イオセラム シャンプー 200,1,2000,2026-04,2026-05-18 15:32:58
2026-04-30,ロフト,ロフト0861,ルベル,イオセラム オイル 100,1,2400,2026-04,2026-05-18 15:32:58
2026-04-30,ロフト,ロフト0861,ルベル,ルベル ウィズ CY 240,1,1400,2026-04,2026-05-18 15:32:58
2026-04-30,ロフト,ロフト0861,ルベル,ルベル ウィズ MG 240,1,1000,2026-04,2026-05-18 15:32:58
2026-04-30,ロフト,ロフト0861,ルベル,ルベル ウィズ RP 140,4,4000,2026-04,2026-05-18 15:32:58
2026-04-30,ロフト,ロフト0861,VIAGE,ビューティアップナイトブラ ブラックM,2,5960,2026-04,2026-05-18 15:32:58
2026-04-30,ロフト,ロフト0861,VIAGE,ビューティアップナイトブラ ブラックL,1,2980,2026-04,2026-05-18 15:32:58
2026-04-30,ロフト,ロフト0861,ベルミス,ベルミス スリムレギンス M-L,3,11970,2026-04,2026-05-18 15:32:58
2026-04-30,ロフト,ロフト0861,ベルミス,リムーブレギンスEB L-LL,1,11182,2026-04,2026-05-18 15:32:58
2026-04-30,ロフト,ロフト0861,ベルミス,スリムフルレッグ クールプラス M-L,1,4718,2026-04,2026-05-18 15:32:58
2026-04-30,ロフト,ロフト0864,ルベル,イオ クリーム メルトリペア 200,2,3200,2026-04,2026-05-18 15:32:58
2026-04-30,ロフト,ロフト0864,ベルミス,スリムフルレッグ クールプラス M-L,1,4718,2026-04,2026-05-18 15:32:58
2026-04-30,ロフト,ロフト0865,ルベル,イオ シャンプー リラックスメント200,2,3200,2026-04,2026-05-18 15:32:58
2026-04-30,ロフト,ロフト0865,ルベル,イオセラム シャンプー 200,1,2000,2026-04,2026-05-18 15:32:58
2026-04-30,ロフト,ロフト0865,ベルミス,ベルミス スリムレギンス M-L,3,11970,2026-04,2026-05-18 15:32:58
2026-04-30,ロフト,ロフト0865,ベルミス,ベルミス スリムレギンス L-LL,2,7980,2026-04,2026-05-18 15:32:58
2026-04-30,ロフト,ロフト0865,ベルミス,ベルミス カラープラスAGY M,1,4536,2026-04,2026-05-18 15:32:58
2026-04-30,ロフト,ロフト0865,ベルミス,ベルミス カラープラスBK L,1,4536,2026-04,2026-05-18 15:32:58
2026-04-30,ロフト,ロフト0865,ベルミス,ベルミス スリムフルレッグ M-L,1,4718,2026-04,2026-05-18 15:32:58
2026-04-30,ロフト,ロフト0865,ベルミス,スリムレギンス Premium Lv1,1,5445,2026-04,2026-05-18 15:32:58
2026-04-30,ロフト,ロフト0865,ベルミス,スリムレギンス Premium Lv3,1,5445,2026-04,2026-05-18 15:32:58
2026-04-30,ロフト,ロフト0865,ベルミス,スリムフルレッグ クールプラス M-L,1,4718,2026-04,2026-05-18 15:32:58
2026-04-30,ロフト,ロフト0866,ルベル,イオ クリーム メルトリペア 200,1,1600,2026-04,2026-05-18 15:32:58
2026-04-30,ロフト,ロフト0866,ルベル,イオセラム クリーム 200,3,6000,2026-04,2026-05-18 15:32:58
2026-04-30,ロフト,ロフト0866,ベルミス,ベルミス カラープラスBK L,1,4536,2026-04,2026-05-18 15:32:58
2026-04-30,ロフト,ロフト0866,ベルミス,スリムレギンス Premium Lv2,1,5445,2026-04,2026-05-18 15:32:58
2026-04-30,ロフト,ロフト0866,ベルミス,スリムフルレッグ クールプラス M-L,1,4718,2026-04,2026-05-18 15:32:58
2026-04-30,ロフト,ロフト0867,ルベル,ルベル ウィズ JO 240,1,1000,2026-04,2026-05-18 15:32:58
2026-04-30,ロフト,ロフト0867,ベルミス,ベルミス スリムレギンス L-LL,1,3990,2026-04,2026-05-18 15:32:58
2026-04-30,ロフト,ロフト0867,ベルミス,ベルミス カラープラスBK M,1,4536,2026-04,2026-05-18 15:32:58
2026-04-30,ロフト,ロフト0867,ベルミス,スリムレギンス Premium Lv2,2,10890,2026-04,2026-05-18 15:32:58
2026-04-30,ロフト,ロフト0868,ルベル,トリエ スプレー10 170,1,1600,2026-04,2026-05-18 15:32:58
2026-04-30,ロフト,ロフト0868,ベルミス,ベルミス スリムレギンス M-L,2,7980,2026-04,2026-05-18 15:32:58
2026-04-30,ロフト,ロフト0868,ベルミス,ベルミス スリムフルレッグLーLL,1,4718,2026-04,2026-05-18 15:32:58
2026-04-30,ロフト,ロフト0868,ベルミス,ベルミス スリムフルレッグ M-L,1,4718,2026-04,2026-05-18 15:32:58
2026-04-30,ロフト,ロフト0868,ベルミス,スリムレギンス Premium Lv3,1,5445,2026-04,2026-05-18 15:32:58
2026-04-30,ロフト,ロフト0868,バイワンシー,バイワンシー スムース・リペアエッセンス,1,2700,2026-04,2026-05-18 15:32:58
2026-04-30,ロフト,ロフト0869,ルベル,トリエ スプレー10 170,5,8000,2026-04,2026-05-18 15:32:58
2026-04-30,ロフト,ロフト0869,ベルミス,スリムレギンス Premium Lv1,1,5445,2026-04,2026-05-18 15:32:58
2026-04-30,ロフト,ロフト0869,ベルミス,スリムフルレッグ クールプラス L-LL,1,4718,2026-04,2026-05-18 15:32:58
2026-04-30,ロフト,ロフト0870,ルベル,イオ エッセンス スリーク,1,2000,2026-04,2026-05-18 15:32:58
2026-04-30,ロフト,ロフト0870,ルベル,イオ クリーム メルトリペア 200,4,6400,2026-04,2026-05-18 15:32:58
2026-04-30,ロフト,ロフト0870,ベルミス,ベルミス カラープラスBK M,1,4536,2026-04,2026-05-18 15:32:58
2026-04-30,ロフト,ロフト0870,ベルミス,ベルミス カラープラスAGY L,1,4536,2026-04,2026-05-18 15:32:58
2026-04-30,ロフト,ロフト0870,バイワンシー,バイワンシー モイストブースターホイップ,3,6600,2026-04,2026-05-18 15:32:58
2026-04-30,ロフト,ロフト0870,バイワンシー,バイワンシー ヒートケア・トリートメント,1,2700,2026-04,2026-05-18 15:32:58
2026-04-30,ロフト,ロフト0871,ルベル,ルベル ウィズ RP 140,2,2000,2026-04,2026-05-18 15:32:58
2026-04-30,ロフト,ロフト0871,ベルミス,ベルミス スリムフルレッグ M-L,1,4718,2026-04,2026-05-18 15:32:58
2026-04-30,ロフト,ロフト0871,ベルミス,スリムレギンス Premium Lv3,1,5445,2026-04,2026-05-18 15:32:58
2026-04-30,ロフト,ロフト0871,ekam,ekam アドバンスドジェル,1,2709,2026-04,2026-05-18 15:32:58
2026-04-30,ロフト,ロフト0872,ルベル,イオ シャンプー リラックスメント200,1,1600,2026-04,2026-05-18 15:32:58
2026-04-30,ロフト,ロフト0872,ベルミス,ベルミス スリムレギンス M-L,2,7980,2026-04,2026-05-18 15:32:58
2026-04-30,ロフト,ロフト0872,ベルミス,ベルミス カラープラスBK L,1,4536,2026-04,2026-05-18 15:32:58
2026-04-30,ロフト,ロフト0872,ベルミス,ベルミス カラープラスAGY L,1,4536,2026-04,2026-05-18 15:32:58
2026-04-30,ロフト,ロフト0872,ベルミス,スリムレギンス Premium Lv2,1,5445,2026-04,2026-05-18 15:32:58
2026-04-30,ロフト,ロフト0873,VIAGE,ビューティアップナイトブラ ブラックL,1,2980,2026-04,2026-05-18 15:32:58
2026-04-30,ロフト,ロフト0873,VIAGE,ビューティアップナイトブラ BグレーL,1,2980,2026-04,2026-05-18 15:32:58
2026-04-30,ロフト,ロフト0873,ベルミス,ベルミス スリムレギンス M-L,1,3990,2026-04,2026-05-18 15:32:58
2026-04-30,ロフト,ロフト0873,ベルミス,ベルミス スリムレギンス L-LL,1,3990,2026-04,2026-05-18 15:32:58
2026-04-30,ロフト,ロフト0873,ベルミス,ベルミス カラープラスBK M,1,4536,2026-04,2026-05-18 15:32:58
2026-04-30,ロフト,ロフト0873,ベルミス,ベルミス カラープラスAGY L,1,4536,2026-04,2026-05-18 15:32:58
2026-04-30,ロフト,ロフト0873,ベルミス,ベルミス スリムフルレッグ M-L,1,4718,2026-04,2026-05-18 15:32:58
2026-04-30,ロフト,ロフト0873,インシトゥ,インシトゥ ハーブラピール,4,9600,2026-04,2026-05-18 15:32:58
