日付,小売店名,店舗名,ブランド名,商品名,売上数量,売上金額,年月,登録日時
2026-05-31,ロフト,ロフト201,（不明）,4560440431223,1015,0,2026-05,2026-06-01 06:54:33
2026-05-31,ロフト,ロフト201,（不明）,4560440431346,1016,1,2026-05,2026-06-01 06:54:33
2026-05-31,ロフト,ロフト201,（不明）,4560440431353,1016,12,2026-05,2026-06-01 06:54:33
2026-05-31,ロフト,ロフト201,（不明）,4560440431384,1036,6,2026-05,2026-06-01 06:54:33
2026-05-31,ロフト,ロフト201,（不明）,4560440431407,1016,18,2026-05,2026-06-01 06:54:33
2026-05-31,ロフト,ロフト201,（不明）,4560440431414,1016,12,2026-05,2026-06-01 06:54:33
2026-05-31,ロフト,ロフト201,（不明）,4560440431421,1016,2,2026-05,2026-06-01 06:54:33
2026-05-31,ロフト,ロフト201,（不明）,4560440431438,1016,13,2026-05,2026-06-01 06:54:33
2026-05-31,ロフト,ロフト201,（不明）,4560440431445,1016,10,2026-05,2026-06-01 06:54:33
2026-05-31,ロフト,ロフト201,（不明）,4560440431452,1036,3,2026-05,2026-06-01 06:54:33
2026-05-31,ロフト,ロフト201,（不明）,4560440431469,1016,2,2026-05,2026-06-01 06:54:33
2026-05-31,ロフト,ロフト201,（不明）,4560440431506,1015,5,2026-05,2026-06-01 06:54:33
2026-05-31,ロフト,ロフト201,（不明）,4560440431520,1015,2,2026-05,2026-06-01 06:54:33
2026-05-31,ロフト,ロフト201,（不明）,4560440431711,1034,15,2026-05,2026-06-01 06:54:33
2026-05-31,ロフト,ロフト201,（不明）,4560449970273,1762,7,2026-05,2026-06-01 06:54:33
2026-05-31,ロフト,ロフト201,（不明）,4560449970280,1762,4,2026-05,2026-06-01 06:54:33
2026-05-31,ロフト,ロフト201,（不明）,4560449979313,1110,11,2026-05,2026-06-01 06:54:33
2026-05-31,ロフト,ロフト201,（不明）,4560449979405,1110,3,2026-05,2026-06-01 06:54:33
2026-05-31,ロフト,ロフト201,（不明）,4560449979443,1762,4,2026-05,2026-06-01 06:54:33
2026-05-31,ロフト,ロフト201,（不明）,4560449979467,1762,6,2026-05,2026-06-01 06:54:33
2026-05-31,ロフト,ロフト201,（不明）,4560449979917,1110,18,2026-05,2026-06-01 06:54:33
2026-05-31,ロフト,ロフト201,（不明）,4560449979931,1110,7,2026-05,2026-06-01 06:54:33
2026-05-31,ロフト,ロフト201,（不明）,4560449982696,1110,2,2026-05,2026-06-01 06:54:33
2026-05-31,ロフト,ロフト201,（不明）,4560449982726,1110,0,2026-05,2026-06-01 06:54:33
2026-05-31,ロフト,ロフト201,（不明）,4573473052006,1013,3,2026-05,2026-06-01 06:54:33
2026-05-31,ロフト,ロフト201,（不明）,4573473052136,1013,16,2026-05,2026-06-01 06:54:33
2026-05-31,ロフト,ロフト201,（不明）,4573473052235,1035,4,2026-05,2026-06-01 06:54:33
2026-05-31,ロフト,ロフト201,（不明）,4573473052280,1013,4,2026-05,2026-06-01 06:54:33
2026-05-31,ロフト,ロフト201,（不明）,4573473052303,1029,3,2026-05,2026-06-01 06:54:33
2026-05-31,ロフト,ロフト201,（不明）,4573587350210,1762,1,2026-05,2026-06-01 06:54:33
2026-05-31,ロフト,ロフト201,（不明）,4573587350258,1762,3,2026-05,2026-06-01 06:54:33
2026-05-31,ロフト,ロフト201,（不明）,4573587350616,1762,1,2026-05,2026-06-01 06:54:33
2026-05-31,ロフト,ロフト201,（不明）,4573587350630,1762,1,2026-05,2026-06-01 06:54:33
2026-05-31,ロフト,ロフト201,（不明）,4573587350654,1762,2,2026-05,2026-06-01 06:54:33
2026-05-31,ロフト,ロフト201,（不明）,4573587350678,1762,0,2026-05,2026-06-01 06:54:33
2026-05-31,ロフト,ロフト201,（不明）,4573694000015,1110,2,2026-05,2026-06-01 06:54:33
2026-05-31,ロフト,ロフト201,（不明）,4573694000091,1097,1,2026-05,2026-06-01 06:54:33
2026-05-31,ロフト,ロフト201,（不明）,4573694002903,1110,4,2026-05,2026-06-01 06:54:33
2026-05-31,ロフト,ロフト201,（不明）,4580543220418,1639,0,2026-05,2026-06-01 06:54:33
2026-05-31,ロフト,ロフト201,（不明）,4580543220487,1060,1,2026-05,2026-06-01 06:54:33
2026-05-31,ロフト,ロフト201,（不明）,4580886250011,1013,2,2026-05,2026-06-01 06:54:33
2026-05-31,ロフト,ロフト201,（不明）,4582784162977,1762,1,2026-05,2026-06-01 06:54:33
2026-05-31,ロフト,ロフト201,（不明）,4582784162984,1762,1,2026-05,2026-06-01 06:54:33
2026-05-31,ロフト,ロフト201,（不明）,4582784163257,1762,0,2026-05,2026-06-01 06:54:33
2026-05-31,ロフト,ロフト201,（不明）,4582784163264,1762,1,2026-05,2026-06-01 06:54:33
2026-05-31,ロフト,ロフト201,（不明）,4582784163271,1762,0,2026-05,2026-06-01 06:54:33
2026-05-31,ロフト,ロフト201,（不明）,4582784163288,1762,0,2026-05,2026-06-01 06:54:33
2026-05-31,ロフト,ロフト201,（不明）,4582784163332,1727,0,2026-05,2026-06-01 06:54:33
2026-05-31,ロフト,ロフト201,（不明）,4582784163349,1727,0,2026-05,2026-06-01 06:54:33
2026-05-31,ロフト,ロフト201,（不明）,4582784166104,1762,2,2026-05,2026-06-01 06:54:33
2026-05-31,ロフト,ロフト201,（不明）,4582784166111,1762,2,2026-05,2026-06-01 06:54:33
2026-05-31,ロフト,ロフト201,（不明）,4582784166128,1762,7,2026-05,2026-06-01 06:54:33
2026-05-31,ロフト,ロフト201,（不明）,4582784166784,1762,3,2026-05,2026-06-01 06:54:33
2026-05-31,ロフト,ロフト201,（不明）,4582784166791,1762,2,2026-05,2026-06-01 06:54:33
2026-05-31,ロフト,ロフト201,（不明）,4589814750364,1657,1,2026-05,2026-06-01 06:54:33
2026-05-31,ロフト,ロフト201,（不明）,4589814757080,1258,12,2026-05,2026-06-01 06:54:33
2026-05-31,ロフト,ロフト201,（不明）,4595315976011,1222,2,2026-05,2026-06-01 06:54:33
2026-05-31,ロフト,ロフト201,（不明）,4595317659110,1013,1,2026-05,2026-06-01 06:54:33
2026-05-31,ロフト,ロフト201,（不明）,4595317659127,1013,1,2026-05,2026-06-01 06:54:33
2026-05-31,ロフト,ロフト201,（不明）,4595317659738,1013,5,2026-05,2026-06-01 06:54:33
2026-05-31,ロフト,ロフト201,（不明）,4595988311089,1220,3,2026-05,2026-06-01 06:54:33
2026-05-31,ロフト,ロフト201,（不明）,4595988311096,1220,1,2026-05,2026-06-01 06:54:33
2026-05-31,ロフト,ロフト201,（不明）,4595988311119,1220,2,2026-05,2026-06-01 06:54:33
2026-05-31,ロフト,ロフト201,（不明）,8809317963556,1723,1,2026-05,2026-06-01 06:54:33
2026-05-31,ロフト,ロフト201,（不明）,8809317967943,1723,0,2026-05,2026-06-01 06:54:33
2026-05-31,ロフト,ロフト201,（不明）,8809541199998,1723,3,2026-05,2026-06-01 06:54:33
2026-05-31,ロフト,ロフト201,（不明）,8809672176332,1266,1,2026-05,2026-06-01 06:54:33
2026-05-31,ロフト,ロフト201,（不明）,8809672176684,1250,2,2026-05,2026-06-01 06:54:33
2026-05-31,ロフト,ロフト201,（不明）,8809823390297,1723,4,2026-05,2026-06-01 06:54:33
2026-05-31,ロフト,ロフト201,（不明）,8809849807694,1092,1,2026-05,2026-06-01 06:54:33
2026-05-31,ロフト,ロフト201,（不明）,8809849808400,1092,3,2026-05,2026-06-01 06:54:33
2026-05-31,ロフト,ロフト201,（不明）,8809849808417,1092,0,2026-05,2026-06-01 06:54:33
2026-05-31,ロフト,ロフト201,（不明）,8809849808424,1092,0,2026-05,2026-06-01 06:54:33
2026-05-31,ロフト,ロフト202,（不明）,4560440431094,1016,2,2026-05,2026-06-01 06:54:33
2026-05-31,ロフト,ロフト202,（不明）,4560440431292,1015,3,2026-05,2026-06-01 06:54:33
2026-05-31,ロフト,ロフト202,（不明）,4560440431346,1016,4,2026-05,2026-06-01 06:54:33
2026-05-31,ロフト,ロフト202,（不明）,4560440431377,1036,6,2026-05,2026-06-01 06:54:33
2026-05-31,ロフト,ロフト202,（不明）,4560440431384,1036,16,2026-05,2026-06-01 06:54:33
2026-05-31,ロフト,ロフト202,（不明）,4560440431414,1016,12,2026-05,2026-06-01 06:54:33
2026-05-31,ロフト,ロフト202,（不明）,4560440431438,1016,0,2026-05,2026-06-01 06:54:33
2026-05-31,ロフト,ロフト202,（不明）,4560440431445,1016,20,2026-05,2026-06-01 06:54:33
2026-05-31,ロフト,ロフト202,（不明）,4560440431483,1015,1,2026-05,2026-06-01 06:54:33
2026-05-31,ロフト,ロフト202,（不明）,4560440431513,1015,6,2026-05,2026-06-01 06:54:33
2026-05-31,ロフト,ロフト202,（不明）,4560440431520,1015,2,2026-05,2026-06-01 06:54:33
2026-05-31,ロフト,ロフト202,（不明）,4560440431742,1034,2,2026-05,2026-06-01 06:54:33
2026-05-31,ロフト,ロフト202,（不明）,4560449970273,1762,8,2026-05,2026-06-01 06:54:33
2026-05-31,ロフト,ロフト202,（不明）,4560449970280,1762,3,2026-05,2026-06-01 06:54:33
2026-05-31,ロフト,ロフト202,（不明）,4560449976589,1762,6,2026-05,2026-06-01 06:54:33
2026-05-31,ロフト,ロフト202,（不明）,4560449976602,1762,4,2026-05,2026-06-01 06:54:33
2026-05-31,ロフト,ロフト202,（不明）,4560449979313,1110,25,2026-05,2026-06-01 06:54:33
2026-05-31,ロフト,ロフト202,（不明）,4560449979405,1110,3,2026-05,2026-06-01 06:54:33
2026-05-31,ロフト,ロフト202,（不明）,4560449979443,1762,5,2026-05,2026-06-01 06:54:33
2026-05-31,ロフト,ロフト202,（不明）,4560449979467,1762,2,2026-05,2026-06-01 06:54:33
2026-05-31,ロフト,ロフト202,（不明）,4560449979917,1110,33,2026-05,2026-06-01 06:54:33
2026-05-31,ロフト,ロフト202,（不明）,4560449979931,1110,5,2026-05,2026-06-01 06:54:33
2026-05-31,ロフト,ロフト202,（不明）,4560449981668,1110,6,2026-05,2026-06-01 06:54:33
2026-05-31,ロフト,ロフト202,（不明）,4560449982269,1110,1,2026-05,2026-06-01 06:54:33
2026-05-31,ロフト,ロフト202,（不明）,4560449982696,1110,5,2026-05,2026-06-01 06:54:33
2026-05-31,ロフト,ロフト202,（不明）,4560449982726,1110,0,2026-05,2026-06-01 06:54:33
2026-05-31,ロフト,ロフト202,（不明）,4573473052006,1013,10,2026-05,2026-06-01 06:54:33
2026-05-31,ロフト,ロフト202,（不明）,4573473052136,1013,31,2026-05,2026-06-01 06:54:33
2026-05-31,ロフト,ロフト202,（不明）,4573473052235,1035,5,2026-05,2026-06-01 06:54:33
2026-05-31,ロフト,ロフト202,（不明）,4573473052280,1013,5,2026-05,2026-06-01 06:54:33
2026-05-31,ロフト,ロフト202,（不明）,4573473052303,1029,10,2026-05,2026-06-01 06:54:33
2026-05-31,ロフト,ロフト202,（不明）,4573587350210,1762,1,2026-05,2026-06-01 06:54:33
2026-05-31,ロフト,ロフト202,（不明）,4573587350258,1762,5,2026-05,2026-06-01 06:54:33
2026-05-31,ロフト,ロフト202,（不明）,4573587350616,1762,1,2026-05,2026-06-01 06:54:33
2026-05-31,ロフト,ロフト202,（不明）,4573587350630,1762,0,2026-05,2026-06-01 06:54:33
2026-05-31,ロフト,ロフト202,（不明）,4573587350654,1762,0,2026-05,2026-06-01 06:54:33
2026-05-31,ロフト,ロフト202,（不明）,4573587350678,1762,1,2026-05,2026-06-01 06:54:33
2026-05-31,ロフト,ロフト202,（不明）,4573694000015,1110,2,2026-05,2026-06-01 06:54:33
2026-05-31,ロフト,ロフト202,（不明）,4573694000091,1097,0,2026-05,2026-06-01 06:54:33
2026-05-31,ロフト,ロフト202,（不明）,4573694002903,1110,7,2026-05,2026-06-01 06:54:33
2026-05-31,ロフト,ロフト202,（不明）,4573694002934,1110,3,2026-05,2026-06-01 06:54:33
2026-05-31,ロフト,ロフト202,（不明）,4580543220418,1639,0,2026-05,2026-06-01 06:54:33
2026-05-31,ロフト,ロフト202,（不明）,4580543220487,1060,2,2026-05,2026-06-01 06:54:33
2026-05-31,ロフト,ロフト202,（不明）,4580886250011,1013,2,2026-05,2026-06-01 06:54:33
2026-05-31,ロフト,ロフト202,（不明）,4582784162977,1762,1,2026-05,2026-06-01 06:54:33
2026-05-31,ロフト,ロフト202,（不明）,4582784162984,1762,2,2026-05,2026-06-01 06:54:33
2026-05-31,ロフト,ロフト202,（不明）,4582784163233,1762,1,2026-05,2026-06-01 06:54:33
2026-05-31,ロフト,ロフト202,（不明）,4582784163240,1762,2,2026-05,2026-06-01 06:54:33
2026-05-31,ロフト,ロフト202,（不明）,4582784163257,1762,1,2026-05,2026-06-01 06:54:33
2026-05-31,ロフト,ロフト202,（不明）,4582784163264,1762,1,2026-05,2026-06-01 06:54:33
2026-05-31,ロフト,ロフト202,（不明）,4582784163271,1762,1,2026-05,2026-06-01 06:54:33
2026-05-31,ロフト,ロフト202,（不明）,4582784163288,1762,0,2026-05,2026-06-01 06:54:33
2026-05-31,ロフト,ロフト202,（不明）,4582784163332,1727,0,2026-05,2026-06-01 06:54:33
2026-05-31,ロフト,ロフト202,（不明）,4582784163349,1727,1,2026-05,2026-06-01 06:54:33
2026-05-31,ロフト,ロフト202,（不明）,4582784166104,1762,3,2026-05,2026-06-01 06:54:33
2026-05-31,ロフト,ロフト202,（不明）,4582784166111,1762,1,2026-05,2026-06-01 06:54:33
2026-05-31,ロフト,ロフト202,（不明）,4582784166128,1762,3,2026-05,2026-06-01 06:54:33
2026-05-31,ロフト,ロフト202,（不明）,4582784166784,1762,1,2026-05,2026-06-01 06:54:33
2026-05-31,ロフト,ロフト202,（不明）,4582784166791,1762,3,2026-05,2026-06-01 06:54:33
2026-05-31,ロフト,ロフト202,（不明）,4589814757080,1258,16,2026-05,2026-06-01 06:54:33
2026-05-31,ロフト,ロフト202,（不明）,4595315976011,1222,15,2026-05,2026-06-01 06:54:33
2026-05-31,ロフト,ロフト202,（不明）,4595317659110,1013,6,2026-05,2026-06-01 06:54:33
2026-05-31,ロフト,ロフト202,（不明）,4595317659127,1013,6,2026-05,2026-06-01 06:54:33
2026-05-31,ロフト,ロフト202,（不明）,4595317659738,1013,16,2026-05,2026-06-01 06:54:33
2026-05-31,ロフト,ロフト202,（不明）,4595988311089,1220,3,2026-05,2026-06-01 06:54:33
2026-05-31,ロフト,ロフト202,（不明）,4595988311096,1220,1,2026-05,2026-06-01 06:54:33
2026-05-31,ロフト,ロフト202,（不明）,4595988311119,1220,1,2026-05,2026-06-01 06:54:33
2026-05-31,ロフト,ロフト202,（不明）,8809317963556,1723,10,2026-05,2026-06-01 06:54:33
2026-05-31,ロフト,ロフト202,（不明）,8809317967943,1723,16,2026-05,2026-06-01 06:54:33
2026-05-31,ロフト,ロフト202,（不明）,8809541199998,1723,22,2026-05,2026-06-01 06:54:33
2026-05-31,ロフト,ロフト202,（不明）,8809672176332,1266,5,2026-05,2026-06-01 06:54:33
2026-05-31,ロフト,ロフト202,（不明）,8809672176684,1250,5,2026-05,2026-06-01 06:54:33
2026-05-31,ロフト,ロフト202,（不明）,8809823390297,1723,16,2026-05,2026-06-01 06:54:33
2026-05-31,ロフト,ロフト202,（不明）,8809849808417,1092,1,2026-05,2026-06-01 06:54:33
2026-05-31,ロフト,ロフト207,（不明）,4560440431094,1016,6,2026-05,2026-06-01 06:54:33
2026-05-31,ロフト,ロフト207,（不明）,4560440431346,1016,0,2026-05,2026-06-01 06:54:33
2026-05-31,ロフト,ロフト207,（不明）,4560440431407,1016,0,2026-05,2026-06-01 06:54:33
2026-05-31,ロフト,ロフト207,（不明）,4560440431414,1016,4,2026-05,2026-06-01 06:54:33
2026-05-31,ロフト,ロフト207,（不明）,4560440431438,1016,1,2026-05,2026-06-01 06:54:33
2026-05-31,ロフト,ロフト207,（不明）,4560440431445,1016,13,2026-05,2026-06-01 06:54:33
2026-05-31,ロフト,ロフト207,（不明）,4560440431452,1036,1,2026-05,2026-06-01 06:54:33
2026-05-31,ロフト,ロフト207,（不明）,4560440431476,1015,1,2026-05,2026-06-01 06:54:33
2026-05-31,ロフト,ロフト207,（不明）,4560440431506,1015,6,2026-05,2026-06-01 06:54:33
2026-05-31,ロフト,ロフト207,（不明）,4560440431513,1015,7,2026-05,2026-06-01 06:54:33
2026-05-31,ロフト,ロフト207,（不明）,4560440431520,1015,1,2026-05,2026-06-01 06:54:33
2026-05-31,ロフト,ロフト207,（不明）,4560440431599,1034,13,2026-05,2026-06-01 06:54:33
2026-05-31,ロフト,ロフト207,（不明）,4560440431742,1034,6,2026-05,2026-06-01 06:54:33
2026-05-31,ロフト,ロフト207,（不明）,4560449970273,1762,0,2026-05,2026-06-01 06:54:33
2026-05-31,ロフト,ロフト207,（不明）,4560449970280,1762,1,2026-05,2026-06-01 06:54:33
2026-05-31,ロフト,ロフト207,（不明）,4560449976589,1762,1,2026-05,2026-06-01 06:54:33
2026-05-31,ロフト,ロフト207,（不明）,4560449976602,1762,1,2026-05,2026-06-01 06:54:33
2026-05-31,ロフト,ロフト207,（不明）,4560449979313,1110,11,2026-05,2026-06-01 06:54:33
2026-05-31,ロフト,ロフト207,（不明）,4560449979405,1110,4,2026-05,2026-06-01 06:54:33
2026-05-31,ロフト,ロフト207,（不明）,4560449979443,1762,1,2026-05,2026-06-01 06:54:33
2026-05-31,ロフト,ロフト207,（不明）,4560449979467,1762,0,2026-05,2026-06-01 06:54:33
2026-05-31,ロフト,ロフト207,（不明）,4560449979917,1110,9,2026-05,2026-06-01 06:54:33
2026-05-31,ロフト,ロフト207,（不明）,4560449979931,1110,3,2026-05,2026-06-01 06:54:33
2026-05-31,ロフト,ロフト207,（不明）,4560449982696,1110,4,2026-05,2026-06-01 06:54:33
2026-05-31,ロフト,ロフト207,（不明）,4560449982726,1110,1,2026-05,2026-06-01 06:54:33
2026-05-31,ロフト,ロフト207,（不明）,4573473052006,1013,5,2026-05,2026-06-01 06:54:33
2026-05-31,ロフト,ロフト207,（不明）,4573473052136,1013,34,2026-05,2026-06-01 06:54:33
2026-05-31,ロフト,ロフト207,（不明）,4573473052235,1035,4,2026-05,2026-06-01 06:54:33
2026-05-31,ロフト,ロフト207,（不明）,4573473052280,1013,1,2026-05,2026-06-01 06:54:33
2026-05-31,ロフト,ロフト207,（不明）,4573473052303,1029,0,2026-05,2026-06-01 06:54:33
2026-05-31,ロフト,ロフト207,（不明）,4573587350258,1762,2,2026-05,2026-06-01 06:54:33
2026-05-31,ロフト,ロフト207,（不明）,4573587350616,1762,0,2026-05,2026-06-01 06:54:33
2026-05-31,ロフト,ロフト207,（不明）,4573587350630,1762,0,2026-05,2026-06-01 06:54:33
2026-05-31,ロフト,ロフト207,（不明）,4573587350654,1762,0,2026-05,2026-06-01 06:54:33
2026-05-31,ロフト,ロフト207,（不明）,4573587350678,1762,0,2026-05,2026-06-01 06:54:33
2026-05-31,ロフト,ロフト207,（不明）,4573694000015,1110,9,2026-05,2026-06-01 06:54:33
2026-05-31,ロフト,ロフト207,（不明）,4573694000091,1097,0,2026-05,2026-06-01 06:54:33
2026-05-31,ロフト,ロフト207,（不明）,4573694002903,1110,1,2026-05,2026-06-01 06:54:33
2026-05-31,ロフト,ロフト207,（不明）,4573694002934,1110,2,2026-05,2026-06-01 06:54:33
2026-05-31,ロフト,ロフト207,（不明）,4580543220418,1639,0,2026-05,2026-06-01 06:54:33
2026-05-31,ロフト,ロフト207,（不明）,4580543220487,1060,0,2026-05,2026-06-01 06:54:33
2026-05-31,ロフト,ロフト207,（不明）,4580886250011,1013,1,2026-05,2026-06-01 06:54:33
2026-05-31,ロフト,ロフト207,（不明）,4582784162977,1762,0,2026-05,2026-06-01 06:54:33
2026-05-31,ロフト,ロフト207,（不明）,4582784162984,1762,1,2026-05,2026-06-01 06:54:33
2026-05-31,ロフト,ロフト207,（不明）,4582784163233,1762,1,2026-05,2026-06-01 06:54:33
2026-05-31,ロフト,ロフト207,（不明）,4582784163240,1762,1,2026-05,2026-06-01 06:54:33
2026-05-31,ロフト,ロフト207,（不明）,4582784163257,1762,0,2026-05,2026-06-01 06:54:33
2026-05-31,ロフト,ロフト207,（不明）,4582784163264,1762,1,2026-05,2026-06-01 06:54:33
2026-05-31,ロフト,ロフト207,（不明）,4582784163271,1762,0,2026-05,2026-06-01 06:54:33
2026-05-31,ロフト,ロフト207,（不明）,4582784163288,1762,0,2026-05,2026-06-01 06:54:33
2026-05-31,ロフト,ロフト207,（不明）,4582784163332,1727,0,2026-05,2026-06-01 06:54:33
2026-05-31,ロフト,ロフト207,（不明）,4582784163349,1727,0,2026-05,2026-06-01 06:54:33
2026-05-31,ロフト,ロフト207,（不明）,4582784166104,1762,2,2026-05,2026-06-01 06:54:33
2026-05-31,ロフト,ロフト207,（不明）,4582784166111,1762,2,2026-05,2026-06-01 06:54:33
2026-05-31,ロフト,ロフト207,（不明）,4582784166128,1762,0,2026-05,2026-06-01 06:54:33
2026-05-31,ロフト,ロフト207,（不明）,4582784166784,1762,1,2026-05,2026-06-01 06:54:33
2026-05-31,ロフト,ロフト207,（不明）,4582784166791,1762,1,2026-05,2026-06-01 06:54:33
2026-05-31,ロフト,ロフト207,（不明）,4589814750364,1657,0,2026-05,2026-06-01 06:54:33
2026-05-31,ロフト,ロフト207,（不明）,4595315976011,1222,3,2026-05,2026-06-01 06:54:33
2026-05-31,ロフト,ロフト207,（不明）,4595317659110,1013,3,2026-05,2026-06-01 06:54:33
2026-05-31,ロフト,ロフト207,（不明）,4595317659127,1013,4,2026-05,2026-06-01 06:54:33
2026-05-31,ロフト,ロフト207,（不明）,4595317659738,1013,3,2026-05,2026-06-01 06:54:33
2026-05-31,ロフト,ロフト207,（不明）,4595317659745,1013,9,2026-05,2026-06-01 06:54:33
2026-05-31,ロフト,ロフト207,（不明）,4595317659752,1013,18,2026-05,2026-06-01 06:54:33
2026-05-31,ロフト,ロフト207,（不明）,4595988311089,1220,2,2026-05,2026-06-01 06:54:33
2026-05-31,ロフト,ロフト207,（不明）,4595988311096,1220,0,2026-05,2026-06-01 06:54:33
2026-05-31,ロフト,ロフト207,（不明）,4595988311119,1220,0,2026-05,2026-06-01 06:54:33
2026-05-31,ロフト,ロフト207,（不明）,8809317963556,1723,2,2026-05,2026-06-01 06:54:33
2026-05-31,ロフト,ロフト207,（不明）,8809317967943,1723,1,2026-05,2026-06-01 06:54:33
2026-05-31,ロフト,ロフト207,（不明）,8809541199998,1723,3,2026-05,2026-06-01 06:54:33
2026-05-31,ロフト,ロフト207,（不明）,8809672176332,1266,0,2026-05,2026-06-01 06:54:33
2026-05-31,ロフト,ロフト207,（不明）,8809672176684,1250,2,2026-05,2026-06-01 06:54:33
2026-05-31,ロフト,ロフト207,（不明）,8809823390297,1723,3,2026-05,2026-06-01 06:54:33
2026-05-31,ロフト,ロフト207,（不明）,8809849807694,1092,0,2026-05,2026-06-01 06:54:33
2026-05-31,ロフト,ロフト213,（不明）,4560440431407,1016,13,2026-05,2026-06-01 06:54:33
2026-05-31,ロフト,ロフト213,（不明）,4560440431414,1016,14,2026-05,2026-06-01 06:54:33
2026-05-31,ロフト,ロフト213,（不明）,4560440431421,1016,7,2026-05,2026-06-01 06:54:33
2026-05-31,ロフト,ロフト213,（不明）,4560440431438,1016,2,2026-05,2026-06-01 06:54:33
2026-05-31,ロフト,ロフト213,（不明）,4560440431445,1016,8,2026-05,2026-06-01 06:54:33
2026-05-31,ロフト,ロフト213,（不明）,4560440431452,1036,2,2026-05,2026-06-01 06:54:33
2026-05-31,ロフト,ロフト213,（不明）,4560440431476,1015,1,2026-05,2026-06-01 06:54:33
2026-05-31,ロフト,ロフト213,（不明）,4560440431490,1015,6,2026-05,2026-06-01 06:54:33
2026-05-31,ロフト,ロフト213,（不明）,4560440431599,1034,9,2026-05,2026-06-01 06:54:33
2026-05-31,ロフト,ロフト213,（不明）,4560440431735,1034,2,2026-05,2026-06-01 06:54:33
2026-05-31,ロフト,ロフト213,（不明）,4560440431742,1034,1,2026-05,2026-06-01 06:54:33
2026-05-31,ロフト,ロフト213,（不明）,4560449970273,1762,0,2026-05,2026-06-01 06:54:33
2026-05-31,ロフト,ロフト213,（不明）,4560449970280,1762,0,2026-05,2026-06-01 06:54:33
2026-05-31,ロフト,ロフト213,（不明）,4560449976589,1762,0,2026-05,2026-06-01 06:54:33
2026-05-31,ロフト,ロフト213,（不明）,4560449976602,1762,0,2026-05,2026-06-01 06:54:33
2026-05-31,ロフト,ロフト213,（不明）,4560449979313,1110,14,2026-05,2026-06-01 06:54:33
2026-05-31,ロフト,ロフト213,（不明）,4560449979405,1110,0,2026-05,2026-06-01 06:54:33
2026-05-31,ロフト,ロフト213,（不明）,4560449979443,1762,1,2026-05,2026-06-01 06:54:33
2026-05-31,ロフト,ロフト213,（不明）,4560449979467,1762,2,2026-05,2026-06-01 06:54:33
2026-05-31,ロフト,ロフト213,（不明）,4560449979917,1110,23,2026-05,2026-06-01 06:54:33
2026-05-31,ロフト,ロフト213,（不明）,4560449979931,1110,2,2026-05,2026-06-01 06:54:33
2026-05-31,ロフト,ロフト213,（不明）,4560449981668,1110,1,2026-05,2026-06-01 06:54:33
2026-05-31,ロフト,ロフト213,（不明）,4560449982269,1110,0,2026-05,2026-06-01 06:54:33
2026-05-31,ロフト,ロフト213,（不明）,4560449982696,1110,0,2026-05,2026-06-01 06:54:33
2026-05-31,ロフト,ロフト213,（不明）,4560449982726,1110,0,2026-05,2026-06-01 06:54:33
2026-05-31,ロフト,ロフト213,（不明）,4573473052006,1013,8,2026-05,2026-06-01 06:54:33
2026-05-31,ロフト,ロフト213,（不明）,4573473052136,1013,89,2026-05,2026-06-01 06:54:33
2026-05-31,ロフト,ロフト213,（不明）,4573473052235,1035,17,2026-05,2026-06-01 06:54:33
2026-05-31,ロフト,ロフト213,（不明）,4573473052280,1013,7,2026-05,2026-06-01 06:54:33
2026-05-31,ロフト,ロフト213,（不明）,4573473052303,1029,13,2026-05,2026-06-01 06:54:33
2026-05-31,ロフト,ロフト213,（不明）,4573587350210,1762,1,2026-05,2026-06-01 06:54:33
2026-05-31,ロフト,ロフト213,（不明）,4573587350258,1762,2,2026-05,2026-06-01 06:54:33
2026-05-31,ロフト,ロフト213,（不明）,4573587350616,1762,2,2026-05,2026-06-01 06:54:33
2026-05-31,ロフト,ロフト213,（不明）,4573587350630,1762,0,2026-05,2026-06-01 06:54:33
2026-05-31,ロフト,ロフト213,（不明）,4573587350654,1762,0,2026-05,2026-06-01 06:54:33
2026-05-31,ロフト,ロフト213,（不明）,4573587350678,1762,1,2026-05,2026-06-01 06:54:33
2026-05-31,ロフト,ロフト213,（不明）,4573694000015,1110,0,2026-05,2026-06-01 06:54:33
2026-05-31,ロフト,ロフト213,（不明）,4573694002903,1110,5,2026-05,2026-06-01 06:54:33
2026-05-31,ロフト,ロフト213,（不明）,4573694002934,1110,0,2026-05,2026-06-01 06:54:33
2026-05-31,ロフト,ロフト213,（不明）,4580543220418,1639,0,2026-05,2026-06-01 06:54:33
2026-05-31,ロフト,ロフト213,（不明）,4580543220487,1060,0,2026-05,2026-06-01 06:54:33
2026-05-31,ロフト,ロフト213,（不明）,4580886250011,1013,2,2026-05,2026-06-01 06:54:33
2026-05-31,ロフト,ロフト213,（不明）,4582784162977,1762,0,2026-05,2026-06-01 06:54:33
2026-05-31,ロフト,ロフト213,（不明）,4582784162984,1762,0,2026-05,2026-06-01 06:54:33
2026-05-31,ロフト,ロフト213,（不明）,4582784163233,1762,1,2026-05,2026-06-01 06:54:33
2026-05-31,ロフト,ロフト213,（不明）,4582784163240,1762,1,2026-05,2026-06-01 06:54:33
2026-05-31,ロフト,ロフト213,（不明）,4582784163257,1762,0,2026-05,2026-06-01 06:54:33
2026-05-31,ロフト,ロフト213,（不明）,4582784163264,1762,2,2026-05,2026-06-01 06:54:33
2026-05-31,ロフト,ロフト213,（不明）,4582784163271,1762,1,2026-05,2026-06-01 06:54:33
2026-05-31,ロフト,ロフト213,（不明）,4582784163288,1762,0,2026-05,2026-06-01 06:54:33
2026-05-31,ロフト,ロフト213,（不明）,4582784163332,1727,2,2026-05,2026-06-01 06:54:33
2026-05-31,ロフト,ロフト213,（不明）,4582784163349,1727,1,2026-05,2026-06-01 06:54:33
2026-05-31,ロフト,ロフト213,（不明）,4582784166104,1762,2,2026-05,2026-06-01 06:54:33
2026-05-31,ロフト,ロフト213,（不明）,4582784166111,1762,1,2026-05,2026-06-01 06:54:33
2026-05-31,ロフト,ロフト213,（不明）,4582784166128,1762,5,2026-05,2026-06-01 06:54:33
2026-05-31,ロフト,ロフト213,（不明）,4582784166784,1762,9,2026-05,2026-06-01 06:54:33
2026-05-31,ロフト,ロフト213,（不明）,4582784166791,1762,5,2026-05,2026-06-01 06:54:33
2026-05-31,ロフト,ロフト213,（不明）,4589814750364,1657,0,2026-05,2026-06-01 06:54:33
2026-05-31,ロフト,ロフト213,（不明）,4595315976011,1222,6,2026-05,2026-06-01 06:54:33
2026-05-31,ロフト,ロフト213,（不明）,4595317659110,1013,3,2026-05,2026-06-01 06:54:33
2026-05-31,ロフト,ロフト213,（不明）,4595317659127,1013,4,2026-05,2026-06-01 06:54:33
2026-05-31,ロフト,ロフト213,（不明）,4595317659738,1013,7,2026-05,2026-06-01 06:54:33
2026-05-31,ロフト,ロフト213,（不明）,4595988311089,1220,0,2026-05,2026-06-01 06:54:33
2026-05-31,ロフト,ロフト213,（不明）,4595988311096,1220,1,2026-05,2026-06-01 06:54:33
2026-05-31,ロフト,ロフト213,（不明）,4595988311119,1220,2,2026-05,2026-06-01 06:54:33
2026-05-31,ロフト,ロフト213,（不明）,8809317963556,1723,0,2026-05,2026-06-01 06:54:33
2026-05-31,ロフト,ロフト213,（不明）,8809317967943,1723,0,2026-05,2026-06-01 06:54:33
2026-05-31,ロフト,ロフト213,（不明）,8809541199998,1723,2,2026-05,2026-06-01 06:54:33
2026-05-31,ロフト,ロフト213,（不明）,8809672176332,1266,1,2026-05,2026-06-01 06:54:33
2026-05-31,ロフト,ロフト213,（不明）,8809672176684,1250,2,2026-05,2026-06-01 06:54:33
2026-05-31,ロフト,ロフト213,（不明）,8809823390297,1723,1,2026-05,2026-06-01 06:54:33
2026-05-31,ロフト,ロフト213,（不明）,8809849808417,1092,2,2026-05,2026-06-01 06:54:33
2026-05-31,ロフト,ロフト215,（不明）,4560440431346,1016,1,2026-05,2026-06-01 06:54:33
2026-05-31,ロフト,ロフト215,（不明）,4560440431353,1016,6,2026-05,2026-06-01 06:54:33
2026-05-31,ロフト,ロフト215,（不明）,4560440431384,1036,6,2026-05,2026-06-01 06:54:33
2026-05-31,ロフト,ロフト215,（不明）,4560440431407,1016,5,2026-05,2026-06-01 06:54:33
2026-05-31,ロフト,ロフト215,（不明）,4560440431414,1016,6,2026-05,2026-06-01 06:54:33
2026-05-31,ロフト,ロフト215,（不明）,4560440431445,1016,9,2026-05,2026-06-01 06:54:33
2026-05-31,ロフト,ロフト215,（不明）,4560440431452,1036,5,2026-05,2026-06-01 06:54:33
2026-05-31,ロフト,ロフト215,（不明）,4560440431483,1015,2,2026-05,2026-06-01 06:54:33
2026-05-31,ロフト,ロフト215,（不明）,4560440431490,1015,3,2026-05,2026-06-01 06:54:33
2026-05-31,ロフト,ロフト215,（不明）,4560440431506,1015,1,2026-05,2026-06-01 06:54:33
2026-05-31,ロフト,ロフト215,（不明）,4560440431513,1015,4,2026-05,2026-06-01 06:54:33
2026-05-31,ロフト,ロフト215,（不明）,4560440431537,1015,0,2026-05,2026-06-01 06:54:33
2026-05-31,ロフト,ロフト215,（不明）,4560440431742,1034,6,2026-05,2026-06-01 06:54:33
2026-05-31,ロフト,ロフト215,（不明）,4560449970273,1762,8,2026-05,2026-06-01 06:54:33
2026-05-31,ロフト,ロフト215,（不明）,4560449970280,1762,1,2026-05,2026-06-01 06:54:33
2026-05-31,ロフト,ロフト215,（不明）,4560449976589,1762,3,2026-05,2026-06-01 06:54:33
2026-05-31,ロフト,ロフト215,（不明）,4560449976602,1762,5,2026-05,2026-06-01 06:54:33
2026-05-31,ロフト,ロフト215,（不明）,4560449979313,1110,18,2026-05,2026-06-01 06:54:33
2026-05-31,ロフト,ロフト215,（不明）,4560449979405,1110,4,2026-05,2026-06-01 06:54:33
2026-05-31,ロフト,ロフト215,（不明）,4560449979443,1762,3,2026-05,2026-06-01 06:54:33
2026-05-31,ロフト,ロフト215,（不明）,4560449979467,1762,4,2026-05,2026-06-01 06:54:33
2026-05-31,ロフト,ロフト215,（不明）,4560449979917,1110,11,2026-05,2026-06-01 06:54:33
2026-05-31,ロフト,ロフト215,（不明）,4560449979931,1110,1,2026-05,2026-06-01 06:54:33
2026-05-31,ロフト,ロフト215,（不明）,4560449982696,1110,1,2026-05,2026-06-01 06:54:33
2026-05-31,ロフト,ロフト215,（不明）,4560449982726,1110,0,2026-05,2026-06-01 06:54:33
2026-05-31,ロフト,ロフト215,（不明）,4573473052006,1013,2,2026-05,2026-06-01 06:54:33
2026-05-31,ロフト,ロフト215,（不明）,4573473052136,1013,10,2026-05,2026-06-01 06:54:33
2026-05-31,ロフト,ロフト215,（不明）,4573473052235,1035,1,2026-05,2026-06-01 06:54:33
2026-05-31,ロフト,ロフト215,（不明）,4573473052280,1013,1,2026-05,2026-06-01 06:54:33
2026-05-31,ロフト,ロフト215,（不明）,4573473052303,1029,0,2026-05,2026-06-01 06:54:33
2026-05-31,ロフト,ロフト215,（不明）,4573587350210,1762,1,2026-05,2026-06-01 06:54:33
2026-05-31,ロフト,ロフト215,（不明）,4573587350258,1762,4,2026-05,2026-06-01 06:54:33
2026-05-31,ロフト,ロフト215,（不明）,4573587350616,1762,3,2026-05,2026-06-01 06:54:33
2026-05-31,ロフト,ロフト215,（不明）,4573587350654,1762,0,2026-05,2026-06-01 06:54:33
2026-05-31,ロフト,ロフト215,（不明）,4573694000015,1110,3,2026-05,2026-06-01 06:54:33
2026-05-31,ロフト,ロフト215,（不明）,4573694000091,1097,0,2026-05,2026-06-01 06:54:33
2026-05-31,ロフト,ロフト215,（不明）,4573694002903,1110,2,2026-05,2026-06-01 06:54:33
2026-05-31,ロフト,ロフト215,（不明）,4580543220418,1639,0,2026-05,2026-06-01 06:54:33
2026-05-31,ロフト,ロフト215,（不明）,4580543220487,1060,0,2026-05,2026-06-01 06:54:33
2026-05-31,ロフト,ロフト215,（不明）,4580886250011,1013,0,2026-05,2026-06-01 06:54:33
2026-05-31,ロフト,ロフト215,（不明）,4582784162977,1762,0,2026-05,2026-06-01 06:54:33
2026-05-31,ロフト,ロフト215,（不明）,4582784162984,1762,0,2026-05,2026-06-01 06:54:33
2026-05-31,ロフト,ロフト215,（不明）,4582784163233,1762,0,2026-05,2026-06-01 06:54:33
2026-05-31,ロフト,ロフト215,（不明）,4582784163240,1762,2,2026-05,2026-06-01 06:54:33
2026-05-31,ロフト,ロフト215,（不明）,4582784163257,1762,0,2026-05,2026-06-01 06:54:33
2026-05-31,ロフト,ロフト215,（不明）,4582784163271,1762,0,2026-05,2026-06-01 06:54:33
2026-05-31,ロフト,ロフト215,（不明）,4582784163288,1762,0,2026-05,2026-06-01 06:54:33
2026-05-31,ロフト,ロフト215,（不明）,4582784163332,1727,1,2026-05,2026-06-01 06:54:33
2026-05-31,ロフト,ロフト215,（不明）,4582784163349,1727,0,2026-05,2026-06-01 06:54:33
2026-05-31,ロフト,ロフト215,（不明）,4582784166104,1762,0,2026-05,2026-06-01 06:54:33
2026-05-31,ロフト,ロフト215,（不明）,4582784166111,1762,2,2026-05,2026-06-01 06:54:33
2026-05-31,ロフト,ロフト215,（不明）,4582784166128,1762,2,2026-05,2026-06-01 06:54:33
2026-05-31,ロフト,ロフト215,（不明）,4582784166784,1762,0,2026-05,2026-06-01 06:54:33
2026-05-31,ロフト,ロフト215,（不明）,4582784166791,1762,1,2026-05,2026-06-01 06:54:33
2026-05-31,ロフト,ロフト215,（不明）,4595315976011,1222,1,2026-05,2026-06-01 06:54:33
2026-05-31,ロフト,ロフト215,（不明）,4595317659738,1013,2,2026-05,2026-06-01 06:54:33
2026-05-31,ロフト,ロフト215,（不明）,4595317659745,1013,7,2026-05,2026-06-01 06:54:33
2026-05-31,ロフト,ロフト215,（不明）,4595317659752,1013,1,2026-05,2026-06-01 06:54:33
2026-05-31,ロフト,ロフト215,（不明）,4595988311089,1220,3,2026-05,2026-06-01 06:54:33
2026-05-31,ロフト,ロフト215,（不明）,4595988311096,1220,0,2026-05,2026-06-01 06:54:33
2026-05-31,ロフト,ロフト215,（不明）,4595988311119,1220,0,2026-05,2026-06-01 06:54:33
2026-05-31,ロフト,ロフト215,（不明）,8809317963556,1723,2,2026-05,2026-06-01 06:54:33
2026-05-31,ロフト,ロフト215,（不明）,8809317967943,1723,3,2026-05,2026-06-01 06:54:33
2026-05-31,ロフト,ロフト215,（不明）,8809541199998,1723,2,2026-05,2026-06-01 06:54:33
2026-05-31,ロフト,ロフト215,（不明）,8809672176332,1266,4,2026-05,2026-06-01 06:54:33
2026-05-31,ロフト,ロフト215,（不明）,8809672176684,1250,6,2026-05,2026-06-01 06:54:33
2026-05-31,ロフト,ロフト215,（不明）,8809823390297,1723,3,2026-05,2026-06-01 06:54:33
2026-05-31,ロフト,ロフト218,（不明）,4560440431346,1016,0,2026-05,2026-06-01 06:54:33
2026-05-31,ロフト,ロフト218,（不明）,4560440431377,1036,6,2026-05,2026-06-01 06:54:33
2026-05-31,ロフト,ロフト218,（不明）,4560440431384,1036,6,2026-05,2026-06-01 06:54:33
2026-05-31,ロフト,ロフト218,（不明）,4560440431407,1016,5,2026-05,2026-06-01 06:54:33
2026-05-31,ロフト,ロフト218,（不明）,4560440431414,1016,5,2026-05,2026-06-01 06:54:33
2026-05-31,ロフト,ロフト218,（不明）,4560440431421,1016,2,2026-05,2026-06-01 06:54:33
2026-05-31,ロフト,ロフト218,（不明）,4560440431452,1036,0,2026-05,2026-06-01 06:54:33
2026-05-31,ロフト,ロフト218,（不明）,4560440431476,1015,2,2026-05,2026-06-01 06:54:33
2026-05-31,ロフト,ロフト218,（不明）,4560440431490,1015,1,2026-05,2026-06-01 06:54:33
2026-05-31,ロフト,ロフト218,（不明）,4560440431520,1015,2,2026-05,2026-06-01 06:54:33
2026-05-31,ロフト,ロフト218,（不明）,4560440431537,1015,1,2026-05,2026-06-01 06:54:33
2026-05-31,ロフト,ロフト218,（不明）,4560449970273,1762,2,2026-05,2026-06-01 06:54:33
2026-05-31,ロフト,ロフト218,（不明）,4560449970280,1762,2,2026-05,2026-06-01 06:54:33
2026-05-31,ロフト,ロフト218,（不明）,4560449976589,1762,2,2026-05,2026-06-01 06:54:33
2026-05-31,ロフト,ロフト218,（不明）,4560449979313,1110,21,2026-05,2026-06-01 06:54:33
2026-05-31,ロフト,ロフト218,（不明）,4560449979405,1110,1,2026-05,2026-06-01 06:54:33
2026-05-31,ロフト,ロフト218,（不明）,4560449979443,1762,3,2026-05,2026-06-01 06:54:33
2026-05-31,ロフト,ロフト218,（不明）,4560449979917,1110,15,2026-05,2026-06-01 06:54:33
2026-05-31,ロフト,ロフト218,（不明）,4560449979931,1110,10,2026-05,2026-06-01 06:54:33
2026-05-31,ロフト,ロフト218,（不明）,4560449981668,1110,0,2026-05,2026-06-01 06:54:33
2026-05-31,ロフト,ロフト218,（不明）,4560449982696,1110,1,2026-05,2026-06-01 06:54:33
2026-05-31,ロフト,ロフト218,（不明）,4560449982726,1110,0,2026-05,2026-06-01 06:54:33
2026-05-31,ロフト,ロフト218,（不明）,4573473052006,1013,8,2026-05,2026-06-01 06:54:33
2026-05-31,ロフト,ロフト218,（不明）,4573473052136,1013,27,2026-05,2026-06-01 06:54:33
2026-05-31,ロフト,ロフト218,（不明）,4573473052235,1035,3,2026-05,2026-06-01 06:54:33
2026-05-31,ロフト,ロフト218,（不明）,4573473052280,1013,5,2026-05,2026-06-01 06:54:33
2026-05-31,ロフト,ロフト218,（不明）,4573473052303,1029,0,2026-05,2026-06-01 06:54:33
2026-05-31,ロフト,ロフト218,（不明）,4573587350210,1762,0,2026-05,2026-06-01 06:54:33
2026-05-31,ロフト,ロフト218,（不明）,4573587350258,1762,2,2026-05,2026-06-01 06:54:33
2026-05-31,ロフト,ロフト218,（不明）,4573587350616,1762,4,2026-05,2026-06-01 06:54:33
2026-05-31,ロフト,ロフト218,（不明）,4573587350630,1762,0,2026-05,2026-06-01 06:54:33
2026-05-31,ロフト,ロフト218,（不明）,4573587350654,1762,0,2026-05,2026-06-01 06:54:33
2026-05-31,ロフト,ロフト218,（不明）,4573587350678,1762,0,2026-05,2026-06-01 06:54:33
2026-05-31,ロフト,ロフト218,（不明）,4573694000015,1110,6,2026-05,2026-06-01 06:54:33
2026-05-31,ロフト,ロフト218,（不明）,4573694000091,1097,7,2026-05,2026-06-01 06:54:33
2026-05-31,ロフト,ロフト218,（不明）,4573694002903,1110,7,2026-05,2026-06-01 06:54:33
2026-05-31,ロフト,ロフト218,（不明）,4573694002934,1110,1,2026-05,2026-06-01 06:54:33
2026-05-31,ロフト,ロフト218,（不明）,4580543220418,1639,0,2026-05,2026-06-01 06:54:33
2026-05-31,ロフト,ロフト218,（不明）,4580543220487,1060,0,2026-05,2026-06-01 06:54:33
2026-05-31,ロフト,ロフト218,（不明）,4580886250011,1013,4,2026-05,2026-06-01 06:54:33
2026-05-31,ロフト,ロフト218,（不明）,4582784162977,1762,0,2026-05,2026-06-01 06:54:33
2026-05-31,ロフト,ロフト218,（不明）,4582784162984,1762,0,2026-05,2026-06-01 06:54:33
2026-05-31,ロフト,ロフト218,（不明）,4582784163233,1762,1,2026-05,2026-06-01 06:54:33
2026-05-31,ロフト,ロフト218,（不明）,4582784163240,1762,0,2026-05,2026-06-01 06:54:33
2026-05-31,ロフト,ロフト218,（不明）,4582784163257,1762,0,2026-05,2026-06-01 06:54:33
2026-05-31,ロフト,ロフト218,（不明）,4582784163264,1762,0,2026-05,2026-06-01 06:54:33
2026-05-31,ロフト,ロフト218,（不明）,4582784163332,1727,0,2026-05,2026-06-01 06:54:33
2026-05-31,ロフト,ロフト218,（不明）,4582784163349,1727,0,2026-05,2026-06-01 06:54:33
2026-05-31,ロフト,ロフト218,（不明）,4582784166104,1762,1,2026-05,2026-06-01 06:54:33
2026-05-31,ロフト,ロフト218,（不明）,4582784166111,1762,1,2026-05,2026-06-01 06:54:33
2026-05-31,ロフト,ロフト218,（不明）,4582784166128,1762,1,2026-05,2026-06-01 06:54:33
2026-05-31,ロフト,ロフト218,（不明）,4582784166784,1762,4,2026-05,2026-06-01 06:54:33
2026-05-31,ロフト,ロフト218,（不明）,4582784166791,1762,1,2026-05,2026-06-01 06:54:33
2026-05-31,ロフト,ロフト218,（不明）,4589814757080,1258,14,2026-05,2026-06-01 06:54:33
2026-05-31,ロフト,ロフト218,（不明）,4595315976011,1222,3,2026-05,2026-06-01 06:54:33
2026-05-31,ロフト,ロフト218,（不明）,4595317659110,1013,4,2026-05,2026-06-01 06:54:33
2026-05-31,ロフト,ロフト218,（不明）,4595317659127,1013,4,2026-05,2026-06-01 06:54:33
2026-05-31,ロフト,ロフト218,（不明）,4595317659738,1013,5,2026-05,2026-06-01 06:54:33
2026-05-31,ロフト,ロフト218,（不明）,4595317659745,1013,14,2026-05,2026-06-01 06:54:33
2026-05-31,ロフト,ロフト218,（不明）,4595317659752,1013,18,2026-05,2026-06-01 06:54:33
2026-05-31,ロフト,ロフト218,（不明）,4595988311089,1220,1,2026-05,2026-06-01 06:54:33
2026-05-31,ロフト,ロフト218,（不明）,4595988311096,1220,0,2026-05,2026-06-01 06:54:33
2026-05-31,ロフト,ロフト218,（不明）,4595988311119,1220,0,2026-05,2026-06-01 06:54:33
2026-05-31,ロフト,ロフト218,（不明）,8809317963556,1723,3,2026-05,2026-06-01 06:54:33
2026-05-31,ロフト,ロフト218,（不明）,8809317967943,1723,0,2026-05,2026-06-01 06:54:33
2026-05-31,ロフト,ロフト218,（不明）,8809541199998,1723,3,2026-05,2026-06-01 06:54:33
2026-05-31,ロフト,ロフト218,（不明）,8809672176332,1266,1,2026-05,2026-06-01 06:54:33
2026-05-31,ロフト,ロフト218,（不明）,8809672176684,1250,1,2026-05,2026-06-01 06:54:33
2026-05-31,ロフト,ロフト218,（不明）,8809823390297,1723,1,2026-05,2026-06-01 06:54:33
2026-05-31,ロフト,ロフト219,（不明）,4560440431179,1016,0,2026-05,2026-06-01 06:54:33
2026-05-31,ロフト,ロフト219,（不明）,4560440431377,1036,7,2026-05,2026-06-01 06:54:33
2026-05-31,ロフト,ロフト219,（不明）,4560440431384,1036,12,2026-05,2026-06-01 06:54:33
2026-05-31,ロフト,ロフト219,（不明）,4560440431414,1016,6,2026-05,2026-06-01 06:54:33
2026-05-31,ロフト,ロフト219,（不明）,4560440431421,1016,1,2026-05,2026-06-01 06:54:33
2026-05-31,ロフト,ロフト219,（不明）,4560440431452,1036,10,2026-05,2026-06-01 06:54:33
2026-05-31,ロフト,ロフト219,（不明）,4560440431490,1015,1,2026-05,2026-06-01 06:54:33
2026-05-31,ロフト,ロフト219,（不明）,4560440431506,1015,1,2026-05,2026-06-01 06:54:33
2026-05-31,ロフト,ロフト219,（不明）,4560440431520,1015,0,2026-05,2026-06-01 06:54:33
2026-05-31,ロフト,ロフト219,（不明）,4560440431599,1034,16,2026-05,2026-06-01 06:54:33
2026-05-31,ロフト,ロフト219,（不明）,4560449970273,1762,0,2026-05,2026-06-01 06:54:33
2026-05-31,ロフト,ロフト219,（不明）,4560449970280,1762,1,2026-05,2026-06-01 06:54:33
2026-05-31,ロフト,ロフト219,（不明）,4560449979313,1110,13,2026-05,2026-06-01 06:54:33
2026-05-31,ロフト,ロフト219,（不明）,4560449979405,1110,1,2026-05,2026-06-01 06:54:33
2026-05-31,ロフト,ロフト219,（不明）,4560449979467,1762,1,2026-05,2026-06-01 06:54:33
2026-05-31,ロフト,ロフト219,（不明）,4560449979917,1110,17,2026-05,2026-06-01 06:54:33
2026-05-31,ロフト,ロフト219,（不明）,4560449979931,1110,0,2026-05,2026-06-01 06:54:33
2026-05-31,ロフト,ロフト219,（不明）,4560449982696,1110,2,2026-05,2026-06-01 06:54:33
2026-05-31,ロフト,ロフト219,（不明）,4560449982726,1110,1,2026-05,2026-06-01 06:54:33
2026-05-31,ロフト,ロフト219,（不明）,4573473052006,1013,1,2026-05,2026-06-01 06:54:33
2026-05-31,ロフト,ロフト219,（不明）,4573473052136,1013,6,2026-05,2026-06-01 06:54:33
2026-05-31,ロフト,ロフト219,（不明）,4573473052235,1035,0,2026-05,2026-06-01 06:54:33
2026-05-31,ロフト,ロフト219,（不明）,4573473052280,1013,0,2026-05,2026-06-01 06:54:33
2026-05-31,ロフト,ロフト219,（不明）,4573473052303,1029,1,2026-05,2026-06-01 06:54:33
2026-05-31,ロフト,ロフト219,（不明）,4573587350210,1762,1,2026-05,2026-06-01 06:54:33
2026-05-31,ロフト,ロフト219,（不明）,4573587350258,1762,0,2026-05,2026-06-01 06:54:33
2026-05-31,ロフト,ロフト219,（不明）,4573587350616,1762,1,2026-05,2026-06-01 06:54:33
2026-05-31,ロフト,ロフト219,（不明）,4573587350630,1762,2,2026-05,2026-06-01 06:54:33
2026-05-31,ロフト,ロフト219,（不明）,4573587350654,1762,0,2026-05,2026-06-01 06:54:33
2026-05-31,ロフト,ロフト219,（不明）,4573587350678,1762,0,2026-05,2026-06-01 06:54:33
2026-05-31,ロフト,ロフト219,（不明）,4573694000015,1110,5,2026-05,2026-06-01 06:54:33
2026-05-31,ロフト,ロフト219,（不明）,4573694000091,1097,3,2026-05,2026-06-01 06:54:33
2026-05-31,ロフト,ロフト219,（不明）,4573694002903,1110,1,2026-05,2026-06-01 06:54:33
2026-05-31,ロフト,ロフト219,（不明）,4573694002934,1110,0,2026-05,2026-06-01 06:54:33
2026-05-31,ロフト,ロフト219,（不明）,4580886250011,1013,2,2026-05,2026-06-01 06:54:33
2026-05-31,ロフト,ロフト219,（不明）,4582784162977,1762,0,2026-05,2026-06-01 06:54:33
2026-05-31,ロフト,ロフト219,（不明）,4582784162984,1762,2,2026-05,2026-06-01 06:54:33
2026-05-31,ロフト,ロフト219,（不明）,4582784163233,1762,0,2026-05,2026-06-01 06:54:33
2026-05-31,ロフト,ロフト219,（不明）,4582784163240,1762,1,2026-05,2026-06-01 06:54:33
2026-05-31,ロフト,ロフト219,（不明）,4582784166104,1762,1,2026-05,2026-06-01 06:54:33
2026-05-31,ロフト,ロフト219,（不明）,4582784166111,1762,0,2026-05,2026-06-01 06:54:33
2026-05-31,ロフト,ロフト219,（不明）,4582784166128,1762,1,2026-05,2026-06-01 06:54:33
2026-05-31,ロフト,ロフト219,（不明）,4582784166784,1762,1,2026-05,2026-06-01 06:54:33
2026-05-31,ロフト,ロフト219,（不明）,4582784166791,1762,2,2026-05,2026-06-01 06:54:33
2026-05-31,ロフト,ロフト219,（不明）,4589814757080,1258,6,2026-05,2026-06-01 06:54:33
2026-05-31,ロフト,ロフト219,（不明）,4595315976011,1222,1,2026-05,2026-06-01 06:54:33
2026-05-31,ロフト,ロフト219,（不明）,4595317659110,1013,0,2026-05,2026-06-01 06:54:33
2026-05-31,ロフト,ロフト219,（不明）,4595317659127,1013,2,2026-05,2026-06-01 06:54:33
2026-05-31,ロフト,ロフト219,（不明）,4595317659738,1013,9,2026-05,2026-06-01 06:54:33
2026-05-31,ロフト,ロフト219,（不明）,4595317659745,1013,12,2026-05,2026-06-01 06:54:33
2026-05-31,ロフト,ロフト219,（不明）,4595317659752,1013,24,2026-05,2026-06-01 06:54:33
2026-05-31,ロフト,ロフト219,（不明）,4595988311089,1220,4,2026-05,2026-06-01 06:54:33
2026-05-31,ロフト,ロフト219,（不明）,4595988311096,1220,1,2026-05,2026-06-01 06:54:33
2026-05-31,ロフト,ロフト219,（不明）,4595988311119,1220,1,2026-05,2026-06-01 06:54:33
2026-05-31,ロフト,ロフト219,（不明）,8809317963556,1723,0,2026-05,2026-06-01 06:54:33
2026-05-31,ロフト,ロフト219,（不明）,8809317967943,1723,1,2026-05,2026-06-01 06:54:33
2026-05-31,ロフト,ロフト219,（不明）,8809541199998,1723,3,2026-05,2026-06-01 06:54:33
2026-05-31,ロフト,ロフト219,（不明）,8809672176332,1266,0,2026-05,2026-06-01 06:54:33
2026-05-31,ロフト,ロフト219,（不明）,8809672176684,1250,0,2026-05,2026-06-01 06:54:33
2026-05-31,ロフト,ロフト219,（不明）,8809823390297,1723,1,2026-05,2026-06-01 06:54:33
2026-05-31,ロフト,ロフト219,（不明）,8809849808400,1092,1,2026-05,2026-06-01 06:54:33
2026-05-31,ロフト,ロフト219,（不明）,8809849808417,1092,1,2026-05,2026-06-01 06:54:33
2026-05-31,ロフト,ロフト220,（不明）,4560440431087,1016,0,2026-05,2026-06-01 06:54:33
2026-05-31,ロフト,ロフト220,（不明）,4560440431179,1016,2,2026-05,2026-06-01 06:54:33
2026-05-31,ロフト,ロフト220,（不明）,4560440431186,1016,1,2026-05,2026-06-01 06:54:33
2026-05-31,ロフト,ロフト220,（不明）,4560440431346,1016,1,2026-05,2026-06-01 06:54:33
2026-05-31,ロフト,ロフト220,（不明）,4560440431384,1036,0,2026-05,2026-06-01 06:54:33
2026-05-31,ロフト,ロフト220,（不明）,4560440431414,1016,5,2026-05,2026-06-01 06:54:33
2026-05-31,ロフト,ロフト220,（不明）,4560440431445,1016,3,2026-05,2026-06-01 06:54:33
2026-05-31,ロフト,ロフト220,（不明）,4560440431452,1036,0,2026-05,2026-06-01 06:54:33
2026-05-31,ロフト,ロフト220,（不明）,4560440431469,1016,0,2026-05,2026-06-01 06:54:33
2026-05-31,ロフト,ロフト220,（不明）,4560440431490,1015,0,2026-05,2026-06-01 06:54:33
2026-05-31,ロフト,ロフト220,（不明）,4560449970273,1762,0,2026-05,2026-06-01 06:54:33
2026-05-31,ロフト,ロフト220,（不明）,4560449970280,1762,0,2026-05,2026-06-01 06:54:33
2026-05-31,ロフト,ロフト220,（不明）,4560449979313,1110,6,2026-05,2026-06-01 06:54:33
2026-05-31,ロフト,ロフト220,（不明）,4560449979405,1110,1,2026-05,2026-06-01 06:54:33
2026-05-31,ロフト,ロフト220,（不明）,4560449979443,1762,0,2026-05,2026-06-01 06:54:33
2026-05-31,ロフト,ロフト220,（不明）,4560449979467,1762,0,2026-05,2026-06-01 06:54:33
2026-05-31,ロフト,ロフト220,（不明）,4560449979917,1110,11,2026-05,2026-06-01 06:54:33
2026-05-31,ロフト,ロフト220,（不明）,4560449979931,1110,4,2026-05,2026-06-01 06:54:33
2026-05-31,ロフト,ロフト220,（不明）,4560449982696,1110,0,2026-05,2026-06-01 06:54:33
2026-05-31,ロフト,ロフト220,（不明）,4560449982726,1110,0,2026-05,2026-06-01 06:54:33
2026-05-31,ロフト,ロフト220,（不明）,4573473052006,1013,2,2026-05,2026-06-01 06:54:33
2026-05-31,ロフト,ロフト220,（不明）,4573473052136,1013,9,2026-05,2026-06-01 06:54:33
2026-05-31,ロフト,ロフト220,（不明）,4573473052235,1035,0,2026-05,2026-06-01 06:54:33
2026-05-31,ロフト,ロフト220,（不明）,4573473052303,1029,2,2026-05,2026-06-01 06:54:33
2026-05-31,ロフト,ロフト220,（不明）,4573587350210,1762,0,2026-05,2026-06-01 06:54:33
2026-05-31,ロフト,ロフト220,（不明）,4573587350258,1762,1,2026-05,2026-06-01 06:54:33
2026-05-31,ロフト,ロフト220,（不明）,4573587350616,1762,1,2026-05,2026-06-01 06:54:33
2026-05-31,ロフト,ロフト220,（不明）,4573587350630,1762,0,2026-05,2026-06-01 06:54:33
2026-05-31,ロフト,ロフト220,（不明）,4573587350654,1762,1,2026-05,2026-06-01 06:54:33
2026-05-31,ロフト,ロフト220,（不明）,4573587350678,1762,0,2026-05,2026-06-01 06:54:33
2026-05-31,ロフト,ロフト220,（不明）,4573694000015,1110,0,2026-05,2026-06-01 06:54:33
2026-05-31,ロフト,ロフト220,（不明）,4573694002903,1110,7,2026-05,2026-06-01 06:54:33
2026-05-31,ロフト,ロフト220,（不明）,4573694002934,1110,1,2026-05,2026-06-01 06:54:33
2026-05-31,ロフト,ロフト220,（不明）,4580886250011,1013,0,2026-05,2026-06-01 06:54:33
2026-05-31,ロフト,ロフト220,（不明）,4582784162977,1762,0,2026-05,2026-06-01 06:54:33
2026-05-31,ロフト,ロフト220,（不明）,4582784162984,1762,0,2026-05,2026-06-01 06:54:33
2026-05-31,ロフト,ロフト220,（不明）,4582784166104,1762,0,2026-05,2026-06-01 06:54:33
2026-05-31,ロフト,ロフト220,（不明）,4582784166111,1762,2,2026-05,2026-06-01 06:54:33
2026-05-31,ロフト,ロフト220,（不明）,4582784166128,1762,0,2026-05,2026-06-01 06:54:33
2026-05-31,ロフト,ロフト220,（不明）,4582784166784,1762,0,2026-05,2026-06-01 06:54:33
2026-05-31,ロフト,ロフト220,（不明）,4582784166791,1762,0,2026-05,2026-06-01 06:54:33
2026-05-31,ロフト,ロフト220,（不明）,4595315976011,1222,0,2026-05,2026-06-01 06:54:33
2026-05-31,ロフト,ロフト220,（不明）,4595317659110,1013,2,2026-05,2026-06-01 06:54:33
2026-05-31,ロフト,ロフト220,（不明）,4595317659127,1013,2,2026-05,2026-06-01 06:54:33
2026-05-31,ロフト,ロフト220,（不明）,4595317659738,1013,1,2026-05,2026-06-01 06:54:33
2026-05-31,ロフト,ロフト223,（不明）,4560440431193,1036,1,2026-05,2026-06-01 06:54:33
2026-05-31,ロフト,ロフト223,（不明）,4560440431346,1016,3,2026-05,2026-06-01 06:54:33
2026-05-31,ロフト,ロフト223,（不明）,4560440431353,1016,6,2026-05,2026-06-01 06:54:33
2026-05-31,ロフト,ロフト223,（不明）,4560440431384,1036,6,2026-05,2026-06-01 06:54:33
2026-05-31,ロフト,ロフト223,（不明）,4560440431407,1016,2,2026-05,2026-06-01 06:54:33
2026-05-31,ロフト,ロフト223,（不明）,4560440431414,1016,6,2026-05,2026-06-01 06:54:33
2026-05-31,ロフト,ロフト223,（不明）,4560440431445,1016,10,2026-05,2026-06-01 06:54:33
2026-05-31,ロフト,ロフト223,（不明）,4560440431452,1036,1,2026-05,2026-06-01 06:54:33
2026-05-31,ロフト,ロフト223,（不明）,4560440431483,1015,2,2026-05,2026-06-01 06:54:33
2026-05-31,ロフト,ロフト223,（不明）,4560440431490,1015,1,2026-05,2026-06-01 06:54:33
2026-05-31,ロフト,ロフト223,（不明）,4560440431513,1015,5,2026-05,2026-06-01 06:54:33
2026-05-31,ロフト,ロフト223,（不明）,4560440431520,1015,3,2026-05,2026-06-01 06:54:33
2026-05-31,ロフト,ロフト223,（不明）,4560440431599,1034,1,2026-05,2026-06-01 06:54:33
2026-05-31,ロフト,ロフト223,（不明）,4560440431711,1034,4,2026-05,2026-06-01 06:54:33
2026-05-31,ロフト,ロフト223,（不明）,4560440431742,1034,3,2026-05,2026-06-01 06:54:33
2026-05-31,ロフト,ロフト223,（不明）,4560449970273,1762,0,2026-05,2026-06-01 06:54:33
2026-05-31,ロフト,ロフト223,（不明）,4560449970280,1762,3,2026-05,2026-06-01 06:54:33
2026-05-31,ロフト,ロフト223,（不明）,4560449979313,1110,11,2026-05,2026-06-01 06:54:33
2026-05-31,ロフト,ロフト223,（不明）,4560449979405,1110,2,2026-05,2026-06-01 06:54:33
2026-05-31,ロフト,ロフト223,（不明）,4560449979443,1762,2,2026-05,2026-06-01 06:54:33
2026-05-31,ロフト,ロフト223,（不明）,4560449979467,1762,2,2026-05,2026-06-01 06:54:33
2026-05-31,ロフト,ロフト223,（不明）,4560449979917,1110,21,2026-05,2026-06-01 06:54:33
2026-05-31,ロフト,ロフト223,（不明）,4560449979931,1110,1,2026-05,2026-06-01 06:54:33
2026-05-31,ロフト,ロフト223,（不明）,4560449982696,1110,3,2026-05,2026-06-01 06:54:33
2026-05-31,ロフト,ロフト223,（不明）,4573473052006,1013,3,2026-05,2026-06-01 06:54:33
2026-05-31,ロフト,ロフト223,（不明）,4573473052136,1013,18,2026-05,2026-06-01 06:54:33
2026-05-31,ロフト,ロフト223,（不明）,4573473052235,1035,0,2026-05,2026-06-01 06:54:33
2026-05-31,ロフト,ロフト223,（不明）,4573473052303,1029,1,2026-05,2026-06-01 06:54:33
2026-05-31,ロフト,ロフト223,（不明）,4573587350210,1762,4,2026-05,2026-06-01 06:54:33
2026-05-31,ロフト,ロフト223,（不明）,4573587350258,1762,2,2026-05,2026-06-01 06:54:33
2026-05-31,ロフト,ロフト223,（不明）,4573587350616,1762,2,2026-05,2026-06-01 06:54:33
2026-05-31,ロフト,ロフト223,（不明）,4573587350630,1762,0,2026-05,2026-06-01 06:54:33
2026-05-31,ロフト,ロフト223,（不明）,4573587350654,1762,1,2026-05,2026-06-01 06:54:33
2026-05-31,ロフト,ロフト223,（不明）,4573587350678,1762,1,2026-05,2026-06-01 06:54:33
2026-05-31,ロフト,ロフト223,（不明）,4573694000015,1110,4,2026-05,2026-06-01 06:54:33
2026-05-31,ロフト,ロフト223,（不明）,4573694000091,1097,6,2026-05,2026-06-01 06:54:33
2026-05-31,ロフト,ロフト223,（不明）,4573694002903,1110,4,2026-05,2026-06-01 06:54:33
2026-05-31,ロフト,ロフト223,（不明）,4573694002934,1110,2,2026-05,2026-06-01 06:54:33
2026-05-31,ロフト,ロフト223,（不明）,4573694004396,1110,1,2026-05,2026-06-01 06:54:33
2026-05-31,ロフト,ロフト223,（不明）,4580886250011,1013,1,2026-05,2026-06-01 06:54:33
2026-05-31,ロフト,ロフト223,（不明）,4582784163233,1762,1,2026-05,2026-06-01 06:54:33
2026-05-31,ロフト,ロフト223,（不明）,4582784163240,1762,1,2026-05,2026-06-01 06:54:33
2026-05-31,ロフト,ロフト223,（不明）,4582784166104,1762,0,2026-05,2026-06-01 06:54:33
2026-05-31,ロフト,ロフト223,（不明）,4582784166111,1762,2,2026-05,2026-06-01 06:54:33
2026-05-31,ロフト,ロフト223,（不明）,4582784166784,1762,3,2026-05,2026-06-01 06:54:33
2026-05-31,ロフト,ロフト223,（不明）,4582784166791,1762,1,2026-05,2026-06-01 06:54:33
2026-05-31,ロフト,ロフト223,（不明）,4595315976011,1222,2,2026-05,2026-06-01 06:54:33
2026-05-31,ロフト,ロフト223,（不明）,4595317659745,1013,5,2026-05,2026-06-01 06:54:33
2026-05-31,ロフト,ロフト223,（不明）,4595988311089,1220,1,2026-05,2026-06-01 06:54:33
2026-05-31,ロフト,ロフト223,（不明）,4595988311096,1220,0,2026-05,2026-06-01 06:54:33
2026-05-31,ロフト,ロフト223,（不明）,4595988311119,1220,1,2026-05,2026-06-01 06:54:33
2026-05-31,ロフト,ロフト223,（不明）,8809317963556,1723,4,2026-05,2026-06-01 06:54:33
2026-05-31,ロフト,ロフト223,（不明）,8809317967943,1723,1,2026-05,2026-06-01 06:54:33
2026-05-31,ロフト,ロフト223,（不明）,8809541199998,1723,2,2026-05,2026-06-01 06:54:33
2026-05-31,ロフト,ロフト223,（不明）,8809672176332,1266,0,2026-05,2026-06-01 06:54:33
2026-05-31,ロフト,ロフト223,（不明）,8809672176684,1250,4,2026-05,2026-06-01 06:54:33
2026-05-31,ロフト,ロフト223,（不明）,8809823390297,1723,3,2026-05,2026-06-01 06:54:33
2026-05-31,ロフト,ロフト223,（不明）,8809849808417,1092,0,2026-05,2026-06-01 06:54:33
2026-05-31,ロフト,ロフト223,（不明）,8809849808424,1092,0,2026-05,2026-06-01 06:54:33
2026-05-31,ロフト,ロフト224,（不明）,4560440431117,1036,1,2026-05,2026-06-01 06:54:33
2026-05-31,ロフト,ロフト224,（不明）,4560440431179,1016,1,2026-05,2026-06-01 06:54:33
2026-05-31,ロフト,ロフト224,（不明）,4560440431346,1016,0,2026-05,2026-06-01 06:54:33
2026-05-31,ロフト,ロフト224,（不明）,4560440431353,1016,0,2026-05,2026-06-01 06:54:33
2026-05-31,ロフト,ロフト224,（不明）,4560440431414,1016,0,2026-05,2026-06-01 06:54:33
2026-05-31,ロフト,ロフト224,（不明）,4560440431452,1036,2,2026-05,2026-06-01 06:54:33
2026-05-31,ロフト,ロフト224,（不明）,4560440431483,1015,0,2026-05,2026-06-01 06:54:33
2026-05-31,ロフト,ロフト224,（不明）,4560449970273,1762,1,2026-05,2026-06-01 06:54:33
2026-05-31,ロフト,ロフト224,（不明）,4560449970280,1762,0,2026-05,2026-06-01 06:54:33
2026-05-31,ロフト,ロフト224,（不明）,4560449979313,1110,7,2026-05,2026-06-01 06:54:33
2026-05-31,ロフト,ロフト224,（不明）,4560449979405,1110,0,2026-05,2026-06-01 06:54:33
2026-05-31,ロフト,ロフト224,（不明）,4560449979443,1762,0,2026-05,2026-06-01 06:54:33
2026-05-31,ロフト,ロフト224,（不明）,4560449979467,1762,1,2026-05,2026-06-01 06:54:33
2026-05-31,ロフト,ロフト224,（不明）,4560449979917,1110,6,2026-05,2026-06-01 06:54:33
2026-05-31,ロフト,ロフト224,（不明）,4560449979931,1110,0,2026-05,2026-06-01 06:54:33
2026-05-31,ロフト,ロフト224,（不明）,4560449982696,1110,0,2026-05,2026-06-01 06:54:33
2026-05-31,ロフト,ロフト224,（不明）,4560449982726,1110,0,2026-05,2026-06-01 06:54:33
2026-05-31,ロフト,ロフト224,（不明）,4573473052006,1013,2,2026-05,2026-06-01 06:54:33
2026-05-31,ロフト,ロフト224,（不明）,4573473052136,1013,11,2026-05,2026-06-01 06:54:33
2026-05-31,ロフト,ロフト224,（不明）,4573473052235,1035,2,2026-05,2026-06-01 06:54:33
2026-05-31,ロフト,ロフト224,（不明）,4573473052280,1013,0,2026-05,2026-06-01 06:54:33
2026-05-31,ロフト,ロフト224,（不明）,4573473052303,1029,1,2026-05,2026-06-01 06:54:33
2026-05-31,ロフト,ロフト224,（不明）,4573587350210,1762,1,2026-05,2026-06-01 06:54:33
2026-05-31,ロフト,ロフト224,（不明）,4573587350258,1762,0,2026-05,2026-06-01 06:54:33
2026-05-31,ロフト,ロフト224,（不明）,4573587350616,1762,2,2026-05,2026-06-01 06:54:33
2026-05-31,ロフト,ロフト224,（不明）,4573587350630,1762,1,2026-05,2026-06-01 06:54:33
2026-05-31,ロフト,ロフト224,（不明）,4573587350654,1762,0,2026-05,2026-06-01 06:54:33
2026-05-31,ロフト,ロフト224,（不明）,4573587350678,1762,0,2026-05,2026-06-01 06:54:33
2026-05-31,ロフト,ロフト224,（不明）,4573694000015,1110,1,2026-05,2026-06-01 06:54:33
2026-05-31,ロフト,ロフト224,（不明）,4573694002903,1110,1,2026-05,2026-06-01 06:54:33
2026-05-31,ロフト,ロフト224,（不明）,4573694002934,1110,2,2026-05,2026-06-01 06:54:33
2026-05-31,ロフト,ロフト224,（不明）,4580886250011,1013,0,2026-05,2026-06-01 06:54:33
2026-05-31,ロフト,ロフト224,（不明）,4582784162977,1762,0,2026-05,2026-06-01 06:54:33
2026-05-31,ロフト,ロフト224,（不明）,4582784162984,1762,0,2026-05,2026-06-01 06:54:33
2026-05-31,ロフト,ロフト224,（不明）,4582784163233,1762,1,2026-05,2026-06-01 06:54:33
2026-05-31,ロフト,ロフト224,（不明）,4582784163240,1762,1,2026-05,2026-06-01 06:54:33
2026-05-31,ロフト,ロフト224,（不明）,4582784166104,1762,0,2026-05,2026-06-01 06:54:33
2026-05-31,ロフト,ロフト224,（不明）,4582784166111,1762,1,2026-05,2026-06-01 06:54:33
2026-05-31,ロフト,ロフト224,（不明）,4582784166128,1762,0,2026-05,2026-06-01 06:54:33
2026-05-31,ロフト,ロフト224,（不明）,4589814757080,1258,2,2026-05,2026-06-01 06:54:33
2026-05-31,ロフト,ロフト224,（不明）,4595315976011,1222,1,2026-05,2026-06-01 06:54:33
2026-05-31,ロフト,ロフト224,（不明）,4595317659110,1013,2,2026-05,2026-06-01 06:54:33
2026-05-31,ロフト,ロフト224,（不明）,4595317659127,1013,1,2026-05,2026-06-01 06:54:33
2026-05-31,ロフト,ロフト224,（不明）,4595317659738,1013,2,2026-05,2026-06-01 06:54:33
2026-05-31,ロフト,ロフト224,（不明）,4595317659745,1013,2,2026-05,2026-06-01 06:54:33
2026-05-31,ロフト,ロフト224,（不明）,4595317659752,1013,10,2026-05,2026-06-01 06:54:33
2026-05-31,ロフト,ロフト224,（不明）,4595988311089,1220,0,2026-05,2026-06-01 06:54:33
2026-05-31,ロフト,ロフト224,（不明）,4595988311096,1220,0,2026-05,2026-06-01 06:54:33
2026-05-31,ロフト,ロフト224,（不明）,4595988311119,1220,0,2026-05,2026-06-01 06:54:33
2026-05-31,ロフト,ロフト224,（不明）,8809317963556,1723,2,2026-05,2026-06-01 06:54:33
2026-05-31,ロフト,ロフト224,（不明）,8809317967943,1723,2,2026-05,2026-06-01 06:54:33
2026-05-31,ロフト,ロフト224,（不明）,8809541199998,1723,3,2026-05,2026-06-01 06:54:33
2026-05-31,ロフト,ロフト224,（不明）,8809823390297,1723,0,2026-05,2026-06-01 06:54:33
2026-05-31,ロフト,ロフト224,（不明）,8809849807694,1092,4,2026-05,2026-06-01 06:54:33
2026-05-31,ロフト,ロフト224,（不明）,8809849808400,1092,0,2026-05,2026-06-01 06:54:33
2026-05-31,ロフト,ロフト224,（不明）,8809849808417,1092,0,2026-05,2026-06-01 06:54:33
2026-05-31,ロフト,ロフト224,（不明）,8809849808424,1092,0,2026-05,2026-06-01 06:54:33
2026-05-31,ロフト,ロフト225,（不明）,4560440431179,1016,0,2026-05,2026-06-01 06:54:33
2026-05-31,ロフト,ロフト225,（不明）,4560440431346,1016,3,2026-05,2026-06-01 06:54:33
2026-05-31,ロフト,ロフト225,（不明）,4560440431353,1016,5,2026-05,2026-06-01 06:54:33
2026-05-31,ロフト,ロフト225,（不明）,4560440431377,1036,8,2026-05,2026-06-01 06:54:33
2026-05-31,ロフト,ロフト225,（不明）,4560440431384,1036,5,2026-05,2026-06-01 06:54:33
2026-05-31,ロフト,ロフト225,（不明）,4560440431407,1016,13,2026-05,2026-06-01 06:54:33
2026-05-31,ロフト,ロフト225,（不明）,4560440431414,1016,6,2026-05,2026-06-01 06:54:33
2026-05-31,ロフト,ロフト225,（不明）,4560440431438,1016,12,2026-05,2026-06-01 06:54:33
2026-05-31,ロフト,ロフト225,（不明）,4560440431445,1016,3,2026-05,2026-06-01 06:54:33
2026-05-31,ロフト,ロフト225,（不明）,4560440431452,1036,8,2026-05,2026-06-01 06:54:33
2026-05-31,ロフト,ロフト225,（不明）,4560440431469,1016,8,2026-05,2026-06-01 06:54:33
2026-05-31,ロフト,ロフト225,（不明）,4560440431476,1015,3,2026-05,2026-06-01 06:54:33
2026-05-31,ロフト,ロフト225,（不明）,4560440431490,1015,2,2026-05,2026-06-01 06:54:33
2026-05-31,ロフト,ロフト225,（不明）,4560440431513,1015,4,2026-05,2026-06-01 06:54:33
2026-05-31,ロフト,ロフト225,（不明）,4560440431537,1015,0,2026-05,2026-06-01 06:54:33
2026-05-31,ロフト,ロフト225,（不明）,4560440431742,1034,1,2026-05,2026-06-01 06:54:33
2026-05-31,ロフト,ロフト225,（不明）,4560449979313,1110,13,2026-05,2026-06-01 06:54:33
2026-05-31,ロフト,ロフト225,（不明）,4560449979405,1110,3,2026-05,2026-06-01 06:54:33
2026-05-31,ロフト,ロフト225,（不明）,4560449979467,1762,1,2026-05,2026-06-01 06:54:33
2026-05-31,ロフト,ロフト225,（不明）,4560449979917,1110,21,2026-05,2026-06-01 06:54:33
2026-05-31,ロフト,ロフト225,（不明）,4560449979931,1110,1,2026-05,2026-06-01 06:54:33
2026-05-31,ロフト,ロフト225,（不明）,4560449982696,1110,1,2026-05,2026-06-01 06:54:33
2026-05-31,ロフト,ロフト225,（不明）,4560449982726,1110,0,2026-05,2026-06-01 06:54:33
2026-05-31,ロフト,ロフト225,（不明）,4573473052006,1013,2,2026-05,2026-06-01 06:54:33
2026-05-31,ロフト,ロフト225,（不明）,4573473052136,1013,18,2026-05,2026-06-01 06:54:33
2026-05-31,ロフト,ロフト225,（不明）,4573473052235,1035,2,2026-05,2026-06-01 06:54:33
2026-05-31,ロフト,ロフト225,（不明）,4573473052303,1029,0,2026-05,2026-06-01 06:54:33
2026-05-31,ロフト,ロフト225,（不明）,4573587350210,1762,0,2026-05,2026-06-01 06:54:33
2026-05-31,ロフト,ロフト225,（不明）,4573587350258,1762,2,2026-05,2026-06-01 06:54:33
2026-05-31,ロフト,ロフト225,（不明）,4573587350616,1762,2,2026-05,2026-06-01 06:54:33
2026-05-31,ロフト,ロフト225,（不明）,4573587350630,1762,1,2026-05,2026-06-01 06:54:33
2026-05-31,ロフト,ロフト225,（不明）,4573587350654,1762,3,2026-05,2026-06-01 06:54:33
2026-05-31,ロフト,ロフト225,（不明）,4573694000015,1110,6,2026-05,2026-06-01 06:54:33
2026-05-31,ロフト,ロフト225,（不明）,4573694000091,1097,4,2026-05,2026-06-01 06:54:33
2026-05-31,ロフト,ロフト225,（不明）,4573694002903,1110,8,2026-05,2026-06-01 06:54:33
2026-05-31,ロフト,ロフト225,（不明）,4573694002934,1110,2,2026-05,2026-06-01 06:54:33
2026-05-31,ロフト,ロフト225,（不明）,4580543220418,1639,0,2026-05,2026-06-01 06:54:33
2026-05-31,ロフト,ロフト225,（不明）,4580543220487,1060,1,2026-05,2026-06-01 06:54:33
2026-05-31,ロフト,ロフト225,（不明）,4580886250011,1013,0,2026-05,2026-06-01 06:54:33
2026-05-31,ロフト,ロフト225,（不明）,4582784162977,1762,0,2026-05,2026-06-01 06:54:33
2026-05-31,ロフト,ロフト225,（不明）,4582784162984,1762,0,2026-05,2026-06-01 06:54:33
2026-05-31,ロフト,ロフト225,（不明）,4582784163240,1762,1,2026-05,2026-06-01 06:54:33
2026-05-31,ロフト,ロフト225,（不明）,4582784163257,1762,0,2026-05,2026-06-01 06:54:33
2026-05-31,ロフト,ロフト225,（不明）,4582784163264,1762,1,2026-05,2026-06-01 06:54:33
2026-05-31,ロフト,ロフト225,（不明）,4582784163332,1727,0,2026-05,2026-06-01 06:54:33
2026-05-31,ロフト,ロフト225,（不明）,4582784163349,1727,0,2026-05,2026-06-01 06:54:33
2026-05-31,ロフト,ロフト225,（不明）,4582784166104,1762,0,2026-05,2026-06-01 06:54:33
2026-05-31,ロフト,ロフト225,（不明）,4582784166784,1762,1,2026-05,2026-06-01 06:54:33
2026-05-31,ロフト,ロフト225,（不明）,4582784166791,1762,1,2026-05,2026-06-01 06:54:33
2026-05-31,ロフト,ロフト225,（不明）,4595315976011,1222,3,2026-05,2026-06-01 06:54:33
2026-05-31,ロフト,ロフト225,（不明）,4595988311096,1220,0,2026-05,2026-06-01 06:54:33
2026-05-31,ロフト,ロフト225,（不明）,4595988311119,1220,0,2026-05,2026-06-01 06:54:33
2026-05-31,ロフト,ロフト225,（不明）,8809317963556,1723,3,2026-05,2026-06-01 06:54:33
2026-05-31,ロフト,ロフト225,（不明）,8809317967943,1723,6,2026-05,2026-06-01 06:54:33
2026-05-31,ロフト,ロフト225,（不明）,8809541199998,1723,2,2026-05,2026-06-01 06:54:33
2026-05-31,ロフト,ロフト225,（不明）,8809672176332,1266,1,2026-05,2026-06-01 06:54:33
2026-05-31,ロフト,ロフト225,（不明）,8809672176684,1250,6,2026-05,2026-06-01 06:54:33
2026-05-31,ロフト,ロフト225,（不明）,8809823390297,1723,5,2026-05,2026-06-01 06:54:33
2026-05-31,ロフト,ロフト226,（不明）,4560440431353,1016,4,2026-05,2026-06-01 06:54:33
2026-05-31,ロフト,ロフト226,（不明）,4560440431384,1036,0,2026-05,2026-06-01 06:54:33
2026-05-31,ロフト,ロフト226,（不明）,4560440431407,1016,2,2026-05,2026-06-01 06:54:33
2026-05-31,ロフト,ロフト226,（不明）,4560440431414,1016,4,2026-05,2026-06-01 06:54:33
2026-05-31,ロフト,ロフト226,（不明）,4560440431421,1016,0,2026-05,2026-06-01 06:54:33
2026-05-31,ロフト,ロフト226,（不明）,4560440431445,1016,5,2026-05,2026-06-01 06:54:33
2026-05-31,ロフト,ロフト226,（不明）,4560440431469,1016,3,2026-05,2026-06-01 06:54:33
2026-05-31,ロフト,ロフト226,（不明）,4560440431476,1015,1,2026-05,2026-06-01 06:54:33
2026-05-31,ロフト,ロフト226,（不明）,4560440431483,1015,0,2026-05,2026-06-01 06:54:33
2026-05-31,ロフト,ロフト226,（不明）,4560440431490,1015,1,2026-05,2026-06-01 06:54:33
2026-05-31,ロフト,ロフト226,（不明）,4560440431537,1015,0,2026-05,2026-06-01 06:54:33
2026-05-31,ロフト,ロフト226,（不明）,4560440431599,1034,16,2026-05,2026-06-01 06:54:33
2026-05-31,ロフト,ロフト226,（不明）,4560440431735,1034,2,2026-05,2026-06-01 06:54:33
2026-05-31,ロフト,ロフト226,（不明）,4560449970273,1762,2,2026-05,2026-06-01 06:54:33
2026-05-31,ロフト,ロフト226,（不明）,4560449970280,1762,2,2026-05,2026-06-01 06:54:33
2026-05-31,ロフト,ロフト226,（不明）,4560449979313,1110,16,2026-05,2026-06-01 06:54:33
2026-05-31,ロフト,ロフト226,（不明）,4560449979405,1110,7,2026-05,2026-06-01 06:54:33
2026-05-31,ロフト,ロフト226,（不明）,4560449979443,1762,1,2026-05,2026-06-01 06:54:33
2026-05-31,ロフト,ロフト226,（不明）,4560449979467,1762,0,2026-05,2026-06-01 06:54:33
2026-05-31,ロフト,ロフト226,（不明）,4560449979917,1110,8,2026-05,2026-06-01 06:54:33
2026-05-31,ロフト,ロフト226,（不明）,4560449979931,1110,1,2026-05,2026-06-01 06:54:33
2026-05-31,ロフト,ロフト226,（不明）,4560449982696,1110,0,2026-05,2026-06-01 06:54:33
2026-05-31,ロフト,ロフト226,（不明）,4560449982726,1110,0,2026-05,2026-06-01 06:54:33
2026-05-31,ロフト,ロフト226,（不明）,4573473052006,1013,1,2026-05,2026-06-01 06:54:33
2026-05-31,ロフト,ロフト226,（不明）,4573473052136,1013,8,2026-05,2026-06-01 06:54:33
2026-05-31,ロフト,ロフト226,（不明）,4573473052235,1035,0,2026-05,2026-06-01 06:54:33
2026-05-31,ロフト,ロフト226,（不明）,4573473052280,1013,2,2026-05,2026-06-01 06:54:33
2026-05-31,ロフト,ロフト226,（不明）,4573473052303,1029,0,2026-05,2026-06-01 06:54:33
2026-05-31,ロフト,ロフト226,（不明）,4573587350210,1762,1,2026-05,2026-06-01 06:54:33
2026-05-31,ロフト,ロフト226,（不明）,4573587350258,1762,2,2026-05,2026-06-01 06:54:33
2026-05-31,ロフト,ロフト226,（不明）,4573587350616,1762,0,2026-05,2026-06-01 06:54:33
2026-05-31,ロフト,ロフト226,（不明）,4573587350630,1762,1,2026-05,2026-06-01 06:54:33
2026-05-31,ロフト,ロフト226,（不明）,4573587350654,1762,0,2026-05,2026-06-01 06:54:33
2026-05-31,ロフト,ロフト226,（不明）,4573587350678,1762,0,2026-05,2026-06-01 06:54:33
2026-05-31,ロフト,ロフト226,（不明）,4573694000015,1110,7,2026-05,2026-06-01 06:54:33
2026-05-31,ロフト,ロフト226,（不明）,4573694002903,1110,3,2026-05,2026-06-01 06:54:33
2026-05-31,ロフト,ロフト226,（不明）,4580543220487,1060,0,2026-05,2026-06-01 06:54:33
2026-05-31,ロフト,ロフト226,（不明）,4580886250011,1013,0,2026-05,2026-06-01 06:54:33
2026-05-31,ロフト,ロフト226,（不明）,4582784162977,1762,0,2026-05,2026-06-01 06:54:33
2026-05-31,ロフト,ロフト226,（不明）,4582784162984,1762,0,2026-05,2026-06-01 06:54:33
2026-05-31,ロフト,ロフト226,（不明）,4582784163240,1762,1,2026-05,2026-06-01 06:54:33
2026-05-31,ロフト,ロフト226,（不明）,4582784163271,1762,1,2026-05,2026-06-01 06:54:33
2026-05-31,ロフト,ロフト226,（不明）,4582784163288,1762,0,2026-05,2026-06-01 06:54:33
2026-05-31,ロフト,ロフト226,（不明）,4582784166104,1762,0,2026-05,2026-06-01 06:54:33
2026-05-31,ロフト,ロフト226,（不明）,4582784166111,1762,0,2026-05,2026-06-01 06:54:33
2026-05-31,ロフト,ロフト226,（不明）,4582784166128,1762,1,2026-05,2026-06-01 06:54:33
2026-05-31,ロフト,ロフト226,（不明）,4582784166784,1762,0,2026-05,2026-06-01 06:54:33
2026-05-31,ロフト,ロフト226,（不明）,4582784166791,1762,1,2026-05,2026-06-01 06:54:33
2026-05-31,ロフト,ロフト226,（不明）,4595315976011,1222,3,2026-05,2026-06-01 06:54:33
2026-05-31,ロフト,ロフト226,（不明）,4595317659110,1013,1,2026-05,2026-06-01 06:54:33
2026-05-31,ロフト,ロフト226,（不明）,4595317659127,1013,2,2026-05,2026-06-01 06:54:33
2026-05-31,ロフト,ロフト226,（不明）,4595317659738,1013,3,2026-05,2026-06-01 06:54:33
2026-05-31,ロフト,ロフト226,（不明）,4595317659745,1013,4,2026-05,2026-06-01 06:54:33
2026-05-31,ロフト,ロフト226,（不明）,4595317659752,1013,9,2026-05,2026-06-01 06:54:33
2026-05-31,ロフト,ロフト226,（不明）,4595988311089,1220,1,2026-05,2026-06-01 06:54:33
2026-05-31,ロフト,ロフト226,（不明）,4595988311096,1220,0,2026-05,2026-06-01 06:54:33
2026-05-31,ロフト,ロフト226,（不明）,4595988311119,1220,0,2026-05,2026-06-01 06:54:33
2026-05-31,ロフト,ロフト226,（不明）,8809317963556,1723,1,2026-05,2026-06-01 06:54:33
2026-05-31,ロフト,ロフト226,（不明）,8809317967943,1723,1,2026-05,2026-06-01 06:54:33
2026-05-31,ロフト,ロフト226,（不明）,8809541199998,1723,1,2026-05,2026-06-01 06:54:33
2026-05-31,ロフト,ロフト226,（不明）,8809672176332,1266,0,2026-05,2026-06-01 06:54:33
2026-05-31,ロフト,ロフト226,（不明）,8809672176684,1250,1,2026-05,2026-06-01 06:54:33
2026-05-31,ロフト,ロフト226,（不明）,8809823390297,1723,0,2026-05,2026-06-01 06:54:33
2026-05-31,ロフト,ロフト226,（不明）,8809849808417,1092,0,2026-05,2026-06-01 06:54:33
2026-05-31,ロフト,ロフト229,（不明）,4560440431087,1016,1,2026-05,2026-06-01 06:54:33
2026-05-31,ロフト,ロフト229,（不明）,4560440431094,1016,2,2026-05,2026-06-01 06:54:33
2026-05-31,ロフト,ロフト229,（不明）,4560440431377,1036,3,2026-05,2026-06-01 06:54:33
2026-05-31,ロフト,ロフト229,（不明）,4560440431407,1016,3,2026-05,2026-06-01 06:54:33
2026-05-31,ロフト,ロフト229,（不明）,4560440431414,1016,8,2026-05,2026-06-01 06:54:33
2026-05-31,ロフト,ロフト229,（不明）,4560440431452,1036,2,2026-05,2026-06-01 06:54:33
2026-05-31,ロフト,ロフト229,（不明）,4560440431490,1015,2,2026-05,2026-06-01 06:54:33
2026-05-31,ロフト,ロフト229,（不明）,4560440431520,1015,0,2026-05,2026-06-01 06:54:33
2026-05-31,ロフト,ロフト229,（不明）,4560440431537,1015,2,2026-05,2026-06-01 06:54:33
2026-05-31,ロフト,ロフト229,（不明）,4560440431599,1034,0,2026-05,2026-06-01 06:54:33
2026-05-31,ロフト,ロフト229,（不明）,4560440431735,1034,0,2026-05,2026-06-01 06:54:33
2026-05-31,ロフト,ロフト229,（不明）,4560449970273,1762,0,2026-05,2026-06-01 06:54:33
2026-05-31,ロフト,ロフト229,（不明）,4560449970280,1762,0,2026-05,2026-06-01 06:54:33
2026-05-31,ロフト,ロフト229,（不明）,4560449979313,1110,6,2026-05,2026-06-01 06:54:33
2026-05-31,ロフト,ロフト229,（不明）,4560449979405,1110,0,2026-05,2026-06-01 06:54:33
2026-05-31,ロフト,ロフト229,（不明）,4560449979443,1762,0,2026-05,2026-06-01 06:54:33
2026-05-31,ロフト,ロフト229,（不明）,4560449979467,1762,2,2026-05,2026-06-01 06:54:33
2026-05-31,ロフト,ロフト229,（不明）,4560449979917,1110,13,2026-05,2026-06-01 06:54:33
2026-05-31,ロフト,ロフト229,（不明）,4560449979931,1110,2,2026-05,2026-06-01 06:54:33
2026-05-31,ロフト,ロフト229,（不明）,4560449982696,1110,2,2026-05,2026-06-01 06:54:33
2026-05-31,ロフト,ロフト229,（不明）,4560449982726,1110,0,2026-05,2026-06-01 06:54:33
2026-05-31,ロフト,ロフト229,（不明）,4573473052006,1013,3,2026-05,2026-06-01 06:54:33
2026-05-31,ロフト,ロフト229,（不明）,4573473052136,1013,8,2026-05,2026-06-01 06:54:33
2026-05-31,ロフト,ロフト229,（不明）,4573473052235,1035,2,2026-05,2026-06-01 06:54:33
2026-05-31,ロフト,ロフト229,（不明）,4573473052280,1013,0,2026-05,2026-06-01 06:54:33
2026-05-31,ロフト,ロフト229,（不明）,4573473052303,1029,3,2026-05,2026-06-01 06:54:33
2026-05-31,ロフト,ロフト229,（不明）,4573587350258,1762,0,2026-05,2026-06-01 06:54:33
2026-05-31,ロフト,ロフト229,（不明）,4573587350616,1762,0,2026-05,2026-06-01 06:54:33
2026-05-31,ロフト,ロフト229,（不明）,4573587350630,1762,0,2026-05,2026-06-01 06:54:33
2026-05-31,ロフト,ロフト229,（不明）,4573587350654,1762,0,2026-05,2026-06-01 06:54:33
2026-05-31,ロフト,ロフト229,（不明）,4573587350678,1762,1,2026-05,2026-06-01 06:54:33
2026-05-31,ロフト,ロフト229,（不明）,4573694000015,1110,1,2026-05,2026-06-01 06:54:33
2026-05-31,ロフト,ロフト229,（不明）,4573694000091,1097,2,2026-05,2026-06-01 06:54:33
2026-05-31,ロフト,ロフト229,（不明）,4573694002903,1110,2,2026-05,2026-06-01 06:54:33
2026-05-31,ロフト,ロフト229,（不明）,4573694002934,1110,1,2026-05,2026-06-01 06:54:33
2026-05-31,ロフト,ロフト229,（不明）,4580543220487,1060,0,2026-05,2026-06-01 06:54:33
2026-05-31,ロフト,ロフト229,（不明）,4580886250011,1013,1,2026-05,2026-06-01 06:54:33
2026-05-31,ロフト,ロフト229,（不明）,4582784162977,1762,1,2026-05,2026-06-01 06:54:33
2026-05-31,ロフト,ロフト229,（不明）,4582784162984,1762,0,2026-05,2026-06-01 06:54:33
2026-05-31,ロフト,ロフト229,（不明）,4582784163233,1762,0,2026-05,2026-06-01 06:54:33
2026-05-31,ロフト,ロフト229,（不明）,4582784163240,1762,0,2026-05,2026-06-01 06:54:33
2026-05-31,ロフト,ロフト229,（不明）,4582784166104,1762,0,2026-05,2026-06-01 06:54:33
2026-05-31,ロフト,ロフト229,（不明）,4582784166111,1762,1,2026-05,2026-06-01 06:54:33
2026-05-31,ロフト,ロフト229,（不明）,4582784166128,1762,1,2026-05,2026-06-01 06:54:33
2026-05-31,ロフト,ロフト229,（不明）,4582784166784,1762,0,2026-05,2026-06-01 06:54:33
2026-05-31,ロフト,ロフト229,（不明）,4582784166791,1762,0,2026-05,2026-06-01 06:54:33
2026-05-31,ロフト,ロフト229,（不明）,4595315976011,1222,1,2026-05,2026-06-01 06:54:33
2026-05-31,ロフト,ロフト229,（不明）,4595317659110,1013,0,2026-05,2026-06-01 06:54:33
2026-05-31,ロフト,ロフト229,（不明）,4595317659738,1013,2,2026-05,2026-06-01 06:54:33
2026-05-31,ロフト,ロフト229,（不明）,4595317659745,1013,5,2026-05,2026-06-01 06:54:33
2026-05-31,ロフト,ロフト229,（不明）,4595317659752,1013,7,2026-05,2026-06-01 06:54:33
2026-05-31,ロフト,ロフト229,（不明）,4595988311089,1220,2,2026-05,2026-06-01 06:54:33
2026-05-31,ロフト,ロフト229,（不明）,4595988311096,1220,0,2026-05,2026-06-01 06:54:33
2026-05-31,ロフト,ロフト229,（不明）,4595988311119,1220,0,2026-05,2026-06-01 06:54:33
2026-05-31,ロフト,ロフト229,（不明）,8809317963556,1723,3,2026-05,2026-06-01 06:54:33
2026-05-31,ロフト,ロフト229,（不明）,8809317967943,1723,0,2026-05,2026-06-01 06:54:33
2026-05-31,ロフト,ロフト229,（不明）,8809541199998,1723,5,2026-05,2026-06-01 06:54:33
2026-05-31,ロフト,ロフト229,（不明）,8809672176332,1266,0,2026-05,2026-06-01 06:54:33
2026-05-31,ロフト,ロフト229,（不明）,8809672176684,1250,4,2026-05,2026-06-01 06:54:33
2026-05-31,ロフト,ロフト229,（不明）,8809823390297,1723,0,2026-05,2026-06-01 06:54:33
2026-05-31,ロフト,ロフト229,（不明）,8809849807694,1092,1,2026-05,2026-06-01 06:54:33
2026-05-31,ロフト,ロフト229,（不明）,8809849808400,1092,0,2026-05,2026-06-01 06:54:33
2026-05-31,ロフト,ロフト229,（不明）,8809849808417,1092,0,2026-05,2026-06-01 06:54:33
2026-05-31,ロフト,ロフト231,（不明）,4560440431087,1016,2,2026-05,2026-06-01 06:54:33
2026-05-31,ロフト,ロフト231,（不明）,4560440431384,1036,0,2026-05,2026-06-01 06:54:33
2026-05-31,ロフト,ロフト231,（不明）,4560440431414,1016,1,2026-05,2026-06-01 06:54:33
2026-05-31,ロフト,ロフト231,（不明）,4560440431438,1016,2,2026-05,2026-06-01 06:54:33
2026-05-31,ロフト,ロフト231,（不明）,4560440431452,1036,0,2026-05,2026-06-01 06:54:33
2026-05-31,ロフト,ロフト231,（不明）,4560440431506,1015,0,2026-05,2026-06-01 06:54:33
2026-05-31,ロフト,ロフト231,（不明）,4560440431513,1015,3,2026-05,2026-06-01 06:54:33
2026-05-31,ロフト,ロフト231,（不明）,4560440431520,1015,2,2026-05,2026-06-01 06:54:33
2026-05-31,ロフト,ロフト231,（不明）,4560440431599,1034,6,2026-05,2026-06-01 06:54:33
2026-05-31,ロフト,ロフト231,（不明）,4560440431735,1034,1,2026-05,2026-06-01 06:54:33
2026-05-31,ロフト,ロフト231,（不明）,4560440431742,1034,0,2026-05,2026-06-01 06:54:33
2026-05-31,ロフト,ロフト231,（不明）,4560449970273,1762,1,2026-05,2026-06-01 06:54:33
2026-05-31,ロフト,ロフト231,（不明）,4560449970280,1762,1,2026-05,2026-06-01 06:54:33
2026-05-31,ロフト,ロフト231,（不明）,4560449979313,1110,4,2026-05,2026-06-01 06:54:33
2026-05-31,ロフト,ロフト231,（不明）,4560449979405,1110,1,2026-05,2026-06-01 06:54:33
2026-05-31,ロフト,ロフト231,（不明）,4560449979443,1762,3,2026-05,2026-06-01 06:54:33
2026-05-31,ロフト,ロフト231,（不明）,4560449979467,1762,2,2026-05,2026-06-01 06:54:33
2026-05-31,ロフト,ロフト231,（不明）,4560449979917,1110,7,2026-05,2026-06-01 06:54:33
2026-05-31,ロフト,ロフト231,（不明）,4560449979931,1110,1,2026-05,2026-06-01 06:54:33
2026-05-31,ロフト,ロフト231,（不明）,4560449982696,1110,2,2026-05,2026-06-01 06:54:33
2026-05-31,ロフト,ロフト231,（不明）,4560449982726,1110,0,2026-05,2026-06-01 06:54:33
2026-05-31,ロフト,ロフト231,（不明）,4573473052006,1013,2,2026-05,2026-06-01 06:54:33
2026-05-31,ロフト,ロフト231,（不明）,4573473052136,1013,6,2026-05,2026-06-01 06:54:33
2026-05-31,ロフト,ロフト231,（不明）,4573473052235,1035,0,2026-05,2026-06-01 06:54:33
2026-05-31,ロフト,ロフト231,（不明）,4573473052303,1029,0,2026-05,2026-06-01 06:54:33
2026-05-31,ロフト,ロフト231,（不明）,4573587350616,1762,2,2026-05,2026-06-01 06:54:33
2026-05-31,ロフト,ロフト231,（不明）,4573587350654,1762,0,2026-05,2026-06-01 06:54:33
2026-05-31,ロフト,ロフト231,（不明）,4573587350678,1762,0,2026-05,2026-06-01 06:54:33
2026-05-31,ロフト,ロフト231,（不明）,4573694000015,1110,1,2026-05,2026-06-01 06:54:33
2026-05-31,ロフト,ロフト231,（不明）,4573694000091,1097,0,2026-05,2026-06-01 06:54:33
2026-05-31,ロフト,ロフト231,（不明）,4573694002903,1110,1,2026-05,2026-06-01 06:54:33
2026-05-31,ロフト,ロフト231,（不明）,4573694002934,1110,0,2026-05,2026-06-01 06:54:33
2026-05-31,ロフト,ロフト231,（不明）,4580543220487,1060,0,2026-05,2026-06-01 06:54:33
2026-05-31,ロフト,ロフト231,（不明）,4580886250011,1013,2,2026-05,2026-06-01 06:54:33
2026-05-31,ロフト,ロフト231,（不明）,4582784162977,1762,1,2026-05,2026-06-01 06:54:33
2026-05-31,ロフト,ロフト231,（不明）,4582784162984,1762,0,2026-05,2026-06-01 06:54:33
2026-05-31,ロフト,ロフト231,（不明）,4582784163233,1762,0,2026-05,2026-06-01 06:54:33
2026-05-31,ロフト,ロフト231,（不明）,4582784163240,1762,0,2026-05,2026-06-01 06:54:33
2026-05-31,ロフト,ロフト231,（不明）,4582784166111,1762,0,2026-05,2026-06-01 06:54:33
2026-05-31,ロフト,ロフト231,（不明）,4582784166128,1762,0,2026-05,2026-06-01 06:54:33
2026-05-31,ロフト,ロフト231,（不明）,4582784166784,1762,0,2026-05,2026-06-01 06:54:33
2026-05-31,ロフト,ロフト231,（不明）,4582784166791,1762,0,2026-05,2026-06-01 06:54:33
2026-05-31,ロフト,ロフト231,（不明）,4589814757080,1258,1,2026-05,2026-06-01 06:54:33
2026-05-31,ロフト,ロフト231,（不明）,4595315976011,1222,1,2026-05,2026-06-01 06:54:33
2026-05-31,ロフト,ロフト231,（不明）,4595317659110,1013,1,2026-05,2026-06-01 06:54:33
2026-05-31,ロフト,ロフト231,（不明）,4595317659127,1013,0,2026-05,2026-06-01 06:54:33
2026-05-31,ロフト,ロフト231,（不明）,4595317659738,1013,1,2026-05,2026-06-01 06:54:33
2026-05-31,ロフト,ロフト231,（不明）,4595317659745,1013,4,2026-05,2026-06-01 06:54:33
2026-05-31,ロフト,ロフト231,（不明）,4595317659752,1013,4,2026-05,2026-06-01 06:54:33
2026-05-31,ロフト,ロフト231,（不明）,4595988311089,1220,1,2026-05,2026-06-01 06:54:33
2026-05-31,ロフト,ロフト231,（不明）,4595988311096,1220,1,2026-05,2026-06-01 06:54:33
2026-05-31,ロフト,ロフト231,（不明）,4595988311119,1220,0,2026-05,2026-06-01 06:54:33
2026-05-31,ロフト,ロフト231,（不明）,8809317963556,1723,5,2026-05,2026-06-01 06:54:33
2026-05-31,ロフト,ロフト231,（不明）,8809317967943,1723,1,2026-05,2026-06-01 06:54:33
2026-05-31,ロフト,ロフト231,（不明）,8809541199998,1723,2,2026-05,2026-06-01 06:54:33
2026-05-31,ロフト,ロフト231,（不明）,8809672176332,1266,1,2026-05,2026-06-01 06:54:33
2026-05-31,ロフト,ロフト231,（不明）,8809672176684,1250,0,2026-05,2026-06-01 06:54:33
2026-05-31,ロフト,ロフト231,（不明）,8809823390297,1723,3,2026-05,2026-06-01 06:54:33
2026-05-31,ロフト,ロフト231,（不明）,8809849808400,1092,0,2026-05,2026-06-01 06:54:33
2026-05-31,ロフト,ロフト232,（不明）,4560440431124,1036,0,2026-05,2026-06-01 06:54:33
2026-05-31,ロフト,ロフト232,（不明）,4560440431193,1036,0,2026-05,2026-06-01 06:54:33
2026-05-31,ロフト,ロフト232,（不明）,4560440431216,1015,1,2026-05,2026-06-01 06:54:33
2026-05-31,ロフト,ロフト232,（不明）,4560440431346,1016,1,2026-05,2026-06-01 06:54:33
2026-05-31,ロフト,ロフト232,（不明）,4560440431353,1016,2,2026-05,2026-06-01 06:54:33
2026-05-31,ロフト,ロフト232,（不明）,4560440431377,1036,2,2026-05,2026-06-01 06:54:33
2026-05-31,ロフト,ロフト232,（不明）,4560440431384,1036,0,2026-05,2026-06-01 06:54:33
2026-05-31,ロフト,ロフト232,（不明）,4560440431414,1016,4,2026-05,2026-06-01 06:54:33
2026-05-31,ロフト,ロフト232,（不明）,4560440431438,1016,0,2026-05,2026-06-01 06:54:33
2026-05-31,ロフト,ロフト232,（不明）,4560440431452,1036,2,2026-05,2026-06-01 06:54:33
2026-05-31,ロフト,ロフト232,（不明）,4560440431513,1015,0,2026-05,2026-06-01 06:54:33
2026-05-31,ロフト,ロフト232,（不明）,4560440431520,1015,0,2026-05,2026-06-01 06:54:33
2026-05-31,ロフト,ロフト232,（不明）,4560449970273,1762,1,2026-05,2026-06-01 06:54:33
2026-05-31,ロフト,ロフト232,（不明）,4560449970280,1762,1,2026-05,2026-06-01 06:54:33
2026-05-31,ロフト,ロフト232,（不明）,4560449979313,1110,20,2026-05,2026-06-01 06:54:33
2026-05-31,ロフト,ロフト232,（不明）,4560449979405,1110,1,2026-05,2026-06-01 06:54:33
2026-05-31,ロフト,ロフト232,（不明）,4560449979443,1762,1,2026-05,2026-06-01 06:54:33
2026-05-31,ロフト,ロフト232,（不明）,4560449979467,1762,1,2026-05,2026-06-01 06:54:33
2026-05-31,ロフト,ロフト232,（不明）,4560449979917,1110,23,2026-05,2026-06-01 06:54:33
2026-05-31,ロフト,ロフト232,（不明）,4560449979931,1110,1,2026-05,2026-06-01 06:54:33
2026-05-31,ロフト,ロフト232,（不明）,4560449982696,1110,2,2026-05,2026-06-01 06:54:33
2026-05-31,ロフト,ロフト232,（不明）,4560449982726,1110,0,2026-05,2026-06-01 06:54:33
2026-05-31,ロフト,ロフト232,（不明）,4573473052006,1013,4,2026-05,2026-06-01 06:54:33
2026-05-31,ロフト,ロフト232,（不明）,4573473052136,1013,12,2026-05,2026-06-01 06:54:33
2026-05-31,ロフト,ロフト232,（不明）,4573473052235,1035,2,2026-05,2026-06-01 06:54:33
2026-05-31,ロフト,ロフト232,（不明）,4573473052303,1029,0,2026-05,2026-06-01 06:54:33
2026-05-31,ロフト,ロフト232,（不明）,4573587350210,1762,1,2026-05,2026-06-01 06:54:33
2026-05-31,ロフト,ロフト232,（不明）,4573587350258,1762,2,2026-05,2026-06-01 06:54:33
2026-05-31,ロフト,ロフト232,（不明）,4573587350616,1762,1,2026-05,2026-06-01 06:54:33
2026-05-31,ロフト,ロフト232,（不明）,4573587350630,1762,1,2026-05,2026-06-01 06:54:33
2026-05-31,ロフト,ロフト232,（不明）,4573587350654,1762,0,2026-05,2026-06-01 06:54:33
2026-05-31,ロフト,ロフト232,（不明）,4573587350678,1762,1,2026-05,2026-06-01 06:54:33
2026-05-31,ロフト,ロフト232,（不明）,4573694000015,1110,1,2026-05,2026-06-01 06:54:33
2026-05-31,ロフト,ロフト232,（不明）,4573694000091,1097,0,2026-05,2026-06-01 06:54:33
2026-05-31,ロフト,ロフト232,（不明）,4573694002903,1110,2,2026-05,2026-06-01 06:54:33
2026-05-31,ロフト,ロフト232,（不明）,4580886250011,1013,1,2026-05,2026-06-01 06:54:33
2026-05-31,ロフト,ロフト232,（不明）,4582784162977,1762,1,2026-05,2026-06-01 06:54:33
2026-05-31,ロフト,ロフト232,（不明）,4582784162984,1762,2,2026-05,2026-06-01 06:54:33
2026-05-31,ロフト,ロフト232,（不明）,4582784163233,1762,2,2026-05,2026-06-01 06:54:33
2026-05-31,ロフト,ロフト232,（不明）,4582784163240,1762,2,2026-05,2026-06-01 06:54:33
2026-05-31,ロフト,ロフト232,（不明）,4582784163271,1762,0,2026-05,2026-06-01 06:54:33
2026-05-31,ロフト,ロフト232,（不明）,4582784163288,1762,0,2026-05,2026-06-01 06:54:33
2026-05-31,ロフト,ロフト232,（不明）,4582784166104,1762,0,2026-05,2026-06-01 06:54:33
2026-05-31,ロフト,ロフト232,（不明）,4582784166111,1762,1,2026-05,2026-06-01 06:54:33
2026-05-31,ロフト,ロフト232,（不明）,4582784166128,1762,0,2026-05,2026-06-01 06:54:33
2026-05-31,ロフト,ロフト232,（不明）,4582784166784,1762,0,2026-05,2026-06-01 06:54:33
2026-05-31,ロフト,ロフト232,（不明）,4582784166791,1762,2,2026-05,2026-06-01 06:54:33
2026-05-31,ロフト,ロフト232,（不明）,4595315976011,1222,2,2026-05,2026-06-01 06:54:33
2026-05-31,ロフト,ロフト232,（不明）,4595988311089,1220,1,2026-05,2026-06-01 06:54:33
2026-05-31,ロフト,ロフト232,（不明）,4595988311096,1220,0,2026-05,2026-06-01 06:54:33
2026-05-31,ロフト,ロフト232,（不明）,4595988311119,1220,0,2026-05,2026-06-01 06:54:33
2026-05-31,ロフト,ロフト232,（不明）,8809317963556,1723,3,2026-05,2026-06-01 06:54:33
2026-05-31,ロフト,ロフト232,（不明）,8809317967943,1723,2,2026-05,2026-06-01 06:54:33
2026-05-31,ロフト,ロフト232,（不明）,8809541199998,1723,1,2026-05,2026-06-01 06:54:33
2026-05-31,ロフト,ロフト232,（不明）,8809672176332,1266,0,2026-05,2026-06-01 06:54:33
2026-05-31,ロフト,ロフト232,（不明）,8809672176684,1250,3,2026-05,2026-06-01 06:54:33
2026-05-31,ロフト,ロフト232,（不明）,8809823390297,1723,2,2026-05,2026-06-01 06:54:33
2026-05-31,ロフト,ロフト232,（不明）,8809849808417,1092,1,2026-05,2026-06-01 06:54:33
2026-05-31,ロフト,ロフト233,（不明）,4560440431087,1016,0,2026-05,2026-06-01 06:54:33
2026-05-31,ロフト,ロフト233,（不明）,4560440431094,1016,0,2026-05,2026-06-01 06:54:33
2026-05-31,ロフト,ロフト233,（不明）,4560440431186,1016,0,2026-05,2026-06-01 06:54:33
2026-05-31,ロフト,ロフト233,（不明）,4560440431193,1036,1,2026-05,2026-06-01 06:54:33
2026-05-31,ロフト,ロフト233,（不明）,4560440431353,1016,0,2026-05,2026-06-01 06:54:33
2026-05-31,ロフト,ロフト233,（不明）,4560440431377,1036,2,2026-05,2026-06-01 06:54:33
2026-05-31,ロフト,ロフト233,（不明）,4560440431384,1036,0,2026-05,2026-06-01 06:54:33
2026-05-31,ロフト,ロフト233,（不明）,4560440431407,1016,0,2026-05,2026-06-01 06:54:33
2026-05-31,ロフト,ロフト233,（不明）,4560440431414,1016,0,2026-05,2026-06-01 06:54:33
2026-05-31,ロフト,ロフト233,（不明）,4560440431452,1036,5,2026-05,2026-06-01 06:54:33
2026-05-31,ロフト,ロフト233,（不明）,4560440431513,1015,1,2026-05,2026-06-01 06:54:33
2026-05-31,ロフト,ロフト233,（不明）,4560440431599,1034,6,2026-05,2026-06-01 06:54:33
2026-05-31,ロフト,ロフト233,（不明）,4560440431735,1034,3,2026-05,2026-06-01 06:54:33
2026-05-31,ロフト,ロフト233,（不明）,4560449970273,1762,2,2026-05,2026-06-01 06:54:33
2026-05-31,ロフト,ロフト233,（不明）,4560449979313,1110,9,2026-05,2026-06-01 06:54:33
2026-05-31,ロフト,ロフト233,（不明）,4560449979405,1110,2,2026-05,2026-06-01 06:54:33
2026-05-31,ロフト,ロフト233,（不明）,4560449979443,1762,1,2026-05,2026-06-01 06:54:33
2026-05-31,ロフト,ロフト233,（不明）,4560449979467,1762,1,2026-05,2026-06-01 06:54:33
2026-05-31,ロフト,ロフト233,（不明）,4560449979917,1110,12,2026-05,2026-06-01 06:54:33
2026-05-31,ロフト,ロフト233,（不明）,4560449979931,1110,1,2026-05,2026-06-01 06:54:33
2026-05-31,ロフト,ロフト233,（不明）,4560449982696,1110,3,2026-05,2026-06-01 06:54:33
2026-05-31,ロフト,ロフト233,（不明）,4560449982726,1110,1,2026-05,2026-06-01 06:54:33
2026-05-31,ロフト,ロフト233,（不明）,4573473052006,1013,1,2026-05,2026-06-01 06:54:33
2026-05-31,ロフト,ロフト233,（不明）,4573473052136,1013,10,2026-05,2026-06-01 06:54:33
2026-05-31,ロフト,ロフト233,（不明）,4573473052235,1035,0,2026-05,2026-06-01 06:54:33
2026-05-31,ロフト,ロフト233,（不明）,4573473052280,1013,0,2026-05,2026-06-01 06:54:33
2026-05-31,ロフト,ロフト233,（不明）,4573473052303,1029,3,2026-05,2026-06-01 06:54:33
2026-05-31,ロフト,ロフト233,（不明）,4573587350210,1762,1,2026-05,2026-06-01 06:54:33
2026-05-31,ロフト,ロフト233,（不明）,4573587350258,1762,1,2026-05,2026-06-01 06:54:33
2026-05-31,ロフト,ロフト233,（不明）,4573587350616,1762,1,2026-05,2026-06-01 06:54:33
2026-05-31,ロフト,ロフト233,（不明）,4573587350630,1762,0,2026-05,2026-06-01 06:54:33
2026-05-31,ロフト,ロフト233,（不明）,4573587350654,1762,1,2026-05,2026-06-01 06:54:33
2026-05-31,ロフト,ロフト233,（不明）,4573587350678,1762,1,2026-05,2026-06-01 06:54:33
2026-05-31,ロフト,ロフト233,（不明）,4573694000015,1110,6,2026-05,2026-06-01 06:54:33
2026-05-31,ロフト,ロフト233,（不明）,4573694002903,1110,3,2026-05,2026-06-01 06:54:33
2026-05-31,ロフト,ロフト233,（不明）,4573694002934,1110,1,2026-05,2026-06-01 06:54:33
2026-05-31,ロフト,ロフト233,（不明）,4580543220487,1060,1,2026-05,2026-06-01 06:54:33
2026-05-31,ロフト,ロフト233,（不明）,4580886250011,1013,2,2026-05,2026-06-01 06:54:33
2026-05-31,ロフト,ロフト233,（不明）,4582784162977,1762,0,2026-05,2026-06-01 06:54:33
2026-05-31,ロフト,ロフト233,（不明）,4582784162984,1762,0,2026-05,2026-06-01 06:54:33
2026-05-31,ロフト,ロフト233,（不明）,4582784163233,1762,2,2026-05,2026-06-01 06:54:33
2026-05-31,ロフト,ロフト233,（不明）,4582784163240,1762,0,2026-05,2026-06-01 06:54:33
2026-05-31,ロフト,ロフト233,（不明）,4582784166104,1762,0,2026-05,2026-06-01 06:54:33
2026-05-31,ロフト,ロフト233,（不明）,4582784166111,1762,0,2026-05,2026-06-01 06:54:33
2026-05-31,ロフト,ロフト233,（不明）,4582784166128,1762,0,2026-05,2026-06-01 06:54:33
2026-05-31,ロフト,ロフト233,（不明）,4582784166784,1762,1,2026-05,2026-06-01 06:54:33
2026-05-31,ロフト,ロフト233,（不明）,4582784166791,1762,0,2026-05,2026-06-01 06:54:33
2026-05-31,ロフト,ロフト233,（不明）,4595317659110,1013,1,2026-05,2026-06-01 06:54:33
2026-05-31,ロフト,ロフト233,（不明）,4595317659127,1013,0,2026-05,2026-06-01 06:54:33
2026-05-31,ロフト,ロフト233,（不明）,4595317659738,1013,3,2026-05,2026-06-01 06:54:33
2026-05-31,ロフト,ロフト233,（不明）,4595317659745,1013,5,2026-05,2026-06-01 06:54:33
2026-05-31,ロフト,ロフト233,（不明）,4595317659752,1013,9,2026-05,2026-06-01 06:54:33
2026-05-31,ロフト,ロフト233,（不明）,4595988311089,1220,1,2026-05,2026-06-01 06:54:33
2026-05-31,ロフト,ロフト233,（不明）,4595988311096,1220,0,2026-05,2026-06-01 06:54:33
2026-05-31,ロフト,ロフト233,（不明）,4595988311119,1220,1,2026-05,2026-06-01 06:54:33
2026-05-31,ロフト,ロフト233,（不明）,8809317963556,1723,3,2026-05,2026-06-01 06:54:33
2026-05-31,ロフト,ロフト233,（不明）,8809317967943,1723,1,2026-05,2026-06-01 06:54:33
2026-05-31,ロフト,ロフト233,（不明）,8809541199998,1723,1,2026-05,2026-06-01 06:54:33
2026-05-31,ロフト,ロフト233,（不明）,8809672176332,1266,0,2026-05,2026-06-01 06:54:33
2026-05-31,ロフト,ロフト233,（不明）,8809672176684,1250,1,2026-05,2026-06-01 06:54:33
2026-05-31,ロフト,ロフト233,（不明）,8809823390297,1723,1,2026-05,2026-06-01 06:54:33
2026-05-31,ロフト,ロフト233,（不明）,8809849808417,1092,1,2026-05,2026-06-01 06:54:33
2026-05-31,ロフト,ロフト234,（不明）,4560440431087,1016,0,2026-05,2026-06-01 06:54:33
2026-05-31,ロフト,ロフト234,（不明）,4560440431179,1016,0,2026-05,2026-06-01 06:54:33
2026-05-31,ロフト,ロフト234,（不明）,4560440431346,1016,1,2026-05,2026-06-01 06:54:33
2026-05-31,ロフト,ロフト234,（不明）,4560440431353,1016,0,2026-05,2026-06-01 06:54:33
2026-05-31,ロフト,ロフト234,（不明）,4560440431384,1036,4,2026-05,2026-06-01 06:54:33
2026-05-31,ロフト,ロフト234,（不明）,4560440431414,1016,6,2026-05,2026-06-01 06:54:33
2026-05-31,ロフト,ロフト234,（不明）,4560440431438,1016,7,2026-05,2026-06-01 06:54:33
2026-05-31,ロフト,ロフト234,（不明）,4560440431445,1016,1,2026-05,2026-06-01 06:54:33
2026-05-31,ロフト,ロフト234,（不明）,4560440431490,1015,1,2026-05,2026-06-01 06:54:33
2026-05-31,ロフト,ロフト234,（不明）,4560440431506,1015,3,2026-05,2026-06-01 06:54:33
2026-05-31,ロフト,ロフト234,（不明）,4560440431520,1015,2,2026-05,2026-06-01 06:54:33
2026-05-31,ロフト,ロフト234,（不明）,4560440431599,1034,43,2026-05,2026-06-01 06:54:33
2026-05-31,ロフト,ロフト234,（不明）,4560440431735,1034,6,2026-05,2026-06-01 06:54:33
2026-05-31,ロフト,ロフト234,（不明）,4560449970273,1762,0,2026-05,2026-06-01 06:54:33
2026-05-31,ロフト,ロフト234,（不明）,4560449970280,1762,1,2026-05,2026-06-01 06:54:33
2026-05-31,ロフト,ロフト234,（不明）,4560449979313,1110,18,2026-05,2026-06-01 06:54:33
2026-05-31,ロフト,ロフト234,（不明）,4560449979405,1110,1,2026-05,2026-06-01 06:54:33
2026-05-31,ロフト,ロフト234,（不明）,4560449979443,1762,2,2026-05,2026-06-01 06:54:33
2026-05-31,ロフト,ロフト234,（不明）,4560449979467,1762,1,2026-05,2026-06-01 06:54:33
2026-05-31,ロフト,ロフト234,（不明）,4560449979917,1110,18,2026-05,2026-06-01 06:54:33
2026-05-31,ロフト,ロフト234,（不明）,4560449979931,1110,7,2026-05,2026-06-01 06:54:33
2026-05-31,ロフト,ロフト234,（不明）,4560449982696,1110,1,2026-05,2026-06-01 06:54:33
2026-05-31,ロフト,ロフト234,（不明）,4560449982726,1110,1,2026-05,2026-06-01 06:54:33
2026-05-31,ロフト,ロフト234,（不明）,4573473052006,1013,4,2026-05,2026-06-01 06:54:33
2026-05-31,ロフト,ロフト234,（不明）,4573473052136,1013,22,2026-05,2026-06-01 06:54:33
2026-05-31,ロフト,ロフト234,（不明）,4573473052235,1035,4,2026-05,2026-06-01 06:54:33
2026-05-31,ロフト,ロフト234,（不明）,4573473052280,1013,4,2026-05,2026-06-01 06:54:33
2026-05-31,ロフト,ロフト234,（不明）,4573473052303,1029,0,2026-05,2026-06-01 06:54:33
2026-05-31,ロフト,ロフト234,（不明）,4573587350210,1762,2,2026-05,2026-06-01 06:54:33
2026-05-31,ロフト,ロフト234,（不明）,4573587350258,1762,3,2026-05,2026-06-01 06:54:33
2026-05-31,ロフト,ロフト234,（不明）,4573587350616,1762,0,2026-05,2026-06-01 06:54:33
2026-05-31,ロフト,ロフト234,（不明）,4573587350654,1762,0,2026-05,2026-06-01 06:54:33
2026-05-31,ロフト,ロフト234,（不明）,4573587350678,1762,2,2026-05,2026-06-01 06:54:33
2026-05-31,ロフト,ロフト234,（不明）,4573694000015,1110,4,2026-05,2026-06-01 06:54:33
2026-05-31,ロフト,ロフト234,（不明）,4573694000091,1097,6,2026-05,2026-06-01 06:54:33
2026-05-31,ロフト,ロフト234,（不明）,4573694002903,1110,5,2026-05,2026-06-01 06:54:33
2026-05-31,ロフト,ロフト234,（不明）,4573694002934,1110,0,2026-05,2026-06-01 06:54:33
2026-05-31,ロフト,ロフト234,（不明）,4580543220487,1060,3,2026-05,2026-06-01 06:54:33
2026-05-31,ロフト,ロフト234,（不明）,4580886250011,1013,0,2026-05,2026-06-01 06:54:33
2026-05-31,ロフト,ロフト234,（不明）,4582784162977,1762,0,2026-05,2026-06-01 06:54:33
2026-05-31,ロフト,ロフト234,（不明）,4582784162984,1762,0,2026-05,2026-06-01 06:54:33
2026-05-31,ロフト,ロフト234,（不明）,4582784163233,1762,1,2026-05,2026-06-01 06:54:33
2026-05-31,ロフト,ロフト234,（不明）,4582784163240,1762,1,2026-05,2026-06-01 06:54:33
2026-05-31,ロフト,ロフト234,（不明）,4582784163271,1762,1,2026-05,2026-06-01 06:54:33
2026-05-31,ロフト,ロフト234,（不明）,4582784163288,1762,0,2026-05,2026-06-01 06:54:33
2026-05-31,ロフト,ロフト234,（不明）,4582784166104,1762,0,2026-05,2026-06-01 06:54:33
2026-05-31,ロフト,ロフト234,（不明）,4582784166111,1762,1,2026-05,2026-06-01 06:54:33
2026-05-31,ロフト,ロフト234,（不明）,4582784166128,1762,1,2026-05,2026-06-01 06:54:33
2026-05-31,ロフト,ロフト234,（不明）,4582784166784,1762,1,2026-05,2026-06-01 06:54:33
2026-05-31,ロフト,ロフト234,（不明）,4582784166791,1762,3,2026-05,2026-06-01 06:54:33
2026-05-31,ロフト,ロフト234,（不明）,4589814757080,1258,22,2026-05,2026-06-01 06:54:33
2026-05-31,ロフト,ロフト234,（不明）,4595315976011,1222,3,2026-05,2026-06-01 06:54:33
2026-05-31,ロフト,ロフト234,（不明）,4595317659110,1013,1,2026-05,2026-06-01 06:54:33
2026-05-31,ロフト,ロフト234,（不明）,4595317659127,1013,1,2026-05,2026-06-01 06:54:33
2026-05-31,ロフト,ロフト234,（不明）,4595317659738,1013,7,2026-05,2026-06-01 06:54:33
2026-05-31,ロフト,ロフト234,（不明）,4595317659745,1013,6,2026-05,2026-06-01 06:54:33
2026-05-31,ロフト,ロフト234,（不明）,4595317659752,1013,17,2026-05,2026-06-01 06:54:33
2026-05-31,ロフト,ロフト234,（不明）,4595988311089,1220,2,2026-05,2026-06-01 06:54:33
2026-05-31,ロフト,ロフト234,（不明）,4595988311096,1220,0,2026-05,2026-06-01 06:54:33
2026-05-31,ロフト,ロフト234,（不明）,4595988311119,1220,1,2026-05,2026-06-01 06:54:33
2026-05-31,ロフト,ロフト234,（不明）,8809317963556,1723,5,2026-05,2026-06-01 06:54:33
2026-05-31,ロフト,ロフト234,（不明）,8809317967943,1723,4,2026-05,2026-06-01 06:54:33
2026-05-31,ロフト,ロフト234,（不明）,8809541199998,1723,2,2026-05,2026-06-01 06:54:33
2026-05-31,ロフト,ロフト234,（不明）,8809672176332,1266,1,2026-05,2026-06-01 06:54:33
2026-05-31,ロフト,ロフト234,（不明）,8809672176684,1250,2,2026-05,2026-06-01 06:54:33
2026-05-31,ロフト,ロフト234,（不明）,8809823390297,1723,0,2026-05,2026-06-01 06:54:33
2026-05-31,ロフト,ロフト234,（不明）,8809849808400,1092,1,2026-05,2026-06-01 06:54:33
2026-05-31,ロフト,ロフト234,（不明）,8809849808424,1092,1,2026-05,2026-06-01 06:54:33
2026-05-31,ロフト,ロフト235,（不明）,4560440431261,1015,0,2026-05,2026-06-01 06:54:33
2026-05-31,ロフト,ロフト235,（不明）,4560440431346,1016,7,2026-05,2026-06-01 06:54:33
2026-05-31,ロフト,ロフト235,（不明）,4560440431353,1016,14,2026-05,2026-06-01 06:54:33
2026-05-31,ロフト,ロフト235,（不明）,4560440431377,1036,29,2026-05,2026-06-01 06:54:33
2026-05-31,ロフト,ロフト235,（不明）,4560440431384,1036,34,2026-05,2026-06-01 06:54:33
2026-05-31,ロフト,ロフト235,（不明）,4560440431407,1016,18,2026-05,2026-06-01 06:54:33
2026-05-31,ロフト,ロフト235,（不明）,4560440431414,1016,19,2026-05,2026-06-01 06:54:33
2026-05-31,ロフト,ロフト235,（不明）,4560440431438,1016,2,2026-05,2026-06-01 06:54:33
2026-05-31,ロフト,ロフト235,（不明）,4560440431445,1016,10,2026-05,2026-06-01 06:54:33
2026-05-31,ロフト,ロフト235,（不明）,4560440431452,1036,1,2026-05,2026-06-01 06:54:33
2026-05-31,ロフト,ロフト235,（不明）,4560440431476,1015,1,2026-05,2026-06-01 06:54:33
2026-05-31,ロフト,ロフト235,（不明）,4560440431483,1015,2,2026-05,2026-06-01 06:54:33
2026-05-31,ロフト,ロフト235,（不明）,4560440431490,1015,1,2026-05,2026-06-01 06:54:33
2026-05-31,ロフト,ロフト235,（不明）,4560440431513,1015,1,2026-05,2026-06-01 06:54:33
2026-05-31,ロフト,ロフト235,（不明）,4560440431599,1034,42,2026-05,2026-06-01 06:54:33
2026-05-31,ロフト,ロフト235,（不明）,4560440431711,1034,10,2026-05,2026-06-01 06:54:33
2026-05-31,ロフト,ロフト235,（不明）,4560440431742,1034,0,2026-05,2026-06-01 06:54:33
2026-05-31,ロフト,ロフト235,（不明）,4560449970273,1762,3,2026-05,2026-06-01 06:54:33
2026-05-31,ロフト,ロフト235,（不明）,4560449970280,1762,2,2026-05,2026-06-01 06:54:33
2026-05-31,ロフト,ロフト235,（不明）,4560449976589,1762,1,2026-05,2026-06-01 06:54:33
2026-05-31,ロフト,ロフト235,（不明）,4560449976602,1762,0,2026-05,2026-06-01 06:54:33
2026-05-31,ロフト,ロフト235,（不明）,4560449979313,1110,15,2026-05,2026-06-01 06:54:33
2026-05-31,ロフト,ロフト235,（不明）,4560449979405,1110,2,2026-05,2026-06-01 06:54:33
2026-05-31,ロフト,ロフト235,（不明）,4560449979443,1762,3,2026-05,2026-06-01 06:54:33
2026-05-31,ロフト,ロフト235,（不明）,4560449979467,1762,1,2026-05,2026-06-01 06:54:33
2026-05-31,ロフト,ロフト235,（不明）,4560449979917,1110,19,2026-05,2026-06-01 06:54:33
2026-05-31,ロフト,ロフト235,（不明）,4560449979931,1110,1,2026-05,2026-06-01 06:54:33
2026-05-31,ロフト,ロフト235,（不明）,4560449981668,1110,1,2026-05,2026-06-01 06:54:33
2026-05-31,ロフト,ロフト235,（不明）,4560449982269,1110,0,2026-05,2026-06-01 06:54:33
2026-05-31,ロフト,ロフト235,（不明）,4560449982696,1110,3,2026-05,2026-06-01 06:54:33
2026-05-31,ロフト,ロフト235,（不明）,4560449982726,1110,0,2026-05,2026-06-01 06:54:33
2026-05-31,ロフト,ロフト235,（不明）,4573473052006,1013,9,2026-05,2026-06-01 06:54:33
2026-05-31,ロフト,ロフト235,（不明）,4573473052136,1013,3,2026-05,2026-06-01 06:54:33
2026-05-31,ロフト,ロフト235,（不明）,4573473052235,1035,3,2026-05,2026-06-01 06:54:33
2026-05-31,ロフト,ロフト235,（不明）,4573473052280,1013,4,2026-05,2026-06-01 06:54:33
2026-05-31,ロフト,ロフト235,（不明）,4573473052303,1029,7,2026-05,2026-06-01 06:54:33
2026-05-31,ロフト,ロフト235,（不明）,4573587350210,1762,2,2026-05,2026-06-01 06:54:33
2026-05-31,ロフト,ロフト235,（不明）,4573587350616,1762,2,2026-05,2026-06-01 06:54:33
2026-05-31,ロフト,ロフト235,（不明）,4573587350630,1762,3,2026-05,2026-06-01 06:54:33
2026-05-31,ロフト,ロフト235,（不明）,4573587350654,1762,0,2026-05,2026-06-01 06:54:33
2026-05-31,ロフト,ロフト235,（不明）,4573587350678,1762,1,2026-05,2026-06-01 06:54:33
2026-05-31,ロフト,ロフト235,（不明）,4573694000015,1110,3,2026-05,2026-06-01 06:54:33
2026-05-31,ロフト,ロフト235,（不明）,4573694000091,1097,1,2026-05,2026-06-01 06:54:33
2026-05-31,ロフト,ロフト235,（不明）,4573694002903,1110,2,2026-05,2026-06-01 06:54:33
2026-05-31,ロフト,ロフト235,（不明）,4573694002934,1110,1,2026-05,2026-06-01 06:54:33
2026-05-31,ロフト,ロフト235,（不明）,4580543220418,1639,0,2026-05,2026-06-01 06:54:33
2026-05-31,ロフト,ロフト235,（不明）,4580543220487,1060,2,2026-05,2026-06-01 06:54:33
2026-05-31,ロフト,ロフト235,（不明）,4580886250011,1013,3,2026-05,2026-06-01 06:54:33
2026-05-31,ロフト,ロフト235,（不明）,4582784162977,1762,1,2026-05,2026-06-01 06:54:33
2026-05-31,ロフト,ロフト235,（不明）,4582784162984,1762,1,2026-05,2026-06-01 06:54:33
2026-05-31,ロフト,ロフト235,（不明）,4582784163233,1762,0,2026-05,2026-06-01 06:54:33
2026-05-31,ロフト,ロフト235,（不明）,4582784163240,1762,0,2026-05,2026-06-01 06:54:33
2026-05-31,ロフト,ロフト235,（不明）,4582784163257,1762,0,2026-05,2026-06-01 06:54:33
2026-05-31,ロフト,ロフト235,（不明）,4582784163264,1762,2,2026-05,2026-06-01 06:54:33
2026-05-31,ロフト,ロフト235,（不明）,4582784163271,1762,0,2026-05,2026-06-01 06:54:33
2026-05-31,ロフト,ロフト235,（不明）,4582784163332,1727,2,2026-05,2026-06-01 06:54:33
2026-05-31,ロフト,ロフト235,（不明）,4582784163349,1727,1,2026-05,2026-06-01 06:54:33
2026-05-31,ロフト,ロフト235,（不明）,4582784166104,1762,3,2026-05,2026-06-01 06:54:33
2026-05-31,ロフト,ロフト235,（不明）,4582784166111,1762,2,2026-05,2026-06-01 06:54:33
2026-05-31,ロフト,ロフト235,（不明）,4582784166128,1762,5,2026-05,2026-06-01 06:54:33
2026-05-31,ロフト,ロフト235,（不明）,4582784166784,1762,7,2026-05,2026-06-01 06:54:33
2026-05-31,ロフト,ロフト235,（不明）,4582784166791,1762,1,2026-05,2026-06-01 06:54:33
2026-05-31,ロフト,ロフト235,（不明）,4589814750364,1657,0,2026-05,2026-06-01 06:54:33
2026-05-31,ロフト,ロフト235,（不明）,4595315976011,1222,4,2026-05,2026-06-01 06:54:33
2026-05-31,ロフト,ロフト235,（不明）,4595317659110,1013,2,2026-05,2026-06-01 06:54:33
2026-05-31,ロフト,ロフト235,（不明）,4595317659127,1013,2,2026-05,2026-06-01 06:54:33
2026-05-31,ロフト,ロフト235,（不明）,4595317659738,1013,4,2026-05,2026-06-01 06:54:33
2026-05-31,ロフト,ロフト235,（不明）,4595988311089,1220,3,2026-05,2026-06-01 06:54:33
2026-05-31,ロフト,ロフト235,（不明）,4595988311096,1220,1,2026-05,2026-06-01 06:54:33
2026-05-31,ロフト,ロフト235,（不明）,4595988311119,1220,0,2026-05,2026-06-01 06:54:33
2026-05-31,ロフト,ロフト235,（不明）,8809317963556,1723,20,2026-05,2026-06-01 06:54:33
2026-05-31,ロフト,ロフト235,（不明）,8809317967943,1723,16,2026-05,2026-06-01 06:54:33
2026-05-31,ロフト,ロフト235,（不明）,8809541199998,1723,21,2026-05,2026-06-01 06:54:33
2026-05-31,ロフト,ロフト235,（不明）,8809672176332,1266,3,2026-05,2026-06-01 06:54:33
2026-05-31,ロフト,ロフト235,（不明）,8809672176684,1250,8,2026-05,2026-06-01 06:54:33
2026-05-31,ロフト,ロフト235,（不明）,8809823390297,1723,12,2026-05,2026-06-01 06:54:33
2026-05-31,ロフト,ロフト235,（不明）,8809849807694,1092,1,2026-05,2026-06-01 06:54:33
2026-05-31,ロフト,ロフト235,（不明）,8809849808400,1092,1,2026-05,2026-06-01 06:54:33
2026-05-31,ロフト,ロフト235,（不明）,8809849808417,1092,3,2026-05,2026-06-01 06:54:33
2026-05-31,ロフト,ロフト235,（不明）,8809849808424,1092,1,2026-05,2026-06-01 06:54:33
2026-05-31,ロフト,ロフト236,（不明）,4560440431094,1016,0,2026-05,2026-06-01 06:54:33
2026-05-31,ロフト,ロフト236,（不明）,4560440431179,1016,0,2026-05,2026-06-01 06:54:33
2026-05-31,ロフト,ロフト236,（不明）,4560440431353,1016,8,2026-05,2026-06-01 06:54:33
2026-05-31,ロフト,ロフト236,（不明）,4560440431377,1036,9,2026-05,2026-06-01 06:54:33
2026-05-31,ロフト,ロフト236,（不明）,4560440431407,1016,10,2026-05,2026-06-01 06:54:33
2026-05-31,ロフト,ロフト236,（不明）,4560440431414,1016,3,2026-05,2026-06-01 06:54:33
2026-05-31,ロフト,ロフト236,（不明）,4560440431445,1016,4,2026-05,2026-06-01 06:54:33
2026-05-31,ロフト,ロフト236,（不明）,4560440431452,1036,3,2026-05,2026-06-01 06:54:33
2026-05-31,ロフト,ロフト236,（不明）,4560440431520,1015,1,2026-05,2026-06-01 06:54:33
2026-05-31,ロフト,ロフト236,（不明）,4560440431735,1034,5,2026-05,2026-06-01 06:54:33
2026-05-31,ロフト,ロフト236,（不明）,4560449970273,1762,4,2026-05,2026-06-01 06:54:33
2026-05-31,ロフト,ロフト236,（不明）,4560449970280,1762,1,2026-05,2026-06-01 06:54:33
2026-05-31,ロフト,ロフト236,（不明）,4560449976589,1762,1,2026-05,2026-06-01 06:54:33
2026-05-31,ロフト,ロフト236,（不明）,4560449976602,1762,2,2026-05,2026-06-01 06:54:33
2026-05-31,ロフト,ロフト236,（不明）,4560449979313,1110,6,2026-05,2026-06-01 06:54:33
2026-05-31,ロフト,ロフト236,（不明）,4560449979405,1110,1,2026-05,2026-06-01 06:54:33
2026-05-31,ロフト,ロフト236,（不明）,4560449979443,1762,1,2026-05,2026-06-01 06:54:33
2026-05-31,ロフト,ロフト236,（不明）,4560449979467,1762,1,2026-05,2026-06-01 06:54:33
2026-05-31,ロフト,ロフト236,（不明）,4560449979917,1110,14,2026-05,2026-06-01 06:54:33
2026-05-31,ロフト,ロフト236,（不明）,4560449979931,1110,1,2026-05,2026-06-01 06:54:33
2026-05-31,ロフト,ロフト236,（不明）,4560449982696,1110,1,2026-05,2026-06-01 06:54:33
2026-05-31,ロフト,ロフト236,（不明）,4560449982726,1110,1,2026-05,2026-06-01 06:54:33
2026-05-31,ロフト,ロフト236,（不明）,4573473052006,1013,0,2026-05,2026-06-01 06:54:33
2026-05-31,ロフト,ロフト236,（不明）,4573473052136,1013,11,2026-05,2026-06-01 06:54:33
2026-05-31,ロフト,ロフト236,（不明）,4573473052235,1035,1,2026-05,2026-06-01 06:54:33
2026-05-31,ロフト,ロフト236,（不明）,4573473052280,1013,2,2026-05,2026-06-01 06:54:33
2026-05-31,ロフト,ロフト236,（不明）,4573473052303,1029,1,2026-05,2026-06-01 06:54:33
2026-05-31,ロフト,ロフト236,（不明）,4573587350210,1762,3,2026-05,2026-06-01 06:54:33
2026-05-31,ロフト,ロフト236,（不明）,4573587350258,1762,2,2026-05,2026-06-01 06:54:33
2026-05-31,ロフト,ロフト236,（不明）,4573587350616,1762,2,2026-05,2026-06-01 06:54:33
2026-05-31,ロフト,ロフト236,（不明）,4573587350630,1762,0,2026-05,2026-06-01 06:54:33
2026-05-31,ロフト,ロフト236,（不明）,4573587350654,1762,1,2026-05,2026-06-01 06:54:33
2026-05-31,ロフト,ロフト236,（不明）,4573587350678,1762,0,2026-05,2026-06-01 06:54:33
2026-05-31,ロフト,ロフト236,（不明）,4573694000015,1110,3,2026-05,2026-06-01 06:54:33
2026-05-31,ロフト,ロフト236,（不明）,4573694000091,1097,0,2026-05,2026-06-01 06:54:33
2026-05-31,ロフト,ロフト236,（不明）,4573694002903,1110,2,2026-05,2026-06-01 06:54:33
2026-05-31,ロフト,ロフト236,（不明）,4573694002934,1110,1,2026-05,2026-06-01 06:54:33
2026-05-31,ロフト,ロフト236,（不明）,4580543220418,1639,0,2026-05,2026-06-01 06:54:33
2026-05-31,ロフト,ロフト236,（不明）,4580543220487,1060,0,2026-05,2026-06-01 06:54:33
2026-05-31,ロフト,ロフト236,（不明）,4580886250011,1013,3,2026-05,2026-06-01 06:54:33
2026-05-31,ロフト,ロフト236,（不明）,4582784162977,1762,0,2026-05,2026-06-01 06:54:33
2026-05-31,ロフト,ロフト236,（不明）,4582784162984,1762,0,2026-05,2026-06-01 06:54:33
2026-05-31,ロフト,ロフト236,（不明）,4582784163233,1762,0,2026-05,2026-06-01 06:54:33
2026-05-31,ロフト,ロフト236,（不明）,4582784163240,1762,0,2026-05,2026-06-01 06:54:33
2026-05-31,ロフト,ロフト236,（不明）,4582784163257,1762,1,2026-05,2026-06-01 06:54:33
2026-05-31,ロフト,ロフト236,（不明）,4582784163264,1762,0,2026-05,2026-06-01 06:54:33
2026-05-31,ロフト,ロフト236,（不明）,4582784163332,1727,0,2026-05,2026-06-01 06:54:33
2026-05-31,ロフト,ロフト236,（不明）,4582784163349,1727,0,2026-05,2026-06-01 06:54:33
2026-05-31,ロフト,ロフト236,（不明）,4582784166104,1762,1,2026-05,2026-06-01 06:54:33
2026-05-31,ロフト,ロフト236,（不明）,4582784166111,1762,0,2026-05,2026-06-01 06:54:33
2026-05-31,ロフト,ロフト236,（不明）,4582784166128,1762,2,2026-05,2026-06-01 06:54:33
2026-05-31,ロフト,ロフト236,（不明）,4582784166784,1762,2,2026-05,2026-06-01 06:54:33
2026-05-31,ロフト,ロフト236,（不明）,4582784166791,1762,0,2026-05,2026-06-01 06:54:33
2026-05-31,ロフト,ロフト236,（不明）,4589814757080,1258,15,2026-05,2026-06-01 06:54:33
2026-05-31,ロフト,ロフト236,（不明）,4595315976011,1222,5,2026-05,2026-06-01 06:54:33
2026-05-31,ロフト,ロフト236,（不明）,4595317659110,1013,5,2026-05,2026-06-01 06:54:33
2026-05-31,ロフト,ロフト236,（不明）,4595317659127,1013,5,2026-05,2026-06-01 06:54:33
2026-05-31,ロフト,ロフト236,（不明）,4595317659738,1013,3,2026-05,2026-06-01 06:54:33
2026-05-31,ロフト,ロフト236,（不明）,4595988311089,1220,2,2026-05,2026-06-01 06:54:33
2026-05-31,ロフト,ロフト236,（不明）,4595988311096,1220,0,2026-05,2026-06-01 06:54:33
2026-05-31,ロフト,ロフト236,（不明）,4595988311119,1220,0,2026-05,2026-06-01 06:54:33
2026-05-31,ロフト,ロフト236,（不明）,8809317963556,1723,7,2026-05,2026-06-01 06:54:33
2026-05-31,ロフト,ロフト236,（不明）,8809317967943,1723,3,2026-05,2026-06-01 06:54:33
2026-05-31,ロフト,ロフト236,（不明）,8809541199998,1723,2,2026-05,2026-06-01 06:54:33
2026-05-31,ロフト,ロフト236,（不明）,8809672176332,1266,1,2026-05,2026-06-01 06:54:33
2026-05-31,ロフト,ロフト236,（不明）,8809672176684,1250,2,2026-05,2026-06-01 06:54:33
2026-05-31,ロフト,ロフト236,（不明）,8809823390297,1723,4,2026-05,2026-06-01 06:54:33
2026-05-31,ロフト,ロフト236,（不明）,8809849808417,1092,0,2026-05,2026-06-01 06:54:33
2026-05-31,ロフト,ロフト237,（不明）,4560440431087,1016,2,2026-05,2026-06-01 06:54:33
2026-05-31,ロフト,ロフト237,（不明）,4560440431124,1036,0,2026-05,2026-06-01 06:54:33
2026-05-31,ロフト,ロフト237,（不明）,4560440431346,1016,4,2026-05,2026-06-01 06:54:33
2026-05-31,ロフト,ロフト237,（不明）,4560440431353,1016,1,2026-05,2026-06-01 06:54:33
2026-05-31,ロフト,ロフト237,（不明）,4560440431384,1036,2,2026-05,2026-06-01 06:54:33
2026-05-31,ロフト,ロフト237,（不明）,4560440431407,1016,9,2026-05,2026-06-01 06:54:33
2026-05-31,ロフト,ロフト237,（不明）,4560440431414,1016,8,2026-05,2026-06-01 06:54:33
2026-05-31,ロフト,ロフト237,（不明）,4560440431438,1016,7,2026-05,2026-06-01 06:54:33
2026-05-31,ロフト,ロフト237,（不明）,4560440431476,1015,4,2026-05,2026-06-01 06:54:33
2026-05-31,ロフト,ロフト237,（不明）,4560440431490,1015,1,2026-05,2026-06-01 06:54:33
2026-05-31,ロフト,ロフト237,（不明）,4560440431735,1034,3,2026-05,2026-06-01 06:54:33
2026-05-31,ロフト,ロフト237,（不明）,4560449970273,1762,5,2026-05,2026-06-01 06:54:33
2026-05-31,ロフト,ロフト237,（不明）,4560449970280,1762,6,2026-05,2026-06-01 06:54:33
2026-05-31,ロフト,ロフト237,（不明）,4560449976589,1762,4,2026-05,2026-06-01 06:54:33
2026-05-31,ロフト,ロフト237,（不明）,4560449976602,1762,4,2026-05,2026-06-01 06:54:33
2026-05-31,ロフト,ロフト237,（不明）,4560449979313,1110,16,2026-05,2026-06-01 06:54:33
2026-05-31,ロフト,ロフト237,（不明）,4560449979405,1110,3,2026-05,2026-06-01 06:54:33
2026-05-31,ロフト,ロフト237,（不明）,4560449979443,1762,7,2026-05,2026-06-01 06:54:33
2026-05-31,ロフト,ロフト237,（不明）,4560449979467,1762,3,2026-05,2026-06-01 06:54:33
2026-05-31,ロフト,ロフト237,（不明）,4560449979917,1110,19,2026-05,2026-06-01 06:54:33
2026-05-31,ロフト,ロフト237,（不明）,4560449979931,1110,6,2026-05,2026-06-01 06:54:33
2026-05-31,ロフト,ロフト237,（不明）,4560449981668,1110,0,2026-05,2026-06-01 06:54:33
2026-05-31,ロフト,ロフト237,（不明）,4560449982696,1110,1,2026-05,2026-06-01 06:54:33
2026-05-31,ロフト,ロフト237,（不明）,4560449982726,1110,0,2026-05,2026-06-01 06:54:33
2026-05-31,ロフト,ロフト237,（不明）,4573473052006,1013,6,2026-05,2026-06-01 06:54:33
2026-05-31,ロフト,ロフト237,（不明）,4573473052136,1013,39,2026-05,2026-06-01 06:54:33
2026-05-31,ロフト,ロフト237,（不明）,4573473052235,1035,5,2026-05,2026-06-01 06:54:33
2026-05-31,ロフト,ロフト237,（不明）,4573473052280,1013,5,2026-05,2026-06-01 06:54:33
2026-05-31,ロフト,ロフト237,（不明）,4573473052303,1029,2,2026-05,2026-06-01 06:54:33
2026-05-31,ロフト,ロフト237,（不明）,4573587350210,1762,2,2026-05,2026-06-01 06:54:33
2026-05-31,ロフト,ロフト237,（不明）,4573587350258,1762,1,2026-05,2026-06-01 06:54:33
2026-05-31,ロフト,ロフト237,（不明）,4573587350616,1762,2,2026-05,2026-06-01 06:54:33
2026-05-31,ロフト,ロフト237,（不明）,4573587350630,1762,1,2026-05,2026-06-01 06:54:33
2026-05-31,ロフト,ロフト237,（不明）,4573587350654,1762,1,2026-05,2026-06-01 06:54:33
2026-05-31,ロフト,ロフト237,（不明）,4573587350678,1762,0,2026-05,2026-06-01 06:54:33
2026-05-31,ロフト,ロフト237,（不明）,4573694000015,1110,4,2026-05,2026-06-01 06:54:33
2026-05-31,ロフト,ロフト237,（不明）,4573694000091,1097,3,2026-05,2026-06-01 06:54:33
2026-05-31,ロフト,ロフト237,（不明）,4573694002903,1110,5,2026-05,2026-06-01 06:54:33
2026-05-31,ロフト,ロフト237,（不明）,4573694002934,1110,0,2026-05,2026-06-01 06:54:33
2026-05-31,ロフト,ロフト237,（不明）,4580543220418,1639,0,2026-05,2026-06-01 06:54:33
2026-05-31,ロフト,ロフト237,（不明）,4580886250011,1013,4,2026-05,2026-06-01 06:54:33
2026-05-31,ロフト,ロフト237,（不明）,4582784162977,1762,0,2026-05,2026-06-01 06:54:33
2026-05-31,ロフト,ロフト237,（不明）,4582784162984,1762,1,2026-05,2026-06-01 06:54:33
2026-05-31,ロフト,ロフト237,（不明）,4582784163233,1762,0,2026-05,2026-06-01 06:54:33
2026-05-31,ロフト,ロフト237,（不明）,4582784163240,1762,2,2026-05,2026-06-01 06:54:33
2026-05-31,ロフト,ロフト237,（不明）,4582784163257,1762,1,2026-05,2026-06-01 06:54:33
2026-05-31,ロフト,ロフト237,（不明）,4582784163264,1762,0,2026-05,2026-06-01 06:54:33
2026-05-31,ロフト,ロフト237,（不明）,4582784163332,1727,1,2026-05,2026-06-01 06:54:33
2026-05-31,ロフト,ロフト237,（不明）,4582784163349,1727,0,2026-05,2026-06-01 06:54:33
2026-05-31,ロフト,ロフト237,（不明）,4582784166104,1762,0,2026-05,2026-06-01 06:54:33
2026-05-31,ロフト,ロフト237,（不明）,4582784166111,1762,0,2026-05,2026-06-01 06:54:33
2026-05-31,ロフト,ロフト237,（不明）,4582784166128,1762,3,2026-05,2026-06-01 06:54:33
2026-05-31,ロフト,ロフト237,（不明）,4582784166784,1762,3,2026-05,2026-06-01 06:54:33
2026-05-31,ロフト,ロフト237,（不明）,4582784166791,1762,2,2026-05,2026-06-01 06:54:33
2026-05-31,ロフト,ロフト237,（不明）,4595988311089,1220,2,2026-05,2026-06-01 06:54:33
2026-05-31,ロフト,ロフト237,（不明）,4595988311096,1220,1,2026-05,2026-06-01 06:54:33
2026-05-31,ロフト,ロフト237,（不明）,4595988311119,1220,2,2026-05,2026-06-01 06:54:33
2026-05-31,ロフト,ロフト237,（不明）,8809317963556,1723,1,2026-05,2026-06-01 06:54:33
2026-05-31,ロフト,ロフト237,（不明）,8809317967943,1723,3,2026-05,2026-06-01 06:54:33
2026-05-31,ロフト,ロフト237,（不明）,8809541199998,1723,2,2026-05,2026-06-01 06:54:33
2026-05-31,ロフト,ロフト237,（不明）,8809672176332,1266,1,2026-05,2026-06-01 06:54:33
2026-05-31,ロフト,ロフト237,（不明）,8809672176684,1250,1,2026-05,2026-06-01 06:54:33
2026-05-31,ロフト,ロフト237,（不明）,8809823390297,1723,2,2026-05,2026-06-01 06:54:33
2026-05-31,ロフト,ロフト251,（不明）,4560440431216,1015,1,2026-05,2026-06-01 06:54:33
2026-05-31,ロフト,ロフト251,（不明）,4560440431346,1016,2,2026-05,2026-06-01 06:54:33
2026-05-31,ロフト,ロフト251,（不明）,4560440431407,1016,0,2026-05,2026-06-01 06:54:33
2026-05-31,ロフト,ロフト251,（不明）,4560440431414,1016,4,2026-05,2026-06-01 06:54:33
2026-05-31,ロフト,ロフト251,（不明）,4560440431445,1016,2,2026-05,2026-06-01 06:54:33
2026-05-31,ロフト,ロフト251,（不明）,4560440431599,1034,12,2026-05,2026-06-01 06:54:33
2026-05-31,ロフト,ロフト251,（不明）,4560449979313,1110,11,2026-05,2026-06-01 06:54:33
2026-05-31,ロフト,ロフト251,（不明）,4560449979405,1110,1,2026-05,2026-06-01 06:54:33
2026-05-31,ロフト,ロフト251,（不明）,4560449979917,1110,9,2026-05,2026-06-01 06:54:33
2026-05-31,ロフト,ロフト251,（不明）,4560449979931,1110,1,2026-05,2026-06-01 06:54:33
2026-05-31,ロフト,ロフト251,（不明）,4560449982696,1110,1,2026-05,2026-06-01 06:54:33
2026-05-31,ロフト,ロフト251,（不明）,4560449982726,1110,0,2026-05,2026-06-01 06:54:33
2026-05-31,ロフト,ロフト251,（不明）,4573473052006,1013,3,2026-05,2026-06-01 06:54:33
2026-05-31,ロフト,ロフト251,（不明）,4573473052136,1013,11,2026-05,2026-06-01 06:54:33
2026-05-31,ロフト,ロフト251,（不明）,4573473052235,1035,0,2026-05,2026-06-01 06:54:33
2026-05-31,ロフト,ロフト251,（不明）,4573473052303,1029,2,2026-05,2026-06-01 06:54:33
2026-05-31,ロフト,ロフト251,（不明）,4573587350210,1762,0,2026-05,2026-06-01 06:54:33
2026-05-31,ロフト,ロフト251,（不明）,4573587350258,1762,1,2026-05,2026-06-01 06:54:33
2026-05-31,ロフト,ロフト251,（不明）,4573587350616,1762,0,2026-05,2026-06-01 06:54:33
2026-05-31,ロフト,ロフト251,（不明）,4573587350630,1762,0,2026-05,2026-06-01 06:54:33
2026-05-31,ロフト,ロフト251,（不明）,4573587350654,1762,0,2026-05,2026-06-01 06:54:33
2026-05-31,ロフト,ロフト251,（不明）,4573694000015,1110,0,2026-05,2026-06-01 06:54:33
2026-05-31,ロフト,ロフト251,（不明）,4573694002903,1110,1,2026-05,2026-06-01 06:54:33
2026-05-31,ロフト,ロフト251,（不明）,4580886250011,1013,0,2026-05,2026-06-01 06:54:33
2026-05-31,ロフト,ロフト251,（不明）,4582784162977,1762,1,2026-05,2026-06-01 06:54:33
2026-05-31,ロフト,ロフト251,（不明）,4582784162984,1762,0,2026-05,2026-06-01 06:54:33
2026-05-31,ロフト,ロフト251,（不明）,4582784163288,1762,0,2026-05,2026-06-01 06:54:33
2026-05-31,ロフト,ロフト251,（不明）,4582784166104,1762,0,2026-05,2026-06-01 06:54:33
2026-05-31,ロフト,ロフト251,（不明）,4582784166111,1762,0,2026-05,2026-06-01 06:54:33
2026-05-31,ロフト,ロフト251,（不明）,4582784166128,1762,0,2026-05,2026-06-01 06:54:33
2026-05-31,ロフト,ロフト251,（不明）,4582784166784,1762,1,2026-05,2026-06-01 06:54:33
2026-05-31,ロフト,ロフト251,（不明）,4582784166791,1762,2,2026-05,2026-06-01 06:54:33
2026-05-31,ロフト,ロフト251,（不明）,4595317659110,1013,4,2026-05,2026-06-01 06:54:33
2026-05-31,ロフト,ロフト251,（不明）,4595317659127,1013,3,2026-05,2026-06-01 06:54:33
2026-05-31,ロフト,ロフト251,（不明）,4595317659738,1013,1,2026-05,2026-06-01 06:54:33
2026-05-31,ロフト,ロフト251,（不明）,8809849807694,1092,0,2026-05,2026-06-01 06:54:33
2026-05-31,ロフト,ロフト251,（不明）,8809849808400,1092,0,2026-05,2026-06-01 06:54:33
2026-05-31,ロフト,ロフト251,（不明）,8809849808417,1092,0,2026-05,2026-06-01 06:54:33
2026-05-31,ロフト,ロフト251,（不明）,8809849808424,1092,1,2026-05,2026-06-01 06:54:33
2026-05-31,ロフト,ロフト260,（不明）,4560440431353,1016,2,2026-05,2026-06-01 06:54:33
2026-05-31,ロフト,ロフト260,（不明）,4560440431407,1016,2,2026-05,2026-06-01 06:54:33
2026-05-31,ロフト,ロフト260,（不明）,4560440431414,1016,3,2026-05,2026-06-01 06:54:33
2026-05-31,ロフト,ロフト260,（不明）,4560440431445,1016,2,2026-05,2026-06-01 06:54:33
2026-05-31,ロフト,ロフト260,（不明）,4560440431483,1015,1,2026-05,2026-06-01 06:54:33
2026-05-31,ロフト,ロフト260,（不明）,4560440431513,1015,4,2026-05,2026-06-01 06:54:33
2026-05-31,ロフト,ロフト260,（不明）,4560440431599,1034,9,2026-05,2026-06-01 06:54:33
2026-05-31,ロフト,ロフト260,（不明）,4560449979313,1110,7,2026-05,2026-06-01 06:54:33
2026-05-31,ロフト,ロフト260,（不明）,4560449979405,1110,1,2026-05,2026-06-01 06:54:33
2026-05-31,ロフト,ロフト260,（不明）,4560449979917,1110,9,2026-05,2026-06-01 06:54:33
2026-05-31,ロフト,ロフト260,（不明）,4560449979931,1110,2,2026-05,2026-06-01 06:54:33
2026-05-31,ロフト,ロフト260,（不明）,4560449982696,1110,1,2026-05,2026-06-01 06:54:33
2026-05-31,ロフト,ロフト260,（不明）,4560449982726,1110,0,2026-05,2026-06-01 06:54:33
2026-05-31,ロフト,ロフト260,（不明）,4573473052006,1013,1,2026-05,2026-06-01 06:54:33
2026-05-31,ロフト,ロフト260,（不明）,4573473052136,1013,1,2026-05,2026-06-01 06:54:33
2026-05-31,ロフト,ロフト260,（不明）,4573473052303,1029,2,2026-05,2026-06-01 06:54:33
2026-05-31,ロフト,ロフト260,（不明）,4573587350616,1762,1,2026-05,2026-06-01 06:54:33
2026-05-31,ロフト,ロフト260,（不明）,4573587350654,1762,1,2026-05,2026-06-01 06:54:33
2026-05-31,ロフト,ロフト260,（不明）,4573587350678,1762,0,2026-05,2026-06-01 06:54:33
2026-05-31,ロフト,ロフト260,（不明）,4573694000015,1110,1,2026-05,2026-06-01 06:54:33
2026-05-31,ロフト,ロフト260,（不明）,4573694002903,1110,0,2026-05,2026-06-01 06:54:33
2026-05-31,ロフト,ロフト260,（不明）,4573694002934,1110,0,2026-05,2026-06-01 06:54:33
2026-05-31,ロフト,ロフト260,（不明）,4580886250011,1013,2,2026-05,2026-06-01 06:54:33
2026-05-31,ロフト,ロフト260,（不明）,4582784162977,1762,0,2026-05,2026-06-01 06:54:33
2026-05-31,ロフト,ロフト260,（不明）,4582784162984,1762,1,2026-05,2026-06-01 06:54:33
2026-05-31,ロフト,ロフト260,（不明）,4582784163271,1762,0,2026-05,2026-06-01 06:54:33
2026-05-31,ロフト,ロフト260,（不明）,4582784163288,1762,0,2026-05,2026-06-01 06:54:33
2026-05-31,ロフト,ロフト260,（不明）,4582784166104,1762,0,2026-05,2026-06-01 06:54:33
2026-05-31,ロフト,ロフト260,（不明）,4582784166128,1762,1,2026-05,2026-06-01 06:54:33
2026-05-31,ロフト,ロフト260,（不明）,4582784166784,1762,0,2026-05,2026-06-01 06:54:33
2026-05-31,ロフト,ロフト260,（不明）,4582784166791,1762,0,2026-05,2026-06-01 06:54:33
2026-05-31,ロフト,ロフト260,（不明）,4595315976011,1222,2,2026-05,2026-06-01 06:54:33
2026-05-31,ロフト,ロフト260,（不明）,4595317659110,1013,1,2026-05,2026-06-01 06:54:33
2026-05-31,ロフト,ロフト260,（不明）,4595317659127,1013,0,2026-05,2026-06-01 06:54:33
2026-05-31,ロフト,ロフト260,（不明）,4595317659738,1013,3,2026-05,2026-06-01 06:54:33
2026-05-31,ロフト,ロフト260,（不明）,4595317659745,1013,5,2026-05,2026-06-01 06:54:33
2026-05-31,ロフト,ロフト260,（不明）,4595317659752,1013,5,2026-05,2026-06-01 06:54:33
2026-05-31,ロフト,ロフト260,（不明）,4595988311089,1220,1,2026-05,2026-06-01 06:54:33
2026-05-31,ロフト,ロフト260,（不明）,4595988311096,1220,0,2026-05,2026-06-01 06:54:33
2026-05-31,ロフト,ロフト260,（不明）,4595988311119,1220,0,2026-05,2026-06-01 06:54:33
2026-05-31,ロフト,ロフト260,（不明）,8809849808400,1092,0,2026-05,2026-06-01 06:54:33
2026-05-31,ロフト,ロフト260,（不明）,8809849808417,1092,0,2026-05,2026-06-01 06:54:33
2026-05-31,ロフト,ロフト261,（不明）,4560440431346,1016,1,2026-05,2026-06-01 06:54:33
2026-05-31,ロフト,ロフト261,（不明）,4560440431438,1016,2,2026-05,2026-06-01 06:54:33
2026-05-31,ロフト,ロフト261,（不明）,4560440431513,1015,3,2026-05,2026-06-01 06:54:33
2026-05-31,ロフト,ロフト261,（不明）,4560449979313,1110,6,2026-05,2026-06-01 06:54:33
2026-05-31,ロフト,ロフト261,（不明）,4560449979405,1110,0,2026-05,2026-06-01 06:54:33
2026-05-31,ロフト,ロフト261,（不明）,4560449979917,1110,10,2026-05,2026-06-01 06:54:33
2026-05-31,ロフト,ロフト261,（不明）,4560449979931,1110,1,2026-05,2026-06-01 06:54:33
2026-05-31,ロフト,ロフト261,（不明）,4560449982696,1110,0,2026-05,2026-06-01 06:54:33
2026-05-31,ロフト,ロフト261,（不明）,4560449982726,1110,0,2026-05,2026-06-01 06:54:33
2026-05-31,ロフト,ロフト261,（不明）,4573587350616,1762,0,2026-05,2026-06-01 06:54:33
2026-05-31,ロフト,ロフト261,（不明）,4573587350630,1762,0,2026-05,2026-06-01 06:54:33
2026-05-31,ロフト,ロフト261,（不明）,4573587350654,1762,0,2026-05,2026-06-01 06:54:33
2026-05-31,ロフト,ロフト261,（不明）,4573587350678,1762,2,2026-05,2026-06-01 06:54:33
2026-05-31,ロフト,ロフト261,（不明）,4573694002903,1110,1,2026-05,2026-06-01 06:54:33
2026-05-31,ロフト,ロフト261,（不明）,4573694002934,1110,2,2026-05,2026-06-01 06:54:33
2026-05-31,ロフト,ロフト261,（不明）,4580886250011,1013,0,2026-05,2026-06-01 06:54:33
2026-05-31,ロフト,ロフト261,（不明）,4582784162977,1762,0,2026-05,2026-06-01 06:54:33
2026-05-31,ロフト,ロフト261,（不明）,4582784162984,1762,0,2026-05,2026-06-01 06:54:33
2026-05-31,ロフト,ロフト261,（不明）,4582784166104,1762,0,2026-05,2026-06-01 06:54:33
2026-05-31,ロフト,ロフト261,（不明）,4582784166111,1762,0,2026-05,2026-06-01 06:54:33
2026-05-31,ロフト,ロフト261,（不明）,4582784166128,1762,1,2026-05,2026-06-01 06:54:33
2026-05-31,ロフト,ロフト261,（不明）,4582784166784,1762,1,2026-05,2026-06-01 06:54:33
2026-05-31,ロフト,ロフト261,（不明）,4582784166791,1762,0,2026-05,2026-06-01 06:54:33
2026-05-31,ロフト,ロフト261,（不明）,4595317659110,1013,1,2026-05,2026-06-01 06:54:33
2026-05-31,ロフト,ロフト261,（不明）,4595317659127,1013,1,2026-05,2026-06-01 06:54:33
2026-05-31,ロフト,ロフト261,（不明）,4595317659752,1013,4,2026-05,2026-06-01 06:54:33
2026-05-31,ロフト,ロフト262,（不明）,4560440431087,1016,0,2026-05,2026-06-01 06:54:33
2026-05-31,ロフト,ロフト262,（不明）,4560440431353,1016,1,2026-05,2026-06-01 06:54:33
2026-05-31,ロフト,ロフト262,（不明）,4560440431407,1016,2,2026-05,2026-06-01 06:54:33
2026-05-31,ロフト,ロフト262,（不明）,4560440431414,1016,1,2026-05,2026-06-01 06:54:33
2026-05-31,ロフト,ロフト262,（不明）,4560440431438,1016,0,2026-05,2026-06-01 06:54:33
2026-05-31,ロフト,ロフト262,（不明）,4560440431445,1016,2,2026-05,2026-06-01 06:54:33
2026-05-31,ロフト,ロフト262,（不明）,4560440431452,1036,0,2026-05,2026-06-01 06:54:33
2026-05-31,ロフト,ロフト262,（不明）,4560440431599,1034,4,2026-05,2026-06-01 06:54:33
2026-05-31,ロフト,ロフト262,（不明）,4560449979313,1110,3,2026-05,2026-06-01 06:54:33
2026-05-31,ロフト,ロフト262,（不明）,4560449979405,1110,0,2026-05,2026-06-01 06:54:33
2026-05-31,ロフト,ロフト262,（不明）,4560449979917,1110,2,2026-05,2026-06-01 06:54:33
2026-05-31,ロフト,ロフト262,（不明）,4560449979931,1110,1,2026-05,2026-06-01 06:54:33
2026-05-31,ロフト,ロフト262,（不明）,4560449982696,1110,0,2026-05,2026-06-01 06:54:33
2026-05-31,ロフト,ロフト262,（不明）,4560449982726,1110,0,2026-05,2026-06-01 06:54:33
2026-05-31,ロフト,ロフト262,（不明）,4573587350210,1762,1,2026-05,2026-06-01 06:54:33
2026-05-31,ロフト,ロフト262,（不明）,4573587350258,1762,0,2026-05,2026-06-01 06:54:33
2026-05-31,ロフト,ロフト262,（不明）,4573587350616,1762,0,2026-05,2026-06-01 06:54:33
2026-05-31,ロフト,ロフト262,（不明）,4573587350630,1762,0,2026-05,2026-06-01 06:54:33
2026-05-31,ロフト,ロフト262,（不明）,4573587350654,1762,0,2026-05,2026-06-01 06:54:33
2026-05-31,ロフト,ロフト262,（不明）,4573587350678,1762,0,2026-05,2026-06-01 06:54:33
2026-05-31,ロフト,ロフト262,（不明）,4573694002903,1110,2,2026-05,2026-06-01 06:54:33
2026-05-31,ロフト,ロフト262,（不明）,4573694002934,1110,0,2026-05,2026-06-01 06:54:33
2026-05-31,ロフト,ロフト262,（不明）,4573694004396,1110,0,2026-05,2026-06-01 06:54:33
2026-05-31,ロフト,ロフト262,（不明）,4582784162977,1762,0,2026-05,2026-06-01 06:54:33
2026-05-31,ロフト,ロフト262,（不明）,4582784162984,1762,0,2026-05,2026-06-01 06:54:33
2026-05-31,ロフト,ロフト262,（不明）,4582784166104,1762,0,2026-05,2026-06-01 06:54:33
2026-05-31,ロフト,ロフト262,（不明）,4582784166111,1762,0,2026-05,2026-06-01 06:54:33
2026-05-31,ロフト,ロフト262,（不明）,4582784166128,1762,0,2026-05,2026-06-01 06:54:33
2026-05-31,ロフト,ロフト262,（不明）,4582784166784,1762,0,2026-05,2026-06-01 06:54:33
2026-05-31,ロフト,ロフト262,（不明）,4582784166791,1762,1,2026-05,2026-06-01 06:54:33
2026-05-31,ロフト,ロフト263,（不明）,4560440431117,1036,0,2026-05,2026-06-01 06:54:33
2026-05-31,ロフト,ロフト263,（不明）,4560440431124,1036,1,2026-05,2026-06-01 06:54:33
2026-05-31,ロフト,ロフト263,（不明）,4560440431353,1016,0,2026-05,2026-06-01 06:54:33
2026-05-31,ロフト,ロフト263,（不明）,4560440431384,1036,0,2026-05,2026-06-01 06:54:33
2026-05-31,ロフト,ロフト263,（不明）,4560440431414,1016,3,2026-05,2026-06-01 06:54:33
2026-05-31,ロフト,ロフト263,（不明）,4560440431452,1036,0,2026-05,2026-06-01 06:54:33
2026-05-31,ロフト,ロフト263,（不明）,4560440431513,1015,3,2026-05,2026-06-01 06:54:33
2026-05-31,ロフト,ロフト263,（不明）,4560449970273,1762,1,2026-05,2026-06-01 06:54:33
2026-05-31,ロフト,ロフト263,（不明）,4560449970280,1762,0,2026-05,2026-06-01 06:54:33
2026-05-31,ロフト,ロフト263,（不明）,4560449979313,1110,5,2026-05,2026-06-01 06:54:33
2026-05-31,ロフト,ロフト263,（不明）,4560449979405,1110,0,2026-05,2026-06-01 06:54:33
2026-05-31,ロフト,ロフト263,（不明）,4560449979467,1762,1,2026-05,2026-06-01 06:54:33
2026-05-31,ロフト,ロフト263,（不明）,4560449979917,1110,6,2026-05,2026-06-01 06:54:33
2026-05-31,ロフト,ロフト263,（不明）,4560449979931,1110,0,2026-05,2026-06-01 06:54:33
2026-05-31,ロフト,ロフト263,（不明）,4560449982696,1110,2,2026-05,2026-06-01 06:54:33
2026-05-31,ロフト,ロフト263,（不明）,4560449982726,1110,0,2026-05,2026-06-01 06:54:33
2026-05-31,ロフト,ロフト263,（不明）,4573473052006,1013,1,2026-05,2026-06-01 06:54:33
2026-05-31,ロフト,ロフト263,（不明）,4573473052136,1013,6,2026-05,2026-06-01 06:54:33
2026-05-31,ロフト,ロフト263,（不明）,4573473052235,1035,0,2026-05,2026-06-01 06:54:33
2026-05-31,ロフト,ロフト263,（不明）,4573473052303,1029,0,2026-05,2026-06-01 06:54:33
2026-05-31,ロフト,ロフト263,（不明）,4573587350210,1762,2,2026-05,2026-06-01 06:54:33
2026-05-31,ロフト,ロフト263,（不明）,4573587350258,1762,1,2026-05,2026-06-01 06:54:33
2026-05-31,ロフト,ロフト263,（不明）,4573587350616,1762,0,2026-05,2026-06-01 06:54:33
2026-05-31,ロフト,ロフト263,（不明）,4573587350630,1762,0,2026-05,2026-06-01 06:54:33
2026-05-31,ロフト,ロフト263,（不明）,4573587350654,1762,0,2026-05,2026-06-01 06:54:33
2026-05-31,ロフト,ロフト263,（不明）,4573587350678,1762,1,2026-05,2026-06-01 06:54:33
2026-05-31,ロフト,ロフト263,（不明）,4573694000015,1110,0,2026-05,2026-06-01 06:54:33
2026-05-31,ロフト,ロフト263,（不明）,4573694000091,1097,0,2026-05,2026-06-01 06:54:33
2026-05-31,ロフト,ロフト263,（不明）,4580886250011,1013,1,2026-05,2026-06-01 06:54:33
2026-05-31,ロフト,ロフト263,（不明）,4582784162977,1762,2,2026-05,2026-06-01 06:54:33
2026-05-31,ロフト,ロフト263,（不明）,4582784162984,1762,0,2026-05,2026-06-01 06:54:33
2026-05-31,ロフト,ロフト263,（不明）,4582784166104,1762,0,2026-05,2026-06-01 06:54:33
2026-05-31,ロフト,ロフト263,（不明）,4582784166111,1762,1,2026-05,2026-06-01 06:54:33
2026-05-31,ロフト,ロフト263,（不明）,4582784166128,1762,0,2026-05,2026-06-01 06:54:33
2026-05-31,ロフト,ロフト263,（不明）,4582784166784,1762,0,2026-05,2026-06-01 06:54:33
2026-05-31,ロフト,ロフト263,（不明）,4582784166791,1762,1,2026-05,2026-06-01 06:54:33
2026-05-31,ロフト,ロフト263,（不明）,4595315976011,1222,0,2026-05,2026-06-01 06:54:33
2026-05-31,ロフト,ロフト263,（不明）,4595317659110,1013,2,2026-05,2026-06-01 06:54:33
2026-05-31,ロフト,ロフト263,（不明）,4595317659127,1013,2,2026-05,2026-06-01 06:54:33
2026-05-31,ロフト,ロフト263,（不明）,4595317659738,1013,5,2026-05,2026-06-01 06:54:33
2026-05-31,ロフト,ロフト263,（不明）,4595317659745,1013,4,2026-05,2026-06-01 06:54:33
2026-05-31,ロフト,ロフト263,（不明）,4595317659752,1013,7,2026-05,2026-06-01 06:54:33
2026-05-31,ロフト,ロフト263,（不明）,4595988311089,1220,0,2026-05,2026-06-01 06:54:33
2026-05-31,ロフト,ロフト263,（不明）,4595988311096,1220,0,2026-05,2026-06-01 06:54:33
2026-05-31,ロフト,ロフト263,（不明）,4595988311119,1220,0,2026-05,2026-06-01 06:54:33
2026-05-31,ロフト,ロフト265,（不明）,4560440431353,1016,3,2026-05,2026-06-01 06:54:33
2026-05-31,ロフト,ロフト265,（不明）,4560440431384,1036,2,2026-05,2026-06-01 06:54:33
2026-05-31,ロフト,ロフト265,（不明）,4560440431407,1016,3,2026-05,2026-06-01 06:54:33
2026-05-31,ロフト,ロフト265,（不明）,4560440431414,1016,5,2026-05,2026-06-01 06:54:33
2026-05-31,ロフト,ロフト265,（不明）,4560440431438,1016,5,2026-05,2026-06-01 06:54:33
2026-05-31,ロフト,ロフト265,（不明）,4560440431445,1016,1,2026-05,2026-06-01 06:54:33
2026-05-31,ロフト,ロフト265,（不明）,4560440431452,1036,0,2026-05,2026-06-01 06:54:33
2026-05-31,ロフト,ロフト265,（不明）,4560440431469,1016,1,2026-05,2026-06-01 06:54:33
2026-05-31,ロフト,ロフト265,（不明）,4560440431599,1034,11,2026-05,2026-06-01 06:54:33
2026-05-31,ロフト,ロフト265,（不明）,4560449970273,1762,3,2026-05,2026-06-01 06:54:33
2026-05-31,ロフト,ロフト265,（不明）,4560449970280,1762,2,2026-05,2026-06-01 06:54:33
2026-05-31,ロフト,ロフト265,（不明）,4560449979313,1110,17,2026-05,2026-06-01 06:54:33
2026-05-31,ロフト,ロフト265,（不明）,4560449979405,1110,0,2026-05,2026-06-01 06:54:33
2026-05-31,ロフト,ロフト265,（不明）,4560449979443,1762,5,2026-05,2026-06-01 06:54:33
2026-05-31,ロフト,ロフト265,（不明）,4560449979467,1762,1,2026-05,2026-06-01 06:54:33
2026-05-31,ロフト,ロフト265,（不明）,4560449979917,1110,12,2026-05,2026-06-01 06:54:33
2026-05-31,ロフト,ロフト265,（不明）,4560449979931,1110,2,2026-05,2026-06-01 06:54:33
2026-05-31,ロフト,ロフト265,（不明）,4560449982696,1110,1,2026-05,2026-06-01 06:54:33
2026-05-31,ロフト,ロフト265,（不明）,4560449982726,1110,0,2026-05,2026-06-01 06:54:33
2026-05-31,ロフト,ロフト265,（不明）,4573473052006,1013,1,2026-05,2026-06-01 06:54:33
2026-05-31,ロフト,ロフト265,（不明）,4573473052136,1013,24,2026-05,2026-06-01 06:54:33
2026-05-31,ロフト,ロフト265,（不明）,4573473052235,1035,3,2026-05,2026-06-01 06:54:33
2026-05-31,ロフト,ロフト265,（不明）,4573473052303,1029,0,2026-05,2026-06-01 06:54:33
2026-05-31,ロフト,ロフト265,（不明）,4573587350210,1762,1,2026-05,2026-06-01 06:54:33
2026-05-31,ロフト,ロフト265,（不明）,4573587350258,1762,1,2026-05,2026-06-01 06:54:33
2026-05-31,ロフト,ロフト265,（不明）,4573587350616,1762,2,2026-05,2026-06-01 06:54:33
2026-05-31,ロフト,ロフト265,（不明）,4573587350630,1762,0,2026-05,2026-06-01 06:54:33
2026-05-31,ロフト,ロフト265,（不明）,4573587350654,1762,1,2026-05,2026-06-01 06:54:33
2026-05-31,ロフト,ロフト265,（不明）,4573587350678,1762,0,2026-05,2026-06-01 06:54:33
2026-05-31,ロフト,ロフト265,（不明）,4573694000015,1110,0,2026-05,2026-06-01 06:54:33
2026-05-31,ロフト,ロフト265,（不明）,4573694000091,1097,2,2026-05,2026-06-01 06:54:33
2026-05-31,ロフト,ロフト265,（不明）,4580886250011,1013,3,2026-05,2026-06-01 06:54:33
2026-05-31,ロフト,ロフト265,（不明）,4582784162977,1762,0,2026-05,2026-06-01 06:54:33
2026-05-31,ロフト,ロフト265,（不明）,4582784162984,1762,0,2026-05,2026-06-01 06:54:33
2026-05-31,ロフト,ロフト265,（不明）,4582784163233,1762,1,2026-05,2026-06-01 06:54:33
2026-05-31,ロフト,ロフト265,（不明）,4582784163240,1762,0,2026-05,2026-06-01 06:54:33
2026-05-31,ロフト,ロフト265,（不明）,4582784166104,1762,0,2026-05,2026-06-01 06:54:33
2026-05-31,ロフト,ロフト265,（不明）,4582784166111,1762,1,2026-05,2026-06-01 06:54:33
2026-05-31,ロフト,ロフト265,（不明）,4582784166128,1762,1,2026-05,2026-06-01 06:54:33
2026-05-31,ロフト,ロフト265,（不明）,4582784166784,1762,0,2026-05,2026-06-01 06:54:33
2026-05-31,ロフト,ロフト265,（不明）,4582784166791,1762,2,2026-05,2026-06-01 06:54:33
2026-05-31,ロフト,ロフト265,（不明）,4595315976011,1222,1,2026-05,2026-06-01 06:54:33
2026-05-31,ロフト,ロフト265,（不明）,4595317659110,1013,1,2026-05,2026-06-01 06:54:33
2026-05-31,ロフト,ロフト265,（不明）,4595317659127,1013,1,2026-05,2026-06-01 06:54:33
2026-05-31,ロフト,ロフト265,（不明）,4595317659738,1013,5,2026-05,2026-06-01 06:54:33
2026-05-31,ロフト,ロフト265,（不明）,4595988311089,1220,3,2026-05,2026-06-01 06:54:33
2026-05-31,ロフト,ロフト265,（不明）,4595988311096,1220,1,2026-05,2026-06-01 06:54:33
2026-05-31,ロフト,ロフト265,（不明）,4595988311119,1220,3,2026-05,2026-06-01 06:54:33
2026-05-31,ロフト,ロフト265,（不明）,8809317963556,1723,5,2026-05,2026-06-01 06:54:33
2026-05-31,ロフト,ロフト265,（不明）,8809317967943,1723,4,2026-05,2026-06-01 06:54:33
2026-05-31,ロフト,ロフト265,（不明）,8809541199998,1723,5,2026-05,2026-06-01 06:54:33
2026-05-31,ロフト,ロフト265,（不明）,8809672176332,1266,1,2026-05,2026-06-01 06:54:33
2026-05-31,ロフト,ロフト265,（不明）,8809672176684,1250,2,2026-05,2026-06-01 06:54:33
2026-05-31,ロフト,ロフト265,（不明）,8809823390297,1723,4,2026-05,2026-06-01 06:54:33
2026-05-31,ロフト,ロフト265,（不明）,8809849807694,1092,0,2026-05,2026-06-01 06:54:33
2026-05-31,ロフト,ロフト265,（不明）,8809849808400,1092,0,2026-05,2026-06-01 06:54:33
2026-05-31,ロフト,ロフト265,（不明）,8809849808417,1092,0,2026-05,2026-06-01 06:54:33
2026-05-31,ロフト,ロフト265,（不明）,8809849808424,1092,0,2026-05,2026-06-01 06:54:33
2026-05-31,ロフト,ロフト268,（不明）,4560440431346,1016,2,2026-05,2026-06-01 06:54:33
2026-05-31,ロフト,ロフト268,（不明）,4560440431353,1016,4,2026-05,2026-06-01 06:54:33
2026-05-31,ロフト,ロフト268,（不明）,4560440431377,1036,2,2026-05,2026-06-01 06:54:33
2026-05-31,ロフト,ロフト268,（不明）,4560440431384,1036,1,2026-05,2026-06-01 06:54:33
2026-05-31,ロフト,ロフト268,（不明）,4560440431407,1016,2,2026-05,2026-06-01 06:54:33
2026-05-31,ロフト,ロフト268,（不明）,4560440431414,1016,6,2026-05,2026-06-01 06:54:33
2026-05-31,ロフト,ロフト268,（不明）,4560440431421,1016,0,2026-05,2026-06-01 06:54:33
2026-05-31,ロフト,ロフト268,（不明）,4560440431445,1016,2,2026-05,2026-06-01 06:54:33
2026-05-31,ロフト,ロフト268,（不明）,4560440431537,1015,3,2026-05,2026-06-01 06:54:33
2026-05-31,ロフト,ロフト268,（不明）,4560440431599,1034,17,2026-05,2026-06-01 06:54:33
2026-05-31,ロフト,ロフト268,（不明）,4560449970273,1762,1,2026-05,2026-06-01 06:54:33
2026-05-31,ロフト,ロフト268,（不明）,4560449970280,1762,0,2026-05,2026-06-01 06:54:33
2026-05-31,ロフト,ロフト268,（不明）,4560449979313,1110,10,2026-05,2026-06-01 06:54:33
2026-05-31,ロフト,ロフト268,（不明）,4560449979405,1110,2,2026-05,2026-06-01 06:54:33
2026-05-31,ロフト,ロフト268,（不明）,4560449979443,1762,0,2026-05,2026-06-01 06:54:33
2026-05-31,ロフト,ロフト268,（不明）,4560449979467,1762,1,2026-05,2026-06-01 06:54:33
2026-05-31,ロフト,ロフト268,（不明）,4560449979917,1110,10,2026-05,2026-06-01 06:54:33
2026-05-31,ロフト,ロフト268,（不明）,4560449979931,1110,3,2026-05,2026-06-01 06:54:33
2026-05-31,ロフト,ロフト268,（不明）,4560449982696,1110,2,2026-05,2026-06-01 06:54:33
2026-05-31,ロフト,ロフト268,（不明）,4573473052006,1013,3,2026-05,2026-06-01 06:54:33
2026-05-31,ロフト,ロフト268,（不明）,4573473052136,1013,5,2026-05,2026-06-01 06:54:33
2026-05-31,ロフト,ロフト268,（不明）,4573473052235,1035,0,2026-05,2026-06-01 06:54:33
2026-05-31,ロフト,ロフト268,（不明）,4573473052303,1029,1,2026-05,2026-06-01 06:54:33
2026-05-31,ロフト,ロフト268,（不明）,4573587350210,1762,1,2026-05,2026-06-01 06:54:33
2026-05-31,ロフト,ロフト268,（不明）,4573587350258,1762,0,2026-05,2026-06-01 06:54:33
2026-05-31,ロフト,ロフト268,（不明）,4573587350616,1762,2,2026-05,2026-06-01 06:54:33
2026-05-31,ロフト,ロフト268,（不明）,4573587350630,1762,0,2026-05,2026-06-01 06:54:33
2026-05-31,ロフト,ロフト268,（不明）,4573587350654,1762,1,2026-05,2026-06-01 06:54:33
2026-05-31,ロフト,ロフト268,（不明）,4573587350678,1762,0,2026-05,2026-06-01 06:54:33
2026-05-31,ロフト,ロフト268,（不明）,4573694000015,1110,5,2026-05,2026-06-01 06:54:33
2026-05-31,ロフト,ロフト268,（不明）,4573694002903,1110,5,2026-05,2026-06-01 06:54:33
2026-05-31,ロフト,ロフト268,（不明）,4580886250011,1013,1,2026-05,2026-06-01 06:54:33
2026-05-31,ロフト,ロフト268,（不明）,4582784162977,1762,0,2026-05,2026-06-01 06:54:33
2026-05-31,ロフト,ロフト268,（不明）,4582784162984,1762,0,2026-05,2026-06-01 06:54:33
2026-05-31,ロフト,ロフト268,（不明）,4582784163233,1762,1,2026-05,2026-06-01 06:54:33
2026-05-31,ロフト,ロフト268,（不明）,4582784166104,1762,0,2026-05,2026-06-01 06:54:33
2026-05-31,ロフト,ロフト268,（不明）,4582784166111,1762,0,2026-05,2026-06-01 06:54:33
2026-05-31,ロフト,ロフト268,（不明）,4582784166784,1762,0,2026-05,2026-06-01 06:54:33
2026-05-31,ロフト,ロフト268,（不明）,4582784166791,1762,0,2026-05,2026-06-01 06:54:33
2026-05-31,ロフト,ロフト268,（不明）,4595315976011,1222,2,2026-05,2026-06-01 06:54:33
2026-05-31,ロフト,ロフト268,（不明）,4595317659110,1013,2,2026-05,2026-06-01 06:54:33
2026-05-31,ロフト,ロフト268,（不明）,4595317659127,1013,3,2026-05,2026-06-01 06:54:33
2026-05-31,ロフト,ロフト268,（不明）,4595317659738,1013,7,2026-05,2026-06-01 06:54:33
2026-05-31,ロフト,ロフト268,（不明）,4595988311089,1220,1,2026-05,2026-06-01 06:54:33
2026-05-31,ロフト,ロフト268,（不明）,4595988311096,1220,0,2026-05,2026-06-01 06:54:33
2026-05-31,ロフト,ロフト268,（不明）,4595988311119,1220,0,2026-05,2026-06-01 06:54:33
2026-05-31,ロフト,ロフト268,（不明）,8809672176332,1266,3,2026-05,2026-06-01 06:54:33
2026-05-31,ロフト,ロフト268,（不明）,8809672176684,1250,1,2026-05,2026-06-01 06:54:33
2026-05-31,ロフト,ロフト269,（不明）,4560440431087,1016,0,2026-05,2026-06-01 06:54:33
2026-05-31,ロフト,ロフト269,（不明）,4560440431346,1016,3,2026-05,2026-06-01 06:54:33
2026-05-31,ロフト,ロフト269,（不明）,4560440431353,1016,3,2026-05,2026-06-01 06:54:33
2026-05-31,ロフト,ロフト269,（不明）,4560440431407,1016,1,2026-05,2026-06-01 06:54:33
2026-05-31,ロフト,ロフト269,（不明）,4560440431445,1016,5,2026-05,2026-06-01 06:54:33
2026-05-31,ロフト,ロフト269,（不明）,4560440431513,1015,5,2026-05,2026-06-01 06:54:33
2026-05-31,ロフト,ロフト269,（不明）,4560440431520,1015,0,2026-05,2026-06-01 06:54:33
2026-05-31,ロフト,ロフト269,（不明）,4560440431599,1034,2,2026-05,2026-06-01 06:54:33
2026-05-31,ロフト,ロフト269,（不明）,4560449979313,1110,4,2026-05,2026-06-01 06:54:33
2026-05-31,ロフト,ロフト269,（不明）,4560449979405,1110,1,2026-05,2026-06-01 06:54:33
2026-05-31,ロフト,ロフト269,（不明）,4560449979917,1110,4,2026-05,2026-06-01 06:54:33
2026-05-31,ロフト,ロフト269,（不明）,4560449979931,1110,0,2026-05,2026-06-01 06:54:33
2026-05-31,ロフト,ロフト269,（不明）,4560449982696,1110,0,2026-05,2026-06-01 06:54:33
2026-05-31,ロフト,ロフト269,（不明）,4560449982726,1110,0,2026-05,2026-06-01 06:54:33
2026-05-31,ロフト,ロフト269,（不明）,4573473052006,1013,1,2026-05,2026-06-01 06:54:33
2026-05-31,ロフト,ロフト269,（不明）,4573473052136,1013,15,2026-05,2026-06-01 06:54:33
2026-05-31,ロフト,ロフト269,（不明）,4573473052235,1035,0,2026-05,2026-06-01 06:54:33
2026-05-31,ロフト,ロフト269,（不明）,4573473052303,1029,1,2026-05,2026-06-01 06:54:33
2026-05-31,ロフト,ロフト269,（不明）,4573587350616,1762,0,2026-05,2026-06-01 06:54:33
2026-05-31,ロフト,ロフト269,（不明）,4573587350630,1762,0,2026-05,2026-06-01 06:54:33
2026-05-31,ロフト,ロフト269,（不明）,4573587350654,1762,2,2026-05,2026-06-01 06:54:33
2026-05-31,ロフト,ロフト269,（不明）,4573587350678,1762,1,2026-05,2026-06-01 06:54:33
2026-05-31,ロフト,ロフト269,（不明）,4573694002903,1110,1,2026-05,2026-06-01 06:54:33
2026-05-31,ロフト,ロフト269,（不明）,4573694002934,1110,0,2026-05,2026-06-01 06:54:33
2026-05-31,ロフト,ロフト269,（不明）,4580886250011,1013,1,2026-05,2026-06-01 06:54:33
2026-05-31,ロフト,ロフト269,（不明）,4582784162977,1762,1,2026-05,2026-06-01 06:54:33
2026-05-31,ロフト,ロフト269,（不明）,4582784162984,1762,0,2026-05,2026-06-01 06:54:33
2026-05-31,ロフト,ロフト269,（不明）,4582784166104,1762,0,2026-05,2026-06-01 06:54:33
2026-05-31,ロフト,ロフト269,（不明）,4582784166111,1762,0,2026-05,2026-06-01 06:54:33
2026-05-31,ロフト,ロフト269,（不明）,4582784166128,1762,2,2026-05,2026-06-01 06:54:33
2026-05-31,ロフト,ロフト270,（不明）,4560440431216,1015,0,2026-05,2026-06-01 06:54:33
2026-05-31,ロフト,ロフト270,（不明）,4560440431261,1015,0,2026-05,2026-06-01 06:54:33
2026-05-31,ロフト,ロフト270,（不明）,4560440431346,1016,1,2026-05,2026-06-01 06:54:33
2026-05-31,ロフト,ロフト270,（不明）,4560440431407,1016,0,2026-05,2026-06-01 06:54:33
2026-05-31,ロフト,ロフト270,（不明）,4560440431414,1016,3,2026-05,2026-06-01 06:54:33
2026-05-31,ロフト,ロフト270,（不明）,4560440431445,1016,2,2026-05,2026-06-01 06:54:33
2026-05-31,ロフト,ロフト270,（不明）,4560440431490,1015,0,2026-05,2026-06-01 06:54:33
2026-05-31,ロフト,ロフト270,（不明）,4560440431513,1015,1,2026-05,2026-06-01 06:54:33
2026-05-31,ロフト,ロフト270,（不明）,4560440431537,1015,1,2026-05,2026-06-01 06:54:33
2026-05-31,ロフト,ロフト270,（不明）,4560440431599,1034,9,2026-05,2026-06-01 06:54:33
2026-05-31,ロフト,ロフト270,（不明）,4560449979313,1110,2,2026-05,2026-06-01 06:54:33
2026-05-31,ロフト,ロフト270,（不明）,4560449979405,1110,0,2026-05,2026-06-01 06:54:33
2026-05-31,ロフト,ロフト270,（不明）,4560449979917,1110,7,2026-05,2026-06-01 06:54:33
2026-05-31,ロフト,ロフト270,（不明）,4560449979931,1110,1,2026-05,2026-06-01 06:54:33
2026-05-31,ロフト,ロフト270,（不明）,4560449982696,1110,0,2026-05,2026-06-01 06:54:33
2026-05-31,ロフト,ロフト270,（不明）,4560449982726,1110,0,2026-05,2026-06-01 06:54:33
2026-05-31,ロフト,ロフト270,（不明）,4573473052006,1013,0,2026-05,2026-06-01 06:54:33
2026-05-31,ロフト,ロフト270,（不明）,4573473052136,1013,3,2026-05,2026-06-01 06:54:33
2026-05-31,ロフト,ロフト270,（不明）,4573473052235,1035,0,2026-05,2026-06-01 06:54:33
2026-05-31,ロフト,ロフト270,（不明）,4573473052303,1029,1,2026-05,2026-06-01 06:54:33
2026-05-31,ロフト,ロフト270,（不明）,4573587350210,1762,0,2026-05,2026-06-01 06:54:33
2026-05-31,ロフト,ロフト270,（不明）,4573587350616,1762,1,2026-05,2026-06-01 06:54:33
2026-05-31,ロフト,ロフト270,（不明）,4573587350630,1762,0,2026-05,2026-06-01 06:54:33
2026-05-31,ロフト,ロフト270,（不明）,4573587350654,1762,1,2026-05,2026-06-01 06:54:33
2026-05-31,ロフト,ロフト270,（不明）,4573694002903,1110,1,2026-05,2026-06-01 06:54:33
2026-05-31,ロフト,ロフト270,（不明）,4580886250011,1013,1,2026-05,2026-06-01 06:54:33
2026-05-31,ロフト,ロフト270,（不明）,4582784162977,1762,0,2026-05,2026-06-01 06:54:33
2026-05-31,ロフト,ロフト270,（不明）,4582784162984,1762,0,2026-05,2026-06-01 06:54:33
2026-05-31,ロフト,ロフト270,（不明）,4582784166104,1762,0,2026-05,2026-06-01 06:54:33
2026-05-31,ロフト,ロフト270,（不明）,4582784166111,1762,0,2026-05,2026-06-01 06:54:33
2026-05-31,ロフト,ロフト270,（不明）,4582784166128,1762,1,2026-05,2026-06-01 06:54:33
2026-05-31,ロフト,ロフト270,（不明）,4582784166784,1762,0,2026-05,2026-06-01 06:54:33
2026-05-31,ロフト,ロフト270,（不明）,4582784166791,1762,0,2026-05,2026-06-01 06:54:33
2026-05-31,ロフト,ロフト270,（不明）,4595315976011,1222,0,2026-05,2026-06-01 06:54:33
2026-05-31,ロフト,ロフト270,（不明）,4595317659110,1013,4,2026-05,2026-06-01 06:54:33
2026-05-31,ロフト,ロフト270,（不明）,4595317659127,1013,1,2026-05,2026-06-01 06:54:33
2026-05-31,ロフト,ロフト270,（不明）,4595317659738,1013,1,2026-05,2026-06-01 06:54:33
2026-05-31,ロフト,ロフト270,（不明）,4595317659745,1013,7,2026-05,2026-06-01 06:54:33
2026-05-31,ロフト,ロフト270,（不明）,4595317659752,1013,11,2026-05,2026-06-01 06:54:33
2026-05-31,ロフト,ロフト271,（不明）,4560440431247,1015,0,2026-05,2026-06-01 06:54:33
2026-05-31,ロフト,ロフト271,（不明）,4560440431346,1016,1,2026-05,2026-06-01 06:54:33
2026-05-31,ロフト,ロフト271,（不明）,4560440431353,1016,7,2026-05,2026-06-01 06:54:33
2026-05-31,ロフト,ロフト271,（不明）,4560440431407,1016,6,2026-05,2026-06-01 06:54:33
2026-05-31,ロフト,ロフト271,（不明）,4560440431414,1016,9,2026-05,2026-06-01 06:54:33
2026-05-31,ロフト,ロフト271,（不明）,4560440431438,1016,4,2026-05,2026-06-01 06:54:33
2026-05-31,ロフト,ロフト271,（不明）,4560440431476,1015,0,2026-05,2026-06-01 06:54:33
2026-05-31,ロフト,ロフト271,（不明）,4560440431483,1015,1,2026-05,2026-06-01 06:54:33
2026-05-31,ロフト,ロフト271,（不明）,4560440431537,1015,1,2026-05,2026-06-01 06:54:33
2026-05-31,ロフト,ロフト271,（不明）,4560440431599,1034,7,2026-05,2026-06-01 06:54:33
2026-05-31,ロフト,ロフト271,（不明）,4560449970273,1762,0,2026-05,2026-06-01 06:54:33
2026-05-31,ロフト,ロフト271,（不明）,4560449970280,1762,1,2026-05,2026-06-01 06:54:33
2026-05-31,ロフト,ロフト271,（不明）,4560449979313,1110,5,2026-05,2026-06-01 06:54:33
2026-05-31,ロフト,ロフト271,（不明）,4560449979405,1110,1,2026-05,2026-06-01 06:54:33
2026-05-31,ロフト,ロフト271,（不明）,4560449979443,1762,2,2026-05,2026-06-01 06:54:33
2026-05-31,ロフト,ロフト271,（不明）,4560449979917,1110,4,2026-05,2026-06-01 06:54:33
2026-05-31,ロフト,ロフト271,（不明）,4560449979931,1110,0,2026-05,2026-06-01 06:54:33
2026-05-31,ロフト,ロフト271,（不明）,4560449982696,1110,1,2026-05,2026-06-01 06:54:33
2026-05-31,ロフト,ロフト271,（不明）,4560449982726,1110,0,2026-05,2026-06-01 06:54:33
2026-05-31,ロフト,ロフト271,（不明）,4573473052006,1013,2,2026-05,2026-06-01 06:54:33
2026-05-31,ロフト,ロフト271,（不明）,4573473052136,1013,9,2026-05,2026-06-01 06:54:33
2026-05-31,ロフト,ロフト271,（不明）,4573473052235,1035,1,2026-05,2026-06-01 06:54:33
2026-05-31,ロフト,ロフト271,（不明）,4573473052303,1029,0,2026-05,2026-06-01 06:54:33
2026-05-31,ロフト,ロフト271,（不明）,4573587350210,1762,0,2026-05,2026-06-01 06:54:33
2026-05-31,ロフト,ロフト271,（不明）,4573587350258,1762,0,2026-05,2026-06-01 06:54:33
2026-05-31,ロフト,ロフト271,（不明）,4573587350616,1762,0,2026-05,2026-06-01 06:54:33
2026-05-31,ロフト,ロフト271,（不明）,4573587350630,1762,0,2026-05,2026-06-01 06:54:33
2026-05-31,ロフト,ロフト271,（不明）,4573587350654,1762,1,2026-05,2026-06-01 06:54:33
2026-05-31,ロフト,ロフト271,（不明）,4573587350678,1762,0,2026-05,2026-06-01 06:54:33
2026-05-31,ロフト,ロフト271,（不明）,4573694000015,1110,0,2026-05,2026-06-01 06:54:33
2026-05-31,ロフト,ロフト271,（不明）,4573694002903,1110,0,2026-05,2026-06-01 06:54:33
2026-05-31,ロフト,ロフト271,（不明）,4573694002934,1110,0,2026-05,2026-06-01 06:54:33
2026-05-31,ロフト,ロフト271,（不明）,4580886250011,1013,0,2026-05,2026-06-01 06:54:33
2026-05-31,ロフト,ロフト271,（不明）,4582784162977,1762,0,2026-05,2026-06-01 06:54:33
2026-05-31,ロフト,ロフト271,（不明）,4582784162984,1762,0,2026-05,2026-06-01 06:54:33
2026-05-31,ロフト,ロフト271,（不明）,4582784166104,1762,0,2026-05,2026-06-01 06:54:33
2026-05-31,ロフト,ロフト271,（不明）,4582784166111,1762,2,2026-05,2026-06-01 06:54:33
2026-05-31,ロフト,ロフト271,（不明）,4582784166128,1762,2,2026-05,2026-06-01 06:54:33
2026-05-31,ロフト,ロフト271,（不明）,4582784166784,1762,1,2026-05,2026-06-01 06:54:33
2026-05-31,ロフト,ロフト271,（不明）,4582784166791,1762,2,2026-05,2026-06-01 06:54:33
2026-05-31,ロフト,ロフト271,（不明）,4595315976011,1222,0,2026-05,2026-06-01 06:54:33
2026-05-31,ロフト,ロフト271,（不明）,4595317659110,1013,2,2026-05,2026-06-01 06:54:33
2026-05-31,ロフト,ロフト271,（不明）,4595317659127,1013,1,2026-05,2026-06-01 06:54:33
2026-05-31,ロフト,ロフト271,（不明）,4595317659738,1013,0,2026-05,2026-06-01 06:54:33
2026-05-31,ロフト,ロフト271,（不明）,4595988311089,1220,1,2026-05,2026-06-01 06:54:33
2026-05-31,ロフト,ロフト271,（不明）,4595988311096,1220,0,2026-05,2026-06-01 06:54:33
2026-05-31,ロフト,ロフト271,（不明）,4595988311119,1220,2,2026-05,2026-06-01 06:54:33
2026-05-31,ロフト,ロフト271,（不明）,8809849808400,1092,0,2026-05,2026-06-01 06:54:33
2026-05-31,ロフト,ロフト271,（不明）,8809849808417,1092,0,2026-05,2026-06-01 06:54:33
2026-05-31,ロフト,ロフト271,（不明）,8809849808424,1092,0,2026-05,2026-06-01 06:54:33
2026-05-31,ロフト,ロフト272,（不明）,4560440431346,1016,1,2026-05,2026-06-01 06:54:33
2026-05-31,ロフト,ロフト272,（不明）,4560440431353,1016,0,2026-05,2026-06-01 06:54:33
2026-05-31,ロフト,ロフト272,（不明）,4560440431384,1036,4,2026-05,2026-06-01 06:54:33
2026-05-31,ロフト,ロフト272,（不明）,4560440431414,1016,3,2026-05,2026-06-01 06:54:33
2026-05-31,ロフト,ロフト272,（不明）,4560440431445,1016,2,2026-05,2026-06-01 06:54:33
2026-05-31,ロフト,ロフト272,（不明）,4560440431452,1036,0,2026-05,2026-06-01 06:54:33
2026-05-31,ロフト,ロフト272,（不明）,4560440431476,1015,0,2026-05,2026-06-01 06:54:33
2026-05-31,ロフト,ロフト272,（不明）,4560440431483,1015,2,2026-05,2026-06-01 06:54:33
2026-05-31,ロフト,ロフト272,（不明）,4560440431490,1015,0,2026-05,2026-06-01 06:54:33
2026-05-31,ロフト,ロフト272,（不明）,4560440431506,1015,1,2026-05,2026-06-01 06:54:33
2026-05-31,ロフト,ロフト272,（不明）,4560440431513,1015,2,2026-05,2026-06-01 06:54:33
2026-05-31,ロフト,ロフト272,（不明）,4560440431711,1034,2,2026-05,2026-06-01 06:54:33
2026-05-31,ロフト,ロフト272,（不明）,4560449970273,1762,0,2026-05,2026-06-01 06:54:33
2026-05-31,ロフト,ロフト272,（不明）,4560449970280,1762,1,2026-05,2026-06-01 06:54:33
2026-05-31,ロフト,ロフト272,（不明）,4560449979313,1110,13,2026-05,2026-06-01 06:54:33
2026-05-31,ロフト,ロフト272,（不明）,4560449979405,1110,0,2026-05,2026-06-01 06:54:33
2026-05-31,ロフト,ロフト272,（不明）,4560449979443,1762,1,2026-05,2026-06-01 06:54:33
2026-05-31,ロフト,ロフト272,（不明）,4560449979467,1762,0,2026-05,2026-06-01 06:54:33
2026-05-31,ロフト,ロフト272,（不明）,4560449979917,1110,9,2026-05,2026-06-01 06:54:33
2026-05-31,ロフト,ロフト272,（不明）,4560449979931,1110,1,2026-05,2026-06-01 06:54:33
2026-05-31,ロフト,ロフト272,（不明）,4560449982696,1110,0,2026-05,2026-06-01 06:54:33
2026-05-31,ロフト,ロフト272,（不明）,4560449982726,1110,0,2026-05,2026-06-01 06:54:33
2026-05-31,ロフト,ロフト272,（不明）,4573473052006,1013,1,2026-05,2026-06-01 06:54:33
2026-05-31,ロフト,ロフト272,（不明）,4573473052136,1013,11,2026-05,2026-06-01 06:54:33
2026-05-31,ロフト,ロフト272,（不明）,4573473052235,1035,1,2026-05,2026-06-01 06:54:33
2026-05-31,ロフト,ロフト272,（不明）,4573473052303,1029,0,2026-05,2026-06-01 06:54:33
2026-05-31,ロフト,ロフト272,（不明）,4573587350210,1762,0,2026-05,2026-06-01 06:54:33
2026-05-31,ロフト,ロフト272,（不明）,4573587350258,1762,1,2026-05,2026-06-01 06:54:33
2026-05-31,ロフト,ロフト272,（不明）,4573587350616,1762,3,2026-05,2026-06-01 06:54:33
2026-05-31,ロフト,ロフト272,（不明）,4573587350630,1762,0,2026-05,2026-06-01 06:54:33
2026-05-31,ロフト,ロフト272,（不明）,4573587350654,1762,2,2026-05,2026-06-01 06:54:33
2026-05-31,ロフト,ロフト272,（不明）,4573587350678,1762,0,2026-05,2026-06-01 06:54:33
2026-05-31,ロフト,ロフト272,（不明）,4573694000015,1110,8,2026-05,2026-06-01 06:54:33
2026-05-31,ロフト,ロフト272,（不明）,4573694000091,1097,3,2026-05,2026-06-01 06:54:33
2026-05-31,ロフト,ロフト272,（不明）,4580886250011,1013,4,2026-05,2026-06-01 06:54:33
2026-05-31,ロフト,ロフト272,（不明）,4582784162977,1762,0,2026-05,2026-06-01 06:54:33
2026-05-31,ロフト,ロフト272,（不明）,4582784162984,1762,1,2026-05,2026-06-01 06:54:33
2026-05-31,ロフト,ロフト272,（不明）,4582784163233,1762,1,2026-05,2026-06-01 06:54:33
2026-05-31,ロフト,ロフト272,（不明）,4582784163240,1762,0,2026-05,2026-06-01 06:54:33
2026-05-31,ロフト,ロフト272,（不明）,4582784166104,1762,0,2026-05,2026-06-01 06:54:33
2026-05-31,ロフト,ロフト272,（不明）,4582784166111,1762,0,2026-05,2026-06-01 06:54:33
2026-05-31,ロフト,ロフト272,（不明）,4582784166128,1762,0,2026-05,2026-06-01 06:54:33
2026-05-31,ロフト,ロフト272,（不明）,4582784166784,1762,1,2026-05,2026-06-01 06:54:33
2026-05-31,ロフト,ロフト272,（不明）,4582784166791,1762,0,2026-05,2026-06-01 06:54:33
2026-05-31,ロフト,ロフト272,（不明）,4595315976011,1222,0,2026-05,2026-06-01 06:54:33
2026-05-31,ロフト,ロフト272,（不明）,4595317659110,1013,8,2026-05,2026-06-01 06:54:33
2026-05-31,ロフト,ロフト272,（不明）,4595317659127,1013,5,2026-05,2026-06-01 06:54:33
2026-05-31,ロフト,ロフト272,（不明）,4595317659738,1013,9,2026-05,2026-06-01 06:54:33
2026-05-31,ロフト,ロフト272,（不明）,4595317659745,1013,9,2026-05,2026-06-01 06:54:33
2026-05-31,ロフト,ロフト272,（不明）,4595317659752,1013,14,2026-05,2026-06-01 06:54:33
2026-05-31,ロフト,ロフト272,（不明）,4595988311089,1220,2,2026-05,2026-06-01 06:54:33
2026-05-31,ロフト,ロフト272,（不明）,4595988311096,1220,0,2026-05,2026-06-01 06:54:33
2026-05-31,ロフト,ロフト272,（不明）,4595988311119,1220,1,2026-05,2026-06-01 06:54:33
2026-05-31,ロフト,ロフト272,（不明）,8809317963556,1723,1,2026-05,2026-06-01 06:54:33
2026-05-31,ロフト,ロフト272,（不明）,8809317967943,1723,2,2026-05,2026-06-01 06:54:33
2026-05-31,ロフト,ロフト272,（不明）,8809541199998,1723,1,2026-05,2026-06-01 06:54:33
2026-05-31,ロフト,ロフト272,（不明）,8809672176332,1266,0,2026-05,2026-06-01 06:54:33
2026-05-31,ロフト,ロフト272,（不明）,8809672176684,1250,4,2026-05,2026-06-01 06:54:33
2026-05-31,ロフト,ロフト272,（不明）,8809823390297,1723,0,2026-05,2026-06-01 06:54:33
2026-05-31,ロフト,ロフト272,（不明）,8809849808400,1092,0,2026-05,2026-06-01 06:54:33
2026-05-31,ロフト,ロフト272,（不明）,8809849808424,1092,2,2026-05,2026-06-01 06:54:33
2026-05-31,ロフト,ロフト273,（不明）,4560440431179,1016,2,2026-05,2026-06-01 06:54:33
2026-05-31,ロフト,ロフト273,（不明）,4560440431407,1016,1,2026-05,2026-06-01 06:54:33
2026-05-31,ロフト,ロフト273,（不明）,4560440431414,1016,2,2026-05,2026-06-01 06:54:33
2026-05-31,ロフト,ロフト273,（不明）,4560440431438,1016,1,2026-05,2026-06-01 06:54:33
2026-05-31,ロフト,ロフト273,（不明）,4560440431445,1016,1,2026-05,2026-06-01 06:54:33
2026-05-31,ロフト,ロフト273,（不明）,4560440431599,1034,1,2026-05,2026-06-01 06:54:33
2026-05-31,ロフト,ロフト273,（不明）,4560440431735,1034,0,2026-05,2026-06-01 06:54:33
2026-05-31,ロフト,ロフト273,（不明）,4560449970273,1762,2,2026-05,2026-06-01 06:54:33
2026-05-31,ロフト,ロフト273,（不明）,4560449970280,1762,1,2026-05,2026-06-01 06:54:33
2026-05-31,ロフト,ロフト273,（不明）,4560449979313,1110,8,2026-05,2026-06-01 06:54:33
2026-05-31,ロフト,ロフト273,（不明）,4560449979405,1110,0,2026-05,2026-06-01 06:54:33
2026-05-31,ロフト,ロフト273,（不明）,4560449979443,1762,1,2026-05,2026-06-01 06:54:33
2026-05-31,ロフト,ロフト273,（不明）,4560449979467,1762,1,2026-05,2026-06-01 06:54:33
2026-05-31,ロフト,ロフト273,（不明）,4560449979917,1110,11,2026-05,2026-06-01 06:54:33
2026-05-31,ロフト,ロフト273,（不明）,4560449979931,1110,0,2026-05,2026-06-01 06:54:33
2026-05-31,ロフト,ロフト273,（不明）,4560449982696,1110,0,2026-05,2026-06-01 06:54:33
2026-05-31,ロフト,ロフト273,（不明）,4560449982726,1110,0,2026-05,2026-06-01 06:54:33
2026-05-31,ロフト,ロフト273,（不明）,4573473052006,1013,1,2026-05,2026-06-01 06:54:33
2026-05-31,ロフト,ロフト273,（不明）,4573473052136,1013,2,2026-05,2026-06-01 06:54:33
2026-05-31,ロフト,ロフト273,（不明）,4573473052235,1035,0,2026-05,2026-06-01 06:54:33
2026-05-31,ロフト,ロフト273,（不明）,4573473052303,1029,1,2026-05,2026-06-01 06:54:33
2026-05-31,ロフト,ロフト273,（不明）,4573587350210,1762,1,2026-05,2026-06-01 06:54:33
2026-05-31,ロフト,ロフト273,（不明）,4573587350258,1762,0,2026-05,2026-06-01 06:54:33
2026-05-31,ロフト,ロフト273,（不明）,4573587350616,1762,1,2026-05,2026-06-01 06:54:33
2026-05-31,ロフト,ロフト273,（不明）,4573587350630,1762,1,2026-05,2026-06-01 06:54:33
2026-05-31,ロフト,ロフト273,（不明）,4573587350654,1762,0,2026-05,2026-06-01 06:54:33
2026-05-31,ロフト,ロフト273,（不明）,4573587350678,1762,0,2026-05,2026-06-01 06:54:33
2026-05-31,ロフト,ロフト273,（不明）,4573694000015,1110,1,2026-05,2026-06-01 06:54:33
2026-05-31,ロフト,ロフト273,（不明）,4573694002903,1110,2,2026-05,2026-06-01 06:54:33
2026-05-31,ロフト,ロフト273,（不明）,4573694002934,1110,0,2026-05,2026-06-01 06:54:33
2026-05-31,ロフト,ロフト273,（不明）,4580886250011,1013,1,2026-05,2026-06-01 06:54:33
2026-05-31,ロフト,ロフト273,（不明）,4582784162977,1762,0,2026-05,2026-06-01 06:54:33
2026-05-31,ロフト,ロフト273,（不明）,4582784162984,1762,0,2026-05,2026-06-01 06:54:33
2026-05-31,ロフト,ロフト273,（不明）,4582784166104,1762,0,2026-05,2026-06-01 06:54:33
2026-05-31,ロフト,ロフト273,（不明）,4582784166111,1762,0,2026-05,2026-06-01 06:54:33
2026-05-31,ロフト,ロフト273,（不明）,4582784166128,1762,1,2026-05,2026-06-01 06:54:33
2026-05-31,ロフト,ロフト273,（不明）,4582784166784,1762,1,2026-05,2026-06-01 06:54:33
2026-05-31,ロフト,ロフト273,（不明）,4582784166791,1762,0,2026-05,2026-06-01 06:54:33
2026-05-31,ロフト,ロフト273,（不明）,4595315976011,1222,3,2026-05,2026-06-01 06:54:33
2026-05-31,ロフト,ロフト273,（不明）,4595317659110,1013,0,2026-05,2026-06-01 06:54:33
2026-05-31,ロフト,ロフト273,（不明）,4595317659127,1013,0,2026-05,2026-06-01 06:54:33
2026-05-31,ロフト,ロフト273,（不明）,4595317659738,1013,0,2026-05,2026-06-01 06:54:33
2026-05-31,ロフト,ロフト273,（不明）,4595317659745,1013,1,2026-05,2026-06-01 06:54:33
2026-05-31,ロフト,ロフト273,（不明）,4595317659752,1013,4,2026-05,2026-06-01 06:54:33
2026-05-31,ロフト,ロフト273,（不明）,8809317963556,1723,1,2026-05,2026-06-01 06:54:33
2026-05-31,ロフト,ロフト273,（不明）,8809317967943,1723,1,2026-05,2026-06-01 06:54:33
2026-05-31,ロフト,ロフト273,（不明）,8809541199998,1723,0,2026-05,2026-06-01 06:54:33
2026-05-31,ロフト,ロフト273,（不明）,8809823390297,1723,3,2026-05,2026-06-01 06:54:33
2026-05-31,ロフト,ロフト274,（不明）,4560440431346,1016,0,2026-05,2026-06-01 06:54:33
2026-05-31,ロフト,ロフト274,（不明）,4560440431414,1016,2,2026-05,2026-06-01 06:54:33
2026-05-31,ロフト,ロフト274,（不明）,4560440431513,1015,1,2026-05,2026-06-01 06:54:33
2026-05-31,ロフト,ロフト274,（不明）,4560440431537,1015,0,2026-05,2026-06-01 06:54:33
2026-05-31,ロフト,ロフト274,（不明）,4560440431599,1034,10,2026-05,2026-06-01 06:54:33
2026-05-31,ロフト,ロフト274,（不明）,4560440431742,1034,0,2026-05,2026-06-01 06:54:33
2026-05-31,ロフト,ロフト274,（不明）,4560449979313,1110,9,2026-05,2026-06-01 06:54:33
2026-05-31,ロフト,ロフト274,（不明）,4560449979405,1110,2,2026-05,2026-06-01 06:54:33
2026-05-31,ロフト,ロフト274,（不明）,4560449979917,1110,9,2026-05,2026-06-01 06:54:33
2026-05-31,ロフト,ロフト274,（不明）,4560449979931,1110,2,2026-05,2026-06-01 06:54:33
2026-05-31,ロフト,ロフト274,（不明）,4560449982696,1110,0,2026-05,2026-06-01 06:54:33
2026-05-31,ロフト,ロフト274,（不明）,4560449982726,1110,0,2026-05,2026-06-01 06:54:33
2026-05-31,ロフト,ロフト274,（不明）,4573473052006,1013,1,2026-05,2026-06-01 06:54:33
2026-05-31,ロフト,ロフト274,（不明）,4573473052136,1013,5,2026-05,2026-06-01 06:54:33
2026-05-31,ロフト,ロフト274,（不明）,4573473052235,1035,0,2026-05,2026-06-01 06:54:33
2026-05-31,ロフト,ロフト274,（不明）,4573473052303,1029,0,2026-05,2026-06-01 06:54:33
2026-05-31,ロフト,ロフト274,（不明）,4573587350210,1762,0,2026-05,2026-06-01 06:54:33
2026-05-31,ロフト,ロフト274,（不明）,4573587350258,1762,2,2026-05,2026-06-01 06:54:33
2026-05-31,ロフト,ロフト274,（不明）,4573587350616,1762,1,2026-05,2026-06-01 06:54:33
2026-05-31,ロフト,ロフト274,（不明）,4573587350630,1762,0,2026-05,2026-06-01 06:54:33
2026-05-31,ロフト,ロフト274,（不明）,4573587350654,1762,0,2026-05,2026-06-01 06:54:33
2026-05-31,ロフト,ロフト274,（不明）,4573587350678,1762,1,2026-05,2026-06-01 06:54:33
2026-05-31,ロフト,ロフト274,（不明）,4573587353105,1647,0,2026-05,2026-06-01 06:54:33
2026-05-31,ロフト,ロフト274,（不明）,4573694002903,1110,3,2026-05,2026-06-01 06:54:33
2026-05-31,ロフト,ロフト274,（不明）,4573694002934,1110,0,2026-05,2026-06-01 06:54:33
2026-05-31,ロフト,ロフト274,（不明）,4582784162977,1762,0,2026-05,2026-06-01 06:54:33
2026-05-31,ロフト,ロフト274,（不明）,4582784162984,1762,0,2026-05,2026-06-01 06:54:33
2026-05-31,ロフト,ロフト274,（不明）,4582784166104,1762,1,2026-05,2026-06-01 06:54:33
2026-05-31,ロフト,ロフト274,（不明）,4582784166111,1762,2,2026-05,2026-06-01 06:54:33
2026-05-31,ロフト,ロフト274,（不明）,4582784166128,1762,0,2026-05,2026-06-01 06:54:33
2026-05-31,ロフト,ロフト274,（不明）,4582784166784,1762,2,2026-05,2026-06-01 06:54:33
2026-05-31,ロフト,ロフト274,（不明）,4582784166791,1762,0,2026-05,2026-06-01 06:54:33
2026-05-31,ロフト,ロフト274,（不明）,4595315976011,1222,0,2026-05,2026-06-01 06:54:33
2026-05-31,ロフト,ロフト275,（不明）,4560440431223,1015,0,2026-05,2026-06-01 06:54:33
2026-05-31,ロフト,ロフト275,（不明）,4560440431353,1016,2,2026-05,2026-06-01 06:54:33
2026-05-31,ロフト,ロフト275,（不明）,4560440431407,1016,0,2026-05,2026-06-01 06:54:33
2026-05-31,ロフト,ロフト275,（不明）,4560440431438,1016,0,2026-05,2026-06-01 06:54:33
2026-05-31,ロフト,ロフト275,（不明）,4560440431452,1036,0,2026-05,2026-06-01 06:54:33
2026-05-31,ロフト,ロフト275,（不明）,4560440431469,1016,0,2026-05,2026-06-01 06:54:33
2026-05-31,ロフト,ロフト275,（不明）,4560440431476,1015,0,2026-05,2026-06-01 06:54:33
2026-05-31,ロフト,ロフト275,（不明）,4560440431506,1015,2,2026-05,2026-06-01 06:54:33
2026-05-31,ロフト,ロフト275,（不明）,4560440431513,1015,1,2026-05,2026-06-01 06:54:33
2026-05-31,ロフト,ロフト275,（不明）,4560440431520,1015,0,2026-05,2026-06-01 06:54:33
2026-05-31,ロフト,ロフト275,（不明）,4560440431599,1034,14,2026-05,2026-06-01 06:54:33
2026-05-31,ロフト,ロフト275,（不明）,4560440431735,1034,0,2026-05,2026-06-01 06:54:33
2026-05-31,ロフト,ロフト275,（不明）,4560449979313,1110,4,2026-05,2026-06-01 06:54:33
2026-05-31,ロフト,ロフト275,（不明）,4560449979405,1110,1,2026-05,2026-06-01 06:54:33
2026-05-31,ロフト,ロフト275,（不明）,4560449979917,1110,9,2026-05,2026-06-01 06:54:33
2026-05-31,ロフト,ロフト275,（不明）,4560449979931,1110,1,2026-05,2026-06-01 06:54:33
2026-05-31,ロフト,ロフト275,（不明）,4560449982696,1110,0,2026-05,2026-06-01 06:54:33
2026-05-31,ロフト,ロフト275,（不明）,4560449982726,1110,0,2026-05,2026-06-01 06:54:33
2026-05-31,ロフト,ロフト275,（不明）,4573473052006,1013,2,2026-05,2026-06-01 06:54:33
2026-05-31,ロフト,ロフト275,（不明）,4573473052136,1013,8,2026-05,2026-06-01 06:54:33
2026-05-31,ロフト,ロフト275,（不明）,4573473052235,1035,1,2026-05,2026-06-01 06:54:33
2026-05-31,ロフト,ロフト275,（不明）,4573473052303,1029,0,2026-05,2026-06-01 06:54:33
2026-05-31,ロフト,ロフト275,（不明）,4573587350210,1762,1,2026-05,2026-06-01 06:54:33
2026-05-31,ロフト,ロフト275,（不明）,4573587350258,1762,0,2026-05,2026-06-01 06:54:33
2026-05-31,ロフト,ロフト275,（不明）,4573587350616,1762,1,2026-05,2026-06-01 06:54:33
2026-05-31,ロフト,ロフト275,（不明）,4573587350630,1762,0,2026-05,2026-06-01 06:54:33
2026-05-31,ロフト,ロフト275,（不明）,4573587350654,1762,0,2026-05,2026-06-01 06:54:33
2026-05-31,ロフト,ロフト275,（不明）,4573587350678,1762,0,2026-05,2026-06-01 06:54:33
2026-05-31,ロフト,ロフト275,（不明）,4573694002903,1110,1,2026-05,2026-06-01 06:54:33
2026-05-31,ロフト,ロフト275,（不明）,4573694002934,1110,0,2026-05,2026-06-01 06:54:33
2026-05-31,ロフト,ロフト275,（不明）,4580886250011,1013,1,2026-05,2026-06-01 06:54:33
2026-05-31,ロフト,ロフト275,（不明）,4582784162977,1762,0,2026-05,2026-06-01 06:54:33
2026-05-31,ロフト,ロフト275,（不明）,4582784162984,1762,1,2026-05,2026-06-01 06:54:33
2026-05-31,ロフト,ロフト275,（不明）,4582784166104,1762,0,2026-05,2026-06-01 06:54:33
2026-05-31,ロフト,ロフト275,（不明）,4582784166111,1762,0,2026-05,2026-06-01 06:54:33
2026-05-31,ロフト,ロフト275,（不明）,4582784166128,1762,1,2026-05,2026-06-01 06:54:33
2026-05-31,ロフト,ロフト275,（不明）,4582784166784,1762,1,2026-05,2026-06-01 06:54:33
2026-05-31,ロフト,ロフト275,（不明）,4582784166791,1762,0,2026-05,2026-06-01 06:54:33
2026-05-31,ロフト,ロフト275,（不明）,4595317659110,1013,1,2026-05,2026-06-01 06:54:33
2026-05-31,ロフト,ロフト275,（不明）,4595317659127,1013,1,2026-05,2026-06-01 06:54:33
2026-05-31,ロフト,ロフト275,（不明）,4595317659738,1013,2,2026-05,2026-06-01 06:54:33
2026-05-31,ロフト,ロフト275,（不明）,4595317659745,1013,8,2026-05,2026-06-01 06:54:33
2026-05-31,ロフト,ロフト275,（不明）,4595317659752,1013,12,2026-05,2026-06-01 06:54:33
2026-05-31,ロフト,ロフト275,（不明）,8809317963556,1723,1,2026-05,2026-06-01 06:54:33
2026-05-31,ロフト,ロフト275,（不明）,8809317967943,1723,1,2026-05,2026-06-01 06:54:33
2026-05-31,ロフト,ロフト275,（不明）,8809541199998,1723,2,2026-05,2026-06-01 06:54:33
2026-05-31,ロフト,ロフト275,（不明）,8809823390297,1723,1,2026-05,2026-06-01 06:54:33
2026-05-31,ロフト,ロフト277,（不明）,4560440431087,1016,2,2026-05,2026-06-01 06:54:33
2026-05-31,ロフト,ロフト277,（不明）,4560440431353,1016,3,2026-05,2026-06-01 06:54:33
2026-05-31,ロフト,ロフト277,（不明）,4560440431384,1036,3,2026-05,2026-06-01 06:54:33
2026-05-31,ロフト,ロフト277,（不明）,4560440431438,1016,2,2026-05,2026-06-01 06:54:33
2026-05-31,ロフト,ロフト277,（不明）,4560440431445,1016,0,2026-05,2026-06-01 06:54:33
2026-05-31,ロフト,ロフト277,（不明）,4560440431452,1036,0,2026-05,2026-06-01 06:54:33
2026-05-31,ロフト,ロフト277,（不明）,4560440431469,1016,0,2026-05,2026-06-01 06:54:33
2026-05-31,ロフト,ロフト277,（不明）,4560440431506,1015,0,2026-05,2026-06-01 06:54:33
2026-05-31,ロフト,ロフト277,（不明）,4560440431599,1034,10,2026-05,2026-06-01 06:54:33
2026-05-31,ロフト,ロフト277,（不明）,4560449979313,1110,3,2026-05,2026-06-01 06:54:33
2026-05-31,ロフト,ロフト277,（不明）,4560449979405,1110,1,2026-05,2026-06-01 06:54:33
2026-05-31,ロフト,ロフト277,（不明）,4560449979917,1110,8,2026-05,2026-06-01 06:54:33
2026-05-31,ロフト,ロフト277,（不明）,4560449979931,1110,0,2026-05,2026-06-01 06:54:33
2026-05-31,ロフト,ロフト277,（不明）,4560449982696,1110,0,2026-05,2026-06-01 06:54:33
2026-05-31,ロフト,ロフト277,（不明）,4560449982726,1110,1,2026-05,2026-06-01 06:54:33
2026-05-31,ロフト,ロフト277,（不明）,4573587350210,1762,1,2026-05,2026-06-01 06:54:33
2026-05-31,ロフト,ロフト277,（不明）,4573587350258,1762,1,2026-05,2026-06-01 06:54:33
2026-05-31,ロフト,ロフト277,（不明）,4573587350616,1762,1,2026-05,2026-06-01 06:54:33
2026-05-31,ロフト,ロフト277,（不明）,4573587350630,1762,0,2026-05,2026-06-01 06:54:33
2026-05-31,ロフト,ロフト277,（不明）,4573587350654,1762,1,2026-05,2026-06-01 06:54:33
2026-05-31,ロフト,ロフト277,（不明）,4573587350678,1762,0,2026-05,2026-06-01 06:54:33
2026-05-31,ロフト,ロフト277,（不明）,4573694000015,1110,1,2026-05,2026-06-01 06:54:33
2026-05-31,ロフト,ロフト277,（不明）,4573694002903,1110,5,2026-05,2026-06-01 06:54:33
2026-05-31,ロフト,ロフト277,（不明）,4573694002934,1110,1,2026-05,2026-06-01 06:54:33
2026-05-31,ロフト,ロフト277,（不明）,4580886250011,1013,1,2026-05,2026-06-01 06:54:33
2026-05-31,ロフト,ロフト277,（不明）,4582784162977,1762,0,2026-05,2026-06-01 06:54:33
2026-05-31,ロフト,ロフト277,（不明）,4582784162984,1762,0,2026-05,2026-06-01 06:54:33
2026-05-31,ロフト,ロフト277,（不明）,4582784166104,1762,0,2026-05,2026-06-01 06:54:33
2026-05-31,ロフト,ロフト277,（不明）,4582784166111,1762,0,2026-05,2026-06-01 06:54:33
2026-05-31,ロフト,ロフト277,（不明）,4582784166128,1762,0,2026-05,2026-06-01 06:54:33
2026-05-31,ロフト,ロフト277,（不明）,4582784166784,1762,0,2026-05,2026-06-01 06:54:33
2026-05-31,ロフト,ロフト277,（不明）,4582784166791,1762,0,2026-05,2026-06-01 06:54:33
2026-05-31,ロフト,ロフト277,（不明）,4595315976011,1222,0,2026-05,2026-06-01 06:54:33
2026-05-31,ロフト,ロフト277,（不明）,4595988311089,1220,0,2026-05,2026-06-01 06:54:33
2026-05-31,ロフト,ロフト277,（不明）,4595988311096,1220,0,2026-05,2026-06-01 06:54:33
2026-05-31,ロフト,ロフト277,（不明）,4595988311119,1220,0,2026-05,2026-06-01 06:54:33
2026-05-31,ロフト,ロフト278,（不明）,4560440431131,1036,0,2026-05,2026-06-01 06:54:33
2026-05-31,ロフト,ロフト278,（不明）,4560440431339,1034,0,2026-05,2026-06-01 06:54:33
2026-05-31,ロフト,ロフト278,（不明）,4560440431353,1016,1,2026-05,2026-06-01 06:54:33
2026-05-31,ロフト,ロフト278,（不明）,4560440431407,1016,4,2026-05,2026-06-01 06:54:33
2026-05-31,ロフト,ロフト278,（不明）,4560440431414,1016,1,2026-05,2026-06-01 06:54:33
2026-05-31,ロフト,ロフト278,（不明）,4560440431438,1016,3,2026-05,2026-06-01 06:54:33
2026-05-31,ロフト,ロフト278,（不明）,4560440431452,1036,2,2026-05,2026-06-01 06:54:33
2026-05-31,ロフト,ロフト278,（不明）,4560440431476,1015,0,2026-05,2026-06-01 06:54:33
2026-05-31,ロフト,ロフト278,（不明）,4560440431490,1015,0,2026-05,2026-06-01 06:54:33
2026-05-31,ロフト,ロフト278,（不明）,4560440431513,1015,0,2026-05,2026-06-01 06:54:33
2026-05-31,ロフト,ロフト278,（不明）,4560440431599,1034,9,2026-05,2026-06-01 06:54:33
2026-05-31,ロフト,ロフト278,（不明）,4560449979313,1110,0,2026-05,2026-06-01 06:54:33
2026-05-31,ロフト,ロフト278,（不明）,4560449979405,1110,0,2026-05,2026-06-01 06:54:33
2026-05-31,ロフト,ロフト278,（不明）,4560449979917,1110,6,2026-05,2026-06-01 06:54:33
2026-05-31,ロフト,ロフト278,（不明）,4560449979931,1110,3,2026-05,2026-06-01 06:54:33
2026-05-31,ロフト,ロフト278,（不明）,4560449982696,1110,0,2026-05,2026-06-01 06:54:33
2026-05-31,ロフト,ロフト278,（不明）,4560449982726,1110,0,2026-05,2026-06-01 06:54:33
2026-05-31,ロフト,ロフト278,（不明）,4573473052006,1013,2,2026-05,2026-06-01 06:54:33
2026-05-31,ロフト,ロフト278,（不明）,4573473052136,1013,5,2026-05,2026-06-01 06:54:33
2026-05-31,ロフト,ロフト278,（不明）,4573473052235,1035,0,2026-05,2026-06-01 06:54:33
2026-05-31,ロフト,ロフト278,（不明）,4573473052303,1029,2,2026-05,2026-06-01 06:54:33
2026-05-31,ロフト,ロフト278,（不明）,4573587350210,1762,0,2026-05,2026-06-01 06:54:33
2026-05-31,ロフト,ロフト278,（不明）,4573587350258,1762,0,2026-05,2026-06-01 06:54:33
2026-05-31,ロフト,ロフト278,（不明）,4573587350616,1762,0,2026-05,2026-06-01 06:54:33
2026-05-31,ロフト,ロフト278,（不明）,4573587350630,1762,1,2026-05,2026-06-01 06:54:33
2026-05-31,ロフト,ロフト278,（不明）,4573587350654,1762,0,2026-05,2026-06-01 06:54:33
2026-05-31,ロフト,ロフト278,（不明）,4573587350678,1762,0,2026-05,2026-06-01 06:54:33
2026-05-31,ロフト,ロフト278,（不明）,4573694002903,1110,2,2026-05,2026-06-01 06:54:33
2026-05-31,ロフト,ロフト278,（不明）,4573694002934,1110,1,2026-05,2026-06-01 06:54:33
2026-05-31,ロフト,ロフト278,（不明）,4580886250011,1013,2,2026-05,2026-06-01 06:54:33
2026-05-31,ロフト,ロフト278,（不明）,4582784162977,1762,0,2026-05,2026-06-01 06:54:33
2026-05-31,ロフト,ロフト278,（不明）,4582784162984,1762,0,2026-05,2026-06-01 06:54:33
2026-05-31,ロフト,ロフト278,（不明）,4582784166104,1762,0,2026-05,2026-06-01 06:54:33
2026-05-31,ロフト,ロフト278,（不明）,4582784166111,1762,0,2026-05,2026-06-01 06:54:33
2026-05-31,ロフト,ロフト278,（不明）,4582784166128,1762,3,2026-05,2026-06-01 06:54:33
2026-05-31,ロフト,ロフト278,（不明）,4595317659110,1013,0,2026-05,2026-06-01 06:54:33
2026-05-31,ロフト,ロフト278,（不明）,4595317659127,1013,0,2026-05,2026-06-01 06:54:33
2026-05-31,ロフト,ロフト278,（不明）,4595317659738,1013,2,2026-05,2026-06-01 06:54:33
2026-05-31,ロフト,ロフト278,（不明）,4595317659745,1013,3,2026-05,2026-06-01 06:54:33
2026-05-31,ロフト,ロフト278,（不明）,8809849807694,1092,0,2026-05,2026-06-01 06:54:33
2026-05-31,ロフト,ロフト278,（不明）,8809849808400,1092,0,2026-05,2026-06-01 06:54:33
2026-05-31,ロフト,ロフト278,（不明）,8809849808417,1092,0,2026-05,2026-06-01 06:54:33
2026-05-31,ロフト,ロフト278,（不明）,8809849808424,1092,1,2026-05,2026-06-01 06:54:33
2026-05-31,ロフト,ロフト279,（不明）,4560440431087,1016,2,2026-05,2026-06-01 06:54:33
2026-05-31,ロフト,ロフト279,（不明）,4560440431353,1016,1,2026-05,2026-06-01 06:54:33
2026-05-31,ロフト,ロフト279,（不明）,4560440431377,1036,2,2026-05,2026-06-01 06:54:33
2026-05-31,ロフト,ロフト279,（不明）,4560440431407,1016,2,2026-05,2026-06-01 06:54:33
2026-05-31,ロフト,ロフト279,（不明）,4560440431414,1016,4,2026-05,2026-06-01 06:54:33
2026-05-31,ロフト,ロフト279,（不明）,4560440431452,1036,1,2026-05,2026-06-01 06:54:33
2026-05-31,ロフト,ロフト279,（不明）,4560440431490,1015,0,2026-05,2026-06-01 06:54:33
2026-05-31,ロフト,ロフト279,（不明）,4560440431506,1015,2,2026-05,2026-06-01 06:54:33
2026-05-31,ロフト,ロフト279,（不明）,4560440431513,1015,2,2026-05,2026-06-01 06:54:33
2026-05-31,ロフト,ロフト279,（不明）,4560440431599,1034,2,2026-05,2026-06-01 06:54:33
2026-05-31,ロフト,ロフト279,（不明）,4560449979313,1110,10,2026-05,2026-06-01 06:54:33
2026-05-31,ロフト,ロフト279,（不明）,4560449979405,1110,0,2026-05,2026-06-01 06:54:33
2026-05-31,ロフト,ロフト279,（不明）,4560449979917,1110,5,2026-05,2026-06-01 06:54:33
2026-05-31,ロフト,ロフト279,（不明）,4560449979931,1110,1,2026-05,2026-06-01 06:54:33
2026-05-31,ロフト,ロフト279,（不明）,4560449982696,1110,0,2026-05,2026-06-01 06:54:33
2026-05-31,ロフト,ロフト279,（不明）,4560449982726,1110,1,2026-05,2026-06-01 06:54:33
2026-05-31,ロフト,ロフト279,（不明）,4573473052006,1013,2,2026-05,2026-06-01 06:54:33
2026-05-31,ロフト,ロフト279,（不明）,4573473052136,1013,4,2026-05,2026-06-01 06:54:33
2026-05-31,ロフト,ロフト279,（不明）,4573473052235,1035,2,2026-05,2026-06-01 06:54:33
2026-05-31,ロフト,ロフト279,（不明）,4573473052303,1029,0,2026-05,2026-06-01 06:54:33
2026-05-31,ロフト,ロフト279,（不明）,4573587350210,1762,0,2026-05,2026-06-01 06:54:33
2026-05-31,ロフト,ロフト279,（不明）,4573587350258,1762,0,2026-05,2026-06-01 06:54:33
2026-05-31,ロフト,ロフト279,（不明）,4573587350616,1762,0,2026-05,2026-06-01 06:54:33
2026-05-31,ロフト,ロフト279,（不明）,4573587350630,1762,0,2026-05,2026-06-01 06:54:33
2026-05-31,ロフト,ロフト279,（不明）,4573587350654,1762,2,2026-05,2026-06-01 06:54:33
2026-05-31,ロフト,ロフト279,（不明）,4573587350678,1762,0,2026-05,2026-06-01 06:54:33
2026-05-31,ロフト,ロフト279,（不明）,4573694002903,1110,1,2026-05,2026-06-01 06:54:33
2026-05-31,ロフト,ロフト279,（不明）,4573694002934,1110,0,2026-05,2026-06-01 06:54:33
2026-05-31,ロフト,ロフト279,（不明）,4580886250011,1013,0,2026-05,2026-06-01 06:54:33
2026-05-31,ロフト,ロフト279,（不明）,4582784162977,1762,0,2026-05,2026-06-01 06:54:33
2026-05-31,ロフト,ロフト279,（不明）,4582784162984,1762,0,2026-05,2026-06-01 06:54:33
2026-05-31,ロフト,ロフト279,（不明）,4582784166104,1762,0,2026-05,2026-06-01 06:54:33
2026-05-31,ロフト,ロフト279,（不明）,4582784166111,1762,1,2026-05,2026-06-01 06:54:33
2026-05-31,ロフト,ロフト279,（不明）,4582784166128,1762,0,2026-05,2026-06-01 06:54:33
2026-05-31,ロフト,ロフト279,（不明）,4595315976011,1222,0,2026-05,2026-06-01 06:54:33
2026-05-31,ロフト,ロフト279,（不明）,4595317659110,1013,2,2026-05,2026-06-01 06:54:33
2026-05-31,ロフト,ロフト279,（不明）,4595317659127,1013,3,2026-05,2026-06-01 06:54:33
2026-05-31,ロフト,ロフト279,（不明）,4595317659738,1013,2,2026-05,2026-06-01 06:54:33
2026-05-31,ロフト,ロフト279,（不明）,4595988311089,1220,1,2026-05,2026-06-01 06:54:33
2026-05-31,ロフト,ロフト279,（不明）,4595988311096,1220,1,2026-05,2026-06-01 06:54:33
2026-05-31,ロフト,ロフト279,（不明）,4595988311119,1220,1,2026-05,2026-06-01 06:54:33
2026-05-31,ロフト,ロフト279,（不明）,8809317963556,1723,0,2026-05,2026-06-01 06:54:33
2026-05-31,ロフト,ロフト279,（不明）,8809317967943,1723,0,2026-05,2026-06-01 06:54:33
2026-05-31,ロフト,ロフト279,（不明）,8809541199998,1723,0,2026-05,2026-06-01 06:54:33
2026-05-31,ロフト,ロフト279,（不明）,8809823390297,1723,0,2026-05,2026-06-01 06:54:33
2026-05-31,ロフト,ロフト283,（不明）,4560440431179,1016,0,2026-05,2026-06-01 06:54:33
2026-05-31,ロフト,ロフト283,（不明）,4560440431353,1016,0,2026-05,2026-06-01 06:54:33
2026-05-31,ロフト,ロフト283,（不明）,4560440431377,1036,0,2026-05,2026-06-01 06:54:33
2026-05-31,ロフト,ロフト283,（不明）,4560440431407,1016,2,2026-05,2026-06-01 06:54:33
2026-05-31,ロフト,ロフト283,（不明）,4560440431414,1016,0,2026-05,2026-06-01 06:54:33
2026-05-31,ロフト,ロフト283,（不明）,4560440431452,1036,0,2026-05,2026-06-01 06:54:33
2026-05-31,ロフト,ロフト283,（不明）,4560440431490,1015,2,2026-05,2026-06-01 06:54:33
2026-05-31,ロフト,ロフト283,（不明）,4560440431520,1015,0,2026-05,2026-06-01 06:54:33
2026-05-31,ロフト,ロフト283,（不明）,4560440431599,1034,4,2026-05,2026-06-01 06:54:33
2026-05-31,ロフト,ロフト283,（不明）,4573473052006,1013,0,2026-05,2026-06-01 06:54:33
2026-05-31,ロフト,ロフト283,（不明）,4573473052136,1013,10,2026-05,2026-06-01 06:54:33
2026-05-31,ロフト,ロフト283,（不明）,4573473052303,1029,1,2026-05,2026-06-01 06:54:33
2026-05-31,ロフト,ロフト283,（不明）,4573587350616,1762,1,2026-05,2026-06-01 06:54:33
2026-05-31,ロフト,ロフト283,（不明）,4573587350630,1762,2,2026-05,2026-06-01 06:54:33
2026-05-31,ロフト,ロフト283,（不明）,4573587350654,1762,1,2026-05,2026-06-01 06:54:33
2026-05-31,ロフト,ロフト283,（不明）,4573587350678,1762,1,2026-05,2026-06-01 06:54:33
2026-05-31,ロフト,ロフト283,（不明）,4582784162977,1762,0,2026-05,2026-06-01 06:54:33
2026-05-31,ロフト,ロフト283,（不明）,4582784162984,1762,2,2026-05,2026-06-01 06:54:33
2026-05-31,ロフト,ロフト284,（不明）,4560440431179,1016,1,2026-05,2026-06-01 06:54:33
2026-05-31,ロフト,ロフト284,（不明）,4560440431346,1016,4,2026-05,2026-06-01 06:54:33
2026-05-31,ロフト,ロフト284,（不明）,4560440431353,1016,3,2026-05,2026-06-01 06:54:33
2026-05-31,ロフト,ロフト284,（不明）,4560440431377,1036,0,2026-05,2026-06-01 06:54:33
2026-05-31,ロフト,ロフト284,（不明）,4560440431438,1016,3,2026-05,2026-06-01 06:54:33
2026-05-31,ロフト,ロフト284,（不明）,4560440431452,1036,0,2026-05,2026-06-01 06:54:33
2026-05-31,ロフト,ロフト284,（不明）,4560440431469,1016,0,2026-05,2026-06-01 06:54:33
2026-05-31,ロフト,ロフト284,（不明）,4560440431490,1015,2,2026-05,2026-06-01 06:54:33
2026-05-31,ロフト,ロフト284,（不明）,4560440431513,1015,4,2026-05,2026-06-01 06:54:33
2026-05-31,ロフト,ロフト284,（不明）,4560440431520,1015,2,2026-05,2026-06-01 06:54:33
2026-05-31,ロフト,ロフト284,（不明）,4560440431599,1034,0,2026-05,2026-06-01 06:54:33
2026-05-31,ロフト,ロフト284,（不明）,4560449979313,1110,7,2026-05,2026-06-01 06:54:33
2026-05-31,ロフト,ロフト284,（不明）,4560449979405,1110,0,2026-05,2026-06-01 06:54:33
2026-05-31,ロフト,ロフト284,（不明）,4560449979917,1110,11,2026-05,2026-06-01 06:54:33
2026-05-31,ロフト,ロフト284,（不明）,4560449979931,1110,1,2026-05,2026-06-01 06:54:33
2026-05-31,ロフト,ロフト284,（不明）,4560449982696,1110,0,2026-05,2026-06-01 06:54:33
2026-05-31,ロフト,ロフト284,（不明）,4560449982726,1110,1,2026-05,2026-06-01 06:54:33
2026-05-31,ロフト,ロフト284,（不明）,4573694002903,1110,1,2026-05,2026-06-01 06:54:33
2026-05-31,ロフト,ロフト284,（不明）,4573694002934,1110,1,2026-05,2026-06-01 06:54:33
2026-05-31,ロフト,ロフト284,（不明）,4580886250011,1013,1,2026-05,2026-06-01 06:54:33
2026-05-31,ロフト,ロフト284,（不明）,4595317659110,1013,1,2026-05,2026-06-01 06:54:33
2026-05-31,ロフト,ロフト284,（不明）,8809849808417,1092,2,2026-05,2026-06-01 06:54:33
2026-05-31,ロフト,ロフト286,（不明）,4560440431346,1016,3,2026-05,2026-06-01 06:54:33
2026-05-31,ロフト,ロフト286,（不明）,4560440431353,1016,0,2026-05,2026-06-01 06:54:33
2026-05-31,ロフト,ロフト286,（不明）,4560440431377,1036,0,2026-05,2026-06-01 06:54:33
2026-05-31,ロフト,ロフト286,（不明）,4560440431407,1016,2,2026-05,2026-06-01 06:54:33
2026-05-31,ロフト,ロフト286,（不明）,4560440431414,1016,0,2026-05,2026-06-01 06:54:33
2026-05-31,ロフト,ロフト286,（不明）,4560440431438,1016,1,2026-05,2026-06-01 06:54:33
2026-05-31,ロフト,ロフト286,（不明）,4560440431452,1036,1,2026-05,2026-06-01 06:54:33
2026-05-31,ロフト,ロフト286,（不明）,4560440431483,1015,0,2026-05,2026-06-01 06:54:33
2026-05-31,ロフト,ロフト286,（不明）,4560440431490,1015,0,2026-05,2026-06-01 06:54:33
2026-05-31,ロフト,ロフト286,（不明）,4560449979313,1110,5,2026-05,2026-06-01 06:54:33
2026-05-31,ロフト,ロフト286,（不明）,4560449979405,1110,0,2026-05,2026-06-01 06:54:33
2026-05-31,ロフト,ロフト286,（不明）,4560449979917,1110,7,2026-05,2026-06-01 06:54:33
2026-05-31,ロフト,ロフト286,（不明）,4560449979931,1110,1,2026-05,2026-06-01 06:54:33
2026-05-31,ロフト,ロフト286,（不明）,4560449982696,1110,0,2026-05,2026-06-01 06:54:33
2026-05-31,ロフト,ロフト286,（不明）,4560449982726,1110,0,2026-05,2026-06-01 06:54:33
2026-05-31,ロフト,ロフト286,（不明）,4573694002903,1110,2,2026-05,2026-06-01 06:54:33
2026-05-31,ロフト,ロフト286,（不明）,4573694002934,1110,0,2026-05,2026-06-01 06:54:33
2026-05-31,ロフト,ロフト288,（不明）,4560440431216,1015,0,2026-05,2026-06-01 06:54:33
2026-05-31,ロフト,ロフト288,（不明）,4560440431353,1016,1,2026-05,2026-06-01 06:54:33
2026-05-31,ロフト,ロフト288,（不明）,4560440431384,1036,0,2026-05,2026-06-01 06:54:33
2026-05-31,ロフト,ロフト288,（不明）,4560440431414,1016,3,2026-05,2026-06-01 06:54:33
2026-05-31,ロフト,ロフト288,（不明）,4560440431438,1016,4,2026-05,2026-06-01 06:54:33
2026-05-31,ロフト,ロフト288,（不明）,4560440431445,1016,4,2026-05,2026-06-01 06:54:33
2026-05-31,ロフト,ロフト288,（不明）,4560440431469,1016,1,2026-05,2026-06-01 06:54:33
2026-05-31,ロフト,ロフト288,（不明）,4560440431476,1015,0,2026-05,2026-06-01 06:54:33
2026-05-31,ロフト,ロフト288,（不明）,4560440431513,1015,2,2026-05,2026-06-01 06:54:33
2026-05-31,ロフト,ロフト288,（不明）,4560440431520,1015,0,2026-05,2026-06-01 06:54:33
2026-05-31,ロフト,ロフト288,（不明）,4560440431537,1015,1,2026-05,2026-06-01 06:54:33
2026-05-31,ロフト,ロフト288,（不明）,4560440431599,1034,3,2026-05,2026-06-01 06:54:33
2026-05-31,ロフト,ロフト288,（不明）,4560449979313,1110,3,2026-05,2026-06-01 06:54:33
2026-05-31,ロフト,ロフト288,（不明）,4560449979917,1110,3,2026-05,2026-06-01 06:54:33
2026-05-31,ロフト,ロフト288,（不明）,4560449982696,1110,0,2026-05,2026-06-01 06:54:33
2026-05-31,ロフト,ロフト288,（不明）,4560449982726,1110,0,2026-05,2026-06-01 06:54:33
2026-05-31,ロフト,ロフト288,（不明）,4573694002903,1110,0,2026-05,2026-06-01 06:54:33
2026-05-31,ロフト,ロフト288,（不明）,4573694002934,1110,0,2026-05,2026-06-01 06:54:33
2026-05-31,ロフト,ロフト289,（不明）,4560440431346,1016,5,2026-05,2026-06-01 06:54:33
2026-05-31,ロフト,ロフト289,（不明）,4560440431353,1016,3,2026-05,2026-06-01 06:54:33
2026-05-31,ロフト,ロフト289,（不明）,4560440431377,1036,12,2026-05,2026-06-01 06:54:33
2026-05-31,ロフト,ロフト289,（不明）,4560440431384,1036,0,2026-05,2026-06-01 06:54:33
2026-05-31,ロフト,ロフト289,（不明）,4560440431407,1016,11,2026-05,2026-06-01 06:54:33
2026-05-31,ロフト,ロフト289,（不明）,4560440431414,1016,3,2026-05,2026-06-01 06:54:33
2026-05-31,ロフト,ロフト289,（不明）,4560440431445,1016,4,2026-05,2026-06-01 06:54:33
2026-05-31,ロフト,ロフト289,（不明）,4560440431476,1015,0,2026-05,2026-06-01 06:54:33
2026-05-31,ロフト,ロフト289,（不明）,4560440431483,1015,0,2026-05,2026-06-01 06:54:33
2026-05-31,ロフト,ロフト289,（不明）,4560440431490,1015,1,2026-05,2026-06-01 06:54:33
2026-05-31,ロフト,ロフト289,（不明）,4560440431506,1015,2,2026-05,2026-06-01 06:54:33
2026-05-31,ロフト,ロフト289,（不明）,4560440431513,1015,1,2026-05,2026-06-01 06:54:33
2026-05-31,ロフト,ロフト289,（不明）,4560440431520,1015,1,2026-05,2026-06-01 06:54:33
2026-05-31,ロフト,ロフト289,（不明）,4560440431599,1034,2,2026-05,2026-06-01 06:54:33
2026-05-31,ロフト,ロフト289,（不明）,4560440431742,1034,2,2026-05,2026-06-01 06:54:33
2026-05-31,ロフト,ロフト289,（不明）,4560449979313,1110,15,2026-05,2026-06-01 06:54:33
2026-05-31,ロフト,ロフト289,（不明）,4560449979405,1110,2,2026-05,2026-06-01 06:54:33
2026-05-31,ロフト,ロフト289,（不明）,4560449979917,1110,11,2026-05,2026-06-01 06:54:33
2026-05-31,ロフト,ロフト289,（不明）,4560449979931,1110,2,2026-05,2026-06-01 06:54:33
2026-05-31,ロフト,ロフト289,（不明）,4560449982696,1110,2,2026-05,2026-06-01 06:54:33
2026-05-31,ロフト,ロフト289,（不明）,4560449982726,1110,1,2026-05,2026-06-01 06:54:33
2026-05-31,ロフト,ロフト289,（不明）,4573587350210,1762,1,2026-05,2026-06-01 06:54:33
2026-05-31,ロフト,ロフト289,（不明）,4573587350258,1762,1,2026-05,2026-06-01 06:54:33
2026-05-31,ロフト,ロフト289,（不明）,4573587350616,1762,1,2026-05,2026-06-01 06:54:33
2026-05-31,ロフト,ロフト289,（不明）,4573587350630,1762,0,2026-05,2026-06-01 06:54:33
2026-05-31,ロフト,ロフト289,（不明）,4573587350654,1762,2,2026-05,2026-06-01 06:54:33
2026-05-31,ロフト,ロフト289,（不明）,4573587350678,1762,0,2026-05,2026-06-01 06:54:33
2026-05-31,ロフト,ロフト289,（不明）,4573694000091,1097,3,2026-05,2026-06-01 06:54:33
2026-05-31,ロフト,ロフト289,（不明）,4573694002903,1110,4,2026-05,2026-06-01 06:54:33
2026-05-31,ロフト,ロフト289,（不明）,4580886250011,1013,2,2026-05,2026-06-01 06:54:33
2026-05-31,ロフト,ロフト289,（不明）,4582784162977,1762,0,2026-05,2026-06-01 06:54:33
2026-05-31,ロフト,ロフト289,（不明）,4582784162984,1762,0,2026-05,2026-06-01 06:54:33
2026-05-31,ロフト,ロフト289,（不明）,4582784166104,1762,1,2026-05,2026-06-01 06:54:33
2026-05-31,ロフト,ロフト289,（不明）,4582784166111,1762,1,2026-05,2026-06-01 06:54:33
2026-05-31,ロフト,ロフト289,（不明）,4582784166128,1762,4,2026-05,2026-06-01 06:54:33
2026-05-31,ロフト,ロフト289,（不明）,4582784166784,1762,1,2026-05,2026-06-01 06:54:33
2026-05-31,ロフト,ロフト289,（不明）,4582784166791,1762,1,2026-05,2026-06-01 06:54:33
2026-05-31,ロフト,ロフト289,（不明）,4595315976011,1222,0,2026-05,2026-06-01 06:54:33
2026-05-31,ロフト,ロフト289,（不明）,4595317659110,1013,3,2026-05,2026-06-01 06:54:33
2026-05-31,ロフト,ロフト289,（不明）,4595317659127,1013,2,2026-05,2026-06-01 06:54:33
2026-05-31,ロフト,ロフト289,（不明）,4595317659738,1013,8,2026-05,2026-06-01 06:54:33
2026-05-31,ロフト,ロフト289,（不明）,4595317659745,1013,15,2026-05,2026-06-01 06:54:33
2026-05-31,ロフト,ロフト289,（不明）,4595317659752,1013,45,2026-05,2026-06-01 06:54:33
2026-05-31,ロフト,ロフト289,（不明）,4595988311089,1220,0,2026-05,2026-06-01 06:54:33
2026-05-31,ロフト,ロフト289,（不明）,4595988311096,1220,0,2026-05,2026-06-01 06:54:33
2026-05-31,ロフト,ロフト289,（不明）,4595988311119,1220,4,2026-05,2026-06-01 06:54:33
2026-05-31,ロフト,ロフト292,（不明）,4560440431353,1016,0,2026-05,2026-06-01 06:54:33
2026-05-31,ロフト,ロフト292,（不明）,4560440431377,1036,0,2026-05,2026-06-01 06:54:33
2026-05-31,ロフト,ロフト292,（不明）,4560440431384,1036,2,2026-05,2026-06-01 06:54:33
2026-05-31,ロフト,ロフト292,（不明）,4560440431452,1036,0,2026-05,2026-06-01 06:54:33
2026-05-31,ロフト,ロフト293,（不明）,4560440431353,1016,2,2026-05,2026-06-01 06:54:33
2026-05-31,ロフト,ロフト293,（不明）,4560440431377,1036,1,2026-05,2026-06-01 06:54:33
2026-05-31,ロフト,ロフト293,（不明）,4560440431384,1036,1,2026-05,2026-06-01 06:54:33
2026-05-31,ロフト,ロフト293,（不明）,4560440431414,1016,2,2026-05,2026-06-01 06:54:33
2026-05-31,ロフト,ロフト293,（不明）,4560440431438,1016,0,2026-05,2026-06-01 06:54:33
2026-05-31,ロフト,ロフト293,（不明）,4560440431445,1016,2,2026-05,2026-06-01 06:54:33
2026-05-31,ロフト,ロフト293,（不明）,4560440431469,1016,0,2026-05,2026-06-01 06:54:33
2026-05-31,ロフト,ロフト293,（不明）,4560440431599,1034,1,2026-05,2026-06-01 06:54:33
2026-05-31,ロフト,ロフト293,（不明）,4560449979313,1110,7,2026-05,2026-06-01 06:54:33
2026-05-31,ロフト,ロフト293,（不明）,4560449979405,1110,0,2026-05,2026-06-01 06:54:33
2026-05-31,ロフト,ロフト293,（不明）,4560449979917,1110,6,2026-05,2026-06-01 06:54:33
2026-05-31,ロフト,ロフト293,（不明）,4560449979931,1110,1,2026-05,2026-06-01 06:54:33
2026-05-31,ロフト,ロフト293,（不明）,4560449982696,1110,1,2026-05,2026-06-01 06:54:33
2026-05-31,ロフト,ロフト293,（不明）,4560449982726,1110,0,2026-05,2026-06-01 06:54:33
2026-05-31,ロフト,ロフト293,（不明）,4573587350616,1762,0,2026-05,2026-06-01 06:54:33
2026-05-31,ロフト,ロフト293,（不明）,4573587350630,1762,1,2026-05,2026-06-01 06:54:33
2026-05-31,ロフト,ロフト293,（不明）,4573587350678,1762,0,2026-05,2026-06-01 06:54:33
2026-05-31,ロフト,ロフト293,（不明）,4573694002903,1110,0,2026-05,2026-06-01 06:54:33
2026-05-31,ロフト,ロフト293,（不明）,4573694002934,1110,0,2026-05,2026-06-01 06:54:33
2026-05-31,ロフト,ロフト293,（不明）,4582784162977,1762,0,2026-05,2026-06-01 06:54:33
2026-05-31,ロフト,ロフト294,（不明）,4560440431599,1034,1,2026-05,2026-06-01 06:54:33
2026-05-31,ロフト,ロフト294,（不明）,4573473052006,1013,0,2026-05,2026-06-01 06:54:33
2026-05-31,ロフト,ロフト294,（不明）,4573473052303,1029,1,2026-05,2026-06-01 06:54:33
2026-05-31,ロフト,ロフト294,（不明）,4573587350210,1762,0,2026-05,2026-06-01 06:54:33
2026-05-31,ロフト,ロフト294,（不明）,4573587350678,1762,0,2026-05,2026-06-01 06:54:33
2026-05-31,ロフト,ロフト294,（不明）,4582784163271,1762,0,2026-05,2026-06-01 06:54:33
2026-05-31,ロフト,ロフト294,（不明）,4582784163288,1762,0,2026-05,2026-06-01 06:54:33
2026-05-31,ロフト,ロフト295,（不明）,4560440431124,1036,0,2026-05,2026-06-01 06:54:33
2026-05-31,ロフト,ロフト295,（不明）,4560440431193,1036,1,2026-05,2026-06-01 06:54:33
2026-05-31,ロフト,ロフト295,（不明）,4560440431216,1015,0,2026-05,2026-06-01 06:54:33
2026-05-31,ロフト,ロフト295,（不明）,4560440431346,1016,2,2026-05,2026-06-01 06:54:33
2026-05-31,ロフト,ロフト295,（不明）,4560440431353,1016,1,2026-05,2026-06-01 06:54:33
2026-05-31,ロフト,ロフト295,（不明）,4560440431377,1036,1,2026-05,2026-06-01 06:54:33
2026-05-31,ロフト,ロフト295,（不明）,4560440431384,1036,1,2026-05,2026-06-01 06:54:33
2026-05-31,ロフト,ロフト295,（不明）,4560440431407,1016,1,2026-05,2026-06-01 06:54:33
2026-05-31,ロフト,ロフト295,（不明）,4560440431414,1016,4,2026-05,2026-06-01 06:54:33
2026-05-31,ロフト,ロフト295,（不明）,4560440431438,1016,4,2026-05,2026-06-01 06:54:33
2026-05-31,ロフト,ロフト295,（不明）,4560440431445,1016,0,2026-05,2026-06-01 06:54:33
2026-05-31,ロフト,ロフト295,（不明）,4560440431452,1036,1,2026-05,2026-06-01 06:54:33
2026-05-31,ロフト,ロフト295,（不明）,4560440431513,1015,1,2026-05,2026-06-01 06:54:33
2026-05-31,ロフト,ロフト295,（不明）,4560440431599,1034,34,2026-05,2026-06-01 06:54:33
2026-05-31,ロフト,ロフト295,（不明）,4560449979313,1110,12,2026-05,2026-06-01 06:54:33
2026-05-31,ロフト,ロフト295,（不明）,4560449979405,1110,0,2026-05,2026-06-01 06:54:33
2026-05-31,ロフト,ロフト295,（不明）,4560449979917,1110,9,2026-05,2026-06-01 06:54:33
2026-05-31,ロフト,ロフト295,（不明）,4560449979931,1110,1,2026-05,2026-06-01 06:54:33
2026-05-31,ロフト,ロフト295,（不明）,4560449982696,1110,5,2026-05,2026-06-01 06:54:33
2026-05-31,ロフト,ロフト295,（不明）,4560449982726,1110,1,2026-05,2026-06-01 06:54:33
2026-05-31,ロフト,ロフト295,（不明）,4573473052006,1013,1,2026-05,2026-06-01 06:54:33
2026-05-31,ロフト,ロフト295,（不明）,4573473052136,1013,21,2026-05,2026-06-01 06:54:33
2026-05-31,ロフト,ロフト295,（不明）,4573473052235,1035,2,2026-05,2026-06-01 06:54:33
2026-05-31,ロフト,ロフト295,（不明）,4573473052303,1029,0,2026-05,2026-06-01 06:54:33
2026-05-31,ロフト,ロフト295,（不明）,4573587350616,1762,1,2026-05,2026-06-01 06:54:33
2026-05-31,ロフト,ロフト295,（不明）,4573587350630,1762,0,2026-05,2026-06-01 06:54:33
2026-05-31,ロフト,ロフト295,（不明）,4573587350654,1762,0,2026-05,2026-06-01 06:54:33
2026-05-31,ロフト,ロフト295,（不明）,4573587350678,1762,0,2026-05,2026-06-01 06:54:33
2026-05-31,ロフト,ロフト295,（不明）,4573694002903,1110,0,2026-05,2026-06-01 06:54:33
2026-05-31,ロフト,ロフト295,（不明）,4573694002934,1110,0,2026-05,2026-06-01 06:54:33
2026-05-31,ロフト,ロフト295,（不明）,4573694004396,1110,0,2026-05,2026-06-01 06:54:33
2026-05-31,ロフト,ロフト295,（不明）,4582784162977,1762,0,2026-05,2026-06-01 06:54:33
2026-05-31,ロフト,ロフト295,（不明）,4582784162984,1762,0,2026-05,2026-06-01 06:54:33
2026-05-31,ロフト,ロフト296,（不明）,4560440431179,1016,0,2026-05,2026-06-01 06:54:33
2026-05-31,ロフト,ロフト296,（不明）,4560440431384,1036,2,2026-05,2026-06-01 06:54:33
2026-05-31,ロフト,ロフト296,（不明）,4560440431414,1016,2,2026-05,2026-06-01 06:54:33
2026-05-31,ロフト,ロフト296,（不明）,4560440431438,1016,0,2026-05,2026-06-01 06:54:33
2026-05-31,ロフト,ロフト296,（不明）,4560440431445,1016,4,2026-05,2026-06-01 06:54:33
2026-05-31,ロフト,ロフト296,（不明）,4560440431452,1036,0,2026-05,2026-06-01 06:54:33
2026-05-31,ロフト,ロフト296,（不明）,4560440431513,1015,1,2026-05,2026-06-01 06:54:33
2026-05-31,ロフト,ロフト296,（不明）,4560440431520,1015,1,2026-05,2026-06-01 06:54:33
2026-05-31,ロフト,ロフト297,（不明）,4560440431742,1034,1,2026-05,2026-06-01 06:54:33
2026-05-31,ロフト,ロフト297,（不明）,4560449979313,1110,4,2026-05,2026-06-01 06:54:33
2026-05-31,ロフト,ロフト297,（不明）,4560449979917,1110,2,2026-05,2026-06-01 06:54:33
2026-05-31,ロフト,ロフト297,（不明）,4560449982696,1110,0,2026-05,2026-06-01 06:54:33
2026-05-31,ロフト,ロフト297,（不明）,4560449982726,1110,0,2026-05,2026-06-01 06:54:33
2026-05-31,ロフト,ロフト297,（不明）,4573587350616,1762,2,2026-05,2026-06-01 06:54:33
2026-05-31,ロフト,ロフト297,（不明）,4573587350630,1762,0,2026-05,2026-06-01 06:54:33
2026-05-31,ロフト,ロフト297,（不明）,4573587350654,1762,0,2026-05,2026-06-01 06:54:33
2026-05-31,ロフト,ロフト297,（不明）,4573587350678,1762,0,2026-05,2026-06-01 06:54:33
2026-05-31,ロフト,ロフト297,（不明）,4582784162977,1762,1,2026-05,2026-06-01 06:54:33
2026-05-31,ロフト,ロフト297,（不明）,4582784162984,1762,0,2026-05,2026-06-01 06:54:33
2026-05-31,ロフト,ロフト298,（不明）,4560440431094,1016,0,2026-05,2026-06-01 06:54:33
2026-05-31,ロフト,ロフト298,（不明）,4560440431346,1016,0,2026-05,2026-06-01 06:54:33
2026-05-31,ロフト,ロフト298,（不明）,4560440431414,1016,1,2026-05,2026-06-01 06:54:33
2026-05-31,ロフト,ロフト298,（不明）,4560440431599,1034,1,2026-05,2026-06-01 06:54:33
2026-05-31,ロフト,ロフト298,（不明）,4573473052006,1013,0,2026-05,2026-06-01 06:54:33
2026-05-31,ロフト,ロフト298,（不明）,4573473052136,1013,10,2026-05,2026-06-01 06:54:33
2026-05-31,ロフト,ロフト298,（不明）,4573473052303,1029,0,2026-05,2026-06-01 06:54:33
2026-05-31,ロフト,ロフト298,（不明）,4573587350616,1762,0,2026-05,2026-06-01 06:54:33
2026-05-31,ロフト,ロフト298,（不明）,4573587350630,1762,0,2026-05,2026-06-01 06:54:33
2026-05-31,ロフト,ロフト298,（不明）,4573587350654,1762,0,2026-05,2026-06-01 06:54:33
2026-05-31,ロフト,ロフト298,（不明）,4573587350678,1762,0,2026-05,2026-06-01 06:54:33
2026-05-31,ロフト,ロフト298,（不明）,4582784162977,1762,1,2026-05,2026-06-01 06:54:33
2026-05-31,ロフト,ロフト298,（不明）,4582784162984,1762,0,2026-05,2026-06-01 06:54:33
2026-05-31,ロフト,ロフト299,（不明）,4560440431124,1036,0,2026-05,2026-06-01 06:54:33
2026-05-31,ロフト,ロフト299,（不明）,4560440431346,1016,0,2026-05,2026-06-01 06:54:33
2026-05-31,ロフト,ロフト299,（不明）,4560440431353,1016,4,2026-05,2026-06-01 06:54:33
2026-05-31,ロフト,ロフト299,（不明）,4560440431377,1036,3,2026-05,2026-06-01 06:54:33
2026-05-31,ロフト,ロフト299,（不明）,4560440431438,1016,2,2026-05,2026-06-01 06:54:33
2026-05-31,ロフト,ロフト299,（不明）,4560440431452,1036,0,2026-05,2026-06-01 06:54:33
2026-05-31,ロフト,ロフト299,（不明）,4560440431476,1015,1,2026-05,2026-06-01 06:54:33
2026-05-31,ロフト,ロフト299,（不明）,4560440431490,1015,1,2026-05,2026-06-01 06:54:33
2026-05-31,ロフト,ロフト299,（不明）,4560440431513,1015,5,2026-05,2026-06-01 06:54:33
2026-05-31,ロフト,ロフト299,（不明）,4560440431520,1015,0,2026-05,2026-06-01 06:54:33
2026-05-31,ロフト,ロフト299,（不明）,4560449979313,1110,2,2026-05,2026-06-01 06:54:33
2026-05-31,ロフト,ロフト299,（不明）,4560449979917,1110,6,2026-05,2026-06-01 06:54:33
2026-05-31,ロフト,ロフト299,（不明）,4560449982696,1110,0,2026-05,2026-06-01 06:54:33
2026-05-31,ロフト,ロフト299,（不明）,4560449982726,1110,1,2026-05,2026-06-01 06:54:33
2026-05-31,ロフト,ロフト299,（不明）,4573587350616,1762,0,2026-05,2026-06-01 06:54:33
2026-05-31,ロフト,ロフト299,（不明）,4573587350630,1762,0,2026-05,2026-06-01 06:54:33
2026-05-31,ロフト,ロフト299,（不明）,4573587350654,1762,0,2026-05,2026-06-01 06:54:33
2026-05-31,ロフト,ロフト299,（不明）,4573587350678,1762,0,2026-05,2026-06-01 06:54:33
2026-05-31,ロフト,ロフト299,（不明）,4573694002934,1110,0,2026-05,2026-06-01 06:54:33
2026-05-31,ロフト,ロフト299,（不明）,4582784162977,1762,0,2026-05,2026-06-01 06:54:33
2026-05-31,ロフト,ロフト299,（不明）,4582784162984,1762,0,2026-05,2026-06-01 06:54:33
2026-05-31,ロフト,ロフト299,（不明）,4582784166784,1762,0,2026-05,2026-06-01 06:54:33
2026-05-31,ロフト,ロフト299,（不明）,4582784166791,1762,1,2026-05,2026-06-01 06:54:33
2026-05-31,ロフト,ロフト299,（不明）,4595315976011,1222,2,2026-05,2026-06-01 06:54:33
2026-05-31,ロフト,ロフト300,（不明）,4560449979313,1110,4,2026-05,2026-06-01 06:54:33
2026-05-31,ロフト,ロフト300,（不明）,4560449979405,1110,0,2026-05,2026-06-01 06:54:33
2026-05-31,ロフト,ロフト300,（不明）,4560449979917,1110,0,2026-05,2026-06-01 06:54:33
2026-05-31,ロフト,ロフト300,（不明）,4560449979931,1110,0,2026-05,2026-06-01 06:54:33
2026-05-31,ロフト,ロフト300,（不明）,4560449982696,1110,1,2026-05,2026-06-01 06:54:33
2026-05-31,ロフト,ロフト300,（不明）,4560449982726,1110,0,2026-05,2026-06-01 06:54:33
2026-05-31,ロフト,ロフト300,（不明）,4573473052136,1013,4,2026-05,2026-06-01 06:54:33
2026-05-31,ロフト,ロフト300,（不明）,4573473052235,1035,1,2026-05,2026-06-01 06:54:33
2026-05-31,ロフト,ロフト300,（不明）,4573473052303,1029,0,2026-05,2026-06-01 06:54:33
2026-05-31,ロフト,ロフト303,（不明）,4560440431193,1036,2,2026-05,2026-06-01 06:54:33
2026-05-31,ロフト,ロフト303,（不明）,4560440431223,1015,1,2026-05,2026-06-01 06:54:33
2026-05-31,ロフト,ロフト303,（不明）,4560440431353,1016,1,2026-05,2026-06-01 06:54:33
2026-05-31,ロフト,ロフト303,（不明）,4560440431377,1036,1,2026-05,2026-06-01 06:54:33
2026-05-31,ロフト,ロフト303,（不明）,4560440431384,1036,3,2026-05,2026-06-01 06:54:33
2026-05-31,ロフト,ロフト303,（不明）,4560440431407,1016,5,2026-05,2026-06-01 06:54:33
2026-05-31,ロフト,ロフト303,（不明）,4560440431414,1016,5,2026-05,2026-06-01 06:54:33
2026-05-31,ロフト,ロフト303,（不明）,4560440431445,1016,3,2026-05,2026-06-01 06:54:33
2026-05-31,ロフト,ロフト303,（不明）,4560440431506,1015,1,2026-05,2026-06-01 06:54:33
2026-05-31,ロフト,ロフト303,（不明）,4560440431513,1015,1,2026-05,2026-06-01 06:54:33
2026-05-31,ロフト,ロフト303,（不明）,4560440431599,1034,25,2026-05,2026-06-01 06:54:33
2026-05-31,ロフト,ロフト303,（不明）,4560449970273,1762,3,2026-05,2026-06-01 06:54:33
2026-05-31,ロフト,ロフト303,（不明）,4560449970280,1762,2,2026-05,2026-06-01 06:54:33
2026-05-31,ロフト,ロフト303,（不明）,4560449979313,1110,3,2026-05,2026-06-01 06:54:33
2026-05-31,ロフト,ロフト303,（不明）,4560449979405,1110,0,2026-05,2026-06-01 06:54:33
2026-05-31,ロフト,ロフト303,（不明）,4560449979443,1762,2,2026-05,2026-06-01 06:54:33
2026-05-31,ロフト,ロフト303,（不明）,4560449979467,1762,0,2026-05,2026-06-01 06:54:33
2026-05-31,ロフト,ロフト303,（不明）,4560449979917,1110,9,2026-05,2026-06-01 06:54:33
2026-05-31,ロフト,ロフト303,（不明）,4560449979931,1110,2,2026-05,2026-06-01 06:54:33
2026-05-31,ロフト,ロフト303,（不明）,4560449982696,1110,0,2026-05,2026-06-01 06:54:33
2026-05-31,ロフト,ロフト303,（不明）,4560449982726,1110,0,2026-05,2026-06-01 06:54:33
2026-05-31,ロフト,ロフト303,（不明）,4573473052006,1013,3,2026-05,2026-06-01 06:54:33
2026-05-31,ロフト,ロフト303,（不明）,4573473052136,1013,24,2026-05,2026-06-01 06:54:33
2026-05-31,ロフト,ロフト303,（不明）,4573473052235,1035,0,2026-05,2026-06-01 06:54:33
2026-05-31,ロフト,ロフト303,（不明）,4573473052303,1029,2,2026-05,2026-06-01 06:54:33
2026-05-31,ロフト,ロフト303,（不明）,4573587350258,1762,0,2026-05,2026-06-01 06:54:33
2026-05-31,ロフト,ロフト303,（不明）,4573587350616,1762,2,2026-05,2026-06-01 06:54:33
2026-05-31,ロフト,ロフト303,（不明）,4573587350630,1762,0,2026-05,2026-06-01 06:54:33
2026-05-31,ロフト,ロフト303,（不明）,4573587350654,1762,0,2026-05,2026-06-01 06:54:33
2026-05-31,ロフト,ロフト303,（不明）,4573587350678,1762,0,2026-05,2026-06-01 06:54:33
2026-05-31,ロフト,ロフト303,（不明）,4573694000015,1110,1,2026-05,2026-06-01 06:54:33
2026-05-31,ロフト,ロフト303,（不明）,4573694002903,1110,3,2026-05,2026-06-01 06:54:33
2026-05-31,ロフト,ロフト303,（不明）,4573694002934,1110,0,2026-05,2026-06-01 06:54:33
2026-05-31,ロフト,ロフト303,（不明）,4580886250011,1013,1,2026-05,2026-06-01 06:54:33
2026-05-31,ロフト,ロフト303,（不明）,4582784162977,1762,0,2026-05,2026-06-01 06:54:33
2026-05-31,ロフト,ロフト303,（不明）,4582784162984,1762,0,2026-05,2026-06-01 06:54:33
2026-05-31,ロフト,ロフト303,（不明）,4582784166104,1762,0,2026-05,2026-06-01 06:54:33
2026-05-31,ロフト,ロフト303,（不明）,4582784166111,1762,0,2026-05,2026-06-01 06:54:33
2026-05-31,ロフト,ロフト303,（不明）,4582784166128,1762,0,2026-05,2026-06-01 06:54:33
2026-05-31,ロフト,ロフト303,（不明）,4582784166784,1762,0,2026-05,2026-06-01 06:54:33
2026-05-31,ロフト,ロフト303,（不明）,4582784166791,1762,0,2026-05,2026-06-01 06:54:33
2026-05-31,ロフト,ロフト303,（不明）,4595315976011,1222,0,2026-05,2026-06-01 06:54:33
2026-05-31,ロフト,ロフト303,（不明）,4595988311089,1220,1,2026-05,2026-06-01 06:54:33
2026-05-31,ロフト,ロフト303,（不明）,4595988311096,1220,0,2026-05,2026-06-01 06:54:33
2026-05-31,ロフト,ロフト303,（不明）,4595988311119,1220,0,2026-05,2026-06-01 06:54:33
2026-05-31,ロフト,ロフト303,（不明）,8809317963556,1723,3,2026-05,2026-06-01 06:54:33
2026-05-31,ロフト,ロフト303,（不明）,8809317967943,1723,1,2026-05,2026-06-01 06:54:33
2026-05-31,ロフト,ロフト303,（不明）,8809541199998,1723,3,2026-05,2026-06-01 06:54:33
2026-05-31,ロフト,ロフト303,（不明）,8809823390297,1723,3,2026-05,2026-06-01 06:54:33
2026-05-31,ロフト,ロフト303,（不明）,8809849808400,1092,1,2026-05,2026-06-01 06:54:33
2026-05-31,ロフト,ロフト303,（不明）,8809849808417,1092,0,2026-05,2026-06-01 06:54:33
2026-05-31,ロフト,ロフト305,（不明）,4560440431346,1016,5,2026-05,2026-06-01 06:54:33
2026-05-31,ロフト,ロフト305,（不明）,4560440431353,1016,8,2026-05,2026-06-01 06:54:33
2026-05-31,ロフト,ロフト305,（不明）,4560440431407,1016,9,2026-05,2026-06-01 06:54:33
2026-05-31,ロフト,ロフト305,（不明）,4560440431414,1016,4,2026-05,2026-06-01 06:54:33
2026-05-31,ロフト,ロフト305,（不明）,4560440431438,1016,1,2026-05,2026-06-01 06:54:33
2026-05-31,ロフト,ロフト305,（不明）,4560440431452,1036,2,2026-05,2026-06-01 06:54:33
2026-05-31,ロフト,ロフト305,（不明）,4560440431476,1015,0,2026-05,2026-06-01 06:54:33
2026-05-31,ロフト,ロフト305,（不明）,4560440431483,1015,1,2026-05,2026-06-01 06:54:33
2026-05-31,ロフト,ロフト305,（不明）,4560440431513,1015,1,2026-05,2026-06-01 06:54:33
2026-05-31,ロフト,ロフト305,（不明）,4560440431599,1034,1,2026-05,2026-06-01 06:54:33
2026-05-31,ロフト,ロフト305,（不明）,4560449979313,1110,10,2026-05,2026-06-01 06:54:33
2026-05-31,ロフト,ロフト305,（不明）,4560449979405,1110,0,2026-05,2026-06-01 06:54:33
2026-05-31,ロフト,ロフト305,（不明）,4560449979917,1110,3,2026-05,2026-06-01 06:54:33
2026-05-31,ロフト,ロフト305,（不明）,4560449979931,1110,1,2026-05,2026-06-01 06:54:33
2026-05-31,ロフト,ロフト305,（不明）,4560449982696,1110,0,2026-05,2026-06-01 06:54:33
2026-05-31,ロフト,ロフト305,（不明）,4560449982726,1110,0,2026-05,2026-06-01 06:54:33
2026-05-31,ロフト,ロフト305,（不明）,4573473052235,1035,0,2026-05,2026-06-01 06:54:33
2026-05-31,ロフト,ロフト305,（不明）,4573587350210,1762,0,2026-05,2026-06-01 06:54:33
2026-05-31,ロフト,ロフト305,（不明）,4573587350616,1762,1,2026-05,2026-06-01 06:54:33
2026-05-31,ロフト,ロフト305,（不明）,4573587350654,1762,1,2026-05,2026-06-01 06:54:33
2026-05-31,ロフト,ロフト305,（不明）,4573694000015,1110,1,2026-05,2026-06-01 06:54:33
2026-05-31,ロフト,ロフト305,（不明）,4573694002903,1110,2,2026-05,2026-06-01 06:54:33
2026-05-31,ロフト,ロフト305,（不明）,4573694002934,1110,0,2026-05,2026-06-01 06:54:33
2026-05-31,ロフト,ロフト305,（不明）,4580886250011,1013,1,2026-05,2026-06-01 06:54:33
2026-05-31,ロフト,ロフト305,（不明）,4582784162977,1762,0,2026-05,2026-06-01 06:54:33
2026-05-31,ロフト,ロフト305,（不明）,4582784162984,1762,0,2026-05,2026-06-01 06:54:33
2026-05-31,ロフト,ロフト305,（不明）,4582784166104,1762,0,2026-05,2026-06-01 06:54:33
2026-05-31,ロフト,ロフト305,（不明）,4582784166111,1762,1,2026-05,2026-06-01 06:54:33
2026-05-31,ロフト,ロフト305,（不明）,4582784166784,1762,0,2026-05,2026-06-01 06:54:33
2026-05-31,ロフト,ロフト305,（不明）,4582784166791,1762,0,2026-05,2026-06-01 06:54:33
2026-05-31,ロフト,ロフト305,（不明）,4595315976011,1222,0,2026-05,2026-06-01 06:54:33
2026-05-31,ロフト,ロフト305,（不明）,4595317659752,1013,0,2026-05,2026-06-01 06:54:33
2026-05-31,ロフト,ロフト305,（不明）,4595988311089,1220,2,2026-05,2026-06-01 06:54:33
2026-05-31,ロフト,ロフト305,（不明）,4595988311096,1220,1,2026-05,2026-06-01 06:54:33
2026-05-31,ロフト,ロフト305,（不明）,4595988311119,1220,4,2026-05,2026-06-01 06:54:33
2026-05-31,ロフト,ロフト306,（不明）,4560440431193,1036,0,2026-05,2026-06-01 06:54:33
2026-05-31,ロフト,ロフト306,（不明）,4560440431353,1016,5,2026-05,2026-06-01 06:54:33
2026-05-31,ロフト,ロフト306,（不明）,4560440431377,1036,1,2026-05,2026-06-01 06:54:33
2026-05-31,ロフト,ロフト306,（不明）,4560440431384,1036,0,2026-05,2026-06-01 06:54:33
2026-05-31,ロフト,ロフト306,（不明）,4560440431407,1016,0,2026-05,2026-06-01 06:54:33
2026-05-31,ロフト,ロフト306,（不明）,4560440431414,1016,9,2026-05,2026-06-01 06:54:33
2026-05-31,ロフト,ロフト306,（不明）,4560440431438,1016,3,2026-05,2026-06-01 06:54:33
2026-05-31,ロフト,ロフト306,（不明）,4560440431445,1016,1,2026-05,2026-06-01 06:54:33
2026-05-31,ロフト,ロフト306,（不明）,4560440431452,1036,0,2026-05,2026-06-01 06:54:33
2026-05-31,ロフト,ロフト306,（不明）,4560440431483,1015,0,2026-05,2026-06-01 06:54:33
2026-05-31,ロフト,ロフト306,（不明）,4560440431490,1015,2,2026-05,2026-06-01 06:54:33
2026-05-31,ロフト,ロフト306,（不明）,4560440431537,1015,0,2026-05,2026-06-01 06:54:33
2026-05-31,ロフト,ロフト306,（不明）,4560449979313,1110,8,2026-05,2026-06-01 06:54:33
2026-05-31,ロフト,ロフト306,（不明）,4560449979405,1110,1,2026-05,2026-06-01 06:54:33
2026-05-31,ロフト,ロフト306,（不明）,4560449979917,1110,14,2026-05,2026-06-01 06:54:33
2026-05-31,ロフト,ロフト306,（不明）,4560449979931,1110,2,2026-05,2026-06-01 06:54:33
2026-05-31,ロフト,ロフト306,（不明）,4560449982696,1110,0,2026-05,2026-06-01 06:54:33
2026-05-31,ロフト,ロフト306,（不明）,4560449982726,1110,0,2026-05,2026-06-01 06:54:33
2026-05-31,ロフト,ロフト306,（不明）,4573473052006,1013,3,2026-05,2026-06-01 06:54:33
2026-05-31,ロフト,ロフト306,（不明）,4573473052136,1013,8,2026-05,2026-06-01 06:54:33
2026-05-31,ロフト,ロフト306,（不明）,4573473052235,1035,1,2026-05,2026-06-01 06:54:33
2026-05-31,ロフト,ロフト306,（不明）,4573473052303,1029,0,2026-05,2026-06-01 06:54:33
2026-05-31,ロフト,ロフト306,（不明）,4573587350210,1762,1,2026-05,2026-06-01 06:54:33
2026-05-31,ロフト,ロフト306,（不明）,4573587350258,1762,1,2026-05,2026-06-01 06:54:33
2026-05-31,ロフト,ロフト306,（不明）,4573587350616,1762,0,2026-05,2026-06-01 06:54:33
2026-05-31,ロフト,ロフト306,（不明）,4573587350654,1762,0,2026-05,2026-06-01 06:54:33
2026-05-31,ロフト,ロフト306,（不明）,4573587350678,1762,0,2026-05,2026-06-01 06:54:33
2026-05-31,ロフト,ロフト306,（不明）,4573694000015,1110,0,2026-05,2026-06-01 06:54:33
2026-05-31,ロフト,ロフト306,（不明）,4573694002903,1110,0,2026-05,2026-06-01 06:54:33
2026-05-31,ロフト,ロフト306,（不明）,4573694002934,1110,0,2026-05,2026-06-01 06:54:33
2026-05-31,ロフト,ロフト306,（不明）,4582784162977,1762,1,2026-05,2026-06-01 06:54:33
2026-05-31,ロフト,ロフト306,（不明）,4582784162984,1762,1,2026-05,2026-06-01 06:54:33
2026-05-31,ロフト,ロフト306,（不明）,4582784166104,1762,0,2026-05,2026-06-01 06:54:33
2026-05-31,ロフト,ロフト306,（不明）,4582784166111,1762,1,2026-05,2026-06-01 06:54:33
2026-05-31,ロフト,ロフト306,（不明）,4582784166128,1762,0,2026-05,2026-06-01 06:54:33
2026-05-31,ロフト,ロフト306,（不明）,4582784166784,1762,0,2026-05,2026-06-01 06:54:33
2026-05-31,ロフト,ロフト306,（不明）,4582784166791,1762,0,2026-05,2026-06-01 06:54:33
2026-05-31,ロフト,ロフト306,（不明）,4595317659752,1013,0,2026-05,2026-06-01 06:54:33
2026-05-31,ロフト,ロフト307,（不明）,4560440431179,1016,0,2026-05,2026-06-01 06:54:33
2026-05-31,ロフト,ロフト307,（不明）,4560440431247,1015,1,2026-05,2026-06-01 06:54:33
2026-05-31,ロフト,ロフト307,（不明）,4560440431384,1036,1,2026-05,2026-06-01 06:54:33
2026-05-31,ロフト,ロフト307,（不明）,4560440431407,1016,0,2026-05,2026-06-01 06:54:33
2026-05-31,ロフト,ロフト307,（不明）,4560440431414,1016,0,2026-05,2026-06-01 06:54:33
2026-05-31,ロフト,ロフト307,（不明）,4560440431513,1015,2,2026-05,2026-06-01 06:54:33
2026-05-31,ロフト,ロフト307,（不明）,4560440431520,1015,0,2026-05,2026-06-01 06:54:33
2026-05-31,ロフト,ロフト307,（不明）,4560440431599,1034,4,2026-05,2026-06-01 06:54:33
2026-05-31,ロフト,ロフト307,（不明）,4560449979313,1110,3,2026-05,2026-06-01 06:54:33
2026-05-31,ロフト,ロフト307,（不明）,4560449979405,1110,1,2026-05,2026-06-01 06:54:33
2026-05-31,ロフト,ロフト307,（不明）,4560449979917,1110,8,2026-05,2026-06-01 06:54:33
2026-05-31,ロフト,ロフト307,（不明）,4560449979931,1110,0,2026-05,2026-06-01 06:54:33
2026-05-31,ロフト,ロフト307,（不明）,4560449982696,1110,0,2026-05,2026-06-01 06:54:33
2026-05-31,ロフト,ロフト307,（不明）,4560449982726,1110,0,2026-05,2026-06-01 06:54:33
2026-05-31,ロフト,ロフト307,（不明）,4573473052006,1013,0,2026-05,2026-06-01 06:54:33
2026-05-31,ロフト,ロフト307,（不明）,4573473052303,1029,2,2026-05,2026-06-01 06:54:33
2026-05-31,ロフト,ロフト307,（不明）,4573587350210,1762,0,2026-05,2026-06-01 06:54:33
2026-05-31,ロフト,ロフト307,（不明）,4573587350258,1762,1,2026-05,2026-06-01 06:54:33
2026-05-31,ロフト,ロフト307,（不明）,4573587350616,1762,1,2026-05,2026-06-01 06:54:33
2026-05-31,ロフト,ロフト307,（不明）,4573587350630,1762,0,2026-05,2026-06-01 06:54:33
2026-05-31,ロフト,ロフト307,（不明）,4573587350654,1762,1,2026-05,2026-06-01 06:54:33
2026-05-31,ロフト,ロフト307,（不明）,4573587350678,1762,0,2026-05,2026-06-01 06:54:33
2026-05-31,ロフト,ロフト307,（不明）,4573694002903,1110,4,2026-05,2026-06-01 06:54:33
2026-05-31,ロフト,ロフト307,（不明）,4573694002934,1110,0,2026-05,2026-06-01 06:54:33
2026-05-31,ロフト,ロフト307,（不明）,4582784162977,1762,0,2026-05,2026-06-01 06:54:33
2026-05-31,ロフト,ロフト307,（不明）,4582784162984,1762,0,2026-05,2026-06-01 06:54:33
2026-05-31,ロフト,ロフト307,（不明）,4582784166104,1762,0,2026-05,2026-06-01 06:54:33
2026-05-31,ロフト,ロフト307,（不明）,4582784166111,1762,0,2026-05,2026-06-01 06:54:33
2026-05-31,ロフト,ロフト307,（不明）,4582784166128,1762,1,2026-05,2026-06-01 06:54:33
2026-05-31,ロフト,ロフト307,（不明）,4582784166784,1762,0,2026-05,2026-06-01 06:54:33
2026-05-31,ロフト,ロフト307,（不明）,4582784166791,1762,0,2026-05,2026-06-01 06:54:33
2026-05-31,ロフト,ロフト310,（不明）,4560440431124,1036,3,2026-05,2026-06-01 06:54:33
2026-05-31,ロフト,ロフト310,（不明）,4560440431223,1015,0,2026-05,2026-06-01 06:54:33
2026-05-31,ロフト,ロフト310,（不明）,4560440431353,1016,3,2026-05,2026-06-01 06:54:33
2026-05-31,ロフト,ロフト310,（不明）,4560440431407,1016,1,2026-05,2026-06-01 06:54:33
2026-05-31,ロフト,ロフト310,（不明）,4560440431414,1016,0,2026-05,2026-06-01 06:54:33
2026-05-31,ロフト,ロフト310,（不明）,4560440431438,1016,1,2026-05,2026-06-01 06:54:33
2026-05-31,ロフト,ロフト310,（不明）,4560440431445,1016,5,2026-05,2026-06-01 06:54:33
2026-05-31,ロフト,ロフト310,（不明）,4560440431452,1036,1,2026-05,2026-06-01 06:54:33
2026-05-31,ロフト,ロフト310,（不明）,4560440431506,1015,4,2026-05,2026-06-01 06:54:33
2026-05-31,ロフト,ロフト310,（不明）,4560440431520,1015,0,2026-05,2026-06-01 06:54:33
2026-05-31,ロフト,ロフト310,（不明）,4560440431537,1015,2,2026-05,2026-06-01 06:54:33
2026-05-31,ロフト,ロフト310,（不明）,4560440431599,1034,7,2026-05,2026-06-01 06:54:33
2026-05-31,ロフト,ロフト310,（不明）,4560449979313,1110,4,2026-05,2026-06-01 06:54:33
2026-05-31,ロフト,ロフト310,（不明）,4560449979405,1110,0,2026-05,2026-06-01 06:54:33
2026-05-31,ロフト,ロフト310,（不明）,4560449979917,1110,12,2026-05,2026-06-01 06:54:33
2026-05-31,ロフト,ロフト310,（不明）,4560449979931,1110,2,2026-05,2026-06-01 06:54:33
2026-05-31,ロフト,ロフト310,（不明）,4560449982696,1110,1,2026-05,2026-06-01 06:54:33
2026-05-31,ロフト,ロフト310,（不明）,4560449982726,1110,0,2026-05,2026-06-01 06:54:33
2026-05-31,ロフト,ロフト310,（不明）,4573473052303,1029,3,2026-05,2026-06-01 06:54:33
2026-05-31,ロフト,ロフト310,（不明）,4573587350258,1762,1,2026-05,2026-06-01 06:54:33
2026-05-31,ロフト,ロフト310,（不明）,4573587350616,1762,0,2026-05,2026-06-01 06:54:33
2026-05-31,ロフト,ロフト310,（不明）,4573587350630,1762,1,2026-05,2026-06-01 06:54:33
2026-05-31,ロフト,ロフト310,（不明）,4573587350654,1762,0,2026-05,2026-06-01 06:54:33
2026-05-31,ロフト,ロフト310,（不明）,4573587350678,1762,1,2026-05,2026-06-01 06:54:33
2026-05-31,ロフト,ロフト310,（不明）,4573694000015,1110,2,2026-05,2026-06-01 06:54:33
2026-05-31,ロフト,ロフト310,（不明）,4573694002934,1110,1,2026-05,2026-06-01 06:54:33
2026-05-31,ロフト,ロフト310,（不明）,4580886250011,1013,4,2026-05,2026-06-01 06:54:33
2026-05-31,ロフト,ロフト310,（不明）,4582784162977,1762,0,2026-05,2026-06-01 06:54:33
2026-05-31,ロフト,ロフト310,（不明）,4582784162984,1762,0,2026-05,2026-06-01 06:54:33
2026-05-31,ロフト,ロフト310,（不明）,4582784163271,1762,0,2026-05,2026-06-01 06:54:33
2026-05-31,ロフト,ロフト310,（不明）,4582784163288,1762,1,2026-05,2026-06-01 06:54:33
2026-05-31,ロフト,ロフト310,（不明）,4582784166104,1762,0,2026-05,2026-06-01 06:54:33
2026-05-31,ロフト,ロフト310,（不明）,4582784166128,1762,1,2026-05,2026-06-01 06:54:33
2026-05-31,ロフト,ロフト310,（不明）,4582784166784,1762,2,2026-05,2026-06-01 06:54:33
2026-05-31,ロフト,ロフト310,（不明）,4582784166791,1762,1,2026-05,2026-06-01 06:54:33
2026-05-31,ロフト,ロフト310,（不明）,4595988311096,1220,0,2026-05,2026-06-01 06:54:33
2026-05-31,ロフト,ロフト310,（不明）,4595988311119,1220,0,2026-05,2026-06-01 06:54:33
2026-05-31,ロフト,ロフト311,（不明）,4560440431087,1016,0,2026-05,2026-06-01 06:54:33
2026-05-31,ロフト,ロフト311,（不明）,4560440431254,1015,2,2026-05,2026-06-01 06:54:33
2026-05-31,ロフト,ロフト311,（不明）,4560440431346,1016,0,2026-05,2026-06-01 06:54:33
2026-05-31,ロフト,ロフト311,（不明）,4560440431353,1016,2,2026-05,2026-06-01 06:54:33
2026-05-31,ロフト,ロフト311,（不明）,4560440431384,1036,0,2026-05,2026-06-01 06:54:33
2026-05-31,ロフト,ロフト311,（不明）,4560440431407,1016,1,2026-05,2026-06-01 06:54:33
2026-05-31,ロフト,ロフト311,（不明）,4560440431414,1016,6,2026-05,2026-06-01 06:54:33
2026-05-31,ロフト,ロフト311,（不明）,4560440431452,1036,2,2026-05,2026-06-01 06:54:33
2026-05-31,ロフト,ロフト311,（不明）,4560440431490,1015,0,2026-05,2026-06-01 06:54:33
2026-05-31,ロフト,ロフト311,（不明）,4560440431520,1015,0,2026-05,2026-06-01 06:54:33
2026-05-31,ロフト,ロフト311,（不明）,4560440431599,1034,14,2026-05,2026-06-01 06:54:33
2026-05-31,ロフト,ロフト311,（不明）,4560449979313,1110,8,2026-05,2026-06-01 06:54:33
2026-05-31,ロフト,ロフト311,（不明）,4560449979405,1110,1,2026-05,2026-06-01 06:54:33
2026-05-31,ロフト,ロフト311,（不明）,4560449979443,1762,0,2026-05,2026-06-01 06:54:33
2026-05-31,ロフト,ロフト311,（不明）,4560449979467,1762,0,2026-05,2026-06-01 06:54:33
2026-05-31,ロフト,ロフト311,（不明）,4560449979917,1110,6,2026-05,2026-06-01 06:54:33
2026-05-31,ロフト,ロフト311,（不明）,4560449979931,1110,1,2026-05,2026-06-01 06:54:33
2026-05-31,ロフト,ロフト311,（不明）,4560449982696,1110,0,2026-05,2026-06-01 06:54:33
2026-05-31,ロフト,ロフト311,（不明）,4560449982726,1110,0,2026-05,2026-06-01 06:54:33
2026-05-31,ロフト,ロフト311,（不明）,4573473052006,1013,2,2026-05,2026-06-01 06:54:33
2026-05-31,ロフト,ロフト311,（不明）,4573473052136,1013,16,2026-05,2026-06-01 06:54:33
2026-05-31,ロフト,ロフト311,（不明）,4573473052235,1035,0,2026-05,2026-06-01 06:54:33
2026-05-31,ロフト,ロフト311,（不明）,4573473052303,1029,0,2026-05,2026-06-01 06:54:33
2026-05-31,ロフト,ロフト311,（不明）,4573587350258,1762,1,2026-05,2026-06-01 06:54:33
2026-05-31,ロフト,ロフト311,（不明）,4573587350616,1762,2,2026-05,2026-06-01 06:54:33
2026-05-31,ロフト,ロフト311,（不明）,4573587350630,1762,0,2026-05,2026-06-01 06:54:33
2026-05-31,ロフト,ロフト311,（不明）,4573587350654,1762,0,2026-05,2026-06-01 06:54:33
2026-05-31,ロフト,ロフト311,（不明）,4573587350678,1762,0,2026-05,2026-06-01 06:54:33
2026-05-31,ロフト,ロフト311,（不明）,4573694002903,1110,0,2026-05,2026-06-01 06:54:33
2026-05-31,ロフト,ロフト311,（不明）,4573694002934,1110,0,2026-05,2026-06-01 06:54:33
2026-05-31,ロフト,ロフト311,（不明）,4580886250011,1013,0,2026-05,2026-06-01 06:54:33
2026-05-31,ロフト,ロフト311,（不明）,4582784162977,1762,0,2026-05,2026-06-01 06:54:33
2026-05-31,ロフト,ロフト311,（不明）,4582784162984,1762,0,2026-05,2026-06-01 06:54:33
2026-05-31,ロフト,ロフト311,（不明）,4582784163240,1762,0,2026-05,2026-06-01 06:54:33
2026-05-31,ロフト,ロフト311,（不明）,4582784166104,1762,0,2026-05,2026-06-01 06:54:33
2026-05-31,ロフト,ロフト311,（不明）,4582784166128,1762,2,2026-05,2026-06-01 06:54:33
2026-05-31,ロフト,ロフト311,（不明）,4582784166784,1762,1,2026-05,2026-06-01 06:54:33
2026-05-31,ロフト,ロフト311,（不明）,4582784166791,1762,3,2026-05,2026-06-01 06:54:33
2026-05-31,ロフト,ロフト311,（不明）,4595315976011,1222,1,2026-05,2026-06-01 06:54:33
2026-05-31,ロフト,ロフト311,（不明）,4595988311089,1220,2,2026-05,2026-06-01 06:54:33
2026-05-31,ロフト,ロフト311,（不明）,4595988311096,1220,0,2026-05,2026-06-01 06:54:33
2026-05-31,ロフト,ロフト311,（不明）,4595988311119,1220,0,2026-05,2026-06-01 06:54:33
2026-05-31,ロフト,ロフト311,（不明）,8809317963556,1723,4,2026-05,2026-06-01 06:54:33
2026-05-31,ロフト,ロフト311,（不明）,8809317967943,1723,4,2026-05,2026-06-01 06:54:33
2026-05-31,ロフト,ロフト311,（不明）,8809541199998,1723,1,2026-05,2026-06-01 06:54:33
2026-05-31,ロフト,ロフト311,（不明）,8809823390297,1723,4,2026-05,2026-06-01 06:54:33
2026-05-31,ロフト,ロフト311,（不明）,8809849808417,1092,1,2026-05,2026-06-01 06:54:33
2026-05-31,ロフト,ロフト312,（不明）,4560440431346,1016,0,2026-05,2026-06-01 06:54:33
2026-05-31,ロフト,ロフト312,（不明）,4560440431377,1036,4,2026-05,2026-06-01 06:54:33
2026-05-31,ロフト,ロフト312,（不明）,4560440431384,1036,0,2026-05,2026-06-01 06:54:33
2026-05-31,ロフト,ロフト312,（不明）,4560440431414,1016,2,2026-05,2026-06-01 06:54:33
2026-05-31,ロフト,ロフト312,（不明）,4560440431421,1016,1,2026-05,2026-06-01 06:54:33
2026-05-31,ロフト,ロフト312,（不明）,4560440431438,1016,8,2026-05,2026-06-01 06:54:33
2026-05-31,ロフト,ロフト312,（不明）,4560440431452,1036,1,2026-05,2026-06-01 06:54:33
2026-05-31,ロフト,ロフト312,（不明）,4560449979313,1110,7,2026-05,2026-06-01 06:54:33
2026-05-31,ロフト,ロフト312,（不明）,4560449979405,1110,1,2026-05,2026-06-01 06:54:33
2026-05-31,ロフト,ロフト312,（不明）,4560449979917,1110,6,2026-05,2026-06-01 06:54:33
2026-05-31,ロフト,ロフト312,（不明）,4560449979931,1110,1,2026-05,2026-06-01 06:54:33
2026-05-31,ロフト,ロフト312,（不明）,4560449982696,1110,2,2026-05,2026-06-01 06:54:33
2026-05-31,ロフト,ロフト312,（不明）,4560449982726,1110,0,2026-05,2026-06-01 06:54:33
2026-05-31,ロフト,ロフト312,（不明）,4573587350616,1762,2,2026-05,2026-06-01 06:54:33
2026-05-31,ロフト,ロフト312,（不明）,4573587350654,1762,0,2026-05,2026-06-01 06:54:33
2026-05-31,ロフト,ロフト312,（不明）,4573587350678,1762,2,2026-05,2026-06-01 06:54:33
2026-05-31,ロフト,ロフト312,（不明）,4573694002903,1110,3,2026-05,2026-06-01 06:54:33
2026-05-31,ロフト,ロフト312,（不明）,4573694002934,1110,0,2026-05,2026-06-01 06:54:33
2026-05-31,ロフト,ロフト312,（不明）,4582784162977,1762,0,2026-05,2026-06-01 06:54:33
2026-05-31,ロフト,ロフト312,（不明）,4582784162984,1762,1,2026-05,2026-06-01 06:54:33
2026-05-31,ロフト,ロフト312,（不明）,4582784166111,1762,1,2026-05,2026-06-01 06:54:33
2026-05-31,ロフト,ロフト312,（不明）,4582784166784,1762,1,2026-05,2026-06-01 06:54:33
2026-05-31,ロフト,ロフト312,（不明）,4582784166791,1762,0,2026-05,2026-06-01 06:54:33
2026-05-31,ロフト,ロフト312,（不明）,4595315976011,1222,0,2026-05,2026-06-01 06:54:33
2026-05-31,ロフト,ロフト312,（不明）,4595988311089,1220,0,2026-05,2026-06-01 06:54:33
2026-05-31,ロフト,ロフト312,（不明）,4595988311096,1220,0,2026-05,2026-06-01 06:54:33
2026-05-31,ロフト,ロフト312,（不明）,4595988311119,1220,0,2026-05,2026-06-01 06:54:33
2026-05-31,ロフト,ロフト313,（不明）,4560440431117,1036,1,2026-05,2026-06-01 06:54:33
2026-05-31,ロフト,ロフト313,（不明）,4560440431179,1016,0,2026-05,2026-06-01 06:54:33
2026-05-31,ロフト,ロフト313,（不明）,4560440431186,1016,0,2026-05,2026-06-01 06:54:33
2026-05-31,ロフト,ロフト313,（不明）,4560440431216,1015,0,2026-05,2026-06-01 06:54:33
2026-05-31,ロフト,ロフト313,（不明）,4560440431353,1016,0,2026-05,2026-06-01 06:54:33
2026-05-31,ロフト,ロフト313,（不明）,4560440431384,1036,1,2026-05,2026-06-01 06:54:33
2026-05-31,ロフト,ロフト313,（不明）,4560440431407,1016,0,2026-05,2026-06-01 06:54:33
2026-05-31,ロフト,ロフト313,（不明）,4560440431414,1016,2,2026-05,2026-06-01 06:54:33
2026-05-31,ロフト,ロフト313,（不明）,4560440431438,1016,1,2026-05,2026-06-01 06:54:33
2026-05-31,ロフト,ロフト313,（不明）,4560440431452,1036,1,2026-05,2026-06-01 06:54:33
2026-05-31,ロフト,ロフト313,（不明）,4560449979313,1110,12,2026-05,2026-06-01 06:54:33
2026-05-31,ロフト,ロフト313,（不明）,4560449979405,1110,3,2026-05,2026-06-01 06:54:33
2026-05-31,ロフト,ロフト313,（不明）,4560449979917,1110,5,2026-05,2026-06-01 06:54:33
2026-05-31,ロフト,ロフト313,（不明）,4560449979931,1110,1,2026-05,2026-06-01 06:54:33
2026-05-31,ロフト,ロフト313,（不明）,4560449982696,1110,1,2026-05,2026-06-01 06:54:33
2026-05-31,ロフト,ロフト313,（不明）,4560449982726,1110,0,2026-05,2026-06-01 06:54:33
2026-05-31,ロフト,ロフト313,（不明）,4573473052006,1013,2,2026-05,2026-06-01 06:54:33
2026-05-31,ロフト,ロフト313,（不明）,4573473052136,1013,12,2026-05,2026-06-01 06:54:33
2026-05-31,ロフト,ロフト313,（不明）,4573473052235,1035,1,2026-05,2026-06-01 06:54:33
2026-05-31,ロフト,ロフト313,（不明）,4573473052303,1029,0,2026-05,2026-06-01 06:54:33
2026-05-31,ロフト,ロフト313,（不明）,4573587350210,1762,1,2026-05,2026-06-01 06:54:33
2026-05-31,ロフト,ロフト313,（不明）,4573587350616,1762,2,2026-05,2026-06-01 06:54:33
2026-05-31,ロフト,ロフト313,（不明）,4573587350630,1762,1,2026-05,2026-06-01 06:54:33
2026-05-31,ロフト,ロフト313,（不明）,4573587350654,1762,7,2026-05,2026-06-01 06:54:33
2026-05-31,ロフト,ロフト313,（不明）,4573587350678,1762,1,2026-05,2026-06-01 06:54:33
2026-05-31,ロフト,ロフト313,（不明）,4573694000015,1110,0,2026-05,2026-06-01 06:54:33
2026-05-31,ロフト,ロフト313,（不明）,4573694002903,1110,5,2026-05,2026-06-01 06:54:33
2026-05-31,ロフト,ロフト313,（不明）,4573694002934,1110,1,2026-05,2026-06-01 06:54:33
2026-05-31,ロフト,ロフト313,（不明）,4580886250011,1013,1,2026-05,2026-06-01 06:54:33
2026-05-31,ロフト,ロフト313,（不明）,4582784162977,1762,0,2026-05,2026-06-01 06:54:33
2026-05-31,ロフト,ロフト313,（不明）,4582784162984,1762,1,2026-05,2026-06-01 06:54:33
2026-05-31,ロフト,ロフト313,（不明）,4582784166104,1762,0,2026-05,2026-06-01 06:54:33
2026-05-31,ロフト,ロフト313,（不明）,4582784166111,1762,2,2026-05,2026-06-01 06:54:33
2026-05-31,ロフト,ロフト313,（不明）,4582784166128,1762,1,2026-05,2026-06-01 06:54:33
2026-05-31,ロフト,ロフト313,（不明）,4582784166784,1762,1,2026-05,2026-06-01 06:54:33
2026-05-31,ロフト,ロフト313,（不明）,4582784166791,1762,0,2026-05,2026-06-01 06:54:33
2026-05-31,ロフト,ロフト313,（不明）,4595317659110,1013,0,2026-05,2026-06-01 06:54:33
2026-05-31,ロフト,ロフト313,（不明）,4595317659752,1013,0,2026-05,2026-06-01 06:54:33
2026-05-31,ロフト,ロフト313,（不明）,8809849808417,1092,2,2026-05,2026-06-01 06:54:33
2026-05-31,ロフト,ロフト313,（不明）,8809849808424,1092,1,2026-05,2026-06-01 06:54:33
2026-05-31,ロフト,ロフト314,（不明）,4560440431087,1016,0,2026-05,2026-06-01 06:54:33
2026-05-31,ロフト,ロフト314,（不明）,4560440431193,1036,0,2026-05,2026-06-01 06:54:33
2026-05-31,ロフト,ロフト314,（不明）,4560440431223,1015,1,2026-05,2026-06-01 06:54:33
2026-05-31,ロフト,ロフト314,（不明）,4560440431353,1016,1,2026-05,2026-06-01 06:54:33
2026-05-31,ロフト,ロフト314,（不明）,4560440431377,1036,1,2026-05,2026-06-01 06:54:33
2026-05-31,ロフト,ロフト314,（不明）,4560440431407,1016,1,2026-05,2026-06-01 06:54:33
2026-05-31,ロフト,ロフト314,（不明）,4560440431414,1016,8,2026-05,2026-06-01 06:54:33
2026-05-31,ロフト,ロフト314,（不明）,4560440431438,1016,2,2026-05,2026-06-01 06:54:33
2026-05-31,ロフト,ロフト314,（不明）,4560440431445,1016,6,2026-05,2026-06-01 06:54:33
2026-05-31,ロフト,ロフト314,（不明）,4560440431452,1036,1,2026-05,2026-06-01 06:54:33
2026-05-31,ロフト,ロフト314,（不明）,4560440431506,1015,1,2026-05,2026-06-01 06:54:33
2026-05-31,ロフト,ロフト314,（不明）,4560440431513,1015,1,2026-05,2026-06-01 06:54:33
2026-05-31,ロフト,ロフト314,（不明）,4560440431520,1015,4,2026-05,2026-06-01 06:54:33
2026-05-31,ロフト,ロフト314,（不明）,4560449970273,1762,1,2026-05,2026-06-01 06:54:33
2026-05-31,ロフト,ロフト314,（不明）,4560449970280,1762,1,2026-05,2026-06-01 06:54:33
2026-05-31,ロフト,ロフト314,（不明）,4560449979313,1110,5,2026-05,2026-06-01 06:54:33
2026-05-31,ロフト,ロフト314,（不明）,4560449979405,1110,1,2026-05,2026-06-01 06:54:33
2026-05-31,ロフト,ロフト314,（不明）,4560449979443,1762,0,2026-05,2026-06-01 06:54:33
2026-05-31,ロフト,ロフト314,（不明）,4560449979467,1762,0,2026-05,2026-06-01 06:54:33
2026-05-31,ロフト,ロフト314,（不明）,4560449979917,1110,11,2026-05,2026-06-01 06:54:33
2026-05-31,ロフト,ロフト314,（不明）,4560449979931,1110,2,2026-05,2026-06-01 06:54:33
2026-05-31,ロフト,ロフト314,（不明）,4560449982696,1110,0,2026-05,2026-06-01 06:54:33
2026-05-31,ロフト,ロフト314,（不明）,4560449982726,1110,1,2026-05,2026-06-01 06:54:33
2026-05-31,ロフト,ロフト314,（不明）,4573473052006,1013,3,2026-05,2026-06-01 06:54:33
2026-05-31,ロフト,ロフト314,（不明）,4573473052136,1013,9,2026-05,2026-06-01 06:54:33
2026-05-31,ロフト,ロフト314,（不明）,4573473052235,1035,1,2026-05,2026-06-01 06:54:33
2026-05-31,ロフト,ロフト314,（不明）,4573473052303,1029,0,2026-05,2026-06-01 06:54:33
2026-05-31,ロフト,ロフト314,（不明）,4573587350210,1762,1,2026-05,2026-06-01 06:54:33
2026-05-31,ロフト,ロフト314,（不明）,4573587350616,1762,1,2026-05,2026-06-01 06:54:33
2026-05-31,ロフト,ロフト314,（不明）,4573587350630,1762,3,2026-05,2026-06-01 06:54:33
2026-05-31,ロフト,ロフト314,（不明）,4573587350654,1762,1,2026-05,2026-06-01 06:54:33
2026-05-31,ロフト,ロフト314,（不明）,4573587350678,1762,0,2026-05,2026-06-01 06:54:33
2026-05-31,ロフト,ロフト314,（不明）,4573694000015,1110,3,2026-05,2026-06-01 06:54:33
2026-05-31,ロフト,ロフト314,（不明）,4573694002903,1110,2,2026-05,2026-06-01 06:54:33
2026-05-31,ロフト,ロフト314,（不明）,4580886250011,1013,1,2026-05,2026-06-01 06:54:33
2026-05-31,ロフト,ロフト314,（不明）,4582784162977,1762,0,2026-05,2026-06-01 06:54:33
2026-05-31,ロフト,ロフト314,（不明）,4582784162984,1762,0,2026-05,2026-06-01 06:54:33
2026-05-31,ロフト,ロフト314,（不明）,4582784163233,1762,0,2026-05,2026-06-01 06:54:33
2026-05-31,ロフト,ロフト314,（不明）,4582784163240,1762,0,2026-05,2026-06-01 06:54:33
2026-05-31,ロフト,ロフト314,（不明）,4582784166104,1762,0,2026-05,2026-06-01 06:54:33
2026-05-31,ロフト,ロフト314,（不明）,4582784166111,1762,0,2026-05,2026-06-01 06:54:33
2026-05-31,ロフト,ロフト314,（不明）,4582784166128,1762,2,2026-05,2026-06-01 06:54:33
2026-05-31,ロフト,ロフト314,（不明）,4582784166784,1762,0,2026-05,2026-06-01 06:54:33
2026-05-31,ロフト,ロフト314,（不明）,4582784166791,1762,1,2026-05,2026-06-01 06:54:33
2026-05-31,ロフト,ロフト314,（不明）,4595315976011,1222,0,2026-05,2026-06-01 06:54:33
2026-05-31,ロフト,ロフト314,（不明）,4595317659110,1013,0,2026-05,2026-06-01 06:54:33
2026-05-31,ロフト,ロフト314,（不明）,4595317659127,1013,1,2026-05,2026-06-01 06:54:33
2026-05-31,ロフト,ロフト314,（不明）,4595988311089,1220,1,2026-05,2026-06-01 06:54:33
2026-05-31,ロフト,ロフト314,（不明）,4595988311096,1220,0,2026-05,2026-06-01 06:54:33
2026-05-31,ロフト,ロフト314,（不明）,4595988311119,1220,0,2026-05,2026-06-01 06:54:33
2026-05-31,ロフト,ロフト314,（不明）,8809317963556,1723,4,2026-05,2026-06-01 06:54:33
2026-05-31,ロフト,ロフト314,（不明）,8809317967943,1723,0,2026-05,2026-06-01 06:54:33
2026-05-31,ロフト,ロフト314,（不明）,8809541199998,1723,0,2026-05,2026-06-01 06:54:33
2026-05-31,ロフト,ロフト314,（不明）,8809672176332,1266,0,2026-05,2026-06-01 06:54:33
2026-05-31,ロフト,ロフト314,（不明）,8809672176684,1250,0,2026-05,2026-06-01 06:54:33
2026-05-31,ロフト,ロフト314,（不明）,8809823390297,1723,2,2026-05,2026-06-01 06:54:33
2026-05-31,ロフト,ロフト314,（不明）,8809849808417,1092,0,2026-05,2026-06-01 06:54:33
2026-05-31,ロフト,ロフト315,（不明）,4560440431193,1036,1,2026-05,2026-06-01 06:54:33
2026-05-31,ロフト,ロフト315,（不明）,4560440431230,1015,0,2026-05,2026-06-01 06:54:33
2026-05-31,ロフト,ロフト315,（不明）,4560440431353,1016,0,2026-05,2026-06-01 06:54:33
2026-05-31,ロフト,ロフト315,（不明）,4560440431377,1036,0,2026-05,2026-06-01 06:54:33
2026-05-31,ロフト,ロフト315,（不明）,4560440431469,1016,0,2026-05,2026-06-01 06:54:33
2026-05-31,ロフト,ロフト315,（不明）,4560440431490,1015,0,2026-05,2026-06-01 06:54:33
2026-05-31,ロフト,ロフト315,（不明）,4560440431520,1015,0,2026-05,2026-06-01 06:54:33
2026-05-31,ロフト,ロフト315,（不明）,4560440431599,1034,14,2026-05,2026-06-01 06:54:33
2026-05-31,ロフト,ロフト315,（不明）,4560449970273,1762,0,2026-05,2026-06-01 06:54:33
2026-05-31,ロフト,ロフト315,（不明）,4560449970280,1762,1,2026-05,2026-06-01 06:54:33
2026-05-31,ロフト,ロフト315,（不明）,4560449979313,1110,6,2026-05,2026-06-01 06:54:33
2026-05-31,ロフト,ロフト315,（不明）,4560449979405,1110,1,2026-05,2026-06-01 06:54:33
2026-05-31,ロフト,ロフト315,（不明）,4560449979443,1762,0,2026-05,2026-06-01 06:54:33
2026-05-31,ロフト,ロフト315,（不明）,4560449979467,1762,1,2026-05,2026-06-01 06:54:33
2026-05-31,ロフト,ロフト315,（不明）,4560449979917,1110,9,2026-05,2026-06-01 06:54:33
2026-05-31,ロフト,ロフト315,（不明）,4560449979931,1110,2,2026-05,2026-06-01 06:54:33
2026-05-31,ロフト,ロフト315,（不明）,4560449982696,1110,0,2026-05,2026-06-01 06:54:33
2026-05-31,ロフト,ロフト315,（不明）,4560449982726,1110,1,2026-05,2026-06-01 06:54:33
2026-05-31,ロフト,ロフト315,（不明）,4573473052006,1013,1,2026-05,2026-06-01 06:54:33
2026-05-31,ロフト,ロフト315,（不明）,4573473052235,1035,1,2026-05,2026-06-01 06:54:33
2026-05-31,ロフト,ロフト315,（不明）,4573473052303,1029,0,2026-05,2026-06-01 06:54:33
2026-05-31,ロフト,ロフト315,（不明）,4573587350258,1762,3,2026-05,2026-06-01 06:54:33
2026-05-31,ロフト,ロフト315,（不明）,4573587350616,1762,0,2026-05,2026-06-01 06:54:33
2026-05-31,ロフト,ロフト315,（不明）,4573587350654,1762,0,2026-05,2026-06-01 06:54:33
2026-05-31,ロフト,ロフト315,（不明）,4573587350678,1762,0,2026-05,2026-06-01 06:54:33
2026-05-31,ロフト,ロフト315,（不明）,4573694002903,1110,3,2026-05,2026-06-01 06:54:33
2026-05-31,ロフト,ロフト315,（不明）,4573694002934,1110,1,2026-05,2026-06-01 06:54:33
2026-05-31,ロフト,ロフト315,（不明）,4582784162977,1762,1,2026-05,2026-06-01 06:54:33
2026-05-31,ロフト,ロフト315,（不明）,4582784162984,1762,0,2026-05,2026-06-01 06:54:33
2026-05-31,ロフト,ロフト315,（不明）,4582784166104,1762,0,2026-05,2026-06-01 06:54:33
2026-05-31,ロフト,ロフト315,（不明）,4582784166111,1762,0,2026-05,2026-06-01 06:54:33
2026-05-31,ロフト,ロフト315,（不明）,4582784166128,1762,2,2026-05,2026-06-01 06:54:33
2026-05-31,ロフト,ロフト315,（不明）,4595317659110,1013,0,2026-05,2026-06-01 06:54:33
2026-05-31,ロフト,ロフト315,（不明）,4595317659127,1013,0,2026-05,2026-06-01 06:54:33
2026-05-31,ロフト,ロフト315,（不明）,4595317659738,1013,1,2026-05,2026-06-01 06:54:33
2026-05-31,ロフト,ロフト319,（不明）,4560440431094,1016,0,2026-05,2026-06-01 06:54:33
2026-05-31,ロフト,ロフト319,（不明）,4560440431179,1016,0,2026-05,2026-06-01 06:54:33
2026-05-31,ロフト,ロフト319,（不明）,4560440431230,1015,0,2026-05,2026-06-01 06:54:33
2026-05-31,ロフト,ロフト319,（不明）,4560440431353,1016,0,2026-05,2026-06-01 06:54:33
2026-05-31,ロフト,ロフト319,（不明）,4560440431384,1036,2,2026-05,2026-06-01 06:54:33
2026-05-31,ロフト,ロフト319,（不明）,4560440431445,1016,1,2026-05,2026-06-01 06:54:33
2026-05-31,ロフト,ロフト319,（不明）,4560440431520,1015,0,2026-05,2026-06-01 06:54:33
2026-05-31,ロフト,ロフト319,（不明）,4560449979313,1110,9,2026-05,2026-06-01 06:54:33
2026-05-31,ロフト,ロフト319,（不明）,4560449979917,1110,4,2026-05,2026-06-01 06:54:33
2026-05-31,ロフト,ロフト319,（不明）,4560449979931,1110,1,2026-05,2026-06-01 06:54:33
2026-05-31,ロフト,ロフト319,（不明）,4560449982696,1110,1,2026-05,2026-06-01 06:54:33
2026-05-31,ロフト,ロフト319,（不明）,4560449982726,1110,0,2026-05,2026-06-01 06:54:33
2026-05-31,ロフト,ロフト319,（不明）,4573587350616,1762,0,2026-05,2026-06-01 06:54:33
2026-05-31,ロフト,ロフト319,（不明）,4573587350654,1762,0,2026-05,2026-06-01 06:54:33
2026-05-31,ロフト,ロフト319,（不明）,4573694002934,1110,0,2026-05,2026-06-01 06:54:33
2026-05-31,ロフト,ロフト319,（不明）,4582784162977,1762,0,2026-05,2026-06-01 06:54:33
2026-05-31,ロフト,ロフト319,（不明）,4582784162984,1762,1,2026-05,2026-06-01 06:54:33
2026-05-31,ロフト,ロフト319,（不明）,4582784166104,1762,0,2026-05,2026-06-01 06:54:33
2026-05-31,ロフト,ロフト319,（不明）,4582784166111,1762,0,2026-05,2026-06-01 06:54:33
2026-05-31,ロフト,ロフト319,（不明）,4582784166128,1762,0,2026-05,2026-06-01 06:54:33
2026-05-31,ロフト,ロフト319,（不明）,4582784166784,1762,0,2026-05,2026-06-01 06:54:33
2026-05-31,ロフト,ロフト319,（不明）,4582784166791,1762,0,2026-05,2026-06-01 06:54:33
2026-05-31,ロフト,ロフト320,（不明）,4560440431124,1036,0,2026-05,2026-06-01 06:54:33
2026-05-31,ロフト,ロフト320,（不明）,4560440431223,1015,0,2026-05,2026-06-01 06:54:33
2026-05-31,ロフト,ロフト320,（不明）,4560440431407,1016,3,2026-05,2026-06-01 06:54:33
2026-05-31,ロフト,ロフト320,（不明）,4560440431414,1016,1,2026-05,2026-06-01 06:54:33
2026-05-31,ロフト,ロフト320,（不明）,4560440431445,1016,2,2026-05,2026-06-01 06:54:33
2026-05-31,ロフト,ロフト320,（不明）,4560440431483,1015,0,2026-05,2026-06-01 06:54:33
2026-05-31,ロフト,ロフト320,（不明）,4560440431513,1015,2,2026-05,2026-06-01 06:54:33
2026-05-31,ロフト,ロフト320,（不明）,4560449979313,1110,6,2026-05,2026-06-01 06:54:33
2026-05-31,ロフト,ロフト320,（不明）,4560449979405,1110,1,2026-05,2026-06-01 06:54:33
2026-05-31,ロフト,ロフト320,（不明）,4560449979917,1110,6,2026-05,2026-06-01 06:54:33
2026-05-31,ロフト,ロフト320,（不明）,4560449979931,1110,1,2026-05,2026-06-01 06:54:33
2026-05-31,ロフト,ロフト320,（不明）,4560449982696,1110,0,2026-05,2026-06-01 06:54:33
2026-05-31,ロフト,ロフト320,（不明）,4560449982726,1110,0,2026-05,2026-06-01 06:54:33
2026-05-31,ロフト,ロフト320,（不明）,4573587350210,1762,3,2026-05,2026-06-01 06:54:33
2026-05-31,ロフト,ロフト320,（不明）,4573587350258,1762,0,2026-05,2026-06-01 06:54:33
2026-05-31,ロフト,ロフト320,（不明）,4573587350616,1762,0,2026-05,2026-06-01 06:54:33
2026-05-31,ロフト,ロフト320,（不明）,4573587350630,1762,0,2026-05,2026-06-01 06:54:33
2026-05-31,ロフト,ロフト320,（不明）,4573587350654,1762,0,2026-05,2026-06-01 06:54:33
2026-05-31,ロフト,ロフト320,（不明）,4573587350678,1762,0,2026-05,2026-06-01 06:54:33
2026-05-31,ロフト,ロフト320,（不明）,4573694000015,1110,1,2026-05,2026-06-01 06:54:33
2026-05-31,ロフト,ロフト320,（不明）,4573694002903,1110,5,2026-05,2026-06-01 06:54:33
2026-05-31,ロフト,ロフト320,（不明）,4573694002934,1110,0,2026-05,2026-06-01 06:54:33
2026-05-31,ロフト,ロフト320,（不明）,4580886250011,1013,0,2026-05,2026-06-01 06:54:33
2026-05-31,ロフト,ロフト320,（不明）,4582784162977,1762,0,2026-05,2026-06-01 06:54:33
2026-05-31,ロフト,ロフト320,（不明）,4582784166104,1762,0,2026-05,2026-06-01 06:54:33
2026-05-31,ロフト,ロフト320,（不明）,4582784166111,1762,0,2026-05,2026-06-01 06:54:33
2026-05-31,ロフト,ロフト320,（不明）,4582784166128,1762,0,2026-05,2026-06-01 06:54:33
2026-05-31,ロフト,ロフト320,（不明）,4595317659110,1013,0,2026-05,2026-06-01 06:54:33
2026-05-31,ロフト,ロフト320,（不明）,4595317659127,1013,1,2026-05,2026-06-01 06:54:33
2026-05-31,ロフト,ロフト320,（不明）,4595317659738,1013,2,2026-05,2026-06-01 06:54:33
2026-05-31,ロフト,ロフト320,（不明）,4595317659745,1013,4,2026-05,2026-06-01 06:54:33
2026-05-31,ロフト,ロフト320,（不明）,4595317659752,1013,11,2026-05,2026-06-01 06:54:33
2026-05-31,ロフト,ロフト321,（不明）,4560440431179,1016,0,2026-05,2026-06-01 06:54:33
2026-05-31,ロフト,ロフト321,（不明）,4560440431377,1036,1,2026-05,2026-06-01 06:54:33
2026-05-31,ロフト,ロフト321,（不明）,4560440431407,1016,0,2026-05,2026-06-01 06:54:33
2026-05-31,ロフト,ロフト321,（不明）,4560440431414,1016,0,2026-05,2026-06-01 06:54:33
2026-05-31,ロフト,ロフト321,（不明）,4560440431421,1016,1,2026-05,2026-06-01 06:54:33
2026-05-31,ロフト,ロフト321,（不明）,4560440431506,1015,3,2026-05,2026-06-01 06:54:33
2026-05-31,ロフト,ロフト321,（不明）,4560440431520,1015,0,2026-05,2026-06-01 06:54:33
2026-05-31,ロフト,ロフト321,（不明）,4560449979313,1110,7,2026-05,2026-06-01 06:54:33
2026-05-31,ロフト,ロフト321,（不明）,4560449979405,1110,0,2026-05,2026-06-01 06:54:33
2026-05-31,ロフト,ロフト321,（不明）,4560449979917,1110,9,2026-05,2026-06-01 06:54:33
2026-05-31,ロフト,ロフト321,（不明）,4560449982696,1110,2,2026-05,2026-06-01 06:54:33
2026-05-31,ロフト,ロフト321,（不明）,4560449982726,1110,0,2026-05,2026-06-01 06:54:33
2026-05-31,ロフト,ロフト321,（不明）,4573587350210,1762,4,2026-05,2026-06-01 06:54:33
2026-05-31,ロフト,ロフト321,（不明）,4573587350258,1762,2,2026-05,2026-06-01 06:54:33
2026-05-31,ロフト,ロフト321,（不明）,4573694000015,1110,0,2026-05,2026-06-01 06:54:33
2026-05-31,ロフト,ロフト321,（不明）,4573694002903,1110,3,2026-05,2026-06-01 06:54:33
2026-05-31,ロフト,ロフト321,（不明）,4573694002934,1110,0,2026-05,2026-06-01 06:54:33
2026-05-31,ロフト,ロフト321,（不明）,4582784162977,1762,1,2026-05,2026-06-01 06:54:33
2026-05-31,ロフト,ロフト321,（不明）,4582784162984,1762,2,2026-05,2026-06-01 06:54:33
2026-05-31,ロフト,ロフト321,（不明）,4582784163233,1762,1,2026-05,2026-06-01 06:54:33
2026-05-31,ロフト,ロフト321,（不明）,4582784163240,1762,2,2026-05,2026-06-01 06:54:33
2026-05-31,ロフト,ロフト321,（不明）,4582784166104,1762,0,2026-05,2026-06-01 06:54:33
2026-05-31,ロフト,ロフト321,（不明）,4582784166111,1762,1,2026-05,2026-06-01 06:54:33
2026-05-31,ロフト,ロフト321,（不明）,4582784166128,1762,2,2026-05,2026-06-01 06:54:33
2026-05-31,ロフト,ロフト321,（不明）,4582784166784,1762,1,2026-05,2026-06-01 06:54:33
2026-05-31,ロフト,ロフト321,（不明）,4582784166791,1762,1,2026-05,2026-06-01 06:54:33
2026-05-31,ロフト,ロフト321,（不明）,8809849808400,1092,2,2026-05,2026-06-01 06:54:33
2026-05-31,ロフト,ロフト321,（不明）,8809849808417,1092,1,2026-05,2026-06-01 06:54:33
2026-05-31,ロフト,ロフト322,（不明）,4560440431230,1015,0,2026-05,2026-06-01 06:54:33
2026-05-31,ロフト,ロフト322,（不明）,4560440431346,1016,7,2026-05,2026-06-01 06:54:33
2026-05-31,ロフト,ロフト322,（不明）,4560440431353,1016,4,2026-05,2026-06-01 06:54:33
2026-05-31,ロフト,ロフト322,（不明）,4560440431377,1036,8,2026-05,2026-06-01 06:54:33
2026-05-31,ロフト,ロフト322,（不明）,4560440431384,1036,10,2026-05,2026-06-01 06:54:33
2026-05-31,ロフト,ロフト322,（不明）,4560440431407,1016,10,2026-05,2026-06-01 06:54:33
2026-05-31,ロフト,ロフト322,（不明）,4560440431414,1016,3,2026-05,2026-06-01 06:54:33
2026-05-31,ロフト,ロフト322,（不明）,4560440431421,1016,0,2026-05,2026-06-01 06:54:33
2026-05-31,ロフト,ロフト322,（不明）,4560440431445,1016,4,2026-05,2026-06-01 06:54:33
2026-05-31,ロフト,ロフト322,（不明）,4560440431452,1036,3,2026-05,2026-06-01 06:54:33
2026-05-31,ロフト,ロフト322,（不明）,4560440431599,1034,27,2026-05,2026-06-01 06:54:33
2026-05-31,ロフト,ロフト322,（不明）,4560440431742,1034,2,2026-05,2026-06-01 06:54:33
2026-05-31,ロフト,ロフト322,（不明）,4560449979313,1110,15,2026-05,2026-06-01 06:54:33
2026-05-31,ロフト,ロフト322,（不明）,4560449979917,1110,22,2026-05,2026-06-01 06:54:33
2026-05-31,ロフト,ロフト322,（不明）,4560449982696,1110,0,2026-05,2026-06-01 06:54:33
2026-05-31,ロフト,ロフト322,（不明）,4560449982726,1110,0,2026-05,2026-06-01 06:54:33
2026-05-31,ロフト,ロフト322,（不明）,4573473052006,1013,7,2026-05,2026-06-01 06:54:33
2026-05-31,ロフト,ロフト322,（不明）,4573473052303,1029,2,2026-05,2026-06-01 06:54:33
2026-05-31,ロフト,ロフト322,（不明）,4573587350210,1762,0,2026-05,2026-06-01 06:54:33
2026-05-31,ロフト,ロフト322,（不明）,4573587350616,1762,1,2026-05,2026-06-01 06:54:33
2026-05-31,ロフト,ロフト322,（不明）,4573587350630,1762,0,2026-05,2026-06-01 06:54:33
2026-05-31,ロフト,ロフト322,（不明）,4573587350654,1762,1,2026-05,2026-06-01 06:54:33
2026-05-31,ロフト,ロフト322,（不明）,4573587350678,1762,0,2026-05,2026-06-01 06:54:33
2026-05-31,ロフト,ロフト322,（不明）,4573694000091,1097,4,2026-05,2026-06-01 06:54:33
2026-05-31,ロフト,ロフト322,（不明）,4573694002903,1110,5,2026-05,2026-06-01 06:54:33
2026-05-31,ロフト,ロフト322,（不明）,4573694002934,1110,0,2026-05,2026-06-01 06:54:33
2026-05-31,ロフト,ロフト322,（不明）,4580886250011,1013,1,2026-05,2026-06-01 06:54:33
2026-05-31,ロフト,ロフト322,（不明）,4582784162977,1762,0,2026-05,2026-06-01 06:54:33
2026-05-31,ロフト,ロフト322,（不明）,4582784162984,1762,0,2026-05,2026-06-01 06:54:33
2026-05-31,ロフト,ロフト322,（不明）,4582784166111,1762,1,2026-05,2026-06-01 06:54:33
2026-05-31,ロフト,ロフト322,（不明）,4582784166128,1762,1,2026-05,2026-06-01 06:54:33
2026-05-31,ロフト,ロフト322,（不明）,4582784166784,1762,1,2026-05,2026-06-01 06:54:33
2026-05-31,ロフト,ロフト322,（不明）,4582784166791,1762,0,2026-05,2026-06-01 06:54:33
2026-05-31,ロフト,ロフト322,（不明）,4595315976011,1222,2,2026-05,2026-06-01 06:54:33
2026-05-31,ロフト,ロフト322,（不明）,4595988311089,1220,2,2026-05,2026-06-01 06:54:33
2026-05-31,ロフト,ロフト322,（不明）,4595988311096,1220,1,2026-05,2026-06-01 06:54:33
2026-05-31,ロフト,ロフト322,（不明）,4595988311119,1220,2,2026-05,2026-06-01 06:54:33
2026-05-31,ロフト,ロフト322,（不明）,8809672176332,1266,2,2026-05,2026-06-01 06:54:33
2026-05-31,ロフト,ロフト322,（不明）,8809672176684,1250,2,2026-05,2026-06-01 06:54:33
2026-05-31,ロフト,ロフト323,（不明）,4560440431193,1036,1,2026-05,2026-06-01 06:54:33
2026-05-31,ロフト,ロフト323,（不明）,4560440431230,1015,2,2026-05,2026-06-01 06:54:33
2026-05-31,ロフト,ロフト323,（不明）,4560440431261,1015,0,2026-05,2026-06-01 06:54:33
2026-05-31,ロフト,ロフト323,（不明）,4560440431353,1016,1,2026-05,2026-06-01 06:54:33
2026-05-31,ロフト,ロフト323,（不明）,4560440431384,1036,1,2026-05,2026-06-01 06:54:33
2026-05-31,ロフト,ロフト323,（不明）,4560440431438,1016,2,2026-05,2026-06-01 06:54:33
2026-05-31,ロフト,ロフト323,（不明）,4560440431452,1036,0,2026-05,2026-06-01 06:54:33
2026-05-31,ロフト,ロフト323,（不明）,4560440431513,1015,2,2026-05,2026-06-01 06:54:33
2026-05-31,ロフト,ロフト323,（不明）,4560440431599,1034,4,2026-05,2026-06-01 06:54:33
2026-05-31,ロフト,ロフト323,（不明）,4560440431742,1034,0,2026-05,2026-06-01 06:54:33
2026-05-31,ロフト,ロフト323,（不明）,4560449970273,1762,1,2026-05,2026-06-01 06:54:33
2026-05-31,ロフト,ロフト323,（不明）,4560449970280,1762,0,2026-05,2026-06-01 06:54:33
2026-05-31,ロフト,ロフト323,（不明）,4560449979313,1110,6,2026-05,2026-06-01 06:54:33
2026-05-31,ロフト,ロフト323,（不明）,4560449979405,1110,2,2026-05,2026-06-01 06:54:33
2026-05-31,ロフト,ロフト323,（不明）,4560449979443,1762,0,2026-05,2026-06-01 06:54:33
2026-05-31,ロフト,ロフト323,（不明）,4560449979467,1762,1,2026-05,2026-06-01 06:54:33
2026-05-31,ロフト,ロフト323,（不明）,4560449979917,1110,18,2026-05,2026-06-01 06:54:33
2026-05-31,ロフト,ロフト323,（不明）,4560449979931,1110,1,2026-05,2026-06-01 06:54:33
2026-05-31,ロフト,ロフト323,（不明）,4560449982696,1110,1,2026-05,2026-06-01 06:54:33
2026-05-31,ロフト,ロフト323,（不明）,4560449982726,1110,1,2026-05,2026-06-01 06:54:33
2026-05-31,ロフト,ロフト323,（不明）,4573473052006,1013,2,2026-05,2026-06-01 06:54:33
2026-05-31,ロフト,ロフト323,（不明）,4573473052235,1035,0,2026-05,2026-06-01 06:54:33
2026-05-31,ロフト,ロフト323,（不明）,4573473052303,1029,0,2026-05,2026-06-01 06:54:33
2026-05-31,ロフト,ロフト323,（不明）,4573587350210,1762,2,2026-05,2026-06-01 06:54:33
2026-05-31,ロフト,ロフト323,（不明）,4573587350616,1762,0,2026-05,2026-06-01 06:54:33
2026-05-31,ロフト,ロフト323,（不明）,4573587350630,1762,0,2026-05,2026-06-01 06:54:33
2026-05-31,ロフト,ロフト323,（不明）,4573587350654,1762,2,2026-05,2026-06-01 06:54:33
2026-05-31,ロフト,ロフト323,（不明）,4573587350678,1762,1,2026-05,2026-06-01 06:54:33
2026-05-31,ロフト,ロフト323,（不明）,4573694000015,1110,2,2026-05,2026-06-01 06:54:33
2026-05-31,ロフト,ロフト323,（不明）,4573694000091,1097,0,2026-05,2026-06-01 06:54:33
2026-05-31,ロフト,ロフト323,（不明）,4573694002903,1110,5,2026-05,2026-06-01 06:54:33
2026-05-31,ロフト,ロフト323,（不明）,4573694002934,1110,2,2026-05,2026-06-01 06:54:33
2026-05-31,ロフト,ロフト323,（不明）,4582784162977,1762,0,2026-05,2026-06-01 06:54:33
2026-05-31,ロフト,ロフト323,（不明）,4582784162984,1762,0,2026-05,2026-06-01 06:54:33
2026-05-31,ロフト,ロフト323,（不明）,4582784163233,1762,0,2026-05,2026-06-01 06:54:33
2026-05-31,ロフト,ロフト323,（不明）,4582784163240,1762,2,2026-05,2026-06-01 06:54:33
2026-05-31,ロフト,ロフト323,（不明）,4582784166104,1762,0,2026-05,2026-06-01 06:54:33
2026-05-31,ロフト,ロフト323,（不明）,4582784166111,1762,1,2026-05,2026-06-01 06:54:33
2026-05-31,ロフト,ロフト323,（不明）,4582784166128,1762,0,2026-05,2026-06-01 06:54:33
2026-05-31,ロフト,ロフト323,（不明）,4582784166784,1762,0,2026-05,2026-06-01 06:54:33
2026-05-31,ロフト,ロフト323,（不明）,4582784166791,1762,0,2026-05,2026-06-01 06:54:33
2026-05-31,ロフト,ロフト323,（不明）,4589814757080,1258,4,2026-05,2026-06-01 06:54:33
2026-05-31,ロフト,ロフト323,（不明）,4595315976011,1222,1,2026-05,2026-06-01 06:54:33
2026-05-31,ロフト,ロフト323,（不明）,4595988311089,1220,3,2026-05,2026-06-01 06:54:33
2026-05-31,ロフト,ロフト323,（不明）,4595988311096,1220,1,2026-05,2026-06-01 06:54:33
2026-05-31,ロフト,ロフト323,（不明）,4595988311119,1220,1,2026-05,2026-06-01 06:54:33
2026-05-31,ロフト,ロフト323,（不明）,8809317963556,1723,2,2026-05,2026-06-01 06:54:33
2026-05-31,ロフト,ロフト323,（不明）,8809317967943,1723,1,2026-05,2026-06-01 06:54:33
2026-05-31,ロフト,ロフト323,（不明）,8809541199998,1723,8,2026-05,2026-06-01 06:54:33
2026-05-31,ロフト,ロフト323,（不明）,8809672176332,1266,0,2026-05,2026-06-01 06:54:33
2026-05-31,ロフト,ロフト323,（不明）,8809672176684,1250,1,2026-05,2026-06-01 06:54:33
2026-05-31,ロフト,ロフト323,（不明）,8809823390297,1723,2,2026-05,2026-06-01 06:54:33
2026-05-31,ロフト,ロフト323,（不明）,8809849808400,1092,0,2026-05,2026-06-01 06:54:33
2026-05-31,ロフト,ロフト323,（不明）,8809849808417,1092,1,2026-05,2026-06-01 06:54:33
2026-05-31,ロフト,ロフト324,（不明）,4560440431346,1016,1,2026-05,2026-06-01 06:54:33
2026-05-31,ロフト,ロフト324,（不明）,4560440431353,1016,9,2026-05,2026-06-01 06:54:33
2026-05-31,ロフト,ロフト324,（不明）,4560440431384,1036,1,2026-05,2026-06-01 06:54:33
2026-05-31,ロフト,ロフト324,（不明）,4560440431407,1016,3,2026-05,2026-06-01 06:54:33
2026-05-31,ロフト,ロフト324,（不明）,4560440431414,1016,3,2026-05,2026-06-01 06:54:33
2026-05-31,ロフト,ロフト324,（不明）,4560440431438,1016,0,2026-05,2026-06-01 06:54:33
2026-05-31,ロフト,ロフト324,（不明）,4560440431476,1015,0,2026-05,2026-06-01 06:54:33
2026-05-31,ロフト,ロフト324,（不明）,4560440431520,1015,2,2026-05,2026-06-01 06:54:33
2026-05-31,ロフト,ロフト324,（不明）,4560440431537,1015,3,2026-05,2026-06-01 06:54:33
2026-05-31,ロフト,ロフト324,（不明）,4560449979313,1110,13,2026-05,2026-06-01 06:54:33
2026-05-31,ロフト,ロフト324,（不明）,4560449979917,1110,9,2026-05,2026-06-01 06:54:33
2026-05-31,ロフト,ロフト324,（不明）,4560449982696,1110,0,2026-05,2026-06-01 06:54:33
2026-05-31,ロフト,ロフト324,（不明）,4560449982726,1110,0,2026-05,2026-06-01 06:54:33
2026-05-31,ロフト,ロフト324,（不明）,4573587350210,1762,0,2026-05,2026-06-01 06:54:33
2026-05-31,ロフト,ロフト324,（不明）,4573587350258,1762,2,2026-05,2026-06-01 06:54:33
2026-05-31,ロフト,ロフト324,（不明）,4573587350616,1762,2,2026-05,2026-06-01 06:54:33
2026-05-31,ロフト,ロフト324,（不明）,4573587350630,1762,0,2026-05,2026-06-01 06:54:33
2026-05-31,ロフト,ロフト324,（不明）,4573587350654,1762,0,2026-05,2026-06-01 06:54:33
2026-05-31,ロフト,ロフト324,（不明）,4573587350678,1762,0,2026-05,2026-06-01 06:54:33
2026-05-31,ロフト,ロフト324,（不明）,4573694002903,1110,1,2026-05,2026-06-01 06:54:33
2026-05-31,ロフト,ロフト324,（不明）,4573694002934,1110,0,2026-05,2026-06-01 06:54:33
2026-05-31,ロフト,ロフト324,（不明）,4580886250011,1013,1,2026-05,2026-06-01 06:54:33
2026-05-31,ロフト,ロフト324,（不明）,4582784162977,1762,0,2026-05,2026-06-01 06:54:33
2026-05-31,ロフト,ロフト324,（不明）,4582784162984,1762,0,2026-05,2026-06-01 06:54:33
2026-05-31,ロフト,ロフト324,（不明）,4582784163233,1762,0,2026-05,2026-06-01 06:54:33
2026-05-31,ロフト,ロフト324,（不明）,4582784163240,1762,1,2026-05,2026-06-01 06:54:33
2026-05-31,ロフト,ロフト324,（不明）,4582784166104,1762,0,2026-05,2026-06-01 06:54:33
2026-05-31,ロフト,ロフト324,（不明）,4582784166111,1762,1,2026-05,2026-06-01 06:54:33
2026-05-31,ロフト,ロフト324,（不明）,4582784166128,1762,2,2026-05,2026-06-01 06:54:33
2026-05-31,ロフト,ロフト324,（不明）,4582784166784,1762,0,2026-05,2026-06-01 06:54:33
2026-05-31,ロフト,ロフト324,（不明）,4582784166791,1762,0,2026-05,2026-06-01 06:54:33
2026-05-31,ロフト,ロフト324,（不明）,4595988311089,1220,1,2026-05,2026-06-01 06:54:33
2026-05-31,ロフト,ロフト324,（不明）,4595988311096,1220,0,2026-05,2026-06-01 06:54:33
2026-05-31,ロフト,ロフト324,（不明）,4595988311119,1220,0,2026-05,2026-06-01 06:54:33
2026-05-31,ロフト,ロフト324,（不明）,8809672176332,1266,0,2026-05,2026-06-01 06:54:33
2026-05-31,ロフト,ロフト324,（不明）,8809672176684,1250,3,2026-05,2026-06-01 06:54:33
2026-05-31,ロフト,ロフト324,（不明）,8809849808400,1092,0,2026-05,2026-06-01 06:54:33
2026-05-31,ロフト,ロフト324,（不明）,8809849808424,1092,2,2026-05,2026-06-01 06:54:33
2026-05-31,ロフト,ロフト325,（不明）,4560440431353,1016,4,2026-05,2026-06-01 06:54:33
2026-05-31,ロフト,ロフト325,（不明）,4560440431384,1036,2,2026-05,2026-06-01 06:54:33
2026-05-31,ロフト,ロフト325,（不明）,4560440431407,1016,4,2026-05,2026-06-01 06:54:33
2026-05-31,ロフト,ロフト325,（不明）,4560440431414,1016,8,2026-05,2026-06-01 06:54:33
2026-05-31,ロフト,ロフト325,（不明）,4560440431438,1016,0,2026-05,2026-06-01 06:54:33
2026-05-31,ロフト,ロフト325,（不明）,4560440431445,1016,3,2026-05,2026-06-01 06:54:33
2026-05-31,ロフト,ロフト325,（不明）,4560440431452,1036,1,2026-05,2026-06-01 06:54:33
2026-05-31,ロフト,ロフト325,（不明）,4560440431537,1015,0,2026-05,2026-06-01 06:54:33
2026-05-31,ロフト,ロフト325,（不明）,4560440431599,1034,1,2026-05,2026-06-01 06:54:33
2026-05-31,ロフト,ロフト325,（不明）,4560449979313,1110,4,2026-05,2026-06-01 06:54:33
2026-05-31,ロフト,ロフト325,（不明）,4560449979405,1110,0,2026-05,2026-06-01 06:54:33
2026-05-31,ロフト,ロフト325,（不明）,4560449979917,1110,8,2026-05,2026-06-01 06:54:33
2026-05-31,ロフト,ロフト325,（不明）,4560449979931,1110,4,2026-05,2026-06-01 06:54:33
2026-05-31,ロフト,ロフト325,（不明）,4560449982696,1110,1,2026-05,2026-06-01 06:54:33
2026-05-31,ロフト,ロフト325,（不明）,4560449982726,1110,0,2026-05,2026-06-01 06:54:33
2026-05-31,ロフト,ロフト325,（不明）,4573473052006,1013,0,2026-05,2026-06-01 06:54:33
2026-05-31,ロフト,ロフト325,（不明）,4573473052235,1035,1,2026-05,2026-06-01 06:54:33
2026-05-31,ロフト,ロフト325,（不明）,4573473052303,1029,0,2026-05,2026-06-01 06:54:33
2026-05-31,ロフト,ロフト325,（不明）,4573587350210,1762,1,2026-05,2026-06-01 06:54:33
2026-05-31,ロフト,ロフト325,（不明）,4573587350258,1762,0,2026-05,2026-06-01 06:54:33
2026-05-31,ロフト,ロフト325,（不明）,4573587350616,1762,1,2026-05,2026-06-01 06:54:33
2026-05-31,ロフト,ロフト325,（不明）,4573587350630,1762,0,2026-05,2026-06-01 06:54:33
2026-05-31,ロフト,ロフト325,（不明）,4573587350654,1762,0,2026-05,2026-06-01 06:54:33
2026-05-31,ロフト,ロフト325,（不明）,4573587350678,1762,0,2026-05,2026-06-01 06:54:33
2026-05-31,ロフト,ロフト325,（不明）,4573694002903,1110,6,2026-05,2026-06-01 06:54:33
2026-05-31,ロフト,ロフト325,（不明）,4573694002934,1110,1,2026-05,2026-06-01 06:54:33
2026-05-31,ロフト,ロフト325,（不明）,4573694004396,1110,1,2026-05,2026-06-01 06:54:33
2026-05-31,ロフト,ロフト325,（不明）,4580886250011,1013,0,2026-05,2026-06-01 06:54:33
2026-05-31,ロフト,ロフト325,（不明）,4582784162977,1762,0,2026-05,2026-06-01 06:54:33
2026-05-31,ロフト,ロフト325,（不明）,4582784162984,1762,0,2026-05,2026-06-01 06:54:33
2026-05-31,ロフト,ロフト325,（不明）,4582784166104,1762,0,2026-05,2026-06-01 06:54:33
2026-05-31,ロフト,ロフト325,（不明）,4582784166111,1762,0,2026-05,2026-06-01 06:54:33
2026-05-31,ロフト,ロフト325,（不明）,4582784166128,1762,0,2026-05,2026-06-01 06:54:33
2026-05-31,ロフト,ロフト325,（不明）,4582784166784,1762,2,2026-05,2026-06-01 06:54:33
2026-05-31,ロフト,ロフト325,（不明）,4582784166791,1762,0,2026-05,2026-06-01 06:54:33
2026-05-31,ロフト,ロフト325,（不明）,4595317659110,1013,0,2026-05,2026-06-01 06:54:33
2026-05-31,ロフト,ロフト325,（不明）,4595317659127,1013,0,2026-05,2026-06-01 06:54:33
2026-05-31,ロフト,ロフト325,（不明）,4595317659738,1013,2,2026-05,2026-06-01 06:54:33
2026-05-31,ロフト,ロフト325,（不明）,4595988311089,1220,2,2026-05,2026-06-01 06:54:33
2026-05-31,ロフト,ロフト325,（不明）,4595988311096,1220,0,2026-05,2026-06-01 06:54:33
2026-05-31,ロフト,ロフト325,（不明）,4595988311119,1220,1,2026-05,2026-06-01 06:54:33
2026-05-31,ロフト,ロフト325,（不明）,8809849808417,1092,1,2026-05,2026-06-01 06:54:33
2026-05-31,ロフト,ロフト325,（不明）,8809849808424,1092,1,2026-05,2026-06-01 06:54:33
2026-05-31,ロフト,ロフト326,（不明）,4560440431179,1016,0,2026-05,2026-06-01 06:54:33
2026-05-31,ロフト,ロフト326,（不明）,4560440431384,1036,0,2026-05,2026-06-01 06:54:33
2026-05-31,ロフト,ロフト326,（不明）,4560440431414,1016,0,2026-05,2026-06-01 06:54:33
2026-05-31,ロフト,ロフト326,（不明）,4560440431421,1016,0,2026-05,2026-06-01 06:54:33
2026-05-31,ロフト,ロフト326,（不明）,4560440431445,1016,0,2026-05,2026-06-01 06:54:33
2026-05-31,ロフト,ロフト326,（不明）,4560440431599,1034,1,2026-05,2026-06-01 06:54:33
2026-05-31,ロフト,ロフト326,（不明）,4560449979313,1110,14,2026-05,2026-06-01 06:54:33
2026-05-31,ロフト,ロフト326,（不明）,4560449979405,1110,4,2026-05,2026-06-01 06:54:33
2026-05-31,ロフト,ロフト326,（不明）,4560449979917,1110,20,2026-05,2026-06-01 06:54:33
2026-05-31,ロフト,ロフト326,（不明）,4560449979931,1110,0,2026-05,2026-06-01 06:54:33
2026-05-31,ロフト,ロフト326,（不明）,4560449982696,1110,0,2026-05,2026-06-01 06:54:33
2026-05-31,ロフト,ロフト326,（不明）,4573473052006,1013,4,2026-05,2026-06-01 06:54:33
2026-05-31,ロフト,ロフト326,（不明）,4573473052235,1035,0,2026-05,2026-06-01 06:54:33
2026-05-31,ロフト,ロフト326,（不明）,4573473052303,1029,2,2026-05,2026-06-01 06:54:33
2026-05-31,ロフト,ロフト326,（不明）,4573587350210,1762,2,2026-05,2026-06-01 06:54:33
2026-05-31,ロフト,ロフト326,（不明）,4573587350258,1762,3,2026-05,2026-06-01 06:54:33
2026-05-31,ロフト,ロフト326,（不明）,4573587350616,1762,3,2026-05,2026-06-01 06:54:33
2026-05-31,ロフト,ロフト326,（不明）,4573587350630,1762,2,2026-05,2026-06-01 06:54:33
2026-05-31,ロフト,ロフト326,（不明）,4573587350654,1762,2,2026-05,2026-06-01 06:54:33
2026-05-31,ロフト,ロフト326,（不明）,4573587350678,1762,0,2026-05,2026-06-01 06:54:33
2026-05-31,ロフト,ロフト326,（不明）,4573694000015,1110,9,2026-05,2026-06-01 06:54:33
2026-05-31,ロフト,ロフト326,（不明）,4573694002903,1110,2,2026-05,2026-06-01 06:54:33
2026-05-31,ロフト,ロフト326,（不明）,4582784162977,1762,3,2026-05,2026-06-01 06:54:33
2026-05-31,ロフト,ロフト326,（不明）,4582784162984,1762,0,2026-05,2026-06-01 06:54:33
2026-05-31,ロフト,ロフト326,（不明）,4582784166104,1762,0,2026-05,2026-06-01 06:54:33
2026-05-31,ロフト,ロフト326,（不明）,4582784166111,1762,0,2026-05,2026-06-01 06:54:33
2026-05-31,ロフト,ロフト326,（不明）,4582784166128,1762,3,2026-05,2026-06-01 06:54:33
2026-05-31,ロフト,ロフト327,（不明）,4560440431346,1016,1,2026-05,2026-06-01 06:54:33
2026-05-31,ロフト,ロフト327,（不明）,4560440431353,1016,0,2026-05,2026-06-01 06:54:33
2026-05-31,ロフト,ロフト327,（不明）,4560440431384,1036,0,2026-05,2026-06-01 06:54:33
2026-05-31,ロフト,ロフト327,（不明）,4560440431407,1016,1,2026-05,2026-06-01 06:54:33
2026-05-31,ロフト,ロフト327,（不明）,4560440431414,1016,3,2026-05,2026-06-01 06:54:33
2026-05-31,ロフト,ロフト327,（不明）,4560440431445,1016,1,2026-05,2026-06-01 06:54:33
2026-05-31,ロフト,ロフト327,（不明）,4560440431476,1015,0,2026-05,2026-06-01 06:54:33
2026-05-31,ロフト,ロフト327,（不明）,4560440431513,1015,0,2026-05,2026-06-01 06:54:33
2026-05-31,ロフト,ロフト327,（不明）,4560440431520,1015,1,2026-05,2026-06-01 06:54:33
2026-05-31,ロフト,ロフト327,（不明）,4560440431599,1034,1,2026-05,2026-06-01 06:54:33
2026-05-31,ロフト,ロフト327,（不明）,4560440431742,1034,0,2026-05,2026-06-01 06:54:33
2026-05-31,ロフト,ロフト327,（不明）,4560449979313,1110,10,2026-05,2026-06-01 06:54:33
2026-05-31,ロフト,ロフト327,（不明）,4560449979405,1110,2,2026-05,2026-06-01 06:54:33
2026-05-31,ロフト,ロフト327,（不明）,4560449979917,1110,9,2026-05,2026-06-01 06:54:33
2026-05-31,ロフト,ロフト327,（不明）,4560449979931,1110,2,2026-05,2026-06-01 06:54:33
2026-05-31,ロフト,ロフト327,（不明）,4560449982696,1110,0,2026-05,2026-06-01 06:54:33
2026-05-31,ロフト,ロフト327,（不明）,4560449982726,1110,0,2026-05,2026-06-01 06:54:33
2026-05-31,ロフト,ロフト327,（不明）,4573473052006,1013,7,2026-05,2026-06-01 06:54:33
2026-05-31,ロフト,ロフト327,（不明）,4573473052136,1013,18,2026-05,2026-06-01 06:54:33
2026-05-31,ロフト,ロフト327,（不明）,4573473052235,1035,3,2026-05,2026-06-01 06:54:33
2026-05-31,ロフト,ロフト327,（不明）,4573473052303,1029,0,2026-05,2026-06-01 06:54:33
2026-05-31,ロフト,ロフト327,（不明）,4573587350210,1762,2,2026-05,2026-06-01 06:54:33
2026-05-31,ロフト,ロフト327,（不明）,4573587350258,1762,1,2026-05,2026-06-01 06:54:33
2026-05-31,ロフト,ロフト327,（不明）,4573587350616,1762,3,2026-05,2026-06-01 06:54:33
2026-05-31,ロフト,ロフト327,（不明）,4573587350630,1762,1,2026-05,2026-06-01 06:54:33
2026-05-31,ロフト,ロフト327,（不明）,4573587350654,1762,1,2026-05,2026-06-01 06:54:33
2026-05-31,ロフト,ロフト327,（不明）,4573587350678,1762,0,2026-05,2026-06-01 06:54:33
2026-05-31,ロフト,ロフト327,（不明）,4573694000015,1110,0,2026-05,2026-06-01 06:54:33
2026-05-31,ロフト,ロフト327,（不明）,4573694000091,1097,1,2026-05,2026-06-01 06:54:33
2026-05-31,ロフト,ロフト327,（不明）,4573694002903,1110,6,2026-05,2026-06-01 06:54:33
2026-05-31,ロフト,ロフト327,（不明）,4582784162977,1762,0,2026-05,2026-06-01 06:54:33
2026-05-31,ロフト,ロフト327,（不明）,4582784162984,1762,1,2026-05,2026-06-01 06:54:33
2026-05-31,ロフト,ロフト327,（不明）,4582784163233,1762,2,2026-05,2026-06-01 06:54:33
2026-05-31,ロフト,ロフト327,（不明）,4582784163240,1762,1,2026-05,2026-06-01 06:54:33
2026-05-31,ロフト,ロフト327,（不明）,4582784166104,1762,0,2026-05,2026-06-01 06:54:33
2026-05-31,ロフト,ロフト327,（不明）,4582784166128,1762,1,2026-05,2026-06-01 06:54:33
2026-05-31,ロフト,ロフト327,（不明）,4582784166784,1762,1,2026-05,2026-06-01 06:54:33
2026-05-31,ロフト,ロフト327,（不明）,4582784166791,1762,0,2026-05,2026-06-01 06:54:33
2026-05-31,ロフト,ロフト327,（不明）,4595315976011,1222,2,2026-05,2026-06-01 06:54:33
2026-05-31,ロフト,ロフト327,（不明）,4595988311089,1220,0,2026-05,2026-06-01 06:54:33
2026-05-31,ロフト,ロフト327,（不明）,4595988311096,1220,0,2026-05,2026-06-01 06:54:33
2026-05-31,ロフト,ロフト327,（不明）,4595988311119,1220,1,2026-05,2026-06-01 06:54:33
2026-05-31,ロフト,ロフト329,（不明）,4560440431346,1016,0,2026-05,2026-06-01 06:54:33
2026-05-31,ロフト,ロフト329,（不明）,4560440431353,1016,3,2026-05,2026-06-01 06:54:33
2026-05-31,ロフト,ロフト329,（不明）,4560440431414,1016,5,2026-05,2026-06-01 06:54:33
2026-05-31,ロフト,ロフト329,（不明）,4560440431421,1016,0,2026-05,2026-06-01 06:54:33
2026-05-31,ロフト,ロフト329,（不明）,4560440431445,1016,3,2026-05,2026-06-01 06:54:33
2026-05-31,ロフト,ロフト329,（不明）,4560440431452,1036,0,2026-05,2026-06-01 06:54:33
2026-05-31,ロフト,ロフト329,（不明）,4560440431476,1015,1,2026-05,2026-06-01 06:54:33
2026-05-31,ロフト,ロフト329,（不明）,4560440431599,1034,10,2026-05,2026-06-01 06:54:33
2026-05-31,ロフト,ロフト329,（不明）,4560440431742,1034,0,2026-05,2026-06-01 06:54:33
2026-05-31,ロフト,ロフト329,（不明）,4560449970273,1762,0,2026-05,2026-06-01 06:54:33
2026-05-31,ロフト,ロフト329,（不明）,4560449970280,1762,2,2026-05,2026-06-01 06:54:33
2026-05-31,ロフト,ロフト329,（不明）,4560449979313,1110,14,2026-05,2026-06-01 06:54:33
2026-05-31,ロフト,ロフト329,（不明）,4560449979405,1110,0,2026-05,2026-06-01 06:54:33
2026-05-31,ロフト,ロフト329,（不明）,4560449979443,1762,0,2026-05,2026-06-01 06:54:33
2026-05-31,ロフト,ロフト329,（不明）,4560449979467,1762,2,2026-05,2026-06-01 06:54:33
2026-05-31,ロフト,ロフト329,（不明）,4560449979917,1110,8,2026-05,2026-06-01 06:54:33
2026-05-31,ロフト,ロフト329,（不明）,4560449979931,1110,0,2026-05,2026-06-01 06:54:33
2026-05-31,ロフト,ロフト329,（不明）,4560449982696,1110,1,2026-05,2026-06-01 06:54:33
2026-05-31,ロフト,ロフト329,（不明）,4560449982726,1110,0,2026-05,2026-06-01 06:54:33
2026-05-31,ロフト,ロフト329,（不明）,4573473052006,1013,4,2026-05,2026-06-01 06:54:33
2026-05-31,ロフト,ロフト329,（不明）,4573473052235,1035,2,2026-05,2026-06-01 06:54:33
2026-05-31,ロフト,ロフト329,（不明）,4573473052303,1029,1,2026-05,2026-06-01 06:54:33
2026-05-31,ロフト,ロフト329,（不明）,4573587350210,1762,1,2026-05,2026-06-01 06:54:33
2026-05-31,ロフト,ロフト329,（不明）,4573587350258,1762,2,2026-05,2026-06-01 06:54:33
2026-05-31,ロフト,ロフト329,（不明）,4573587350616,1762,2,2026-05,2026-06-01 06:54:33
2026-05-31,ロフト,ロフト329,（不明）,4573587350630,1762,0,2026-05,2026-06-01 06:54:33
2026-05-31,ロフト,ロフト329,（不明）,4573587350654,1762,1,2026-05,2026-06-01 06:54:33
2026-05-31,ロフト,ロフト329,（不明）,4573587350678,1762,1,2026-05,2026-06-01 06:54:33
2026-05-31,ロフト,ロフト329,（不明）,4573694000015,1110,2,2026-05,2026-06-01 06:54:33
2026-05-31,ロフト,ロフト329,（不明）,4573694000091,1097,0,2026-05,2026-06-01 06:54:33
2026-05-31,ロフト,ロフト329,（不明）,4573694002903,1110,2,2026-05,2026-06-01 06:54:33
2026-05-31,ロフト,ロフト329,（不明）,4580886250011,1013,0,2026-05,2026-06-01 06:54:33
2026-05-31,ロフト,ロフト329,（不明）,4582784162977,1762,0,2026-05,2026-06-01 06:54:33
2026-05-31,ロフト,ロフト329,（不明）,4582784162984,1762,2,2026-05,2026-06-01 06:54:33
2026-05-31,ロフト,ロフト329,（不明）,4582784166104,1762,0,2026-05,2026-06-01 06:54:33
2026-05-31,ロフト,ロフト329,（不明）,4582784166111,1762,0,2026-05,2026-06-01 06:54:33
2026-05-31,ロフト,ロフト329,（不明）,4582784166128,1762,0,2026-05,2026-06-01 06:54:33
2026-05-31,ロフト,ロフト329,（不明）,4582784166784,1762,1,2026-05,2026-06-01 06:54:33
2026-05-31,ロフト,ロフト329,（不明）,4582784166791,1762,0,2026-05,2026-06-01 06:54:33
2026-05-31,ロフト,ロフト329,（不明）,4595317659738,1013,4,2026-05,2026-06-01 06:54:33
2026-05-31,ロフト,ロフト329,（不明）,4595988311089,1220,1,2026-05,2026-06-01 06:54:33
2026-05-31,ロフト,ロフト329,（不明）,4595988311096,1220,0,2026-05,2026-06-01 06:54:33
2026-05-31,ロフト,ロフト329,（不明）,4595988311119,1220,3,2026-05,2026-06-01 06:54:33
2026-05-31,ロフト,ロフト329,（不明）,8809672176332,1266,0,2026-05,2026-06-01 06:54:33
2026-05-31,ロフト,ロフト329,（不明）,8809672176684,1250,2,2026-05,2026-06-01 06:54:33
2026-05-31,ロフト,ロフト330,（不明）,4560440431131,1036,1,2026-05,2026-06-01 06:54:33
2026-05-31,ロフト,ロフト330,（不明）,4560440431353,1016,1,2026-05,2026-06-01 06:54:33
2026-05-31,ロフト,ロフト330,（不明）,4560440431377,1036,1,2026-05,2026-06-01 06:54:33
2026-05-31,ロフト,ロフト330,（不明）,4560440431407,1016,1,2026-05,2026-06-01 06:54:33
2026-05-31,ロフト,ロフト330,（不明）,4560440431414,1016,2,2026-05,2026-06-01 06:54:33
2026-05-31,ロフト,ロフト330,（不明）,4560440431438,1016,1,2026-05,2026-06-01 06:54:33
2026-05-31,ロフト,ロフト330,（不明）,4560440431452,1036,4,2026-05,2026-06-01 06:54:33
2026-05-31,ロフト,ロフト330,（不明）,4560440431483,1015,0,2026-05,2026-06-01 06:54:33
2026-05-31,ロフト,ロフト330,（不明）,4560440431513,1015,1,2026-05,2026-06-01 06:54:33
2026-05-31,ロフト,ロフト330,（不明）,4560440431599,1034,1,2026-05,2026-06-01 06:54:33
2026-05-31,ロフト,ロフト330,（不明）,4560449970280,1762,0,2026-05,2026-06-01 06:54:33
2026-05-31,ロフト,ロフト330,（不明）,4560449979313,1110,9,2026-05,2026-06-01 06:54:33
2026-05-31,ロフト,ロフト330,（不明）,4560449979405,1110,0,2026-05,2026-06-01 06:54:33
2026-05-31,ロフト,ロフト330,（不明）,4560449979443,1762,3,2026-05,2026-06-01 06:54:33
2026-05-31,ロフト,ロフト330,（不明）,4560449979467,1762,0,2026-05,2026-06-01 06:54:33
2026-05-31,ロフト,ロフト330,（不明）,4560449979917,1110,6,2026-05,2026-06-01 06:54:33
2026-05-31,ロフト,ロフト330,（不明）,4560449979931,1110,3,2026-05,2026-06-01 06:54:33
2026-05-31,ロフト,ロフト330,（不明）,4560449982696,1110,1,2026-05,2026-06-01 06:54:33
2026-05-31,ロフト,ロフト330,（不明）,4560449982726,1110,0,2026-05,2026-06-01 06:54:33
2026-05-31,ロフト,ロフト330,（不明）,4573473052006,1013,2,2026-05,2026-06-01 06:54:33
2026-05-31,ロフト,ロフト330,（不明）,4573473052235,1035,0,2026-05,2026-06-01 06:54:33
2026-05-31,ロフト,ロフト330,（不明）,4573473052303,1029,2,2026-05,2026-06-01 06:54:33
2026-05-31,ロフト,ロフト330,（不明）,4573587350210,1762,1,2026-05,2026-06-01 06:54:33
2026-05-31,ロフト,ロフト330,（不明）,4573587350616,1762,0,2026-05,2026-06-01 06:54:33
2026-05-31,ロフト,ロフト330,（不明）,4573587350630,1762,0,2026-05,2026-06-01 06:54:33
2026-05-31,ロフト,ロフト330,（不明）,4573587350654,1762,0,2026-05,2026-06-01 06:54:33
2026-05-31,ロフト,ロフト330,（不明）,4573587350678,1762,0,2026-05,2026-06-01 06:54:33
2026-05-31,ロフト,ロフト330,（不明）,4573694000015,1110,1,2026-05,2026-06-01 06:54:33
2026-05-31,ロフト,ロフト330,（不明）,4573694000091,1097,0,2026-05,2026-06-01 06:54:33
2026-05-31,ロフト,ロフト330,（不明）,4573694002903,1110,1,2026-05,2026-06-01 06:54:33
2026-05-31,ロフト,ロフト330,（不明）,4573694002934,1110,0,2026-05,2026-06-01 06:54:33
2026-05-31,ロフト,ロフト330,（不明）,4580886250011,1013,0,2026-05,2026-06-01 06:54:33
2026-05-31,ロフト,ロフト330,（不明）,4582784162977,1762,0,2026-05,2026-06-01 06:54:33
2026-05-31,ロフト,ロフト330,（不明）,4582784162984,1762,1,2026-05,2026-06-01 06:54:33
2026-05-31,ロフト,ロフト330,（不明）,4582784166104,1762,0,2026-05,2026-06-01 06:54:33
2026-05-31,ロフト,ロフト330,（不明）,4582784166128,1762,1,2026-05,2026-06-01 06:54:33
2026-05-31,ロフト,ロフト330,（不明）,4582784166784,1762,1,2026-05,2026-06-01 06:54:33
2026-05-31,ロフト,ロフト330,（不明）,4582784166791,1762,1,2026-05,2026-06-01 06:54:33
2026-05-31,ロフト,ロフト330,（不明）,4595988311089,1220,0,2026-05,2026-06-01 06:54:33
2026-05-31,ロフト,ロフト330,（不明）,4595988311096,1220,0,2026-05,2026-06-01 06:54:33
2026-05-31,ロフト,ロフト330,（不明）,4595988311119,1220,0,2026-05,2026-06-01 06:54:33
2026-05-31,ロフト,ロフト331,（不明）,4560440431094,1016,1,2026-05,2026-06-01 06:54:33
2026-05-31,ロフト,ロフト331,（不明）,4560440431179,1016,0,2026-05,2026-06-01 06:54:33
2026-05-31,ロフト,ロフト331,（不明）,4560440431346,1016,1,2026-05,2026-06-01 06:54:33
2026-05-31,ロフト,ロフト331,（不明）,4560440431438,1016,0,2026-05,2026-06-01 06:54:33
2026-05-31,ロフト,ロフト331,（不明）,4560440431445,1016,0,2026-05,2026-06-01 06:54:33
2026-05-31,ロフト,ロフト331,（不明）,4560440431452,1036,0,2026-05,2026-06-01 06:54:33
2026-05-31,ロフト,ロフト331,（不明）,4560440431599,1034,9,2026-05,2026-06-01 06:54:33
2026-05-31,ロフト,ロフト331,（不明）,4560449979313,1110,3,2026-05,2026-06-01 06:54:33
2026-05-31,ロフト,ロフト331,（不明）,4560449979405,1110,1,2026-05,2026-06-01 06:54:33
2026-05-31,ロフト,ロフト331,（不明）,4560449979917,1110,6,2026-05,2026-06-01 06:54:33
2026-05-31,ロフト,ロフト331,（不明）,4560449979931,1110,1,2026-05,2026-06-01 06:54:33
2026-05-31,ロフト,ロフト331,（不明）,4560449982696,1110,0,2026-05,2026-06-01 06:54:33
2026-05-31,ロフト,ロフト331,（不明）,4560449982726,1110,0,2026-05,2026-06-01 06:54:33
2026-05-31,ロフト,ロフト331,（不明）,4573587350210,1762,1,2026-05,2026-06-01 06:54:33
2026-05-31,ロフト,ロフト331,（不明）,4573587350258,1762,2,2026-05,2026-06-01 06:54:33
2026-05-31,ロフト,ロフト331,（不明）,4573587350616,1762,1,2026-05,2026-06-01 06:54:33
2026-05-31,ロフト,ロフト331,（不明）,4573587350630,1762,2,2026-05,2026-06-01 06:54:33
2026-05-31,ロフト,ロフト331,（不明）,4573587350654,1762,0,2026-05,2026-06-01 06:54:33
2026-05-31,ロフト,ロフト331,（不明）,4573587350678,1762,0,2026-05,2026-06-01 06:54:33
2026-05-31,ロフト,ロフト331,（不明）,4573694002903,1110,3,2026-05,2026-06-01 06:54:33
2026-05-31,ロフト,ロフト331,（不明）,4582784162977,1762,0,2026-05,2026-06-01 06:54:33
2026-05-31,ロフト,ロフト331,（不明）,4582784162984,1762,1,2026-05,2026-06-01 06:54:33
2026-05-31,ロフト,ロフト331,（不明）,4582784166104,1762,0,2026-05,2026-06-01 06:54:33
2026-05-31,ロフト,ロフト331,（不明）,4582784166111,1762,1,2026-05,2026-06-01 06:54:33
2026-05-31,ロフト,ロフト331,（不明）,4582784166128,1762,0,2026-05,2026-06-01 06:54:33
2026-05-31,ロフト,ロフト331,（不明）,4582784166784,1762,0,2026-05,2026-06-01 06:54:33
2026-05-31,ロフト,ロフト331,（不明）,4582784166791,1762,1,2026-05,2026-06-01 06:54:33
2026-05-31,ロフト,ロフト331,（不明）,4595315976011,1222,2,2026-05,2026-06-01 06:54:33
2026-05-31,ロフト,ロフト332,（不明）,4560440431087,1016,0,2026-05,2026-06-01 06:54:33
2026-05-31,ロフト,ロフト332,（不明）,4560440431131,1036,0,2026-05,2026-06-01 06:54:33
2026-05-31,ロフト,ロフト332,（不明）,4560440431148,1016,1,2026-05,2026-06-01 06:54:33
2026-05-31,ロフト,ロフト332,（不明）,4560440431353,1016,0,2026-05,2026-06-01 06:54:33
2026-05-31,ロフト,ロフト332,（不明）,4560440431384,1036,1,2026-05,2026-06-01 06:54:33
2026-05-31,ロフト,ロフト332,（不明）,4560440431438,1016,1,2026-05,2026-06-01 06:54:33
2026-05-31,ロフト,ロフト332,（不明）,4560440431711,1034,3,2026-05,2026-06-01 06:54:33
2026-05-31,ロフト,ロフト332,（不明）,4560440431742,1034,1,2026-05,2026-06-01 06:54:33
2026-05-31,ロフト,ロフト332,（不明）,4560449970273,1762,2,2026-05,2026-06-01 06:54:33
2026-05-31,ロフト,ロフト332,（不明）,4560449970280,1762,2,2026-05,2026-06-01 06:54:33
2026-05-31,ロフト,ロフト332,（不明）,4560449979313,1110,15,2026-05,2026-06-01 06:54:33
2026-05-31,ロフト,ロフト332,（不明）,4560449979405,1110,0,2026-05,2026-06-01 06:54:33
2026-05-31,ロフト,ロフト332,（不明）,4560449979443,1762,0,2026-05,2026-06-01 06:54:33
2026-05-31,ロフト,ロフト332,（不明）,4560449979467,1762,0,2026-05,2026-06-01 06:54:33
2026-05-31,ロフト,ロフト332,（不明）,4560449979917,1110,14,2026-05,2026-06-01 06:54:33
2026-05-31,ロフト,ロフト332,（不明）,4560449979931,1110,1,2026-05,2026-06-01 06:54:33
2026-05-31,ロフト,ロフト332,（不明）,4560449982696,1110,1,2026-05,2026-06-01 06:54:33
2026-05-31,ロフト,ロフト332,（不明）,4560449982726,1110,0,2026-05,2026-06-01 06:54:33
2026-05-31,ロフト,ロフト332,（不明）,4573473052006,1013,4,2026-05,2026-06-01 06:54:33
2026-05-31,ロフト,ロフト332,（不明）,4573473052235,1035,2,2026-05,2026-06-01 06:54:33
2026-05-31,ロフト,ロフト332,（不明）,4573473052303,1029,0,2026-05,2026-06-01 06:54:33
2026-05-31,ロフト,ロフト332,（不明）,4573587350210,1762,2,2026-05,2026-06-01 06:54:33
2026-05-31,ロフト,ロフト332,（不明）,4573587350258,1762,1,2026-05,2026-06-01 06:54:33
2026-05-31,ロフト,ロフト332,（不明）,4573587350616,1762,0,2026-05,2026-06-01 06:54:33
2026-05-31,ロフト,ロフト332,（不明）,4573587350630,1762,0,2026-05,2026-06-01 06:54:33
2026-05-31,ロフト,ロフト332,（不明）,4573587350654,1762,3,2026-05,2026-06-01 06:54:33
2026-05-31,ロフト,ロフト332,（不明）,4573694000015,1110,1,2026-05,2026-06-01 06:54:33
2026-05-31,ロフト,ロフト332,（不明）,4573694000091,1097,1,2026-05,2026-06-01 06:54:33
2026-05-31,ロフト,ロフト332,（不明）,4573694002903,1110,8,2026-05,2026-06-01 06:54:33
2026-05-31,ロフト,ロフト332,（不明）,4573694002934,1110,0,2026-05,2026-06-01 06:54:33
2026-05-31,ロフト,ロフト332,（不明）,4582784162977,1762,0,2026-05,2026-06-01 06:54:33
2026-05-31,ロフト,ロフト332,（不明）,4582784162984,1762,0,2026-05,2026-06-01 06:54:33
2026-05-31,ロフト,ロフト332,（不明）,4582784163233,1762,0,2026-05,2026-06-01 06:54:33
2026-05-31,ロフト,ロフト332,（不明）,4582784163240,1762,1,2026-05,2026-06-01 06:54:33
2026-05-31,ロフト,ロフト332,（不明）,4582784166104,1762,1,2026-05,2026-06-01 06:54:33
2026-05-31,ロフト,ロフト332,（不明）,4582784166111,1762,2,2026-05,2026-06-01 06:54:33
2026-05-31,ロフト,ロフト332,（不明）,4582784166128,1762,2,2026-05,2026-06-01 06:54:33
2026-05-31,ロフト,ロフト332,（不明）,4582784166784,1762,0,2026-05,2026-06-01 06:54:33
2026-05-31,ロフト,ロフト332,（不明）,4582784166791,1762,0,2026-05,2026-06-01 06:54:33
2026-05-31,ロフト,ロフト332,（不明）,4595315976011,1222,0,2026-05,2026-06-01 06:54:33
2026-05-31,ロフト,ロフト332,（不明）,8809317963556,1723,2,2026-05,2026-06-01 06:54:33
2026-05-31,ロフト,ロフト332,（不明）,8809317967943,1723,0,2026-05,2026-06-01 06:54:33
2026-05-31,ロフト,ロフト332,（不明）,8809541199998,1723,0,2026-05,2026-06-01 06:54:33
2026-05-31,ロフト,ロフト332,（不明）,8809672176332,1266,1,2026-05,2026-06-01 06:54:33
2026-05-31,ロフト,ロフト332,（不明）,8809672176684,1250,3,2026-05,2026-06-01 06:54:33
2026-05-31,ロフト,ロフト332,（不明）,8809823390297,1723,1,2026-05,2026-06-01 06:54:33
2026-05-31,ロフト,ロフト333,（不明）,4560440431247,1015,1,2026-05,2026-06-01 06:54:33
2026-05-31,ロフト,ロフト333,（不明）,4560440431353,1016,0,2026-05,2026-06-01 06:54:33
2026-05-31,ロフト,ロフト333,（不明）,4560440431377,1036,3,2026-05,2026-06-01 06:54:33
2026-05-31,ロフト,ロフト333,（不明）,4560440431384,1036,2,2026-05,2026-06-01 06:54:33
2026-05-31,ロフト,ロフト333,（不明）,4560440431407,1016,3,2026-05,2026-06-01 06:54:33
2026-05-31,ロフト,ロフト333,（不明）,4560440431414,1016,1,2026-05,2026-06-01 06:54:33
2026-05-31,ロフト,ロフト333,（不明）,4560440431438,1016,1,2026-05,2026-06-01 06:54:33
2026-05-31,ロフト,ロフト333,（不明）,4560440431452,1036,3,2026-05,2026-06-01 06:54:33
2026-05-31,ロフト,ロフト333,（不明）,4560440431483,1015,2,2026-05,2026-06-01 06:54:33
2026-05-31,ロフト,ロフト333,（不明）,4560440431490,1015,0,2026-05,2026-06-01 06:54:33
2026-05-31,ロフト,ロフト333,（不明）,4560440431513,1015,3,2026-05,2026-06-01 06:54:33
2026-05-31,ロフト,ロフト333,（不明）,4560440431599,1034,9,2026-05,2026-06-01 06:54:33
2026-05-31,ロフト,ロフト333,（不明）,4560449979313,1110,13,2026-05,2026-06-01 06:54:33
2026-05-31,ロフト,ロフト333,（不明）,4560449979405,1110,1,2026-05,2026-06-01 06:54:33
2026-05-31,ロフト,ロフト333,（不明）,4560449979917,1110,12,2026-05,2026-06-01 06:54:33
2026-05-31,ロフト,ロフト333,（不明）,4560449979931,1110,1,2026-05,2026-06-01 06:54:33
2026-05-31,ロフト,ロフト333,（不明）,4560449982696,1110,0,2026-05,2026-06-01 06:54:33
2026-05-31,ロフト,ロフト333,（不明）,4560449982726,1110,1,2026-05,2026-06-01 06:54:33
2026-05-31,ロフト,ロフト333,（不明）,4573473052006,1013,2,2026-05,2026-06-01 06:54:33
2026-05-31,ロフト,ロフト333,（不明）,4573473052235,1035,0,2026-05,2026-06-01 06:54:33
2026-05-31,ロフト,ロフト333,（不明）,4573473052303,1029,0,2026-05,2026-06-01 06:54:33
2026-05-31,ロフト,ロフト333,（不明）,4573587350210,1762,1,2026-05,2026-06-01 06:54:33
2026-05-31,ロフト,ロフト333,（不明）,4573587350616,1762,0,2026-05,2026-06-01 06:54:33
2026-05-31,ロフト,ロフト333,（不明）,4573587350630,1762,0,2026-05,2026-06-01 06:54:33
2026-05-31,ロフト,ロフト333,（不明）,4573587350654,1762,1,2026-05,2026-06-01 06:54:33
2026-05-31,ロフト,ロフト333,（不明）,4573587350678,1762,0,2026-05,2026-06-01 06:54:33
2026-05-31,ロフト,ロフト333,（不明）,4573694000015,1110,0,2026-05,2026-06-01 06:54:33
2026-05-31,ロフト,ロフト333,（不明）,4573694000091,1097,0,2026-05,2026-06-01 06:54:33
2026-05-31,ロフト,ロフト333,（不明）,4573694002903,1110,3,2026-05,2026-06-01 06:54:33
2026-05-31,ロフト,ロフト333,（不明）,4573694002934,1110,2,2026-05,2026-06-01 06:54:33
2026-05-31,ロフト,ロフト333,（不明）,4582784162977,1762,1,2026-05,2026-06-01 06:54:33
2026-05-31,ロフト,ロフト333,（不明）,4582784162984,1762,0,2026-05,2026-06-01 06:54:33
2026-05-31,ロフト,ロフト333,（不明）,4582784163240,1762,0,2026-05,2026-06-01 06:54:33
2026-05-31,ロフト,ロフト333,（不明）,4582784166104,1762,0,2026-05,2026-06-01 06:54:33
2026-05-31,ロフト,ロフト333,（不明）,4582784166111,1762,1,2026-05,2026-06-01 06:54:33
2026-05-31,ロフト,ロフト333,（不明）,4582784166128,1762,3,2026-05,2026-06-01 06:54:33
2026-05-31,ロフト,ロフト333,（不明）,4582784166784,1762,0,2026-05,2026-06-01 06:54:33
2026-05-31,ロフト,ロフト333,（不明）,4582784166791,1762,1,2026-05,2026-06-01 06:54:33
2026-05-31,ロフト,ロフト333,（不明）,8809849808417,1092,1,2026-05,2026-06-01 06:54:33
2026-05-31,ロフト,ロフト333,（不明）,8809849808424,1092,2,2026-05,2026-06-01 06:54:33
2026-05-31,ロフト,ロフト335,（不明）,4560440431230,1015,0,2026-05,2026-06-01 06:54:33
2026-05-31,ロフト,ロフト335,（不明）,4560440431353,1016,4,2026-05,2026-06-01 06:54:33
2026-05-31,ロフト,ロフト335,（不明）,4560440431377,1036,2,2026-05,2026-06-01 06:54:33
2026-05-31,ロフト,ロフト335,（不明）,4560440431384,1036,2,2026-05,2026-06-01 06:54:33
2026-05-31,ロフト,ロフト335,（不明）,4560440431407,1016,4,2026-05,2026-06-01 06:54:33
2026-05-31,ロフト,ロフト335,（不明）,4560440431414,1016,2,2026-05,2026-06-01 06:54:33
2026-05-31,ロフト,ロフト335,（不明）,4560440431445,1016,4,2026-05,2026-06-01 06:54:33
2026-05-31,ロフト,ロフト335,（不明）,4560440431483,1015,5,2026-05,2026-06-01 06:54:33
2026-05-31,ロフト,ロフト335,（不明）,4560440431513,1015,3,2026-05,2026-06-01 06:54:33
2026-05-31,ロフト,ロフト335,（不明）,4560440431537,1015,0,2026-05,2026-06-01 06:54:33
2026-05-31,ロフト,ロフト335,（不明）,4560440431742,1034,1,2026-05,2026-06-01 06:54:33
2026-05-31,ロフト,ロフト335,（不明）,4560449979313,1110,7,2026-05,2026-06-01 06:54:33
2026-05-31,ロフト,ロフト335,（不明）,4560449979405,1110,2,2026-05,2026-06-01 06:54:33
2026-05-31,ロフト,ロフト335,（不明）,4560449979917,1110,10,2026-05,2026-06-01 06:54:33
2026-05-31,ロフト,ロフト335,（不明）,4560449979931,1110,3,2026-05,2026-06-01 06:54:33
2026-05-31,ロフト,ロフト335,（不明）,4560449982696,1110,0,2026-05,2026-06-01 06:54:33
2026-05-31,ロフト,ロフト335,（不明）,4560449982726,1110,0,2026-05,2026-06-01 06:54:33
2026-05-31,ロフト,ロフト335,（不明）,4573473052006,1013,4,2026-05,2026-06-01 06:54:33
2026-05-31,ロフト,ロフト335,（不明）,4573473052136,1013,18,2026-05,2026-06-01 06:54:33
2026-05-31,ロフト,ロフト335,（不明）,4573473052235,1035,4,2026-05,2026-06-01 06:54:33
2026-05-31,ロフト,ロフト335,（不明）,4573473052303,1029,1,2026-05,2026-06-01 06:54:33
2026-05-31,ロフト,ロフト335,（不明）,4573587350210,1762,1,2026-05,2026-06-01 06:54:33
2026-05-31,ロフト,ロフト335,（不明）,4573587350616,1762,0,2026-05,2026-06-01 06:54:33
2026-05-31,ロフト,ロフト335,（不明）,4573587350630,1762,0,2026-05,2026-06-01 06:54:33
2026-05-31,ロフト,ロフト335,（不明）,4573587350654,1762,1,2026-05,2026-06-01 06:54:33
2026-05-31,ロフト,ロフト335,（不明）,4573587350678,1762,2,2026-05,2026-06-01 06:54:33
2026-05-31,ロフト,ロフト335,（不明）,4573694002903,1110,4,2026-05,2026-06-01 06:54:33
2026-05-31,ロフト,ロフト335,（不明）,4573694002934,1110,0,2026-05,2026-06-01 06:54:33
2026-05-31,ロフト,ロフト335,（不明）,4580886250011,1013,2,2026-05,2026-06-01 06:54:33
2026-05-31,ロフト,ロフト335,（不明）,4582784162977,1762,0,2026-05,2026-06-01 06:54:33
2026-05-31,ロフト,ロフト335,（不明）,4582784162984,1762,0,2026-05,2026-06-01 06:54:33
2026-05-31,ロフト,ロフト335,（不明）,4582784166104,1762,0,2026-05,2026-06-01 06:54:33
2026-05-31,ロフト,ロフト335,（不明）,4582784166128,1762,3,2026-05,2026-06-01 06:54:33
2026-05-31,ロフト,ロフト335,（不明）,4582784166784,1762,0,2026-05,2026-06-01 06:54:33
2026-05-31,ロフト,ロフト335,（不明）,4582784166791,1762,2,2026-05,2026-06-01 06:54:33
2026-05-31,ロフト,ロフト335,（不明）,4595315976011,1222,4,2026-05,2026-06-01 06:54:33
2026-05-31,ロフト,ロフト335,（不明）,4595988311096,1220,0,2026-05,2026-06-01 06:54:33
2026-05-31,ロフト,ロフト335,（不明）,4595988311119,1220,2,2026-05,2026-06-01 06:54:33
2026-05-31,ロフト,ロフト335,（不明）,8809672176332,1266,1,2026-05,2026-06-01 06:54:33
2026-05-31,ロフト,ロフト335,（不明）,8809672176684,1250,0,2026-05,2026-06-01 06:54:33
2026-05-31,ロフト,ロフト336,（不明）,4560440431247,1015,2,2026-05,2026-06-01 06:54:33
2026-05-31,ロフト,ロフト336,（不明）,4560440431346,1016,0,2026-05,2026-06-01 06:54:33
2026-05-31,ロフト,ロフト336,（不明）,4560440431384,1036,4,2026-05,2026-06-01 06:54:33
2026-05-31,ロフト,ロフト336,（不明）,4560440431407,1016,1,2026-05,2026-06-01 06:54:33
2026-05-31,ロフト,ロフト336,（不明）,4560440431469,1016,0,2026-05,2026-06-01 06:54:33
2026-05-31,ロフト,ロフト336,（不明）,4560440431483,1015,5,2026-05,2026-06-01 06:54:33
2026-05-31,ロフト,ロフト336,（不明）,4560440431513,1015,2,2026-05,2026-06-01 06:54:33
2026-05-31,ロフト,ロフト336,（不明）,4560440431520,1015,1,2026-05,2026-06-01 06:54:33
2026-05-31,ロフト,ロフト336,（不明）,4560440431537,1015,0,2026-05,2026-06-01 06:54:33
2026-05-31,ロフト,ロフト336,（不明）,4560440431599,1034,6,2026-05,2026-06-01 06:54:33
2026-05-31,ロフト,ロフト336,（不明）,4560449970280,1762,1,2026-05,2026-06-01 06:54:33
2026-05-31,ロフト,ロフト336,（不明）,4560449979313,1110,11,2026-05,2026-06-01 06:54:33
2026-05-31,ロフト,ロフト336,（不明）,4560449979405,1110,3,2026-05,2026-06-01 06:54:33
2026-05-31,ロフト,ロフト336,（不明）,4560449979467,1762,0,2026-05,2026-06-01 06:54:33
2026-05-31,ロフト,ロフト336,（不明）,4560449979917,1110,9,2026-05,2026-06-01 06:54:33
2026-05-31,ロフト,ロフト336,（不明）,4560449979931,1110,2,2026-05,2026-06-01 06:54:33
2026-05-31,ロフト,ロフト336,（不明）,4560449982696,1110,0,2026-05,2026-06-01 06:54:33
2026-05-31,ロフト,ロフト336,（不明）,4560449982726,1110,0,2026-05,2026-06-01 06:54:33
2026-05-31,ロフト,ロフト336,（不明）,4573473052006,1013,4,2026-05,2026-06-01 06:54:33
2026-05-31,ロフト,ロフト336,（不明）,4573473052136,1013,18,2026-05,2026-06-01 06:54:33
2026-05-31,ロフト,ロフト336,（不明）,4573473052235,1035,1,2026-05,2026-06-01 06:54:33
2026-05-31,ロフト,ロフト336,（不明）,4573473052303,1029,0,2026-05,2026-06-01 06:54:33
2026-05-31,ロフト,ロフト336,（不明）,4573587350210,1762,2,2026-05,2026-06-01 06:54:33
2026-05-31,ロフト,ロフト336,（不明）,4573587350258,1762,2,2026-05,2026-06-01 06:54:33
2026-05-31,ロフト,ロフト336,（不明）,4573587350616,1762,1,2026-05,2026-06-01 06:54:33
2026-05-31,ロフト,ロフト336,（不明）,4573587350630,1762,1,2026-05,2026-06-01 06:54:33
2026-05-31,ロフト,ロフト336,（不明）,4573587350678,1762,2,2026-05,2026-06-01 06:54:33
2026-05-31,ロフト,ロフト336,（不明）,4573694002903,1110,2,2026-05,2026-06-01 06:54:33
2026-05-31,ロフト,ロフト336,（不明）,4573694002934,1110,1,2026-05,2026-06-01 06:54:33
2026-05-31,ロフト,ロフト336,（不明）,4580886250011,1013,2,2026-05,2026-06-01 06:54:33
2026-05-31,ロフト,ロフト336,（不明）,4582784162977,1762,0,2026-05,2026-06-01 06:54:33
2026-05-31,ロフト,ロフト336,（不明）,4582784162984,1762,0,2026-05,2026-06-01 06:54:33
2026-05-31,ロフト,ロフト336,（不明）,4582784163233,1762,0,2026-05,2026-06-01 06:54:33
2026-05-31,ロフト,ロフト336,（不明）,4582784163240,1762,0,2026-05,2026-06-01 06:54:33
2026-05-31,ロフト,ロフト336,（不明）,4582784166104,1762,0,2026-05,2026-06-01 06:54:33
2026-05-31,ロフト,ロフト336,（不明）,4582784166111,1762,0,2026-05,2026-06-01 06:54:33
2026-05-31,ロフト,ロフト336,（不明）,4582784166128,1762,1,2026-05,2026-06-01 06:54:33
2026-05-31,ロフト,ロフト336,（不明）,4582784166784,1762,1,2026-05,2026-06-01 06:54:33
2026-05-31,ロフト,ロフト336,（不明）,4582784166791,1762,0,2026-05,2026-06-01 06:54:33
2026-05-31,ロフト,ロフト336,（不明）,4595317659110,1013,0,2026-05,2026-06-01 06:54:33
2026-05-31,ロフト,ロフト336,（不明）,4595317659127,1013,0,2026-05,2026-06-01 06:54:33
2026-05-31,ロフト,ロフト336,（不明）,4595317659738,1013,4,2026-05,2026-06-01 06:54:33
2026-05-31,ロフト,ロフト336,（不明）,4595317659745,1013,17,2026-05,2026-06-01 06:54:33
2026-05-31,ロフト,ロフト336,（不明）,4595317659752,1013,15,2026-05,2026-06-01 06:54:33
2026-05-31,ロフト,ロフト336,（不明）,8809317963556,1723,3,2026-05,2026-06-01 06:54:33
2026-05-31,ロフト,ロフト336,（不明）,8809317967943,1723,0,2026-05,2026-06-01 06:54:33
2026-05-31,ロフト,ロフト336,（不明）,8809541199998,1723,1,2026-05,2026-06-01 06:54:33
2026-05-31,ロフト,ロフト336,（不明）,8809823390297,1723,1,2026-05,2026-06-01 06:54:33
2026-05-31,ロフト,ロフト337,（不明）,4560440431346,1016,3,2026-05,2026-06-01 06:54:33
2026-05-31,ロフト,ロフト337,（不明）,4560440431353,1016,0,2026-05,2026-06-01 06:54:33
2026-05-31,ロフト,ロフト337,（不明）,4560440431384,1036,1,2026-05,2026-06-01 06:54:33
2026-05-31,ロフト,ロフト337,（不明）,4560440431407,1016,3,2026-05,2026-06-01 06:54:33
2026-05-31,ロフト,ロフト337,（不明）,4560440431414,1016,3,2026-05,2026-06-01 06:54:33
2026-05-31,ロフト,ロフト337,（不明）,4560440431438,1016,4,2026-05,2026-06-01 06:54:33
2026-05-31,ロフト,ロフト337,（不明）,4560440431452,1036,1,2026-05,2026-06-01 06:54:33
2026-05-31,ロフト,ロフト337,（不明）,4560440431506,1015,3,2026-05,2026-06-01 06:54:33
2026-05-31,ロフト,ロフト337,（不明）,4560440431599,1034,1,2026-05,2026-06-01 06:54:33
2026-05-31,ロフト,ロフト337,（不明）,4560449979313,1110,3,2026-05,2026-06-01 06:54:33
2026-05-31,ロフト,ロフト337,（不明）,4560449979405,1110,1,2026-05,2026-06-01 06:54:33
2026-05-31,ロフト,ロフト337,（不明）,4560449979917,1110,7,2026-05,2026-06-01 06:54:33
2026-05-31,ロフト,ロフト337,（不明）,4560449979931,1110,1,2026-05,2026-06-01 06:54:33
2026-05-31,ロフト,ロフト337,（不明）,4560449982696,1110,0,2026-05,2026-06-01 06:54:33
2026-05-31,ロフト,ロフト337,（不明）,4560449982726,1110,0,2026-05,2026-06-01 06:54:33
2026-05-31,ロフト,ロフト337,（不明）,4573473052006,1013,2,2026-05,2026-06-01 06:54:33
2026-05-31,ロフト,ロフト337,（不明）,4573473052136,1013,5,2026-05,2026-06-01 06:54:33
2026-05-31,ロフト,ロフト337,（不明）,4573473052235,1035,0,2026-05,2026-06-01 06:54:33
2026-05-31,ロフト,ロフト337,（不明）,4573473052303,1029,1,2026-05,2026-06-01 06:54:33
2026-05-31,ロフト,ロフト337,（不明）,4573587350210,1762,1,2026-05,2026-06-01 06:54:33
2026-05-31,ロフト,ロフト337,（不明）,4573587350616,1762,2,2026-05,2026-06-01 06:54:33
2026-05-31,ロフト,ロフト337,（不明）,4573587350630,1762,0,2026-05,2026-06-01 06:54:33
2026-05-31,ロフト,ロフト337,（不明）,4573587350654,1762,0,2026-05,2026-06-01 06:54:33
2026-05-31,ロフト,ロフト337,（不明）,4573587350678,1762,0,2026-05,2026-06-01 06:54:33
2026-05-31,ロフト,ロフト337,（不明）,4573694002903,1110,3,2026-05,2026-06-01 06:54:33
2026-05-31,ロフト,ロフト337,（不明）,4573694002934,1110,1,2026-05,2026-06-01 06:54:33
2026-05-31,ロフト,ロフト337,（不明）,4582784162977,1762,1,2026-05,2026-06-01 06:54:33
2026-05-31,ロフト,ロフト337,（不明）,4582784162984,1762,1,2026-05,2026-06-01 06:54:33
2026-05-31,ロフト,ロフト337,（不明）,4582784166104,1762,0,2026-05,2026-06-01 06:54:33
2026-05-31,ロフト,ロフト337,（不明）,4582784166111,1762,0,2026-05,2026-06-01 06:54:33
2026-05-31,ロフト,ロフト337,（不明）,4582784166128,1762,1,2026-05,2026-06-01 06:54:33
2026-05-31,ロフト,ロフト337,（不明）,4582784166784,1762,1,2026-05,2026-06-01 06:54:33
2026-05-31,ロフト,ロフト337,（不明）,4582784166791,1762,0,2026-05,2026-06-01 06:54:33
2026-05-31,ロフト,ロフト338,（不明）,4560440431353,1016,1,2026-05,2026-06-01 06:54:33
2026-05-31,ロフト,ロフト338,（不明）,4560440431407,1016,2,2026-05,2026-06-01 06:54:33
2026-05-31,ロフト,ロフト338,（不明）,4560440431452,1036,0,2026-05,2026-06-01 06:54:33
2026-05-31,ロフト,ロフト338,（不明）,4560449970280,1762,1,2026-05,2026-06-01 06:54:33
2026-05-31,ロフト,ロフト338,（不明）,4560449979313,1110,11,2026-05,2026-06-01 06:54:33
2026-05-31,ロフト,ロフト338,（不明）,4560449979405,1110,1,2026-05,2026-06-01 06:54:33
2026-05-31,ロフト,ロフト338,（不明）,4560449979917,1110,13,2026-05,2026-06-01 06:54:33
2026-05-31,ロフト,ロフト338,（不明）,4560449979931,1110,3,2026-05,2026-06-01 06:54:33
2026-05-31,ロフト,ロフト338,（不明）,4560449982696,1110,1,2026-05,2026-06-01 06:54:33
2026-05-31,ロフト,ロフト338,（不明）,4560449982726,1110,0,2026-05,2026-06-01 06:54:33
2026-05-31,ロフト,ロフト338,（不明）,4573473052006,1013,2,2026-05,2026-06-01 06:54:33
2026-05-31,ロフト,ロフト338,（不明）,4573473052136,1013,7,2026-05,2026-06-01 06:54:33
2026-05-31,ロフト,ロフト338,（不明）,4573473052235,1035,0,2026-05,2026-06-01 06:54:33
2026-05-31,ロフト,ロフト338,（不明）,4573473052303,1029,0,2026-05,2026-06-01 06:54:33
2026-05-31,ロフト,ロフト338,（不明）,4573587350210,1762,2,2026-05,2026-06-01 06:54:33
2026-05-31,ロフト,ロフト338,（不明）,4573587350258,1762,2,2026-05,2026-06-01 06:54:33
2026-05-31,ロフト,ロフト338,（不明）,4573587350616,1762,2,2026-05,2026-06-01 06:54:33
2026-05-31,ロフト,ロフト338,（不明）,4573587350630,1762,0,2026-05,2026-06-01 06:54:33
2026-05-31,ロフト,ロフト338,（不明）,4573587350654,1762,0,2026-05,2026-06-01 06:54:33
2026-05-31,ロフト,ロフト338,（不明）,4573587350678,1762,0,2026-05,2026-06-01 06:54:33
2026-05-31,ロフト,ロフト338,（不明）,4573694000015,1110,1,2026-05,2026-06-01 06:54:33
2026-05-31,ロフト,ロフト338,（不明）,4573694002903,1110,3,2026-05,2026-06-01 06:54:33
2026-05-31,ロフト,ロフト338,（不明）,4573694002934,1110,1,2026-05,2026-06-01 06:54:33
2026-05-31,ロフト,ロフト338,（不明）,4580886250011,1013,2,2026-05,2026-06-01 06:54:33
2026-05-31,ロフト,ロフト338,（不明）,4582784162977,1762,0,2026-05,2026-06-01 06:54:33
2026-05-31,ロフト,ロフト338,（不明）,4582784162984,1762,0,2026-05,2026-06-01 06:54:33
2026-05-31,ロフト,ロフト338,（不明）,4582784163233,1762,0,2026-05,2026-06-01 06:54:33
2026-05-31,ロフト,ロフト338,（不明）,4582784163240,1762,0,2026-05,2026-06-01 06:54:33
2026-05-31,ロフト,ロフト338,（不明）,4582784166104,1762,0,2026-05,2026-06-01 06:54:33
2026-05-31,ロフト,ロフト338,（不明）,4582784166128,1762,3,2026-05,2026-06-01 06:54:33
2026-05-31,ロフト,ロフト338,（不明）,4582784166784,1762,1,2026-05,2026-06-01 06:54:33
2026-05-31,ロフト,ロフト338,（不明）,4582784166791,1762,1,2026-05,2026-06-01 06:54:33
2026-05-31,ロフト,ロフト338,（不明）,4595317659110,1013,4,2026-05,2026-06-01 06:54:33
2026-05-31,ロフト,ロフト338,（不明）,4595317659127,1013,4,2026-05,2026-06-01 06:54:33
2026-05-31,ロフト,ロフト338,（不明）,4595317659738,1013,6,2026-05,2026-06-01 06:54:33
2026-05-31,ロフト,ロフト338,（不明）,8809317963556,1723,1,2026-05,2026-06-01 06:54:33
2026-05-31,ロフト,ロフト338,（不明）,8809317967943,1723,1,2026-05,2026-06-01 06:54:33
2026-05-31,ロフト,ロフト338,（不明）,8809541199998,1723,0,2026-05,2026-06-01 06:54:33
2026-05-31,ロフト,ロフト338,（不明）,8809672176332,1266,0,2026-05,2026-06-01 06:54:33
2026-05-31,ロフト,ロフト338,（不明）,8809672176684,1250,0,2026-05,2026-06-01 06:54:33
2026-05-31,ロフト,ロフト338,（不明）,8809823390297,1723,0,2026-05,2026-06-01 06:54:33
2026-05-31,ロフト,ロフト338,（不明）,8809849808400,1092,0,2026-05,2026-06-01 06:54:33
2026-05-31,ロフト,ロフト338,（不明）,8809849808417,1092,1,2026-05,2026-06-01 06:54:33
2026-05-31,ロフト,ロフト339,（不明）,4560440431346,1016,1,2026-05,2026-06-01 06:54:33
2026-05-31,ロフト,ロフト339,（不明）,4560440431353,1016,1,2026-05,2026-06-01 06:54:33
2026-05-31,ロフト,ロフト339,（不明）,4560440431377,1036,2,2026-05,2026-06-01 06:54:33
2026-05-31,ロフト,ロフト339,（不明）,4560440431407,1016,2,2026-05,2026-06-01 06:54:33
2026-05-31,ロフト,ロフト339,（不明）,4560440431414,1016,0,2026-05,2026-06-01 06:54:33
2026-05-31,ロフト,ロフト339,（不明）,4560440431438,1016,2,2026-05,2026-06-01 06:54:33
2026-05-31,ロフト,ロフト339,（不明）,4560440431452,1036,0,2026-05,2026-06-01 06:54:33
2026-05-31,ロフト,ロフト339,（不明）,4560440431490,1015,1,2026-05,2026-06-01 06:54:33
2026-05-31,ロフト,ロフト339,（不明）,4560440431506,1015,2,2026-05,2026-06-01 06:54:33
2026-05-31,ロフト,ロフト339,（不明）,4560440431520,1015,1,2026-05,2026-06-01 06:54:33
2026-05-31,ロフト,ロフト339,（不明）,4560440431537,1015,1,2026-05,2026-06-01 06:54:33
2026-05-31,ロフト,ロフト339,（不明）,4560449979313,1110,12,2026-05,2026-06-01 06:54:33
2026-05-31,ロフト,ロフト339,（不明）,4560449979405,1110,4,2026-05,2026-06-01 06:54:33
2026-05-31,ロフト,ロフト339,（不明）,4560449979917,1110,3,2026-05,2026-06-01 06:54:33
2026-05-31,ロフト,ロフト339,（不明）,4560449979931,1110,0,2026-05,2026-06-01 06:54:33
2026-05-31,ロフト,ロフト339,（不明）,4560449982696,1110,0,2026-05,2026-06-01 06:54:33
2026-05-31,ロフト,ロフト339,（不明）,4560449982726,1110,0,2026-05,2026-06-01 06:54:33
2026-05-31,ロフト,ロフト339,（不明）,4573587350210,1762,0,2026-05,2026-06-01 06:54:33
2026-05-31,ロフト,ロフト339,（不明）,4573587350258,1762,0,2026-05,2026-06-01 06:54:33
2026-05-31,ロフト,ロフト339,（不明）,4573587350616,1762,0,2026-05,2026-06-01 06:54:33
2026-05-31,ロフト,ロフト339,（不明）,4573587350630,1762,1,2026-05,2026-06-01 06:54:33
2026-05-31,ロフト,ロフト339,（不明）,4573587350654,1762,0,2026-05,2026-06-01 06:54:33
2026-05-31,ロフト,ロフト339,（不明）,4573587350678,1762,1,2026-05,2026-06-01 06:54:33
2026-05-31,ロフト,ロフト339,（不明）,4573694002903,1110,2,2026-05,2026-06-01 06:54:33
2026-05-31,ロフト,ロフト339,（不明）,4573694002934,1110,0,2026-05,2026-06-01 06:54:33
2026-05-31,ロフト,ロフト339,（不明）,4582784162977,1762,1,2026-05,2026-06-01 06:54:33
2026-05-31,ロフト,ロフト339,（不明）,4582784162984,1762,0,2026-05,2026-06-01 06:54:33
2026-05-31,ロフト,ロフト339,（不明）,4582784166104,1762,0,2026-05,2026-06-01 06:54:33
2026-05-31,ロフト,ロフト339,（不明）,4582784166111,1762,0,2026-05,2026-06-01 06:54:33
2026-05-31,ロフト,ロフト339,（不明）,4582784166128,1762,3,2026-05,2026-06-01 06:54:33
2026-05-31,ロフト,ロフト339,（不明）,4595315976011,1222,0,2026-05,2026-06-01 06:54:33
2026-05-31,ロフト,ロフト340,（不明）,4560440431087,1016,1,2026-05,2026-06-01 06:54:33
2026-05-31,ロフト,ロフト340,（不明）,4560440431353,1016,0,2026-05,2026-06-01 06:54:33
2026-05-31,ロフト,ロフト340,（不明）,4560440431377,1036,1,2026-05,2026-06-01 06:54:33
2026-05-31,ロフト,ロフト340,（不明）,4560440431384,1036,1,2026-05,2026-06-01 06:54:33
2026-05-31,ロフト,ロフト340,（不明）,4560440431407,1016,2,2026-05,2026-06-01 06:54:33
2026-05-31,ロフト,ロフト340,（不明）,4560440431414,1016,1,2026-05,2026-06-01 06:54:33
2026-05-31,ロフト,ロフト340,（不明）,4560440431438,1016,0,2026-05,2026-06-01 06:54:33
2026-05-31,ロフト,ロフト340,（不明）,4560440431445,1016,1,2026-05,2026-06-01 06:54:33
2026-05-31,ロフト,ロフト340,（不明）,4560440431452,1036,2,2026-05,2026-06-01 06:54:33
2026-05-31,ロフト,ロフト340,（不明）,4560440431469,1016,4,2026-05,2026-06-01 06:54:33
2026-05-31,ロフト,ロフト340,（不明）,4560440431483,1015,0,2026-05,2026-06-01 06:54:33
2026-05-31,ロフト,ロフト340,（不明）,4560440431490,1015,1,2026-05,2026-06-01 06:54:33
2026-05-31,ロフト,ロフト340,（不明）,4560449979313,1110,8,2026-05,2026-06-01 06:54:33
2026-05-31,ロフト,ロフト340,（不明）,4560449979405,1110,1,2026-05,2026-06-01 06:54:33
2026-05-31,ロフト,ロフト340,（不明）,4560449979917,1110,7,2026-05,2026-06-01 06:54:33
2026-05-31,ロフト,ロフト340,（不明）,4560449979931,1110,2,2026-05,2026-06-01 06:54:33
2026-05-31,ロフト,ロフト340,（不明）,4560449982696,1110,0,2026-05,2026-06-01 06:54:33
2026-05-31,ロフト,ロフト340,（不明）,4560449982726,1110,0,2026-05,2026-06-01 06:54:33
2026-05-31,ロフト,ロフト340,（不明）,4573473052006,1013,1,2026-05,2026-06-01 06:54:33
2026-05-31,ロフト,ロフト340,（不明）,4573473052136,1013,1,2026-05,2026-06-01 06:54:33
2026-05-31,ロフト,ロフト340,（不明）,4573473052235,1035,0,2026-05,2026-06-01 06:54:33
2026-05-31,ロフト,ロフト340,（不明）,4573473052303,1029,0,2026-05,2026-06-01 06:54:33
2026-05-31,ロフト,ロフト340,（不明）,4573587350616,1762,1,2026-05,2026-06-01 06:54:33
2026-05-31,ロフト,ロフト340,（不明）,4573587350630,1762,0,2026-05,2026-06-01 06:54:33
2026-05-31,ロフト,ロフト340,（不明）,4573587350654,1762,2,2026-05,2026-06-01 06:54:33
2026-05-31,ロフト,ロフト340,（不明）,4573587350678,1762,3,2026-05,2026-06-01 06:54:33
2026-05-31,ロフト,ロフト340,（不明）,4573694002903,1110,4,2026-05,2026-06-01 06:54:33
2026-05-31,ロフト,ロフト340,（不明）,4573694002934,1110,0,2026-05,2026-06-01 06:54:33
2026-05-31,ロフト,ロフト340,（不明）,4580886250011,1013,1,2026-05,2026-06-01 06:54:33
2026-05-31,ロフト,ロフト340,（不明）,4582784162977,1762,0,2026-05,2026-06-01 06:54:33
2026-05-31,ロフト,ロフト340,（不明）,4582784162984,1762,0,2026-05,2026-06-01 06:54:33
2026-05-31,ロフト,ロフト340,（不明）,4582784163233,1762,0,2026-05,2026-06-01 06:54:33
2026-05-31,ロフト,ロフト340,（不明）,4582784163240,1762,0,2026-05,2026-06-01 06:54:33
2026-05-31,ロフト,ロフト340,（不明）,4582784166104,1762,0,2026-05,2026-06-01 06:54:33
2026-05-31,ロフト,ロフト340,（不明）,4582784166111,1762,0,2026-05,2026-06-01 06:54:33
2026-05-31,ロフト,ロフト340,（不明）,4582784166128,1762,0,2026-05,2026-06-01 06:54:33
2026-05-31,ロフト,ロフト340,（不明）,4582784166784,1762,1,2026-05,2026-06-01 06:54:33
2026-05-31,ロフト,ロフト340,（不明）,4582784166791,1762,1,2026-05,2026-06-01 06:54:33
2026-05-31,ロフト,ロフト340,（不明）,4595317659110,1013,5,2026-05,2026-06-01 06:54:33
2026-05-31,ロフト,ロフト340,（不明）,4595317659127,1013,3,2026-05,2026-06-01 06:54:33
2026-05-31,ロフト,ロフト340,（不明）,4595317659738,1013,2,2026-05,2026-06-01 06:54:33
2026-05-31,ロフト,ロフト340,（不明）,4595317659752,1013,23,2026-05,2026-06-01 06:54:33
2026-05-31,ロフト,ロフト341,（不明）,4560440431087,1016,1,2026-05,2026-06-01 06:54:33
2026-05-31,ロフト,ロフト341,（不明）,4560440431117,1036,1,2026-05,2026-06-01 06:54:33
2026-05-31,ロフト,ロフト341,（不明）,4560440431131,1036,1,2026-05,2026-06-01 06:54:33
2026-05-31,ロフト,ロフト341,（不明）,4560440431407,1016,2,2026-05,2026-06-01 06:54:33
2026-05-31,ロフト,ロフト341,（不明）,4560440431414,1016,1,2026-05,2026-06-01 06:54:33
2026-05-31,ロフト,ロフト341,（不明）,4560440431445,1016,2,2026-05,2026-06-01 06:54:33
2026-05-31,ロフト,ロフト341,（不明）,4560440431469,1016,1,2026-05,2026-06-01 06:54:33
2026-05-31,ロフト,ロフト341,（不明）,4560440431476,1015,0,2026-05,2026-06-01 06:54:33
2026-05-31,ロフト,ロフト341,（不明）,4560440431490,1015,0,2026-05,2026-06-01 06:54:33
2026-05-31,ロフト,ロフト341,（不明）,4560440431520,1015,1,2026-05,2026-06-01 06:54:33
2026-05-31,ロフト,ロフト341,（不明）,4560440431599,1034,4,2026-05,2026-06-01 06:54:33
2026-05-31,ロフト,ロフト341,（不明）,4560449979313,1110,1,2026-05,2026-06-01 06:54:33
2026-05-31,ロフト,ロフト341,（不明）,4560449979405,1110,1,2026-05,2026-06-01 06:54:33
2026-05-31,ロフト,ロフト341,（不明）,4560449979917,1110,14,2026-05,2026-06-01 06:54:33
2026-05-31,ロフト,ロフト341,（不明）,4560449979931,1110,1,2026-05,2026-06-01 06:54:33
2026-05-31,ロフト,ロフト341,（不明）,4560449982696,1110,1,2026-05,2026-06-01 06:54:33
2026-05-31,ロフト,ロフト341,（不明）,4560449982726,1110,1,2026-05,2026-06-01 06:54:33
2026-05-31,ロフト,ロフト341,（不明）,4573473052006,1013,1,2026-05,2026-06-01 06:54:33
2026-05-31,ロフト,ロフト341,（不明）,4573473052136,1013,2,2026-05,2026-06-01 06:54:33
2026-05-31,ロフト,ロフト341,（不明）,4573473052235,1035,0,2026-05,2026-06-01 06:54:33
2026-05-31,ロフト,ロフト341,（不明）,4573473052303,1029,1,2026-05,2026-06-01 06:54:33
2026-05-31,ロフト,ロフト341,（不明）,4573587350210,1762,0,2026-05,2026-06-01 06:54:33
2026-05-31,ロフト,ロフト341,（不明）,4573587350258,1762,0,2026-05,2026-06-01 06:54:33
2026-05-31,ロフト,ロフト341,（不明）,4573587350616,1762,0,2026-05,2026-06-01 06:54:33
2026-05-31,ロフト,ロフト341,（不明）,4573587350630,1762,0,2026-05,2026-06-01 06:54:33
2026-05-31,ロフト,ロフト341,（不明）,4573587350654,1762,0,2026-05,2026-06-01 06:54:33
2026-05-31,ロフト,ロフト341,（不明）,4573587350678,1762,0,2026-05,2026-06-01 06:54:33
2026-05-31,ロフト,ロフト341,（不明）,4573694000015,1110,0,2026-05,2026-06-01 06:54:33
2026-05-31,ロフト,ロフト341,（不明）,4573694002903,1110,2,2026-05,2026-06-01 06:54:33
2026-05-31,ロフト,ロフト341,（不明）,4573694002934,1110,1,2026-05,2026-06-01 06:54:33
2026-05-31,ロフト,ロフト341,（不明）,4580886250011,1013,0,2026-05,2026-06-01 06:54:33
2026-05-31,ロフト,ロフト341,（不明）,4582784163233,1762,0,2026-05,2026-06-01 06:54:33
2026-05-31,ロフト,ロフト341,（不明）,4582784163240,1762,0,2026-05,2026-06-01 06:54:33
2026-05-31,ロフト,ロフト341,（不明）,4582784166104,1762,0,2026-05,2026-06-01 06:54:33
2026-05-31,ロフト,ロフト341,（不明）,4582784166111,1762,0,2026-05,2026-06-01 06:54:33
2026-05-31,ロフト,ロフト341,（不明）,4582784166128,1762,2,2026-05,2026-06-01 06:54:33
2026-05-31,ロフト,ロフト341,（不明）,4582784166784,1762,0,2026-05,2026-06-01 06:54:33
2026-05-31,ロフト,ロフト341,（不明）,4582784166791,1762,0,2026-05,2026-06-01 06:54:33
2026-05-31,ロフト,ロフト341,（不明）,4595317659110,1013,4,2026-05,2026-06-01 06:54:33
2026-05-31,ロフト,ロフト341,（不明）,4595317659127,1013,2,2026-05,2026-06-01 06:54:33
2026-05-31,ロフト,ロフト341,（不明）,4595317659738,1013,1,2026-05,2026-06-01 06:54:33
2026-05-31,ロフト,ロフト342,（不明）,4560440431377,1036,3,2026-05,2026-06-01 06:54:33
2026-05-31,ロフト,ロフト342,（不明）,4560440431407,1016,6,2026-05,2026-06-01 06:54:33
2026-05-31,ロフト,ロフト342,（不明）,4560440431438,1016,7,2026-05,2026-06-01 06:54:33
2026-05-31,ロフト,ロフト342,（不明）,4560440431452,1036,0,2026-05,2026-06-01 06:54:33
2026-05-31,ロフト,ロフト342,（不明）,4560440431506,1015,1,2026-05,2026-06-01 06:54:33
2026-05-31,ロフト,ロフト342,（不明）,4560440431520,1015,1,2026-05,2026-06-01 06:54:33
2026-05-31,ロフト,ロフト342,（不明）,4560440431537,1015,2,2026-05,2026-06-01 06:54:33
2026-05-31,ロフト,ロフト342,（不明）,4560440431599,1034,4,2026-05,2026-06-01 06:54:33
2026-05-31,ロフト,ロフト342,（不明）,4560449979313,1110,4,2026-05,2026-06-01 06:54:33
2026-05-31,ロフト,ロフト342,（不明）,4560449979405,1110,1,2026-05,2026-06-01 06:54:33
2026-05-31,ロフト,ロフト342,（不明）,4560449979917,1110,5,2026-05,2026-06-01 06:54:33
2026-05-31,ロフト,ロフト342,（不明）,4560449979931,1110,1,2026-05,2026-06-01 06:54:33
2026-05-31,ロフト,ロフト342,（不明）,4560449982696,1110,0,2026-05,2026-06-01 06:54:33
2026-05-31,ロフト,ロフト342,（不明）,4560449982726,1110,0,2026-05,2026-06-01 06:54:33
2026-05-31,ロフト,ロフト342,（不明）,4573473052006,1013,1,2026-05,2026-06-01 06:54:33
2026-05-31,ロフト,ロフト342,（不明）,4573473052136,1013,3,2026-05,2026-06-01 06:54:33
2026-05-31,ロフト,ロフト342,（不明）,4573473052235,1035,0,2026-05,2026-06-01 06:54:33
2026-05-31,ロフト,ロフト342,（不明）,4573587350616,1762,1,2026-05,2026-06-01 06:54:33
2026-05-31,ロフト,ロフト342,（不明）,4573587350630,1762,1,2026-05,2026-06-01 06:54:33
2026-05-31,ロフト,ロフト342,（不明）,4573587350654,1762,1,2026-05,2026-06-01 06:54:33
2026-05-31,ロフト,ロフト342,（不明）,4573587350678,1762,0,2026-05,2026-06-01 06:54:33
2026-05-31,ロフト,ロフト342,（不明）,4582784162977,1762,0,2026-05,2026-06-01 06:54:33
2026-05-31,ロフト,ロフト342,（不明）,4582784162984,1762,0,2026-05,2026-06-01 06:54:33
2026-05-31,ロフト,ロフト342,（不明）,4582784166104,1762,0,2026-05,2026-06-01 06:54:33
2026-05-31,ロフト,ロフト342,（不明）,4582784166128,1762,0,2026-05,2026-06-01 06:54:33
2026-05-31,ロフト,ロフト342,（不明）,4582784166784,1762,0,2026-05,2026-06-01 06:54:33
2026-05-31,ロフト,ロフト342,（不明）,4582784166791,1762,0,2026-05,2026-06-01 06:54:33
2026-05-31,ロフト,ロフト342,（不明）,4595315976011,1222,2,2026-05,2026-06-01 06:54:33
2026-05-31,ロフト,ロフト342,（不明）,4595988311089,1220,1,2026-05,2026-06-01 06:54:33
2026-05-31,ロフト,ロフト342,（不明）,4595988311096,1220,1,2026-05,2026-06-01 06:54:33
2026-05-31,ロフト,ロフト342,（不明）,4595988311119,1220,1,2026-05,2026-06-01 06:54:33
2026-05-31,ロフト,ロフト343,（不明）,4560440431186,1016,0,2026-05,2026-06-01 06:54:33
2026-05-31,ロフト,ロフト343,（不明）,4560440431353,1016,7,2026-05,2026-06-01 06:54:33
2026-05-31,ロフト,ロフト343,（不明）,4560440431377,1036,3,2026-05,2026-06-01 06:54:33
2026-05-31,ロフト,ロフト343,（不明）,4560440431384,1036,0,2026-05,2026-06-01 06:54:33
2026-05-31,ロフト,ロフト343,（不明）,4560440431414,1016,3,2026-05,2026-06-01 06:54:33
2026-05-31,ロフト,ロフト343,（不明）,4560440431438,1016,1,2026-05,2026-06-01 06:54:33
2026-05-31,ロフト,ロフト343,（不明）,4560440431445,1016,5,2026-05,2026-06-01 06:54:33
2026-05-31,ロフト,ロフト343,（不明）,4560440431452,1036,0,2026-05,2026-06-01 06:54:33
2026-05-31,ロフト,ロフト343,（不明）,4560440431490,1015,2,2026-05,2026-06-01 06:54:33
2026-05-31,ロフト,ロフト343,（不明）,4560449979313,1110,2,2026-05,2026-06-01 06:54:33
2026-05-31,ロフト,ロフト343,（不明）,4560449979405,1110,0,2026-05,2026-06-01 06:54:33
2026-05-31,ロフト,ロフト343,（不明）,4560449979917,1110,7,2026-05,2026-06-01 06:54:33
2026-05-31,ロフト,ロフト343,（不明）,4560449979931,1110,0,2026-05,2026-06-01 06:54:33
2026-05-31,ロフト,ロフト343,（不明）,4560449982696,1110,1,2026-05,2026-06-01 06:54:33
2026-05-31,ロフト,ロフト343,（不明）,4573473052006,1013,1,2026-05,2026-06-01 06:54:33
2026-05-31,ロフト,ロフト343,（不明）,4573473052136,1013,9,2026-05,2026-06-01 06:54:33
2026-05-31,ロフト,ロフト343,（不明）,4573473052235,1035,1,2026-05,2026-06-01 06:54:33
2026-05-31,ロフト,ロフト343,（不明）,4573473052303,1029,1,2026-05,2026-06-01 06:54:33
2026-05-31,ロフト,ロフト343,（不明）,4573587350616,1762,1,2026-05,2026-06-01 06:54:33
2026-05-31,ロフト,ロフト343,（不明）,4573587350630,1762,1,2026-05,2026-06-01 06:54:33
2026-05-31,ロフト,ロフト343,（不明）,4573587350654,1762,0,2026-05,2026-06-01 06:54:33
2026-05-31,ロフト,ロフト343,（不明）,4573587350678,1762,0,2026-05,2026-06-01 06:54:33
2026-05-31,ロフト,ロフト343,（不明）,4573694002903,1110,4,2026-05,2026-06-01 06:54:33
2026-05-31,ロフト,ロフト343,（不明）,4573694002934,1110,1,2026-05,2026-06-01 06:54:33
2026-05-31,ロフト,ロフト343,（不明）,4582784162977,1762,0,2026-05,2026-06-01 06:54:33
2026-05-31,ロフト,ロフト343,（不明）,4582784162984,1762,0,2026-05,2026-06-01 06:54:33
2026-05-31,ロフト,ロフト343,（不明）,4582784166104,1762,0,2026-05,2026-06-01 06:54:33
2026-05-31,ロフト,ロフト343,（不明）,4582784166111,1762,1,2026-05,2026-06-01 06:54:33
2026-05-31,ロフト,ロフト343,（不明）,4582784166128,1762,2,2026-05,2026-06-01 06:54:33
2026-05-31,ロフト,ロフト343,（不明）,4595315976011,1222,2,2026-05,2026-06-01 06:54:33
2026-05-31,ロフト,ロフト343,（不明）,4595988311096,1220,1,2026-05,2026-06-01 06:54:33
2026-05-31,ロフト,ロフト343,（不明）,4595988311119,1220,0,2026-05,2026-06-01 06:54:33
2026-05-31,ロフト,ロフト344,（不明）,4560440431346,1016,0,2026-05,2026-06-01 06:54:33
2026-05-31,ロフト,ロフト344,（不明）,4560440431353,1016,4,2026-05,2026-06-01 06:54:33
2026-05-31,ロフト,ロフト344,（不明）,4560440431384,1036,5,2026-05,2026-06-01 06:54:33
2026-05-31,ロフト,ロフト344,（不明）,4560440431407,1016,3,2026-05,2026-06-01 06:54:33
2026-05-31,ロフト,ロフト344,（不明）,4560440431414,1016,5,2026-05,2026-06-01 06:54:33
2026-05-31,ロフト,ロフト344,（不明）,4560440431438,1016,1,2026-05,2026-06-01 06:54:33
2026-05-31,ロフト,ロフト344,（不明）,4560440431445,1016,2,2026-05,2026-06-01 06:54:33
2026-05-31,ロフト,ロフト344,（不明）,4560440431452,1036,2,2026-05,2026-06-01 06:54:33
2026-05-31,ロフト,ロフト344,（不明）,4560440431513,1015,1,2026-05,2026-06-01 06:54:33
2026-05-31,ロフト,ロフト344,（不明）,4560440431520,1015,0,2026-05,2026-06-01 06:54:33
2026-05-31,ロフト,ロフト344,（不明）,4560449979313,1110,7,2026-05,2026-06-01 06:54:33
2026-05-31,ロフト,ロフト344,（不明）,4560449979405,1110,3,2026-05,2026-06-01 06:54:33
2026-05-31,ロフト,ロフト344,（不明）,4560449979917,1110,9,2026-05,2026-06-01 06:54:33
2026-05-31,ロフト,ロフト344,（不明）,4560449979931,1110,0,2026-05,2026-06-01 06:54:33
2026-05-31,ロフト,ロフト344,（不明）,4560449982696,1110,0,2026-05,2026-06-01 06:54:33
2026-05-31,ロフト,ロフト344,（不明）,4560449982726,1110,0,2026-05,2026-06-01 06:54:33
2026-05-31,ロフト,ロフト344,（不明）,4573587350616,1762,2,2026-05,2026-06-01 06:54:33
2026-05-31,ロフト,ロフト344,（不明）,4573587350654,1762,2,2026-05,2026-06-01 06:54:33
2026-05-31,ロフト,ロフト344,（不明）,4573694000015,1110,2,2026-05,2026-06-01 06:54:33
2026-05-31,ロフト,ロフト344,（不明）,4573694000091,1097,0,2026-05,2026-06-01 06:54:33
2026-05-31,ロフト,ロフト344,（不明）,4573694002903,1110,3,2026-05,2026-06-01 06:54:33
2026-05-31,ロフト,ロフト344,（不明）,4573694002934,1110,0,2026-05,2026-06-01 06:54:33
2026-05-31,ロフト,ロフト344,（不明）,4580886250011,1013,1,2026-05,2026-06-01 06:54:33
2026-05-31,ロフト,ロフト344,（不明）,4582784162977,1762,0,2026-05,2026-06-01 06:54:33
2026-05-31,ロフト,ロフト344,（不明）,4582784162984,1762,0,2026-05,2026-06-01 06:54:33
2026-05-31,ロフト,ロフト344,（不明）,4582784166104,1762,2,2026-05,2026-06-01 06:54:33
2026-05-31,ロフト,ロフト344,（不明）,4582784166128,1762,1,2026-05,2026-06-01 06:54:33
2026-05-31,ロフト,ロフト344,（不明）,4582784166784,1762,1,2026-05,2026-06-01 06:54:33
2026-05-31,ロフト,ロフト344,（不明）,4582784166791,1762,0,2026-05,2026-06-01 06:54:33
2026-05-31,ロフト,ロフト345,（不明）,4560440431131,1036,1,2026-05,2026-06-01 06:54:33
2026-05-31,ロフト,ロフト345,（不明）,4560440431223,1015,2,2026-05,2026-06-01 06:54:33
2026-05-31,ロフト,ロフト345,（不明）,4560440431353,1016,5,2026-05,2026-06-01 06:54:33
2026-05-31,ロフト,ロフト345,（不明）,4560440431377,1036,5,2026-05,2026-06-01 06:54:33
2026-05-31,ロフト,ロフト345,（不明）,4560440431407,1016,12,2026-05,2026-06-01 06:54:33
2026-05-31,ロフト,ロフト345,（不明）,4560440431414,1016,8,2026-05,2026-06-01 06:54:33
2026-05-31,ロフト,ロフト345,（不明）,4560440431438,1016,7,2026-05,2026-06-01 06:54:33
2026-05-31,ロフト,ロフト345,（不明）,4560440431445,1016,4,2026-05,2026-06-01 06:54:33
2026-05-31,ロフト,ロフト345,（不明）,4560440431469,1016,3,2026-05,2026-06-01 06:54:33
2026-05-31,ロフト,ロフト345,（不明）,4560440431490,1015,0,2026-05,2026-06-01 06:54:33
2026-05-31,ロフト,ロフト345,（不明）,4560440431599,1034,1,2026-05,2026-06-01 06:54:33
2026-05-31,ロフト,ロフト345,（不明）,4560449979313,1110,9,2026-05,2026-06-01 06:54:33
2026-05-31,ロフト,ロフト345,（不明）,4560449979405,1110,1,2026-05,2026-06-01 06:54:33
2026-05-31,ロフト,ロフト345,（不明）,4560449979917,1110,18,2026-05,2026-06-01 06:54:33
2026-05-31,ロフト,ロフト345,（不明）,4560449979931,1110,2,2026-05,2026-06-01 06:54:33
2026-05-31,ロフト,ロフト345,（不明）,4560449982696,1110,0,2026-05,2026-06-01 06:54:33
2026-05-31,ロフト,ロフト345,（不明）,4560449982726,1110,1,2026-05,2026-06-01 06:54:33
2026-05-31,ロフト,ロフト345,（不明）,4573473052006,1013,0,2026-05,2026-06-01 06:54:33
2026-05-31,ロフト,ロフト345,（不明）,4573473052136,1013,2,2026-05,2026-06-01 06:54:33
2026-05-31,ロフト,ロフト345,（不明）,4573473052235,1035,2,2026-05,2026-06-01 06:54:33
2026-05-31,ロフト,ロフト345,（不明）,4573473052303,1029,0,2026-05,2026-06-01 06:54:33
2026-05-31,ロフト,ロフト345,（不明）,4573587350616,1762,0,2026-05,2026-06-01 06:54:33
2026-05-31,ロフト,ロフト345,（不明）,4573587350630,1762,0,2026-05,2026-06-01 06:54:33
2026-05-31,ロフト,ロフト345,（不明）,4573587350654,1762,0,2026-05,2026-06-01 06:54:33
2026-05-31,ロフト,ロフト345,（不明）,4573587350678,1762,0,2026-05,2026-06-01 06:54:33
2026-05-31,ロフト,ロフト345,（不明）,4573694002903,1110,4,2026-05,2026-06-01 06:54:33
2026-05-31,ロフト,ロフト345,（不明）,4573694004396,1110,0,2026-05,2026-06-01 06:54:33
2026-05-31,ロフト,ロフト345,（不明）,4580886250011,1013,1,2026-05,2026-06-01 06:54:33
2026-05-31,ロフト,ロフト345,（不明）,4582784162977,1762,0,2026-05,2026-06-01 06:54:33
2026-05-31,ロフト,ロフト345,（不明）,4582784162984,1762,0,2026-05,2026-06-01 06:54:33
2026-05-31,ロフト,ロフト345,（不明）,4582784163233,1762,0,2026-05,2026-06-01 06:54:33
2026-05-31,ロフト,ロフト345,（不明）,4582784163240,1762,1,2026-05,2026-06-01 06:54:33
2026-05-31,ロフト,ロフト345,（不明）,4582784166104,1762,0,2026-05,2026-06-01 06:54:33
2026-05-31,ロフト,ロフト345,（不明）,4582784166111,1762,1,2026-05,2026-06-01 06:54:33
2026-05-31,ロフト,ロフト345,（不明）,4582784166128,1762,3,2026-05,2026-06-01 06:54:33
2026-05-31,ロフト,ロフト345,（不明）,4582784166784,1762,1,2026-05,2026-06-01 06:54:33
2026-05-31,ロフト,ロフト345,（不明）,4582784166791,1762,1,2026-05,2026-06-01 06:54:33
2026-05-31,ロフト,ロフト345,（不明）,4595988311089,1220,1,2026-05,2026-06-01 06:54:33
2026-05-31,ロフト,ロフト345,（不明）,4595988311096,1220,0,2026-05,2026-06-01 06:54:33
2026-05-31,ロフト,ロフト345,（不明）,4595988311119,1220,0,2026-05,2026-06-01 06:54:33
2026-05-31,ロフト,ロフト345,（不明）,8809849808400,1092,0,2026-05,2026-06-01 06:54:33
2026-05-31,ロフト,ロフト345,（不明）,8809849808417,1092,0,2026-05,2026-06-01 06:54:33
2026-05-31,ロフト,ロフト346,（不明）,4560440431087,1016,0,2026-05,2026-06-01 06:54:33
2026-05-31,ロフト,ロフト346,（不明）,4560440431094,1016,0,2026-05,2026-06-01 06:54:33
2026-05-31,ロフト,ロフト346,（不明）,4560440431124,1036,0,2026-05,2026-06-01 06:54:33
2026-05-31,ロフト,ロフト346,（不明）,4560440431179,1016,1,2026-05,2026-06-01 06:54:33
2026-05-31,ロフト,ロフト346,（不明）,4560440431384,1036,1,2026-05,2026-06-01 06:54:33
2026-05-31,ロフト,ロフト346,（不明）,4560440431407,1016,0,2026-05,2026-06-01 06:54:33
2026-05-31,ロフト,ロフト346,（不明）,4560440431414,1016,2,2026-05,2026-06-01 06:54:33
2026-05-31,ロフト,ロフト346,（不明）,4560440431452,1036,0,2026-05,2026-06-01 06:54:33
2026-05-31,ロフト,ロフト346,（不明）,4560449970273,1762,0,2026-05,2026-06-01 06:54:33
2026-05-31,ロフト,ロフト346,（不明）,4560449970280,1762,2,2026-05,2026-06-01 06:54:33
2026-05-31,ロフト,ロフト346,（不明）,4560449979313,1110,11,2026-05,2026-06-01 06:54:33
2026-05-31,ロフト,ロフト346,（不明）,4560449979405,1110,1,2026-05,2026-06-01 06:54:33
2026-05-31,ロフト,ロフト346,（不明）,4560449979443,1762,2,2026-05,2026-06-01 06:54:33
2026-05-31,ロフト,ロフト346,（不明）,4560449979467,1762,0,2026-05,2026-06-01 06:54:33
2026-05-31,ロフト,ロフト346,（不明）,4560449979917,1110,10,2026-05,2026-06-01 06:54:33
2026-05-31,ロフト,ロフト346,（不明）,4560449979931,1110,1,2026-05,2026-06-01 06:54:33
2026-05-31,ロフト,ロフト346,（不明）,4560449982696,1110,0,2026-05,2026-06-01 06:54:33
2026-05-31,ロフト,ロフト346,（不明）,4560449982726,1110,0,2026-05,2026-06-01 06:54:33
2026-05-31,ロフト,ロフト346,（不明）,4573473052006,1013,3,2026-05,2026-06-01 06:54:33
2026-05-31,ロフト,ロフト346,（不明）,4573473052136,1013,13,2026-05,2026-06-01 06:54:33
2026-05-31,ロフト,ロフト346,（不明）,4573473052235,1035,1,2026-05,2026-06-01 06:54:33
2026-05-31,ロフト,ロフト346,（不明）,4573473052303,1029,2,2026-05,2026-06-01 06:54:33
2026-05-31,ロフト,ロフト346,（不明）,4573587350210,1762,2,2026-05,2026-06-01 06:54:33
2026-05-31,ロフト,ロフト346,（不明）,4573587350258,1762,3,2026-05,2026-06-01 06:54:33
2026-05-31,ロフト,ロフト346,（不明）,4573587350616,1762,1,2026-05,2026-06-01 06:54:33
2026-05-31,ロフト,ロフト346,（不明）,4573587350630,1762,2,2026-05,2026-06-01 06:54:33
2026-05-31,ロフト,ロフト346,（不明）,4573587350654,1762,2,2026-05,2026-06-01 06:54:33
2026-05-31,ロフト,ロフト346,（不明）,4573587350678,1762,0,2026-05,2026-06-01 06:54:33
2026-05-31,ロフト,ロフト346,（不明）,4573694000015,1110,3,2026-05,2026-06-01 06:54:33
2026-05-31,ロフト,ロフト346,（不明）,4573694000091,1097,1,2026-05,2026-06-01 06:54:33
2026-05-31,ロフト,ロフト346,（不明）,4573694002903,1110,2,2026-05,2026-06-01 06:54:33
2026-05-31,ロフト,ロフト346,（不明）,4573694002934,1110,1,2026-05,2026-06-01 06:54:33
2026-05-31,ロフト,ロフト346,（不明）,4580886250011,1013,1,2026-05,2026-06-01 06:54:33
2026-05-31,ロフト,ロフト346,（不明）,4582784162977,1762,0,2026-05,2026-06-01 06:54:33
2026-05-31,ロフト,ロフト346,（不明）,4582784162984,1762,0,2026-05,2026-06-01 06:54:33
2026-05-31,ロフト,ロフト346,（不明）,4582784166104,1762,0,2026-05,2026-06-01 06:54:33
2026-05-31,ロフト,ロフト346,（不明）,4582784166128,1762,2,2026-05,2026-06-01 06:54:33
2026-05-31,ロフト,ロフト346,（不明）,4582784166784,1762,2,2026-05,2026-06-01 06:54:33
2026-05-31,ロフト,ロフト346,（不明）,4582784166791,1762,1,2026-05,2026-06-01 06:54:33
2026-05-31,ロフト,ロフト346,（不明）,4595315976011,1222,1,2026-05,2026-06-01 06:54:33
2026-05-31,ロフト,ロフト346,（不明）,8809672175502,1258,1,2026-05,2026-06-01 06:54:33
2026-05-31,ロフト,ロフト346,（不明）,8809672176332,1266,0,2026-05,2026-06-01 06:54:33
2026-05-31,ロフト,ロフト346,（不明）,8809672176684,1250,0,2026-05,2026-06-01 06:54:33
2026-05-31,ロフト,ロフト347,（不明）,4560440431117,1036,1,2026-05,2026-06-01 06:54:33
2026-05-31,ロフト,ロフト347,（不明）,4560440431407,1016,3,2026-05,2026-06-01 06:54:33
2026-05-31,ロフト,ロフト347,（不明）,4560440431452,1036,0,2026-05,2026-06-01 06:54:33
2026-05-31,ロフト,ロフト347,（不明）,4560440431469,1016,0,2026-05,2026-06-01 06:54:33
2026-05-31,ロフト,ロフト347,（不明）,4560449970273,1762,0,2026-05,2026-06-01 06:54:33
2026-05-31,ロフト,ロフト347,（不明）,4560449970280,1762,3,2026-05,2026-06-01 06:54:33
2026-05-31,ロフト,ロフト347,（不明）,4560449979313,1110,20,2026-05,2026-06-01 06:54:33
2026-05-31,ロフト,ロフト347,（不明）,4560449979405,1110,1,2026-05,2026-06-01 06:54:33
2026-05-31,ロフト,ロフト347,（不明）,4560449979443,1762,2,2026-05,2026-06-01 06:54:33
2026-05-31,ロフト,ロフト347,（不明）,4560449979467,1762,0,2026-05,2026-06-01 06:54:33
2026-05-31,ロフト,ロフト347,（不明）,4560449979917,1110,18,2026-05,2026-06-01 06:54:33
2026-05-31,ロフト,ロフト347,（不明）,4560449979931,1110,1,2026-05,2026-06-01 06:54:33
2026-05-31,ロフト,ロフト347,（不明）,4560449982696,1110,0,2026-05,2026-06-01 06:54:33
2026-05-31,ロフト,ロフト347,（不明）,4560449982726,1110,0,2026-05,2026-06-01 06:54:33
2026-05-31,ロフト,ロフト347,（不明）,4573473052006,1013,3,2026-05,2026-06-01 06:54:33
2026-05-31,ロフト,ロフト347,（不明）,4573473052136,1013,15,2026-05,2026-06-01 06:54:33
2026-05-31,ロフト,ロフト347,（不明）,4573473052235,1035,3,2026-05,2026-06-01 06:54:33
2026-05-31,ロフト,ロフト347,（不明）,4573473052303,1029,1,2026-05,2026-06-01 06:54:33
2026-05-31,ロフト,ロフト347,（不明）,4573587350210,1762,3,2026-05,2026-06-01 06:54:33
2026-05-31,ロフト,ロフト347,（不明）,4573587350258,1762,1,2026-05,2026-06-01 06:54:33
2026-05-31,ロフト,ロフト347,（不明）,4573587350616,1762,2,2026-05,2026-06-01 06:54:33
2026-05-31,ロフト,ロフト347,（不明）,4573587350630,1762,1,2026-05,2026-06-01 06:54:33
2026-05-31,ロフト,ロフト347,（不明）,4573587350654,1762,0,2026-05,2026-06-01 06:54:33
2026-05-31,ロフト,ロフト347,（不明）,4573587350678,1762,0,2026-05,2026-06-01 06:54:33
2026-05-31,ロフト,ロフト347,（不明）,4573694000015,1110,5,2026-05,2026-06-01 06:54:33
2026-05-31,ロフト,ロフト347,（不明）,4573694000091,1097,3,2026-05,2026-06-01 06:54:33
2026-05-31,ロフト,ロフト347,（不明）,4580886250011,1013,0,2026-05,2026-06-01 06:54:33
2026-05-31,ロフト,ロフト347,（不明）,4582784162977,1762,0,2026-05,2026-06-01 06:54:33
2026-05-31,ロフト,ロフト347,（不明）,4582784162984,1762,1,2026-05,2026-06-01 06:54:33
2026-05-31,ロフト,ロフト347,（不明）,4582784163233,1762,0,2026-05,2026-06-01 06:54:33
2026-05-31,ロフト,ロフト347,（不明）,4582784163240,1762,0,2026-05,2026-06-01 06:54:33
2026-05-31,ロフト,ロフト347,（不明）,4582784166104,1762,0,2026-05,2026-06-01 06:54:33
2026-05-31,ロフト,ロフト347,（不明）,4582784166111,1762,0,2026-05,2026-06-01 06:54:33
2026-05-31,ロフト,ロフト347,（不明）,4582784166128,1762,0,2026-05,2026-06-01 06:54:33
2026-05-31,ロフト,ロフト347,（不明）,4582784166784,1762,0,2026-05,2026-06-01 06:54:33
2026-05-31,ロフト,ロフト347,（不明）,4582784166791,1762,3,2026-05,2026-06-01 06:54:33
2026-05-31,ロフト,ロフト347,（不明）,4595315976011,1222,0,2026-05,2026-06-01 06:54:33
2026-05-31,ロフト,ロフト347,（不明）,4595317659110,1013,1,2026-05,2026-06-01 06:54:33
2026-05-31,ロフト,ロフト347,（不明）,4595317659127,1013,1,2026-05,2026-06-01 06:54:33
2026-05-31,ロフト,ロフト347,（不明）,4595317659738,1013,3,2026-05,2026-06-01 06:54:33
2026-05-31,ロフト,ロフト347,（不明）,4595988311089,1220,0,2026-05,2026-06-01 06:54:33
2026-05-31,ロフト,ロフト347,（不明）,4595988311096,1220,0,2026-05,2026-06-01 06:54:33
2026-05-31,ロフト,ロフト347,（不明）,4595988311119,1220,2,2026-05,2026-06-01 06:54:33
2026-05-31,ロフト,ロフト347,（不明）,8809672176332,1266,0,2026-05,2026-06-01 06:54:33
2026-05-31,ロフト,ロフト347,（不明）,8809672176684,1250,1,2026-05,2026-06-01 06:54:33
2026-05-31,ロフト,ロフト347,（不明）,8809849807694,1092,0,2026-05,2026-06-01 06:54:33
2026-05-31,ロフト,ロフト348,（不明）,4560440431094,1016,1,2026-05,2026-06-01 06:54:33
2026-05-31,ロフト,ロフト348,（不明）,4560440431346,1016,0,2026-05,2026-06-01 06:54:33
2026-05-31,ロフト,ロフト348,（不明）,4560440431353,1016,1,2026-05,2026-06-01 06:54:33
2026-05-31,ロフト,ロフト348,（不明）,4560440431384,1036,2,2026-05,2026-06-01 06:54:33
2026-05-31,ロフト,ロフト348,（不明）,4560440431414,1016,3,2026-05,2026-06-01 06:54:33
2026-05-31,ロフト,ロフト348,（不明）,4560440431438,1016,0,2026-05,2026-06-01 06:54:33
2026-05-31,ロフト,ロフト348,（不明）,4560440431445,1016,3,2026-05,2026-06-01 06:54:33
2026-05-31,ロフト,ロフト348,（不明）,4560440431452,1036,1,2026-05,2026-06-01 06:54:33
2026-05-31,ロフト,ロフト348,（不明）,4560440431476,1015,2,2026-05,2026-06-01 06:54:33
2026-05-31,ロフト,ロフト348,（不明）,4560440431506,1015,5,2026-05,2026-06-01 06:54:33
2026-05-31,ロフト,ロフト348,（不明）,4560440431599,1034,11,2026-05,2026-06-01 06:54:33
2026-05-31,ロフト,ロフト348,（不明）,4560449970273,1762,1,2026-05,2026-06-01 06:54:33
2026-05-31,ロフト,ロフト348,（不明）,4560449970280,1762,0,2026-05,2026-06-01 06:54:33
2026-05-31,ロフト,ロフト348,（不明）,4560449979313,1110,8,2026-05,2026-06-01 06:54:33
2026-05-31,ロフト,ロフト348,（不明）,4560449979405,1110,1,2026-05,2026-06-01 06:54:33
2026-05-31,ロフト,ロフト348,（不明）,4560449979443,1762,0,2026-05,2026-06-01 06:54:33
2026-05-31,ロフト,ロフト348,（不明）,4560449979467,1762,0,2026-05,2026-06-01 06:54:33
2026-05-31,ロフト,ロフト348,（不明）,4560449979917,1110,14,2026-05,2026-06-01 06:54:33
2026-05-31,ロフト,ロフト348,（不明）,4560449979931,1110,2,2026-05,2026-06-01 06:54:33
2026-05-31,ロフト,ロフト348,（不明）,4560449982696,1110,0,2026-05,2026-06-01 06:54:33
2026-05-31,ロフト,ロフト348,（不明）,4560449982726,1110,0,2026-05,2026-06-01 06:54:33
2026-05-31,ロフト,ロフト348,（不明）,4573473052006,1013,1,2026-05,2026-06-01 06:54:33
2026-05-31,ロフト,ロフト348,（不明）,4573473052136,1013,8,2026-05,2026-06-01 06:54:33
2026-05-31,ロフト,ロフト348,（不明）,4573473052303,1029,3,2026-05,2026-06-01 06:54:33
2026-05-31,ロフト,ロフト348,（不明）,4573587350210,1762,1,2026-05,2026-06-01 06:54:33
2026-05-31,ロフト,ロフト348,（不明）,4573587350258,1762,0,2026-05,2026-06-01 06:54:33
2026-05-31,ロフト,ロフト348,（不明）,4573587350616,1762,0,2026-05,2026-06-01 06:54:33
2026-05-31,ロフト,ロフト348,（不明）,4573587350630,1762,0,2026-05,2026-06-01 06:54:33
2026-05-31,ロフト,ロフト348,（不明）,4573587350654,1762,0,2026-05,2026-06-01 06:54:33
2026-05-31,ロフト,ロフト348,（不明）,4573587350678,1762,0,2026-05,2026-06-01 06:54:33
2026-05-31,ロフト,ロフト348,（不明）,4573694002903,1110,3,2026-05,2026-06-01 06:54:33
2026-05-31,ロフト,ロフト348,（不明）,4573694002934,1110,1,2026-05,2026-06-01 06:54:33
2026-05-31,ロフト,ロフト348,（不明）,4580886250011,1013,1,2026-05,2026-06-01 06:54:33
2026-05-31,ロフト,ロフト348,（不明）,4582784162977,1762,0,2026-05,2026-06-01 06:54:33
2026-05-31,ロフト,ロフト348,（不明）,4582784162984,1762,0,2026-05,2026-06-01 06:54:33
2026-05-31,ロフト,ロフト348,（不明）,4582784163240,1762,0,2026-05,2026-06-01 06:54:33
2026-05-31,ロフト,ロフト348,（不明）,4582784166104,1762,0,2026-05,2026-06-01 06:54:33
2026-05-31,ロフト,ロフト348,（不明）,4582784166111,1762,0,2026-05,2026-06-01 06:54:33
2026-05-31,ロフト,ロフト348,（不明）,4582784166128,1762,1,2026-05,2026-06-01 06:54:33
2026-05-31,ロフト,ロフト348,（不明）,4582784166784,1762,0,2026-05,2026-06-01 06:54:33
2026-05-31,ロフト,ロフト348,（不明）,4582784166791,1762,3,2026-05,2026-06-01 06:54:33
2026-05-31,ロフト,ロフト348,（不明）,4595988311089,1220,1,2026-05,2026-06-01 06:54:33
2026-05-31,ロフト,ロフト348,（不明）,4595988311096,1220,0,2026-05,2026-06-01 06:54:33
2026-05-31,ロフト,ロフト348,（不明）,4595988311119,1220,1,2026-05,2026-06-01 06:54:33
2026-05-31,ロフト,ロフト348,（不明）,8809672176332,1266,2,2026-05,2026-06-01 06:54:33
2026-05-31,ロフト,ロフト348,（不明）,8809672176684,1250,1,2026-05,2026-06-01 06:54:33
2026-05-31,ロフト,ロフト349,（不明）,4560440431179,1016,3,2026-05,2026-06-01 06:54:33
2026-05-31,ロフト,ロフト349,（不明）,4560440431353,1016,0,2026-05,2026-06-01 06:54:33
2026-05-31,ロフト,ロフト349,（不明）,4560440431384,1036,0,2026-05,2026-06-01 06:54:33
2026-05-31,ロフト,ロフト349,（不明）,4560440431414,1016,3,2026-05,2026-06-01 06:54:33
2026-05-31,ロフト,ロフト349,（不明）,4560440431445,1016,1,2026-05,2026-06-01 06:54:33
2026-05-31,ロフト,ロフト349,（不明）,4560440431469,1016,1,2026-05,2026-06-01 06:54:33
2026-05-31,ロフト,ロフト349,（不明）,4560440431513,1015,0,2026-05,2026-06-01 06:54:33
2026-05-31,ロフト,ロフト349,（不明）,4560449979313,1110,2,2026-05,2026-06-01 06:54:33
2026-05-31,ロフト,ロフト349,（不明）,4560449979405,1110,1,2026-05,2026-06-01 06:54:33
2026-05-31,ロフト,ロフト349,（不明）,4560449979917,1110,4,2026-05,2026-06-01 06:54:33
2026-05-31,ロフト,ロフト349,（不明）,4560449979931,1110,2,2026-05,2026-06-01 06:54:33
2026-05-31,ロフト,ロフト349,（不明）,4560449982696,1110,1,2026-05,2026-06-01 06:54:33
2026-05-31,ロフト,ロフト349,（不明）,4560449982726,1110,0,2026-05,2026-06-01 06:54:33
2026-05-31,ロフト,ロフト349,（不明）,4573473052006,1013,2,2026-05,2026-06-01 06:54:33
2026-05-31,ロフト,ロフト349,（不明）,4573473052136,1013,10,2026-05,2026-06-01 06:54:33
2026-05-31,ロフト,ロフト349,（不明）,4573473052235,1035,1,2026-05,2026-06-01 06:54:33
2026-05-31,ロフト,ロフト349,（不明）,4573473052303,1029,0,2026-05,2026-06-01 06:54:33
2026-05-31,ロフト,ロフト349,（不明）,4573587350210,1762,1,2026-05,2026-06-01 06:54:33
2026-05-31,ロフト,ロフト349,（不明）,4573587350258,1762,1,2026-05,2026-06-01 06:54:33
2026-05-31,ロフト,ロフト349,（不明）,4573587350616,1762,0,2026-05,2026-06-01 06:54:33
2026-05-31,ロフト,ロフト349,（不明）,4573587350630,1762,0,2026-05,2026-06-01 06:54:33
2026-05-31,ロフト,ロフト349,（不明）,4573587350654,1762,0,2026-05,2026-06-01 06:54:33
2026-05-31,ロフト,ロフト349,（不明）,4573587350678,1762,0,2026-05,2026-06-01 06:54:33
2026-05-31,ロフト,ロフト349,（不明）,4573694004396,1110,0,2026-05,2026-06-01 06:54:33
2026-05-31,ロフト,ロフト349,（不明）,4582784162977,1762,1,2026-05,2026-06-01 06:54:33
2026-05-31,ロフト,ロフト349,（不明）,4582784162984,1762,0,2026-05,2026-06-01 06:54:33
2026-05-31,ロフト,ロフト349,（不明）,4582784166104,1762,0,2026-05,2026-06-01 06:54:33
2026-05-31,ロフト,ロフト349,（不明）,4582784166111,1762,0,2026-05,2026-06-01 06:54:33
2026-05-31,ロフト,ロフト349,（不明）,4582784166128,1762,0,2026-05,2026-06-01 06:54:33
2026-05-31,ロフト,ロフト350,（不明）,4560440431179,1016,1,2026-05,2026-06-01 06:54:33
2026-05-31,ロフト,ロフト350,（不明）,4560440431186,1016,0,2026-05,2026-06-01 06:54:33
2026-05-31,ロフト,ロフト350,（不明）,4560440431384,1036,0,2026-05,2026-06-01 06:54:33
2026-05-31,ロフト,ロフト350,（不明）,4560440431414,1016,1,2026-05,2026-06-01 06:54:33
2026-05-31,ロフト,ロフト350,（不明）,4560440431452,1036,1,2026-05,2026-06-01 06:54:33
2026-05-31,ロフト,ロフト350,（不明）,4560440431490,1015,0,2026-05,2026-06-01 06:54:33
2026-05-31,ロフト,ロフト350,（不明）,4560449970273,1762,0,2026-05,2026-06-01 06:54:33
2026-05-31,ロフト,ロフト350,（不明）,4560449970280,1762,0,2026-05,2026-06-01 06:54:33
2026-05-31,ロフト,ロフト350,（不明）,4560449979313,1110,5,2026-05,2026-06-01 06:54:33
2026-05-31,ロフト,ロフト350,（不明）,4560449979405,1110,1,2026-05,2026-06-01 06:54:33
2026-05-31,ロフト,ロフト350,（不明）,4560449979443,1762,3,2026-05,2026-06-01 06:54:33
2026-05-31,ロフト,ロフト350,（不明）,4560449979467,1762,2,2026-05,2026-06-01 06:54:33
2026-05-31,ロフト,ロフト350,（不明）,4560449979917,1110,11,2026-05,2026-06-01 06:54:33
2026-05-31,ロフト,ロフト350,（不明）,4560449979931,1110,1,2026-05,2026-06-01 06:54:33
2026-05-31,ロフト,ロフト350,（不明）,4560449982696,1110,3,2026-05,2026-06-01 06:54:33
2026-05-31,ロフト,ロフト350,（不明）,4560449982726,1110,0,2026-05,2026-06-01 06:54:33
2026-05-31,ロフト,ロフト350,（不明）,4573473052006,1013,0,2026-05,2026-06-01 06:54:33
2026-05-31,ロフト,ロフト350,（不明）,4573473052136,1013,17,2026-05,2026-06-01 06:54:33
2026-05-31,ロフト,ロフト350,（不明）,4573473052235,1035,0,2026-05,2026-06-01 06:54:33
2026-05-31,ロフト,ロフト350,（不明）,4573473052303,1029,0,2026-05,2026-06-01 06:54:33
2026-05-31,ロフト,ロフト350,（不明）,4573587350210,1762,0,2026-05,2026-06-01 06:54:33
2026-05-31,ロフト,ロフト350,（不明）,4573587350258,1762,1,2026-05,2026-06-01 06:54:33
2026-05-31,ロフト,ロフト350,（不明）,4573587350616,1762,0,2026-05,2026-06-01 06:54:33
2026-05-31,ロフト,ロフト350,（不明）,4573587350630,1762,0,2026-05,2026-06-01 06:54:33
2026-05-31,ロフト,ロフト350,（不明）,4573587350654,1762,0,2026-05,2026-06-01 06:54:33
2026-05-31,ロフト,ロフト350,（不明）,4573587350678,1762,0,2026-05,2026-06-01 06:54:33
2026-05-31,ロフト,ロフト350,（不明）,4573694000015,1110,2,2026-05,2026-06-01 06:54:33
2026-05-31,ロフト,ロフト350,（不明）,4573694000091,1097,1,2026-05,2026-06-01 06:54:33
2026-05-31,ロフト,ロフト350,（不明）,4573694002903,1110,5,2026-05,2026-06-01 06:54:33
2026-05-31,ロフト,ロフト350,（不明）,4573694002934,1110,0,2026-05,2026-06-01 06:54:33
2026-05-31,ロフト,ロフト350,（不明）,4580886250011,1013,0,2026-05,2026-06-01 06:54:33
2026-05-31,ロフト,ロフト350,（不明）,4582784162977,1762,1,2026-05,2026-06-01 06:54:33
2026-05-31,ロフト,ロフト350,（不明）,4582784162984,1762,1,2026-05,2026-06-01 06:54:33
2026-05-31,ロフト,ロフト350,（不明）,4582784166104,1762,0,2026-05,2026-06-01 06:54:33
2026-05-31,ロフト,ロフト350,（不明）,4582784166111,1762,1,2026-05,2026-06-01 06:54:33
2026-05-31,ロフト,ロフト350,（不明）,4582784166128,1762,0,2026-05,2026-06-01 06:54:33
2026-05-31,ロフト,ロフト350,（不明）,4582784166784,1762,2,2026-05,2026-06-01 06:54:33
2026-05-31,ロフト,ロフト350,（不明）,4582784166791,1762,2,2026-05,2026-06-01 06:54:33
2026-05-31,ロフト,ロフト350,（不明）,4595315976011,1222,0,2026-05,2026-06-01 06:54:33
2026-05-31,ロフト,ロフト350,（不明）,4595317659110,1013,0,2026-05,2026-06-01 06:54:33
2026-05-31,ロフト,ロフト350,（不明）,4595317659127,1013,1,2026-05,2026-06-01 06:54:33
2026-05-31,ロフト,ロフト350,（不明）,4595317659738,1013,1,2026-05,2026-06-01 06:54:33
2026-05-31,ロフト,ロフト350,（不明）,4595317659745,1013,11,2026-05,2026-06-01 06:54:33
2026-05-31,ロフト,ロフト350,（不明）,4595988311089,1220,2,2026-05,2026-06-01 06:54:33
2026-05-31,ロフト,ロフト350,（不明）,4595988311096,1220,1,2026-05,2026-06-01 06:54:33
2026-05-31,ロフト,ロフト350,（不明）,4595988311119,1220,2,2026-05,2026-06-01 06:54:33
2026-05-31,ロフト,ロフト350,（不明）,8809317963556,1723,2,2026-05,2026-06-01 06:54:33
2026-05-31,ロフト,ロフト350,（不明）,8809317967943,1723,1,2026-05,2026-06-01 06:54:33
2026-05-31,ロフト,ロフト350,（不明）,8809541199998,1723,3,2026-05,2026-06-01 06:54:33
2026-05-31,ロフト,ロフト350,（不明）,8809823390297,1723,3,2026-05,2026-06-01 06:54:33
2026-05-31,ロフト,ロフト352,（不明）,4560440431346,1016,0,2026-05,2026-06-01 06:54:33
2026-05-31,ロフト,ロフト352,（不明）,4560440431353,1016,0,2026-05,2026-06-01 06:54:33
2026-05-31,ロフト,ロフト352,（不明）,4560440431384,1036,4,2026-05,2026-06-01 06:54:33
2026-05-31,ロフト,ロフト352,（不明）,4560440431407,1016,0,2026-05,2026-06-01 06:54:33
2026-05-31,ロフト,ロフト352,（不明）,4560440431414,1016,0,2026-05,2026-06-01 06:54:33
2026-05-31,ロフト,ロフト352,（不明）,4560440431438,1016,3,2026-05,2026-06-01 06:54:33
2026-05-31,ロフト,ロフト352,（不明）,4560440431452,1036,2,2026-05,2026-06-01 06:54:33
2026-05-31,ロフト,ロフト352,（不明）,4560440431490,1015,2,2026-05,2026-06-01 06:54:33
2026-05-31,ロフト,ロフト352,（不明）,4560440431513,1015,0,2026-05,2026-06-01 06:54:33
2026-05-31,ロフト,ロフト352,（不明）,4560449979313,1110,7,2026-05,2026-06-01 06:54:33
2026-05-31,ロフト,ロフト352,（不明）,4560449979405,1110,1,2026-05,2026-06-01 06:54:33
2026-05-31,ロフト,ロフト352,（不明）,4560449979917,1110,8,2026-05,2026-06-01 06:54:33
2026-05-31,ロフト,ロフト352,（不明）,4560449979931,1110,1,2026-05,2026-06-01 06:54:33
2026-05-31,ロフト,ロフト352,（不明）,4560449982696,1110,1,2026-05,2026-06-01 06:54:33
2026-05-31,ロフト,ロフト352,（不明）,4560449982726,1110,0,2026-05,2026-06-01 06:54:33
2026-05-31,ロフト,ロフト352,（不明）,4573473052006,1013,1,2026-05,2026-06-01 06:54:33
2026-05-31,ロフト,ロフト352,（不明）,4573473052136,1013,6,2026-05,2026-06-01 06:54:33
2026-05-31,ロフト,ロフト352,（不明）,4573473052235,1035,1,2026-05,2026-06-01 06:54:33
2026-05-31,ロフト,ロフト352,（不明）,4573473052303,1029,3,2026-05,2026-06-01 06:54:33
2026-05-31,ロフト,ロフト352,（不明）,4573587350210,1762,0,2026-05,2026-06-01 06:54:33
2026-05-31,ロフト,ロフト352,（不明）,4573587350258,1762,0,2026-05,2026-06-01 06:54:33
2026-05-31,ロフト,ロフト352,（不明）,4573587350616,1762,0,2026-05,2026-06-01 06:54:33
2026-05-31,ロフト,ロフト352,（不明）,4573587350630,1762,0,2026-05,2026-06-01 06:54:33
2026-05-31,ロフト,ロフト352,（不明）,4573587350654,1762,0,2026-05,2026-06-01 06:54:33
2026-05-31,ロフト,ロフト352,（不明）,4573587350678,1762,1,2026-05,2026-06-01 06:54:33
2026-05-31,ロフト,ロフト352,（不明）,4573694000015,1110,1,2026-05,2026-06-01 06:54:33
2026-05-31,ロフト,ロフト352,（不明）,4580886250011,1013,0,2026-05,2026-06-01 06:54:33
2026-05-31,ロフト,ロフト352,（不明）,4582784162977,1762,0,2026-05,2026-06-01 06:54:33
2026-05-31,ロフト,ロフト352,（不明）,4582784162984,1762,0,2026-05,2026-06-01 06:54:33
2026-05-31,ロフト,ロフト352,（不明）,4582784166104,1762,1,2026-05,2026-06-01 06:54:33
2026-05-31,ロフト,ロフト352,（不明）,4582784166111,1762,1,2026-05,2026-06-01 06:54:33
2026-05-31,ロフト,ロフト352,（不明）,4582784166128,1762,2,2026-05,2026-06-01 06:54:33
2026-05-31,ロフト,ロフト352,（不明）,4582784166784,1762,0,2026-05,2026-06-01 06:54:33
2026-05-31,ロフト,ロフト352,（不明）,4582784166791,1762,1,2026-05,2026-06-01 06:54:33
2026-05-31,ロフト,ロフト353,（不明）,4560440431230,1015,1,2026-05,2026-06-01 06:54:33
2026-05-31,ロフト,ロフト353,（不明）,4560440431346,1016,2,2026-05,2026-06-01 06:54:33
2026-05-31,ロフト,ロフト353,（不明）,4560440431353,1016,0,2026-05,2026-06-01 06:54:33
2026-05-31,ロフト,ロフト353,（不明）,4560440431377,1036,1,2026-05,2026-06-01 06:54:33
2026-05-31,ロフト,ロフト353,（不明）,4560440431407,1016,1,2026-05,2026-06-01 06:54:33
2026-05-31,ロフト,ロフト353,（不明）,4560440431414,1016,3,2026-05,2026-06-01 06:54:33
2026-05-31,ロフト,ロフト353,（不明）,4560440431438,1016,1,2026-05,2026-06-01 06:54:33
2026-05-31,ロフト,ロフト353,（不明）,4560440431445,1016,1,2026-05,2026-06-01 06:54:33
2026-05-31,ロフト,ロフト353,（不明）,4560440431452,1036,0,2026-05,2026-06-01 06:54:33
2026-05-31,ロフト,ロフト353,（不明）,4560440431469,1016,0,2026-05,2026-06-01 06:54:33
2026-05-31,ロフト,ロフト353,（不明）,4560440431506,1015,0,2026-05,2026-06-01 06:54:33
2026-05-31,ロフト,ロフト353,（不明）,4560440431513,1015,0,2026-05,2026-06-01 06:54:33
2026-05-31,ロフト,ロフト353,（不明）,4560440431520,1015,0,2026-05,2026-06-01 06:54:33
2026-05-31,ロフト,ロフト353,（不明）,4560449970273,1762,1,2026-05,2026-06-01 06:54:33
2026-05-31,ロフト,ロフト353,（不明）,4560449970280,1762,1,2026-05,2026-06-01 06:54:33
2026-05-31,ロフト,ロフト353,（不明）,4560449979313,1110,9,2026-05,2026-06-01 06:54:33
2026-05-31,ロフト,ロフト353,（不明）,4560449979405,1110,1,2026-05,2026-06-01 06:54:33
2026-05-31,ロフト,ロフト353,（不明）,4560449979917,1110,10,2026-05,2026-06-01 06:54:33
2026-05-31,ロフト,ロフト353,（不明）,4560449979931,1110,2,2026-05,2026-06-01 06:54:33
2026-05-31,ロフト,ロフト353,（不明）,4560449982696,1110,0,2026-05,2026-06-01 06:54:33
2026-05-31,ロフト,ロフト353,（不明）,4573473052006,1013,4,2026-05,2026-06-01 06:54:33
2026-05-31,ロフト,ロフト353,（不明）,4573473052136,1013,13,2026-05,2026-06-01 06:54:33
2026-05-31,ロフト,ロフト353,（不明）,4573473052235,1035,3,2026-05,2026-06-01 06:54:33
2026-05-31,ロフト,ロフト353,（不明）,4573473052303,1029,2,2026-05,2026-06-01 06:54:33
2026-05-31,ロフト,ロフト353,（不明）,4573587350210,1762,1,2026-05,2026-06-01 06:54:33
2026-05-31,ロフト,ロフト353,（不明）,4573587350258,1762,0,2026-05,2026-06-01 06:54:33
2026-05-31,ロフト,ロフト353,（不明）,4573587350616,1762,0,2026-05,2026-06-01 06:54:33
2026-05-31,ロフト,ロフト353,（不明）,4573587350630,1762,0,2026-05,2026-06-01 06:54:33
2026-05-31,ロフト,ロフト353,（不明）,4573587350654,1762,0,2026-05,2026-06-01 06:54:33
2026-05-31,ロフト,ロフト353,（不明）,4573587350678,1762,0,2026-05,2026-06-01 06:54:33
2026-05-31,ロフト,ロフト353,（不明）,4573694000091,1097,0,2026-05,2026-06-01 06:54:33
2026-05-31,ロフト,ロフト353,（不明）,4573694002903,1110,3,2026-05,2026-06-01 06:54:33
2026-05-31,ロフト,ロフト353,（不明）,4573694002934,1110,0,2026-05,2026-06-01 06:54:33
2026-05-31,ロフト,ロフト353,（不明）,4573694004396,1110,4,2026-05,2026-06-01 06:54:33
2026-05-31,ロフト,ロフト353,（不明）,4582784162977,1762,0,2026-05,2026-06-01 06:54:33
2026-05-31,ロフト,ロフト353,（不明）,4582784162984,1762,1,2026-05,2026-06-01 06:54:33
2026-05-31,ロフト,ロフト353,（不明）,4582784163233,1762,1,2026-05,2026-06-01 06:54:33
2026-05-31,ロフト,ロフト353,（不明）,4582784166104,1762,1,2026-05,2026-06-01 06:54:33
2026-05-31,ロフト,ロフト353,（不明）,4582784166111,1762,0,2026-05,2026-06-01 06:54:33
2026-05-31,ロフト,ロフト353,（不明）,4582784166128,1762,0,2026-05,2026-06-01 06:54:33
2026-05-31,ロフト,ロフト353,（不明）,4582784166784,1762,0,2026-05,2026-06-01 06:54:33
2026-05-31,ロフト,ロフト353,（不明）,4582784166791,1762,1,2026-05,2026-06-01 06:54:33
2026-05-31,ロフト,ロフト353,（不明）,4595315976011,1222,2,2026-05,2026-06-01 06:54:33
2026-05-31,ロフト,ロフト353,（不明）,4595988311089,1220,1,2026-05,2026-06-01 06:54:33
2026-05-31,ロフト,ロフト353,（不明）,4595988311096,1220,1,2026-05,2026-06-01 06:54:33
2026-05-31,ロフト,ロフト353,（不明）,4595988311119,1220,0,2026-05,2026-06-01 06:54:33
2026-05-31,ロフト,ロフト354,（不明）,4560440431230,1015,0,2026-05,2026-06-01 06:54:33
2026-05-31,ロフト,ロフト354,（不明）,4560440431346,1016,0,2026-05,2026-06-01 06:54:33
2026-05-31,ロフト,ロフト354,（不明）,4560440431445,1016,1,2026-05,2026-06-01 06:54:33
2026-05-31,ロフト,ロフト354,（不明）,4560440431469,1016,0,2026-05,2026-06-01 06:54:33
2026-05-31,ロフト,ロフト354,（不明）,4560440431490,1015,1,2026-05,2026-06-01 06:54:33
2026-05-31,ロフト,ロフト354,（不明）,4560449970273,1762,3,2026-05,2026-06-01 06:54:33
2026-05-31,ロフト,ロフト354,（不明）,4560449970280,1762,1,2026-05,2026-06-01 06:54:33
2026-05-31,ロフト,ロフト354,（不明）,4560449979313,1110,12,2026-05,2026-06-01 06:54:33
2026-05-31,ロフト,ロフト354,（不明）,4560449979405,1110,1,2026-05,2026-06-01 06:54:33
2026-05-31,ロフト,ロフト354,（不明）,4560449979443,1762,0,2026-05,2026-06-01 06:54:33
2026-05-31,ロフト,ロフト354,（不明）,4560449979467,1762,0,2026-05,2026-06-01 06:54:33
2026-05-31,ロフト,ロフト354,（不明）,4560449979917,1110,11,2026-05,2026-06-01 06:54:33
2026-05-31,ロフト,ロフト354,（不明）,4560449979931,1110,2,2026-05,2026-06-01 06:54:33
2026-05-31,ロフト,ロフト354,（不明）,4560449982696,1110,1,2026-05,2026-06-01 06:54:33
2026-05-31,ロフト,ロフト354,（不明）,4560449982726,1110,0,2026-05,2026-06-01 06:54:33
2026-05-31,ロフト,ロフト354,（不明）,4573473052006,1013,1,2026-05,2026-06-01 06:54:33
2026-05-31,ロフト,ロフト354,（不明）,4573473052136,1013,8,2026-05,2026-06-01 06:54:33
2026-05-31,ロフト,ロフト354,（不明）,4573473052235,1035,0,2026-05,2026-06-01 06:54:33
2026-05-31,ロフト,ロフト354,（不明）,4573473052303,1029,0,2026-05,2026-06-01 06:54:33
2026-05-31,ロフト,ロフト354,（不明）,4573587350616,1762,0,2026-05,2026-06-01 06:54:33
2026-05-31,ロフト,ロフト354,（不明）,4573587350630,1762,0,2026-05,2026-06-01 06:54:33
2026-05-31,ロフト,ロフト354,（不明）,4573587350654,1762,0,2026-05,2026-06-01 06:54:33
2026-05-31,ロフト,ロフト354,（不明）,4573587350678,1762,0,2026-05,2026-06-01 06:54:33
2026-05-31,ロフト,ロフト354,（不明）,4573694000015,1110,7,2026-05,2026-06-01 06:54:33
2026-05-31,ロフト,ロフト354,（不明）,4573694000091,1097,5,2026-05,2026-06-01 06:54:33
2026-05-31,ロフト,ロフト354,（不明）,4580886250011,1013,2,2026-05,2026-06-01 06:54:33
2026-05-31,ロフト,ロフト354,（不明）,4582784162977,1762,0,2026-05,2026-06-01 06:54:33
2026-05-31,ロフト,ロフト354,（不明）,4582784162984,1762,0,2026-05,2026-06-01 06:54:33
2026-05-31,ロフト,ロフト354,（不明）,4582784163233,1762,0,2026-05,2026-06-01 06:54:33
2026-05-31,ロフト,ロフト354,（不明）,4582784163240,1762,0,2026-05,2026-06-01 06:54:33
2026-05-31,ロフト,ロフト354,（不明）,4582784166104,1762,0,2026-05,2026-06-01 06:54:33
2026-05-31,ロフト,ロフト354,（不明）,4582784166111,1762,1,2026-05,2026-06-01 06:54:33
2026-05-31,ロフト,ロフト354,（不明）,4582784166128,1762,2,2026-05,2026-06-01 06:54:33
2026-05-31,ロフト,ロフト354,（不明）,4582784166784,1762,1,2026-05,2026-06-01 06:54:33
2026-05-31,ロフト,ロフト354,（不明）,4582784166791,1762,0,2026-05,2026-06-01 06:54:33
2026-05-31,ロフト,ロフト354,（不明）,4595317659110,1013,1,2026-05,2026-06-01 06:54:33
2026-05-31,ロフト,ロフト354,（不明）,4595317659127,1013,1,2026-05,2026-06-01 06:54:33
2026-05-31,ロフト,ロフト354,（不明）,4595317659738,1013,4,2026-05,2026-06-01 06:54:33
2026-05-31,ロフト,ロフト354,（不明）,4595317659745,1013,5,2026-05,2026-06-01 06:54:33
2026-05-31,ロフト,ロフト354,（不明）,4595317659752,1013,10,2026-05,2026-06-01 06:54:33
2026-05-31,ロフト,ロフト354,（不明）,4595988311089,1220,0,2026-05,2026-06-01 06:54:33
2026-05-31,ロフト,ロフト354,（不明）,4595988311096,1220,0,2026-05,2026-06-01 06:54:33
2026-05-31,ロフト,ロフト354,（不明）,4595988311119,1220,0,2026-05,2026-06-01 06:54:33
2026-05-31,ロフト,ロフト354,（不明）,8809317963556,1723,3,2026-05,2026-06-01 06:54:33
2026-05-31,ロフト,ロフト354,（不明）,8809317967943,1723,3,2026-05,2026-06-01 06:54:33
2026-05-31,ロフト,ロフト354,（不明）,8809541199998,1723,2,2026-05,2026-06-01 06:54:33
2026-05-31,ロフト,ロフト354,（不明）,8809672176332,1266,0,2026-05,2026-06-01 06:54:33
2026-05-31,ロフト,ロフト354,（不明）,8809672176684,1250,0,2026-05,2026-06-01 06:54:33
2026-05-31,ロフト,ロフト354,（不明）,8809823390297,1723,1,2026-05,2026-06-01 06:54:33
2026-05-31,ロフト,ロフト354,（不明）,8809849807694,1092,0,2026-05,2026-06-01 06:54:33
2026-05-31,ロフト,ロフト354,（不明）,8809849808400,1092,1,2026-05,2026-06-01 06:54:33
2026-05-31,ロフト,ロフト354,（不明）,8809849808417,1092,0,2026-05,2026-06-01 06:54:33
2026-05-31,ロフト,ロフト354,（不明）,8809849808424,1092,0,2026-05,2026-06-01 06:54:33
2026-05-31,ロフト,ロフト355,（不明）,4560440431124,1036,1,2026-05,2026-06-01 06:54:33
2026-05-31,ロフト,ロフト355,（不明）,4560440431148,1016,4,2026-05,2026-06-01 06:54:33
2026-05-31,ロフト,ロフト355,（不明）,4560440431155,1015,1,2026-05,2026-06-01 06:54:33
2026-05-31,ロフト,ロフト355,（不明）,4560440431407,1016,0,2026-05,2026-06-01 06:54:33
2026-05-31,ロフト,ロフト355,（不明）,4560440431445,1016,1,2026-05,2026-06-01 06:54:33
2026-05-31,ロフト,ロフト355,（不明）,4560440431452,1036,0,2026-05,2026-06-01 06:54:33
2026-05-31,ロフト,ロフト355,（不明）,4560440431469,1016,3,2026-05,2026-06-01 06:54:33
2026-05-31,ロフト,ロフト355,（不明）,4560440431513,1015,2,2026-05,2026-06-01 06:54:33
2026-05-31,ロフト,ロフト355,（不明）,4560440431599,1034,3,2026-05,2026-06-01 06:54:33
2026-05-31,ロフト,ロフト355,（不明）,4560449970273,1762,3,2026-05,2026-06-01 06:54:33
2026-05-31,ロフト,ロフト355,（不明）,4560449970280,1762,1,2026-05,2026-06-01 06:54:33
2026-05-31,ロフト,ロフト355,（不明）,4560449979313,1110,16,2026-05,2026-06-01 06:54:33
2026-05-31,ロフト,ロフト355,（不明）,4560449979405,1110,0,2026-05,2026-06-01 06:54:33
2026-05-31,ロフト,ロフト355,（不明）,4560449979443,1762,1,2026-05,2026-06-01 06:54:33
2026-05-31,ロフト,ロフト355,（不明）,4560449979467,1762,0,2026-05,2026-06-01 06:54:33
2026-05-31,ロフト,ロフト355,（不明）,4560449979917,1110,11,2026-05,2026-06-01 06:54:33
2026-05-31,ロフト,ロフト355,（不明）,4560449979931,1110,0,2026-05,2026-06-01 06:54:33
2026-05-31,ロフト,ロフト355,（不明）,4560449982696,1110,0,2026-05,2026-06-01 06:54:33
2026-05-31,ロフト,ロフト355,（不明）,4560449982726,1110,0,2026-05,2026-06-01 06:54:33
2026-05-31,ロフト,ロフト355,（不明）,4573473052006,1013,4,2026-05,2026-06-01 06:54:33
2026-05-31,ロフト,ロフト355,（不明）,4573473052136,1013,7,2026-05,2026-06-01 06:54:33
2026-05-31,ロフト,ロフト355,（不明）,4573473052235,1035,0,2026-05,2026-06-01 06:54:33
2026-05-31,ロフト,ロフト355,（不明）,4573473052303,1029,1,2026-05,2026-06-01 06:54:33
2026-05-31,ロフト,ロフト355,（不明）,4573587350210,1762,1,2026-05,2026-06-01 06:54:33
2026-05-31,ロフト,ロフト355,（不明）,4573587350258,1762,2,2026-05,2026-06-01 06:54:33
2026-05-31,ロフト,ロフト355,（不明）,4573587350616,1762,0,2026-05,2026-06-01 06:54:33
2026-05-31,ロフト,ロフト355,（不明）,4573587350630,1762,0,2026-05,2026-06-01 06:54:33
2026-05-31,ロフト,ロフト355,（不明）,4573587350654,1762,2,2026-05,2026-06-01 06:54:33
2026-05-31,ロフト,ロフト355,（不明）,4573587350678,1762,0,2026-05,2026-06-01 06:54:33
2026-05-31,ロフト,ロフト355,（不明）,4573694000015,1110,1,2026-05,2026-06-01 06:54:33
2026-05-31,ロフト,ロフト355,（不明）,4573694000091,1097,0,2026-05,2026-06-01 06:54:33
2026-05-31,ロフト,ロフト355,（不明）,4573694002903,1110,5,2026-05,2026-06-01 06:54:33
2026-05-31,ロフト,ロフト355,（不明）,4573694002934,1110,1,2026-05,2026-06-01 06:54:33
2026-05-31,ロフト,ロフト355,（不明）,4582784162977,1762,0,2026-05,2026-06-01 06:54:33
2026-05-31,ロフト,ロフト355,（不明）,4582784162984,1762,0,2026-05,2026-06-01 06:54:33
2026-05-31,ロフト,ロフト355,（不明）,4582784163233,1762,0,2026-05,2026-06-01 06:54:33
2026-05-31,ロフト,ロフト355,（不明）,4582784163240,1762,3,2026-05,2026-06-01 06:54:33
2026-05-31,ロフト,ロフト355,（不明）,4582784166104,1762,0,2026-05,2026-06-01 06:54:33
2026-05-31,ロフト,ロフト355,（不明）,4582784166111,1762,1,2026-05,2026-06-01 06:54:33
2026-05-31,ロフト,ロフト355,（不明）,4582784166128,1762,2,2026-05,2026-06-01 06:54:33
2026-05-31,ロフト,ロフト355,（不明）,4582784166784,1762,2,2026-05,2026-06-01 06:54:33
2026-05-31,ロフト,ロフト355,（不明）,4582784166791,1762,0,2026-05,2026-06-01 06:54:33
2026-05-31,ロフト,ロフト355,（不明）,4595315976011,1222,2,2026-05,2026-06-01 06:54:33
2026-05-31,ロフト,ロフト355,（不明）,4595988311089,1220,2,2026-05,2026-06-01 06:54:33
2026-05-31,ロフト,ロフト355,（不明）,4595988311096,1220,0,2026-05,2026-06-01 06:54:33
2026-05-31,ロフト,ロフト355,（不明）,4595988311119,1220,0,2026-05,2026-06-01 06:54:33
2026-05-31,ロフト,ロフト355,（不明）,8809672176332,1266,0,2026-05,2026-06-01 06:54:33
2026-05-31,ロフト,ロフト355,（不明）,8809672176684,1250,0,2026-05,2026-06-01 06:54:33
2026-05-31,ロフト,ロフト356,（不明）,4560440431087,1016,0,2026-05,2026-06-01 06:54:33
2026-05-31,ロフト,ロフト356,（不明）,4560440431179,1016,2,2026-05,2026-06-01 06:54:33
2026-05-31,ロフト,ロフト356,（不明）,4560440431186,1016,2,2026-05,2026-06-01 06:54:33
2026-05-31,ロフト,ロフト356,（不明）,4560440431193,1036,1,2026-05,2026-06-01 06:54:33
2026-05-31,ロフト,ロフト356,（不明）,4560440431353,1016,0,2026-05,2026-06-01 06:54:33
2026-05-31,ロフト,ロフト356,（不明）,4560440431438,1016,0,2026-05,2026-06-01 06:54:33
2026-05-31,ロフト,ロフト356,（不明）,4560440431445,1016,0,2026-05,2026-06-01 06:54:33
2026-05-31,ロフト,ロフト356,（不明）,4560440431513,1015,1,2026-05,2026-06-01 06:54:33
2026-05-31,ロフト,ロフト356,（不明）,4560440431599,1034,3,2026-05,2026-06-01 06:54:33
2026-05-31,ロフト,ロフト356,（不明）,4560449979313,1110,8,2026-05,2026-06-01 06:54:33
2026-05-31,ロフト,ロフト356,（不明）,4560449979405,1110,4,2026-05,2026-06-01 06:54:33
2026-05-31,ロフト,ロフト356,（不明）,4560449979917,1110,10,2026-05,2026-06-01 06:54:33
2026-05-31,ロフト,ロフト356,（不明）,4560449979931,1110,1,2026-05,2026-06-01 06:54:33
2026-05-31,ロフト,ロフト356,（不明）,4560449982696,1110,0,2026-05,2026-06-01 06:54:33
2026-05-31,ロフト,ロフト356,（不明）,4560449982726,1110,0,2026-05,2026-06-01 06:54:33
2026-05-31,ロフト,ロフト356,（不明）,4573587350210,1762,0,2026-05,2026-06-01 06:54:33
2026-05-31,ロフト,ロフト356,（不明）,4573587350258,1762,1,2026-05,2026-06-01 06:54:33
2026-05-31,ロフト,ロフト356,（不明）,4573587350616,1762,2,2026-05,2026-06-01 06:54:33
2026-05-31,ロフト,ロフト356,（不明）,4573587350630,1762,0,2026-05,2026-06-01 06:54:33
2026-05-31,ロフト,ロフト356,（不明）,4573587350654,1762,0,2026-05,2026-06-01 06:54:33
2026-05-31,ロフト,ロフト356,（不明）,4573587350678,1762,0,2026-05,2026-06-01 06:54:33
2026-05-31,ロフト,ロフト356,（不明）,4573694002903,1110,0,2026-05,2026-06-01 06:54:33
2026-05-31,ロフト,ロフト356,（不明）,4582784162977,1762,0,2026-05,2026-06-01 06:54:33
2026-05-31,ロフト,ロフト356,（不明）,4582784162984,1762,0,2026-05,2026-06-01 06:54:33
2026-05-31,ロフト,ロフト356,（不明）,4582784166104,1762,0,2026-05,2026-06-01 06:54:33
2026-05-31,ロフト,ロフト356,（不明）,4582784166111,1762,0,2026-05,2026-06-01 06:54:33
2026-05-31,ロフト,ロフト356,（不明）,4582784166128,1762,1,2026-05,2026-06-01 06:54:33
2026-05-31,ロフト,ロフト356,（不明）,4582784166784,1762,2,2026-05,2026-06-01 06:54:33
2026-05-31,ロフト,ロフト356,（不明）,4582784166791,1762,2,2026-05,2026-06-01 06:54:33
2026-05-31,ロフト,ロフト357,（不明）,4560440431186,1016,1,2026-05,2026-06-01 06:54:33
2026-05-31,ロフト,ロフト357,（不明）,4560440431346,1016,5,2026-05,2026-06-01 06:54:33
2026-05-31,ロフト,ロフト357,（不明）,4560440431353,1016,0,2026-05,2026-06-01 06:54:33
2026-05-31,ロフト,ロフト357,（不明）,4560440431414,1016,3,2026-05,2026-06-01 06:54:33
2026-05-31,ロフト,ロフト357,（不明）,4560440431421,1016,0,2026-05,2026-06-01 06:54:33
2026-05-31,ロフト,ロフト357,（不明）,4560440431438,1016,0,2026-05,2026-06-01 06:54:33
2026-05-31,ロフト,ロフト357,（不明）,4560440431452,1036,0,2026-05,2026-06-01 06:54:33
2026-05-31,ロフト,ロフト357,（不明）,4560440431599,1034,15,2026-05,2026-06-01 06:54:33
2026-05-31,ロフト,ロフト357,（不明）,4560449979313,1110,12,2026-05,2026-06-01 06:54:33
2026-05-31,ロフト,ロフト357,（不明）,4560449979405,1110,1,2026-05,2026-06-01 06:54:33
2026-05-31,ロフト,ロフト357,（不明）,4560449979917,1110,11,2026-05,2026-06-01 06:54:33
2026-05-31,ロフト,ロフト357,（不明）,4560449979931,1110,1,2026-05,2026-06-01 06:54:33
2026-05-31,ロフト,ロフト357,（不明）,4560449982696,1110,1,2026-05,2026-06-01 06:54:33
2026-05-31,ロフト,ロフト357,（不明）,4560449982726,1110,0,2026-05,2026-06-01 06:54:33
2026-05-31,ロフト,ロフト357,（不明）,4573473052006,1013,5,2026-05,2026-06-01 06:54:33
2026-05-31,ロフト,ロフト357,（不明）,4573473052136,1013,12,2026-05,2026-06-01 06:54:33
2026-05-31,ロフト,ロフト357,（不明）,4573473052235,1035,0,2026-05,2026-06-01 06:54:33
2026-05-31,ロフト,ロフト357,（不明）,4573473052303,1029,0,2026-05,2026-06-01 06:54:33
2026-05-31,ロフト,ロフト357,（不明）,4573587350210,1762,3,2026-05,2026-06-01 06:54:33
2026-05-31,ロフト,ロフト357,（不明）,4573587350258,1762,2,2026-05,2026-06-01 06:54:33
2026-05-31,ロフト,ロフト357,（不明）,4573587350616,1762,3,2026-05,2026-06-01 06:54:33
2026-05-31,ロフト,ロフト357,（不明）,4573587350654,1762,1,2026-05,2026-06-01 06:54:33
2026-05-31,ロフト,ロフト357,（不明）,4573587350678,1762,1,2026-05,2026-06-01 06:54:33
2026-05-31,ロフト,ロフト357,（不明）,4573694000015,1110,0,2026-05,2026-06-01 06:54:33
2026-05-31,ロフト,ロフト357,（不明）,4573694000091,1097,0,2026-05,2026-06-01 06:54:33
2026-05-31,ロフト,ロフト357,（不明）,4573694002903,1110,3,2026-05,2026-06-01 06:54:33
2026-05-31,ロフト,ロフト357,（不明）,4573694002934,1110,2,2026-05,2026-06-01 06:54:33
2026-05-31,ロフト,ロフト357,（不明）,4580886250011,1013,0,2026-05,2026-06-01 06:54:33
2026-05-31,ロフト,ロフト357,（不明）,4582784162977,1762,0,2026-05,2026-06-01 06:54:33
2026-05-31,ロフト,ロフト357,（不明）,4582784162984,1762,0,2026-05,2026-06-01 06:54:33
2026-05-31,ロフト,ロフト357,（不明）,4582784163233,1762,0,2026-05,2026-06-01 06:54:33
2026-05-31,ロフト,ロフト357,（不明）,4582784163240,1762,1,2026-05,2026-06-01 06:54:33
2026-05-31,ロフト,ロフト357,（不明）,4582784166104,1762,2,2026-05,2026-06-01 06:54:33
2026-05-31,ロフト,ロフト357,（不明）,4582784166111,1762,1,2026-05,2026-06-01 06:54:33
2026-05-31,ロフト,ロフト357,（不明）,4582784166128,1762,5,2026-05,2026-06-01 06:54:33
2026-05-31,ロフト,ロフト357,（不明）,4582784166784,1762,0,2026-05,2026-06-01 06:54:33
2026-05-31,ロフト,ロフト357,（不明）,4582784166791,1762,0,2026-05,2026-06-01 06:54:33
2026-05-31,ロフト,ロフト357,（不明）,4595315976011,1222,0,2026-05,2026-06-01 06:54:33
2026-05-31,ロフト,ロフト357,（不明）,4595317659110,1013,0,2026-05,2026-06-01 06:54:33
2026-05-31,ロフト,ロフト357,（不明）,4595317659127,1013,0,2026-05,2026-06-01 06:54:33
2026-05-31,ロフト,ロフト357,（不明）,4595317659738,1013,1,2026-05,2026-06-01 06:54:33
2026-05-31,ロフト,ロフト357,（不明）,4595317659745,1013,2,2026-05,2026-06-01 06:54:33
2026-05-31,ロフト,ロフト357,（不明）,4595317659752,1013,12,2026-05,2026-06-01 06:54:33
2026-05-31,ロフト,ロフト357,（不明）,4595988311089,1220,5,2026-05,2026-06-01 06:54:33
2026-05-31,ロフト,ロフト357,（不明）,4595988311096,1220,4,2026-05,2026-06-01 06:54:33
2026-05-31,ロフト,ロフト357,（不明）,4595988311119,1220,2,2026-05,2026-06-01 06:54:33
2026-05-31,ロフト,ロフト358,（不明）,4560440431384,1036,3,2026-05,2026-06-01 06:54:33
2026-05-31,ロフト,ロフト358,（不明）,4560440431407,1016,0,2026-05,2026-06-01 06:54:33
2026-05-31,ロフト,ロフト358,（不明）,4560440431414,1016,0,2026-05,2026-06-01 06:54:33
2026-05-31,ロフト,ロフト358,（不明）,4560440431438,1016,1,2026-05,2026-06-01 06:54:33
2026-05-31,ロフト,ロフト358,（不明）,4560440431445,1016,2,2026-05,2026-06-01 06:54:33
2026-05-31,ロフト,ロフト358,（不明）,4560440431452,1036,2,2026-05,2026-06-01 06:54:33
2026-05-31,ロフト,ロフト358,（不明）,4560440431513,1015,1,2026-05,2026-06-01 06:54:33
2026-05-31,ロフト,ロフト358,（不明）,4560440431537,1015,0,2026-05,2026-06-01 06:54:33
2026-05-31,ロフト,ロフト358,（不明）,4560449970273,1762,1,2026-05,2026-06-01 06:54:33
2026-05-31,ロフト,ロフト358,（不明）,4560449970280,1762,1,2026-05,2026-06-01 06:54:33
2026-05-31,ロフト,ロフト358,（不明）,4560449979313,1110,13,2026-05,2026-06-01 06:54:33
2026-05-31,ロフト,ロフト358,（不明）,4560449979405,1110,1,2026-05,2026-06-01 06:54:33
2026-05-31,ロフト,ロフト358,（不明）,4560449979467,1762,0,2026-05,2026-06-01 06:54:33
2026-05-31,ロフト,ロフト358,（不明）,4560449979917,1110,15,2026-05,2026-06-01 06:54:33
2026-05-31,ロフト,ロフト358,（不明）,4560449979931,1110,2,2026-05,2026-06-01 06:54:33
2026-05-31,ロフト,ロフト358,（不明）,4560449982696,1110,2,2026-05,2026-06-01 06:54:33
2026-05-31,ロフト,ロフト358,（不明）,4560449982726,1110,0,2026-05,2026-06-01 06:54:33
2026-05-31,ロフト,ロフト358,（不明）,4573473052006,1013,1,2026-05,2026-06-01 06:54:33
2026-05-31,ロフト,ロフト358,（不明）,4573473052136,1013,11,2026-05,2026-06-01 06:54:33
2026-05-31,ロフト,ロフト358,（不明）,4573473052235,1035,1,2026-05,2026-06-01 06:54:33
2026-05-31,ロフト,ロフト358,（不明）,4573473052303,1029,0,2026-05,2026-06-01 06:54:33
2026-05-31,ロフト,ロフト358,（不明）,4573587350210,1762,2,2026-05,2026-06-01 06:54:33
2026-05-31,ロフト,ロフト358,（不明）,4573587350258,1762,1,2026-05,2026-06-01 06:54:33
2026-05-31,ロフト,ロフト358,（不明）,4573587350616,1762,0,2026-05,2026-06-01 06:54:33
2026-05-31,ロフト,ロフト358,（不明）,4573587350630,1762,0,2026-05,2026-06-01 06:54:33
2026-05-31,ロフト,ロフト358,（不明）,4573587350654,1762,2,2026-05,2026-06-01 06:54:33
2026-05-31,ロフト,ロフト358,（不明）,4573587350678,1762,1,2026-05,2026-06-01 06:54:33
2026-05-31,ロフト,ロフト358,（不明）,4573694002903,1110,4,2026-05,2026-06-01 06:54:33
2026-05-31,ロフト,ロフト358,（不明）,4580886250011,1013,0,2026-05,2026-06-01 06:54:33
2026-05-31,ロフト,ロフト358,（不明）,4582784162977,1762,0,2026-05,2026-06-01 06:54:33
2026-05-31,ロフト,ロフト358,（不明）,4582784162984,1762,0,2026-05,2026-06-01 06:54:33
2026-05-31,ロフト,ロフト358,（不明）,4582784166104,1762,0,2026-05,2026-06-01 06:54:33
2026-05-31,ロフト,ロフト358,（不明）,4582784166111,1762,0,2026-05,2026-06-01 06:54:33
2026-05-31,ロフト,ロフト358,（不明）,4582784166128,1762,4,2026-05,2026-06-01 06:54:33
2026-05-31,ロフト,ロフト358,（不明）,4582784166784,1762,0,2026-05,2026-06-01 06:54:33
2026-05-31,ロフト,ロフト358,（不明）,4582784166791,1762,0,2026-05,2026-06-01 06:54:33
2026-05-31,ロフト,ロフト358,（不明）,4595315976011,1222,1,2026-05,2026-06-01 06:54:33
2026-05-31,ロフト,ロフト358,（不明）,8809849808400,1092,0,2026-05,2026-06-01 06:54:33
2026-05-31,ロフト,ロフト358,（不明）,8809849808417,1092,0,2026-05,2026-06-01 06:54:33
2026-05-31,ロフト,ロフト358,（不明）,8809849808424,1092,0,2026-05,2026-06-01 06:54:33
2026-05-31,ロフト,ロフト359,（不明）,4560440431087,1016,1,2026-05,2026-06-01 06:54:33
2026-05-31,ロフト,ロフト359,（不明）,4560440431179,1016,0,2026-05,2026-06-01 06:54:33
2026-05-31,ロフト,ロフト359,（不明）,4560440431346,1016,0,2026-05,2026-06-01 06:54:33
2026-05-31,ロフト,ロフト359,（不明）,4560440431377,1036,0,2026-05,2026-06-01 06:54:33
2026-05-31,ロフト,ロフト359,（不明）,4560440431407,1016,1,2026-05,2026-06-01 06:54:33
2026-05-31,ロフト,ロフト359,（不明）,4560440431421,1016,0,2026-05,2026-06-01 06:54:33
2026-05-31,ロフト,ロフト359,（不明）,4560440431438,1016,1,2026-05,2026-06-01 06:54:33
2026-05-31,ロフト,ロフト359,（不明）,4560440431452,1036,0,2026-05,2026-06-01 06:54:33
2026-05-31,ロフト,ロフト359,（不明）,4560440431490,1015,0,2026-05,2026-06-01 06:54:33
2026-05-31,ロフト,ロフト359,（不明）,4560440431513,1015,0,2026-05,2026-06-01 06:54:33
2026-05-31,ロフト,ロフト359,（不明）,4560449979313,1110,9,2026-05,2026-06-01 06:54:33
2026-05-31,ロフト,ロフト359,（不明）,4560449979405,1110,1,2026-05,2026-06-01 06:54:33
2026-05-31,ロフト,ロフト359,（不明）,4560449979917,1110,7,2026-05,2026-06-01 06:54:33
2026-05-31,ロフト,ロフト359,（不明）,4560449979931,1110,0,2026-05,2026-06-01 06:54:33
2026-05-31,ロフト,ロフト359,（不明）,4560449982696,1110,0,2026-05,2026-06-01 06:54:33
2026-05-31,ロフト,ロフト359,（不明）,4560449982726,1110,0,2026-05,2026-06-01 06:54:33
2026-05-31,ロフト,ロフト359,（不明）,4573473052006,1013,0,2026-05,2026-06-01 06:54:33
2026-05-31,ロフト,ロフト359,（不明）,4573473052136,1013,5,2026-05,2026-06-01 06:54:33
2026-05-31,ロフト,ロフト359,（不明）,4573473052303,1029,1,2026-05,2026-06-01 06:54:33
2026-05-31,ロフト,ロフト359,（不明）,4573587350616,1762,0,2026-05,2026-06-01 06:54:33
2026-05-31,ロフト,ロフト359,（不明）,4573587350630,1762,0,2026-05,2026-06-01 06:54:33
2026-05-31,ロフト,ロフト359,（不明）,4573587350654,1762,1,2026-05,2026-06-01 06:54:33
2026-05-31,ロフト,ロフト359,（不明）,4573587350678,1762,0,2026-05,2026-06-01 06:54:33
2026-05-31,ロフト,ロフト359,（不明）,4573694002903,1110,3,2026-05,2026-06-01 06:54:33
2026-05-31,ロフト,ロフト359,（不明）,4573694002934,1110,1,2026-05,2026-06-01 06:54:33
2026-05-31,ロフト,ロフト359,（不明）,4582784162977,1762,0,2026-05,2026-06-01 06:54:33
2026-05-31,ロフト,ロフト359,（不明）,4582784162984,1762,0,2026-05,2026-06-01 06:54:33
2026-05-31,ロフト,ロフト359,（不明）,4582784166104,1762,0,2026-05,2026-06-01 06:54:33
2026-05-31,ロフト,ロフト359,（不明）,4582784166111,1762,0,2026-05,2026-06-01 06:54:33
2026-05-31,ロフト,ロフト359,（不明）,4582784166128,1762,0,2026-05,2026-06-01 06:54:33
2026-05-31,ロフト,ロフト359,（不明）,4582784166784,1762,0,2026-05,2026-06-01 06:54:33
2026-05-31,ロフト,ロフト359,（不明）,4582784166791,1762,0,2026-05,2026-06-01 06:54:33
2026-05-31,ロフト,ロフト359,（不明）,4595315976011,1222,1,2026-05,2026-06-01 06:54:33
2026-05-31,ロフト,ロフト359,（不明）,4595988311089,1220,0,2026-05,2026-06-01 06:54:33
2026-05-31,ロフト,ロフト359,（不明）,4595988311096,1220,0,2026-05,2026-06-01 06:54:33
2026-05-31,ロフト,ロフト359,（不明）,4595988311119,1220,0,2026-05,2026-06-01 06:54:33
2026-05-31,ロフト,ロフト360,（不明）,4560440431346,1016,1,2026-05,2026-06-01 06:54:33
2026-05-31,ロフト,ロフト360,（不明）,4560440431414,1016,4,2026-05,2026-06-01 06:54:33
2026-05-31,ロフト,ロフト360,（不明）,4560440431490,1015,0,2026-05,2026-06-01 06:54:33
2026-05-31,ロフト,ロフト360,（不明）,4560440431599,1034,9,2026-05,2026-06-01 06:54:33
2026-05-31,ロフト,ロフト360,（不明）,4560449979313,1110,3,2026-05,2026-06-01 06:54:33
2026-05-31,ロフト,ロフト360,（不明）,4560449979405,1110,0,2026-05,2026-06-01 06:54:33
2026-05-31,ロフト,ロフト360,（不明）,4560449979917,1110,7,2026-05,2026-06-01 06:54:33
2026-05-31,ロフト,ロフト360,（不明）,4560449979931,1110,0,2026-05,2026-06-01 06:54:33
2026-05-31,ロフト,ロフト360,（不明）,4560449982696,1110,0,2026-05,2026-06-01 06:54:33
2026-05-31,ロフト,ロフト360,（不明）,4560449982726,1110,0,2026-05,2026-06-01 06:54:33
2026-05-31,ロフト,ロフト360,（不明）,4573473052006,1013,0,2026-05,2026-06-01 06:54:33
2026-05-31,ロフト,ロフト360,（不明）,4573473052136,1013,3,2026-05,2026-06-01 06:54:33
2026-05-31,ロフト,ロフト360,（不明）,4573473052235,1035,1,2026-05,2026-06-01 06:54:33
2026-05-31,ロフト,ロフト360,（不明）,4573473052303,1029,0,2026-05,2026-06-01 06:54:33
2026-05-31,ロフト,ロフト360,（不明）,4573587350210,1762,0,2026-05,2026-06-01 06:54:33
2026-05-31,ロフト,ロフト360,（不明）,4573587350258,1762,0,2026-05,2026-06-01 06:54:33
2026-05-31,ロフト,ロフト360,（不明）,4573587350616,1762,1,2026-05,2026-06-01 06:54:33
2026-05-31,ロフト,ロフト360,（不明）,4573587350630,1762,0,2026-05,2026-06-01 06:54:33
2026-05-31,ロフト,ロフト360,（不明）,4573587350654,1762,0,2026-05,2026-06-01 06:54:33
2026-05-31,ロフト,ロフト360,（不明）,4573587350678,1762,1,2026-05,2026-06-01 06:54:33
2026-05-31,ロフト,ロフト360,（不明）,4573694000015,1110,0,2026-05,2026-06-01 06:54:33
2026-05-31,ロフト,ロフト360,（不明）,4573694000091,1097,0,2026-05,2026-06-01 06:54:33
2026-05-31,ロフト,ロフト360,（不明）,4573694002903,1110,3,2026-05,2026-06-01 06:54:33
2026-05-31,ロフト,ロフト360,（不明）,4573694002934,1110,1,2026-05,2026-06-01 06:54:33
2026-05-31,ロフト,ロフト360,（不明）,4580886250011,1013,0,2026-05,2026-06-01 06:54:33
2026-05-31,ロフト,ロフト360,（不明）,4582784162977,1762,0,2026-05,2026-06-01 06:54:33
2026-05-31,ロフト,ロフト360,（不明）,4582784162984,1762,0,2026-05,2026-06-01 06:54:33
2026-05-31,ロフト,ロフト360,（不明）,4582784166104,1762,0,2026-05,2026-06-01 06:54:33
2026-05-31,ロフト,ロフト360,（不明）,4582784166111,1762,0,2026-05,2026-06-01 06:54:33
2026-05-31,ロフト,ロフト360,（不明）,4582784166128,1762,2,2026-05,2026-06-01 06:54:33
2026-05-31,ロフト,ロフト360,（不明）,4582784166784,1762,0,2026-05,2026-06-01 06:54:33
2026-05-31,ロフト,ロフト360,（不明）,4582784166791,1762,2,2026-05,2026-06-01 06:54:33
2026-05-31,ロフト,ロフト361,（不明）,4560440431346,1016,0,2026-05,2026-06-01 06:54:33
2026-05-31,ロフト,ロフト361,（不明）,4560440431414,1016,3,2026-05,2026-06-01 06:54:33
2026-05-31,ロフト,ロフト361,（不明）,4560440431452,1036,0,2026-05,2026-06-01 06:54:33
2026-05-31,ロフト,ロフト361,（不明）,4560440431599,1034,12,2026-05,2026-06-01 06:54:33
2026-05-31,ロフト,ロフト361,（不明）,4560440431742,1034,1,2026-05,2026-06-01 06:54:33
2026-05-31,ロフト,ロフト361,（不明）,4560449979313,1110,9,2026-05,2026-06-01 06:54:33
2026-05-31,ロフト,ロフト361,（不明）,4560449979405,1110,0,2026-05,2026-06-01 06:54:33
2026-05-31,ロフト,ロフト361,（不明）,4560449979917,1110,6,2026-05,2026-06-01 06:54:33
2026-05-31,ロフト,ロフト361,（不明）,4560449979931,1110,1,2026-05,2026-06-01 06:54:33
2026-05-31,ロフト,ロフト361,（不明）,4560449982696,1110,0,2026-05,2026-06-01 06:54:33
2026-05-31,ロフト,ロフト361,（不明）,4560449982726,1110,0,2026-05,2026-06-01 06:54:33
2026-05-31,ロフト,ロフト361,（不明）,4573587350210,1762,1,2026-05,2026-06-01 06:54:33
2026-05-31,ロフト,ロフト361,（不明）,4573587350258,1762,4,2026-05,2026-06-01 06:54:33
2026-05-31,ロフト,ロフト361,（不明）,4573587350616,1762,0,2026-05,2026-06-01 06:54:33
2026-05-31,ロフト,ロフト361,（不明）,4573587350654,1762,0,2026-05,2026-06-01 06:54:33
2026-05-31,ロフト,ロフト361,（不明）,4573694002903,1110,2,2026-05,2026-06-01 06:54:33
2026-05-31,ロフト,ロフト361,（不明）,4573694002934,1110,0,2026-05,2026-06-01 06:54:33
2026-05-31,ロフト,ロフト361,（不明）,4580886250011,1013,2,2026-05,2026-06-01 06:54:33
2026-05-31,ロフト,ロフト361,（不明）,4582784162984,1762,1,2026-05,2026-06-01 06:54:33
2026-05-31,ロフト,ロフト361,（不明）,4582784163233,1762,0,2026-05,2026-06-01 06:54:33
2026-05-31,ロフト,ロフト361,（不明）,4582784163240,1762,0,2026-05,2026-06-01 06:54:33
2026-05-31,ロフト,ロフト361,（不明）,4582784166111,1762,0,2026-05,2026-06-01 06:54:33
2026-05-31,ロフト,ロフト361,（不明）,4582784166128,1762,1,2026-05,2026-06-01 06:54:33
2026-05-31,ロフト,ロフト361,（不明）,4582784166784,1762,1,2026-05,2026-06-01 06:54:33
2026-05-31,ロフト,ロフト361,（不明）,4582784166791,1762,2,2026-05,2026-06-01 06:54:33
2026-05-31,ロフト,ロフト361,（不明）,4595317659110,1013,0,2026-05,2026-06-01 06:54:33
2026-05-31,ロフト,ロフト361,（不明）,4595317659127,1013,0,2026-05,2026-06-01 06:54:33
2026-05-31,ロフト,ロフト361,（不明）,4595317659738,1013,7,2026-05,2026-06-01 06:54:33
2026-05-31,ロフト,ロフト361,（不明）,4595317659752,1013,9,2026-05,2026-06-01 06:54:33
2026-05-31,ロフト,ロフト361,（不明）,4595988311089,1220,1,2026-05,2026-06-01 06:54:33
2026-05-31,ロフト,ロフト361,（不明）,4595988311096,1220,0,2026-05,2026-06-01 06:54:33
2026-05-31,ロフト,ロフト361,（不明）,4595988311119,1220,0,2026-05,2026-06-01 06:54:33
2026-05-31,ロフト,ロフト361,（不明）,8809317963556,1723,2,2026-05,2026-06-01 06:54:33
2026-05-31,ロフト,ロフト361,（不明）,8809317967943,1723,0,2026-05,2026-06-01 06:54:33
2026-05-31,ロフト,ロフト361,（不明）,8809541199998,1723,2,2026-05,2026-06-01 06:54:33
2026-05-31,ロフト,ロフト361,（不明）,8809823390297,1723,1,2026-05,2026-06-01 06:54:33
2026-05-31,ロフト,ロフト362,（不明）,4560440431087,1016,1,2026-05,2026-06-01 06:54:33
2026-05-31,ロフト,ロフト362,（不明）,4560440431377,1036,3,2026-05,2026-06-01 06:54:33
2026-05-31,ロフト,ロフト362,（不明）,4560440431384,1036,4,2026-05,2026-06-01 06:54:33
2026-05-31,ロフト,ロフト362,（不明）,4560440431407,1016,1,2026-05,2026-06-01 06:54:33
2026-05-31,ロフト,ロフト362,（不明）,4560440431414,1016,3,2026-05,2026-06-01 06:54:33
2026-05-31,ロフト,ロフト362,（不明）,4560440431445,1016,1,2026-05,2026-06-01 06:54:33
2026-05-31,ロフト,ロフト362,（不明）,4560440431742,1034,0,2026-05,2026-06-01 06:54:33
2026-05-31,ロフト,ロフト362,（不明）,4560449979313,1110,7,2026-05,2026-06-01 06:54:33
2026-05-31,ロフト,ロフト362,（不明）,4560449979405,1110,0,2026-05,2026-06-01 06:54:33
2026-05-31,ロフト,ロフト362,（不明）,4560449979917,1110,8,2026-05,2026-06-01 06:54:33
2026-05-31,ロフト,ロフト362,（不明）,4560449979931,1110,2,2026-05,2026-06-01 06:54:33
2026-05-31,ロフト,ロフト362,（不明）,4560449982696,1110,0,2026-05,2026-06-01 06:54:33
2026-05-31,ロフト,ロフト362,（不明）,4560449982726,1110,0,2026-05,2026-06-01 06:54:33
2026-05-31,ロフト,ロフト362,（不明）,4573473052303,1029,1,2026-05,2026-06-01 06:54:33
2026-05-31,ロフト,ロフト362,（不明）,4573587350210,1762,2,2026-05,2026-06-01 06:54:33
2026-05-31,ロフト,ロフト362,（不明）,4573587350258,1762,0,2026-05,2026-06-01 06:54:33
2026-05-31,ロフト,ロフト362,（不明）,4573587350616,1762,1,2026-05,2026-06-01 06:54:33
2026-05-31,ロフト,ロフト362,（不明）,4573587350678,1762,0,2026-05,2026-06-01 06:54:33
2026-05-31,ロフト,ロフト362,（不明）,4573694000015,1110,1,2026-05,2026-06-01 06:54:33
2026-05-31,ロフト,ロフト362,（不明）,4573694000091,1097,2,2026-05,2026-06-01 06:54:33
2026-05-31,ロフト,ロフト362,（不明）,4573694002903,1110,4,2026-05,2026-06-01 06:54:33
2026-05-31,ロフト,ロフト362,（不明）,4573694002934,1110,0,2026-05,2026-06-01 06:54:33
2026-05-31,ロフト,ロフト362,（不明）,4580886250011,1013,1,2026-05,2026-06-01 06:54:33
2026-05-31,ロフト,ロフト362,（不明）,4582784162977,1762,0,2026-05,2026-06-01 06:54:33
2026-05-31,ロフト,ロフト362,（不明）,4582784162984,1762,0,2026-05,2026-06-01 06:54:33
2026-05-31,ロフト,ロフト362,（不明）,4582784166104,1762,0,2026-05,2026-06-01 06:54:33
2026-05-31,ロフト,ロフト362,（不明）,4582784166111,1762,0,2026-05,2026-06-01 06:54:33
2026-05-31,ロフト,ロフト362,（不明）,4582784166128,1762,3,2026-05,2026-06-01 06:54:33
2026-05-31,ロフト,ロフト362,（不明）,4582784166784,1762,1,2026-05,2026-06-01 06:54:33
2026-05-31,ロフト,ロフト362,（不明）,4582784166791,1762,2,2026-05,2026-06-01 06:54:33
2026-05-31,ロフト,ロフト363,（不明）,4560440431179,1016,1,2026-05,2026-06-01 06:54:33
2026-05-31,ロフト,ロフト363,（不明）,4560440431346,1016,1,2026-05,2026-06-01 06:54:33
2026-05-31,ロフト,ロフト363,（不明）,4560440431353,1016,0,2026-05,2026-06-01 06:54:33
2026-05-31,ロフト,ロフト363,（不明）,4560440431384,1036,1,2026-05,2026-06-01 06:54:33
2026-05-31,ロフト,ロフト363,（不明）,4560440431407,1016,0,2026-05,2026-06-01 06:54:33
2026-05-31,ロフト,ロフト363,（不明）,4560440431414,1016,1,2026-05,2026-06-01 06:54:33
2026-05-31,ロフト,ロフト363,（不明）,4560440431445,1016,1,2026-05,2026-06-01 06:54:33
2026-05-31,ロフト,ロフト363,（不明）,4560440431469,1016,0,2026-05,2026-06-01 06:54:33
2026-05-31,ロフト,ロフト363,（不明）,4560440431490,1015,0,2026-05,2026-06-01 06:54:33
2026-05-31,ロフト,ロフト363,（不明）,4560440431599,1034,3,2026-05,2026-06-01 06:54:33
2026-05-31,ロフト,ロフト363,（不明）,4560449979313,1110,4,2026-05,2026-06-01 06:54:33
2026-05-31,ロフト,ロフト363,（不明）,4560449979405,1110,0,2026-05,2026-06-01 06:54:33
2026-05-31,ロフト,ロフト363,（不明）,4560449979917,1110,11,2026-05,2026-06-01 06:54:33
2026-05-31,ロフト,ロフト363,（不明）,4560449979931,1110,1,2026-05,2026-06-01 06:54:33
2026-05-31,ロフト,ロフト363,（不明）,4560449982696,1110,0,2026-05,2026-06-01 06:54:33
2026-05-31,ロフト,ロフト363,（不明）,4560449982726,1110,0,2026-05,2026-06-01 06:54:33
2026-05-31,ロフト,ロフト363,（不明）,4573473052006,1013,2,2026-05,2026-06-01 06:54:33
2026-05-31,ロフト,ロフト363,（不明）,4573473052136,1013,7,2026-05,2026-06-01 06:54:33
2026-05-31,ロフト,ロフト363,（不明）,4573473052235,1035,1,2026-05,2026-06-01 06:54:33
2026-05-31,ロフト,ロフト363,（不明）,4573473052303,1029,0,2026-05,2026-06-01 06:54:33
2026-05-31,ロフト,ロフト363,（不明）,4573587350210,1762,1,2026-05,2026-06-01 06:54:33
2026-05-31,ロフト,ロフト363,（不明）,4573587350258,1762,0,2026-05,2026-06-01 06:54:33
2026-05-31,ロフト,ロフト363,（不明）,4573587350616,1762,0,2026-05,2026-06-01 06:54:33
2026-05-31,ロフト,ロフト363,（不明）,4573587350630,1762,0,2026-05,2026-06-01 06:54:33
2026-05-31,ロフト,ロフト363,（不明）,4573587350654,1762,2,2026-05,2026-06-01 06:54:33
2026-05-31,ロフト,ロフト363,（不明）,4573587350678,1762,0,2026-05,2026-06-01 06:54:33
2026-05-31,ロフト,ロフト363,（不明）,4573694002903,1110,4,2026-05,2026-06-01 06:54:33
2026-05-31,ロフト,ロフト363,（不明）,4573694002934,1110,2,2026-05,2026-06-01 06:54:33
2026-05-31,ロフト,ロフト363,（不明）,4580886250011,1013,1,2026-05,2026-06-01 06:54:33
2026-05-31,ロフト,ロフト363,（不明）,4582784162977,1762,0,2026-05,2026-06-01 06:54:33
2026-05-31,ロフト,ロフト363,（不明）,4582784162984,1762,0,2026-05,2026-06-01 06:54:33
2026-05-31,ロフト,ロフト363,（不明）,4582784166104,1762,0,2026-05,2026-06-01 06:54:33
2026-05-31,ロフト,ロフト363,（不明）,4582784166111,1762,1,2026-05,2026-06-01 06:54:33
2026-05-31,ロフト,ロフト363,（不明）,4582784166128,1762,0,2026-05,2026-06-01 06:54:33
2026-05-31,ロフト,ロフト363,（不明）,4595317659110,1013,0,2026-05,2026-06-01 06:54:33
2026-05-31,ロフト,ロフト363,（不明）,4595317659127,1013,0,2026-05,2026-06-01 06:54:33
2026-05-31,ロフト,ロフト363,（不明）,4595317659738,1013,2,2026-05,2026-06-01 06:54:33
2026-05-31,ロフト,ロフト364,（不明）,4560440431131,1036,0,2026-05,2026-06-01 06:54:33
2026-05-31,ロフト,ロフト364,（不明）,4560440431346,1016,0,2026-05,2026-06-01 06:54:33
2026-05-31,ロフト,ロフト364,（不明）,4560440431377,1036,1,2026-05,2026-06-01 06:54:33
2026-05-31,ロフト,ロフト364,（不明）,4560440431384,1036,1,2026-05,2026-06-01 06:54:33
2026-05-31,ロフト,ロフト364,（不明）,4560440431407,1016,5,2026-05,2026-06-01 06:54:33
2026-05-31,ロフト,ロフト364,（不明）,4560440431414,1016,3,2026-05,2026-06-01 06:54:33
2026-05-31,ロフト,ロフト364,（不明）,4560440431421,1016,1,2026-05,2026-06-01 06:54:33
2026-05-31,ロフト,ロフト364,（不明）,4560440431438,1016,0,2026-05,2026-06-01 06:54:33
2026-05-31,ロフト,ロフト364,（不明）,4560440431452,1036,3,2026-05,2026-06-01 06:54:33
2026-05-31,ロフト,ロフト364,（不明）,4560440431599,1034,16,2026-05,2026-06-01 06:54:33
2026-05-31,ロフト,ロフト364,（不明）,4560449979313,1110,8,2026-05,2026-06-01 06:54:33
2026-05-31,ロフト,ロフト364,（不明）,4560449979405,1110,0,2026-05,2026-06-01 06:54:33
2026-05-31,ロフト,ロフト364,（不明）,4560449979917,1110,4,2026-05,2026-06-01 06:54:33
2026-05-31,ロフト,ロフト364,（不明）,4560449979931,1110,2,2026-05,2026-06-01 06:54:33
2026-05-31,ロフト,ロフト364,（不明）,4560449982696,1110,2,2026-05,2026-06-01 06:54:33
2026-05-31,ロフト,ロフト364,（不明）,4560449982726,1110,0,2026-05,2026-06-01 06:54:33
2026-05-31,ロフト,ロフト364,（不明）,4573473052006,1013,0,2026-05,2026-06-01 06:54:33
2026-05-31,ロフト,ロフト364,（不明）,4573473052303,1029,1,2026-05,2026-06-01 06:54:33
2026-05-31,ロフト,ロフト364,（不明）,4573587350210,1762,2,2026-05,2026-06-01 06:54:33
2026-05-31,ロフト,ロフト364,（不明）,4573587350258,1762,0,2026-05,2026-06-01 06:54:33
2026-05-31,ロフト,ロフト364,（不明）,4573587350616,1762,0,2026-05,2026-06-01 06:54:33
2026-05-31,ロフト,ロフト364,（不明）,4573587350630,1762,0,2026-05,2026-06-01 06:54:33
2026-05-31,ロフト,ロフト364,（不明）,4573587350654,1762,0,2026-05,2026-06-01 06:54:33
2026-05-31,ロフト,ロフト364,（不明）,4573587350678,1762,0,2026-05,2026-06-01 06:54:33
2026-05-31,ロフト,ロフト364,（不明）,4573694000015,1110,0,2026-05,2026-06-01 06:54:33
2026-05-31,ロフト,ロフト364,（不明）,4573694002903,1110,7,2026-05,2026-06-01 06:54:33
2026-05-31,ロフト,ロフト364,（不明）,4573694002934,1110,0,2026-05,2026-06-01 06:54:33
2026-05-31,ロフト,ロフト364,（不明）,4580886250011,1013,0,2026-05,2026-06-01 06:54:33
2026-05-31,ロフト,ロフト364,（不明）,4582784162977,1762,0,2026-05,2026-06-01 06:54:33
2026-05-31,ロフト,ロフト364,（不明）,4582784162984,1762,1,2026-05,2026-06-01 06:54:33
2026-05-31,ロフト,ロフト364,（不明）,4582784166104,1762,0,2026-05,2026-06-01 06:54:33
2026-05-31,ロフト,ロフト364,（不明）,4582784166111,1762,0,2026-05,2026-06-01 06:54:33
2026-05-31,ロフト,ロフト364,（不明）,4582784166128,1762,1,2026-05,2026-06-01 06:54:33
2026-05-31,ロフト,ロフト364,（不明）,4582784166784,1762,1,2026-05,2026-06-01 06:54:33
2026-05-31,ロフト,ロフト364,（不明）,4582784166791,1762,0,2026-05,2026-06-01 06:54:33
2026-05-31,ロフト,ロフト364,（不明）,4595315976011,1222,2,2026-05,2026-06-01 06:54:33
2026-05-31,ロフト,ロフト364,（不明）,4595988311089,1220,1,2026-05,2026-06-01 06:54:33
2026-05-31,ロフト,ロフト364,（不明）,4595988311096,1220,0,2026-05,2026-06-01 06:54:33
2026-05-31,ロフト,ロフト364,（不明）,4595988311119,1220,0,2026-05,2026-06-01 06:54:33
2026-05-31,ロフト,ロフト364,（不明）,8809672176332,1266,0,2026-05,2026-06-01 06:54:33
2026-05-31,ロフト,ロフト364,（不明）,8809672176684,1250,1,2026-05,2026-06-01 06:54:33
2026-05-31,ロフト,ロフト365,（不明）,4560440431353,1016,1,2026-05,2026-06-01 06:54:33
2026-05-31,ロフト,ロフト365,（不明）,4560440431384,1036,0,2026-05,2026-06-01 06:54:33
2026-05-31,ロフト,ロフト365,（不明）,4560440431414,1016,2,2026-05,2026-06-01 06:54:33
2026-05-31,ロフト,ロフト365,（不明）,4560440431445,1016,1,2026-05,2026-06-01 06:54:33
2026-05-31,ロフト,ロフト365,（不明）,4560440431476,1015,2,2026-05,2026-06-01 06:54:33
2026-05-31,ロフト,ロフト365,（不明）,4560440431490,1015,1,2026-05,2026-06-01 06:54:33
2026-05-31,ロフト,ロフト365,（不明）,4560449979313,1110,6,2026-05,2026-06-01 06:54:33
2026-05-31,ロフト,ロフト365,（不明）,4560449979405,1110,0,2026-05,2026-06-01 06:54:33
2026-05-31,ロフト,ロフト365,（不明）,4560449979917,1110,8,2026-05,2026-06-01 06:54:33
2026-05-31,ロフト,ロフト365,（不明）,4560449979931,1110,0,2026-05,2026-06-01 06:54:33
2026-05-31,ロフト,ロフト365,（不明）,4560449982696,1110,1,2026-05,2026-06-01 06:54:33
2026-05-31,ロフト,ロフト365,（不明）,4560449982726,1110,0,2026-05,2026-06-01 06:54:33
2026-05-31,ロフト,ロフト365,（不明）,4573473052006,1013,1,2026-05,2026-06-01 06:54:33
2026-05-31,ロフト,ロフト365,（不明）,4573473052136,1013,6,2026-05,2026-06-01 06:54:33
2026-05-31,ロフト,ロフト365,（不明）,4573473052235,1035,0,2026-05,2026-06-01 06:54:33
2026-05-31,ロフト,ロフト365,（不明）,4573473052303,1029,2,2026-05,2026-06-01 06:54:33
2026-05-31,ロフト,ロフト365,（不明）,4573587350210,1762,1,2026-05,2026-06-01 06:54:33
2026-05-31,ロフト,ロフト365,（不明）,4573587350258,1762,1,2026-05,2026-06-01 06:54:33
2026-05-31,ロフト,ロフト365,（不明）,4573587350616,1762,1,2026-05,2026-06-01 06:54:33
2026-05-31,ロフト,ロフト365,（不明）,4573587350630,1762,0,2026-05,2026-06-01 06:54:33
2026-05-31,ロフト,ロフト365,（不明）,4573587350654,1762,1,2026-05,2026-06-01 06:54:33
2026-05-31,ロフト,ロフト365,（不明）,4573587350678,1762,0,2026-05,2026-06-01 06:54:33
2026-05-31,ロフト,ロフト365,（不明）,4573694000015,1110,2,2026-05,2026-06-01 06:54:33
2026-05-31,ロフト,ロフト365,（不明）,4573694002903,1110,1,2026-05,2026-06-01 06:54:33
2026-05-31,ロフト,ロフト365,（不明）,4580886250011,1013,0,2026-05,2026-06-01 06:54:33
2026-05-31,ロフト,ロフト365,（不明）,4582784162977,1762,0,2026-05,2026-06-01 06:54:33
2026-05-31,ロフト,ロフト365,（不明）,4582784162984,1762,1,2026-05,2026-06-01 06:54:33
2026-05-31,ロフト,ロフト365,（不明）,4582784166104,1762,0,2026-05,2026-06-01 06:54:33
2026-05-31,ロフト,ロフト365,（不明）,4582784166111,1762,2,2026-05,2026-06-01 06:54:33
2026-05-31,ロフト,ロフト365,（不明）,4582784166128,1762,0,2026-05,2026-06-01 06:54:33
2026-05-31,ロフト,ロフト365,（不明）,4595315976011,1222,0,2026-05,2026-06-01 06:54:33
2026-05-31,ロフト,ロフト365,（不明）,4595317659110,1013,2,2026-05,2026-06-01 06:54:33
2026-05-31,ロフト,ロフト365,（不明）,4595317659127,1013,0,2026-05,2026-06-01 06:54:33
2026-05-31,ロフト,ロフト365,（不明）,4595317659738,1013,3,2026-05,2026-06-01 06:54:33
2026-05-31,ロフト,ロフト365,（不明）,4595317659745,1013,5,2026-05,2026-06-01 06:54:33
2026-05-31,ロフト,ロフト365,（不明）,4595317659752,1013,20,2026-05,2026-06-01 06:54:33
2026-05-31,ロフト,ロフト365,（不明）,4595988311089,1220,2,2026-05,2026-06-01 06:54:33
2026-05-31,ロフト,ロフト365,（不明）,4595988311096,1220,1,2026-05,2026-06-01 06:54:33
2026-05-31,ロフト,ロフト365,（不明）,4595988311119,1220,1,2026-05,2026-06-01 06:54:33
2026-05-31,ロフト,ロフト365,（不明）,8809672176332,1266,0,2026-05,2026-06-01 06:54:33
2026-05-31,ロフト,ロフト365,（不明）,8809672176684,1250,3,2026-05,2026-06-01 06:54:33
2026-05-31,ロフト,ロフト366,（不明）,4560440431346,1016,0,2026-05,2026-06-01 06:54:33
2026-05-31,ロフト,ロフト366,（不明）,4560440431353,1016,1,2026-05,2026-06-01 06:54:33
2026-05-31,ロフト,ロフト366,（不明）,4560440431377,1036,1,2026-05,2026-06-01 06:54:33
2026-05-31,ロフト,ロフト366,（不明）,4560440431384,1036,0,2026-05,2026-06-01 06:54:33
2026-05-31,ロフト,ロフト366,（不明）,4560440431407,1016,4,2026-05,2026-06-01 06:54:33
2026-05-31,ロフト,ロフト366,（不明）,4560440431414,1016,2,2026-05,2026-06-01 06:54:33
2026-05-31,ロフト,ロフト366,（不明）,4560440431452,1036,0,2026-05,2026-06-01 06:54:33
2026-05-31,ロフト,ロフト366,（不明）,4560440431599,1034,6,2026-05,2026-06-01 06:54:33
2026-05-31,ロフト,ロフト366,（不明）,4560440431742,1034,1,2026-05,2026-06-01 06:54:33
2026-05-31,ロフト,ロフト366,（不明）,4560449979313,1110,0,2026-05,2026-06-01 06:54:33
2026-05-31,ロフト,ロフト366,（不明）,4560449979405,1110,0,2026-05,2026-06-01 06:54:33
2026-05-31,ロフト,ロフト366,（不明）,4560449979917,1110,1,2026-05,2026-06-01 06:54:33
2026-05-31,ロフト,ロフト366,（不明）,4560449979931,1110,2,2026-05,2026-06-01 06:54:33
2026-05-31,ロフト,ロフト366,（不明）,4560449982696,1110,1,2026-05,2026-06-01 06:54:33
2026-05-31,ロフト,ロフト366,（不明）,4560449982726,1110,0,2026-05,2026-06-01 06:54:33
2026-05-31,ロフト,ロフト366,（不明）,4573473052006,1013,0,2026-05,2026-06-01 06:54:33
2026-05-31,ロフト,ロフト366,（不明）,4573473052136,1013,0,2026-05,2026-06-01 06:54:33
2026-05-31,ロフト,ロフト366,（不明）,4573473052235,1035,0,2026-05,2026-06-01 06:54:33
2026-05-31,ロフト,ロフト366,（不明）,4573473052303,1029,0,2026-05,2026-06-01 06:54:33
2026-05-31,ロフト,ロフト366,（不明）,4573587350210,1762,1,2026-05,2026-06-01 06:54:33
2026-05-31,ロフト,ロフト366,（不明）,4573587350258,1762,3,2026-05,2026-06-01 06:54:33
2026-05-31,ロフト,ロフト366,（不明）,4573587350616,1762,1,2026-05,2026-06-01 06:54:33
2026-05-31,ロフト,ロフト366,（不明）,4573587350630,1762,0,2026-05,2026-06-01 06:54:33
2026-05-31,ロフト,ロフト366,（不明）,4573587350654,1762,0,2026-05,2026-06-01 06:54:33
2026-05-31,ロフト,ロフト366,（不明）,4573587350678,1762,0,2026-05,2026-06-01 06:54:33
2026-05-31,ロフト,ロフト366,（不明）,4573694002903,1110,2,2026-05,2026-06-01 06:54:33
2026-05-31,ロフト,ロフト366,（不明）,4582784162977,1762,0,2026-05,2026-06-01 06:54:33
2026-05-31,ロフト,ロフト366,（不明）,4582784162984,1762,0,2026-05,2026-06-01 06:54:33
2026-05-31,ロフト,ロフト366,（不明）,4582784166104,1762,0,2026-05,2026-06-01 06:54:33
2026-05-31,ロフト,ロフト366,（不明）,4582784166111,1762,1,2026-05,2026-06-01 06:54:33
2026-05-31,ロフト,ロフト366,（不明）,4582784166128,1762,1,2026-05,2026-06-01 06:54:33
2026-05-31,ロフト,ロフト366,（不明）,4582784166784,1762,0,2026-05,2026-06-01 06:54:33
2026-05-31,ロフト,ロフト366,（不明）,4582784166791,1762,3,2026-05,2026-06-01 06:54:33
2026-05-31,ロフト,ロフト366,（不明）,4595315976011,1222,0,2026-05,2026-06-01 06:54:33
2026-05-31,ロフト,ロフト367,（不明）,4560440431124,1036,0,2026-05,2026-06-01 06:54:33
2026-05-31,ロフト,ロフト367,（不明）,4560440431346,1016,0,2026-05,2026-06-01 06:54:33
2026-05-31,ロフト,ロフト367,（不明）,4560440431353,1016,1,2026-05,2026-06-01 06:54:33
2026-05-31,ロフト,ロフト367,（不明）,4560440431377,1036,1,2026-05,2026-06-01 06:54:33
2026-05-31,ロフト,ロフト367,（不明）,4560440431414,1016,1,2026-05,2026-06-01 06:54:33
2026-05-31,ロフト,ロフト367,（不明）,4560440431445,1016,3,2026-05,2026-06-01 06:54:33
2026-05-31,ロフト,ロフト367,（不明）,4560440431452,1036,0,2026-05,2026-06-01 06:54:33
2026-05-31,ロフト,ロフト367,（不明）,4560440431599,1034,6,2026-05,2026-06-01 06:54:33
2026-05-31,ロフト,ロフト367,（不明）,4560449979313,1110,7,2026-05,2026-06-01 06:54:33
2026-05-31,ロフト,ロフト367,（不明）,4560449979405,1110,1,2026-05,2026-06-01 06:54:33
2026-05-31,ロフト,ロフト367,（不明）,4560449979917,1110,5,2026-05,2026-06-01 06:54:33
2026-05-31,ロフト,ロフト367,（不明）,4560449979931,1110,3,2026-05,2026-06-01 06:54:33
2026-05-31,ロフト,ロフト367,（不明）,4560449982696,1110,2,2026-05,2026-06-01 06:54:33
2026-05-31,ロフト,ロフト367,（不明）,4560449982726,1110,0,2026-05,2026-06-01 06:54:33
2026-05-31,ロフト,ロフト367,（不明）,4573473052006,1013,0,2026-05,2026-06-01 06:54:33
2026-05-31,ロフト,ロフト367,（不明）,4573473052136,1013,11,2026-05,2026-06-01 06:54:33
2026-05-31,ロフト,ロフト367,（不明）,4573473052235,1035,2,2026-05,2026-06-01 06:54:33
2026-05-31,ロフト,ロフト367,（不明）,4573473052303,1029,0,2026-05,2026-06-01 06:54:33
2026-05-31,ロフト,ロフト367,（不明）,4573587350210,1762,3,2026-05,2026-06-01 06:54:33
2026-05-31,ロフト,ロフト367,（不明）,4573587350258,1762,2,2026-05,2026-06-01 06:54:33
2026-05-31,ロフト,ロフト367,（不明）,4573587350616,1762,2,2026-05,2026-06-01 06:54:33
2026-05-31,ロフト,ロフト367,（不明）,4573587350630,1762,0,2026-05,2026-06-01 06:54:33
2026-05-31,ロフト,ロフト367,（不明）,4573587350654,1762,0,2026-05,2026-06-01 06:54:33
2026-05-31,ロフト,ロフト367,（不明）,4573587350678,1762,0,2026-05,2026-06-01 06:54:33
2026-05-31,ロフト,ロフト367,（不明）,4573694000015,1110,1,2026-05,2026-06-01 06:54:33
2026-05-31,ロフト,ロフト367,（不明）,4573694002903,1110,2,2026-05,2026-06-01 06:54:33
2026-05-31,ロフト,ロフト367,（不明）,4573694002934,1110,1,2026-05,2026-06-01 06:54:33
2026-05-31,ロフト,ロフト367,（不明）,4580886250011,1013,0,2026-05,2026-06-01 06:54:33
2026-05-31,ロフト,ロフト367,（不明）,4582784162977,1762,0,2026-05,2026-06-01 06:54:33
2026-05-31,ロフト,ロフト367,（不明）,4582784162984,1762,1,2026-05,2026-06-01 06:54:33
2026-05-31,ロフト,ロフト367,（不明）,4582784166104,1762,0,2026-05,2026-06-01 06:54:33
2026-05-31,ロフト,ロフト367,（不明）,4582784166111,1762,1,2026-05,2026-06-01 06:54:33
2026-05-31,ロフト,ロフト367,（不明）,4582784166128,1762,1,2026-05,2026-06-01 06:54:33
2026-05-31,ロフト,ロフト367,（不明）,4582784166784,1762,0,2026-05,2026-06-01 06:54:33
2026-05-31,ロフト,ロフト367,（不明）,4582784166791,1762,0,2026-05,2026-06-01 06:54:33
2026-05-31,ロフト,ロフト368,（不明）,4560440431353,1016,6,2026-05,2026-06-01 06:54:33
2026-05-31,ロフト,ロフト368,（不明）,4560440431407,1016,13,2026-05,2026-06-01 06:54:33
2026-05-31,ロフト,ロフト368,（不明）,4560440431421,1016,0,2026-05,2026-06-01 06:54:33
2026-05-31,ロフト,ロフト368,（不明）,4560440431438,1016,0,2026-05,2026-06-01 06:54:33
2026-05-31,ロフト,ロフト368,（不明）,4560440431445,1016,4,2026-05,2026-06-01 06:54:33
2026-05-31,ロフト,ロフト368,（不明）,4560440431452,1036,6,2026-05,2026-06-01 06:54:33
2026-05-31,ロフト,ロフト368,（不明）,4560440431469,1016,0,2026-05,2026-06-01 06:54:33
2026-05-31,ロフト,ロフト368,（不明）,4560440431483,1015,3,2026-05,2026-06-01 06:54:33
2026-05-31,ロフト,ロフト368,（不明）,4560440431506,1015,5,2026-05,2026-06-01 06:54:33
2026-05-31,ロフト,ロフト368,（不明）,4560440431513,1015,1,2026-05,2026-06-01 06:54:33
2026-05-31,ロフト,ロフト368,（不明）,4560440431520,1015,2,2026-05,2026-06-01 06:54:33
2026-05-31,ロフト,ロフト368,（不明）,4560440431735,1034,1,2026-05,2026-06-01 06:54:33
2026-05-31,ロフト,ロフト368,（不明）,4560449970273,1762,1,2026-05,2026-06-01 06:54:33
2026-05-31,ロフト,ロフト368,（不明）,4560449970280,1762,0,2026-05,2026-06-01 06:54:33
2026-05-31,ロフト,ロフト368,（不明）,4560449979313,1110,25,2026-05,2026-06-01 06:54:33
2026-05-31,ロフト,ロフト368,（不明）,4560449979405,1110,3,2026-05,2026-06-01 06:54:33
2026-05-31,ロフト,ロフト368,（不明）,4560449979443,1762,1,2026-05,2026-06-01 06:54:33
2026-05-31,ロフト,ロフト368,（不明）,4560449979467,1762,1,2026-05,2026-06-01 06:54:33
2026-05-31,ロフト,ロフト368,（不明）,4560449979917,1110,22,2026-05,2026-06-01 06:54:33
2026-05-31,ロフト,ロフト368,（不明）,4560449982696,1110,0,2026-05,2026-06-01 06:54:33
2026-05-31,ロフト,ロフト368,（不明）,4560449982726,1110,1,2026-05,2026-06-01 06:54:33
2026-05-31,ロフト,ロフト368,（不明）,4573473052006,1013,3,2026-05,2026-06-01 06:54:33
2026-05-31,ロフト,ロフト368,（不明）,4573473052235,1035,2,2026-05,2026-06-01 06:54:33
2026-05-31,ロフト,ロフト368,（不明）,4573473052303,1029,1,2026-05,2026-06-01 06:54:33
2026-05-31,ロフト,ロフト368,（不明）,4573587350616,1762,2,2026-05,2026-06-01 06:54:33
2026-05-31,ロフト,ロフト368,（不明）,4573587350654,1762,2,2026-05,2026-06-01 06:54:33
2026-05-31,ロフト,ロフト368,（不明）,4573587350678,1762,0,2026-05,2026-06-01 06:54:33
2026-05-31,ロフト,ロフト368,（不明）,4573694000015,1110,4,2026-05,2026-06-01 06:54:33
2026-05-31,ロフト,ロフト368,（不明）,4573694000091,1097,1,2026-05,2026-06-01 06:54:33
2026-05-31,ロフト,ロフト368,（不明）,4573694002903,1110,5,2026-05,2026-06-01 06:54:33
2026-05-31,ロフト,ロフト368,（不明）,4580886250011,1013,2,2026-05,2026-06-01 06:54:33
2026-05-31,ロフト,ロフト368,（不明）,4582784162977,1762,0,2026-05,2026-06-01 06:54:33
2026-05-31,ロフト,ロフト368,（不明）,4582784162984,1762,0,2026-05,2026-06-01 06:54:33
2026-05-31,ロフト,ロフト368,（不明）,4582784163233,1762,0,2026-05,2026-06-01 06:54:33
2026-05-31,ロフト,ロフト368,（不明）,4582784163240,1762,2,2026-05,2026-06-01 06:54:33
2026-05-31,ロフト,ロフト368,（不明）,4582784166104,1762,0,2026-05,2026-06-01 06:54:33
2026-05-31,ロフト,ロフト368,（不明）,4582784166111,1762,0,2026-05,2026-06-01 06:54:33
2026-05-31,ロフト,ロフト368,（不明）,4582784166128,1762,2,2026-05,2026-06-01 06:54:33
2026-05-31,ロフト,ロフト368,（不明）,4582784166784,1762,2,2026-05,2026-06-01 06:54:33
2026-05-31,ロフト,ロフト368,（不明）,4582784166791,1762,0,2026-05,2026-06-01 06:54:33
2026-05-31,ロフト,ロフト368,（不明）,4595315976011,1222,8,2026-05,2026-06-01 06:54:33
2026-05-31,ロフト,ロフト368,（不明）,4595317659110,1013,4,2026-05,2026-06-01 06:54:33
2026-05-31,ロフト,ロフト368,（不明）,4595317659127,1013,2,2026-05,2026-06-01 06:54:33
2026-05-31,ロフト,ロフト368,（不明）,4595317659738,1013,2,2026-05,2026-06-01 06:54:33
2026-05-31,ロフト,ロフト368,（不明）,4595988311089,1220,2,2026-05,2026-06-01 06:54:33
2026-05-31,ロフト,ロフト368,（不明）,4595988311096,1220,0,2026-05,2026-06-01 06:54:33
2026-05-31,ロフト,ロフト368,（不明）,4595988311119,1220,4,2026-05,2026-06-01 06:54:33
2026-05-31,ロフト,ロフト368,（不明）,8809317963556,1723,4,2026-05,2026-06-01 06:54:33
2026-05-31,ロフト,ロフト368,（不明）,8809317967943,1723,2,2026-05,2026-06-01 06:54:33
2026-05-31,ロフト,ロフト368,（不明）,8809541199998,1723,0,2026-05,2026-06-01 06:54:33
2026-05-31,ロフト,ロフト368,（不明）,8809672176332,1266,2,2026-05,2026-06-01 06:54:33
2026-05-31,ロフト,ロフト368,（不明）,8809672176684,1250,5,2026-05,2026-06-01 06:54:33
2026-05-31,ロフト,ロフト368,（不明）,8809823390297,1723,1,2026-05,2026-06-01 06:54:33
2026-05-31,ロフト,ロフト368,（不明）,8809849808400,1092,1,2026-05,2026-06-01 06:54:33
2026-05-31,ロフト,ロフト368,（不明）,8809849808417,1092,1,2026-05,2026-06-01 06:54:33
2026-05-31,ロフト,ロフト368,（不明）,8809849808424,1092,0,2026-05,2026-06-01 06:54:33
2026-05-31,ロフト,ロフト369,（不明）,4560440431087,1016,1,2026-05,2026-06-01 06:54:33
2026-05-31,ロフト,ロフト369,（不明）,4560440431353,1016,0,2026-05,2026-06-01 06:54:33
2026-05-31,ロフト,ロフト369,（不明）,4560440431414,1016,2,2026-05,2026-06-01 06:54:33
2026-05-31,ロフト,ロフト369,（不明）,4560440431445,1016,1,2026-05,2026-06-01 06:54:33
2026-05-31,ロフト,ロフト369,（不明）,4560440431452,1036,3,2026-05,2026-06-01 06:54:33
2026-05-31,ロフト,ロフト369,（不明）,4560440431599,1034,8,2026-05,2026-06-01 06:54:33
2026-05-31,ロフト,ロフト369,（不明）,4560449979313,1110,5,2026-05,2026-06-01 06:54:33
2026-05-31,ロフト,ロフト369,（不明）,4560449979405,1110,1,2026-05,2026-06-01 06:54:33
2026-05-31,ロフト,ロフト369,（不明）,4560449979917,1110,9,2026-05,2026-06-01 06:54:33
2026-05-31,ロフト,ロフト369,（不明）,4560449979931,1110,0,2026-05,2026-06-01 06:54:33
2026-05-31,ロフト,ロフト369,（不明）,4560449982696,1110,0,2026-05,2026-06-01 06:54:33
2026-05-31,ロフト,ロフト369,（不明）,4560449982726,1110,0,2026-05,2026-06-01 06:54:33
2026-05-31,ロフト,ロフト369,（不明）,4573473052006,1013,1,2026-05,2026-06-01 06:54:33
2026-05-31,ロフト,ロフト369,（不明）,4573473052235,1035,0,2026-05,2026-06-01 06:54:33
2026-05-31,ロフト,ロフト369,（不明）,4573473052303,1029,0,2026-05,2026-06-01 06:54:33
2026-05-31,ロフト,ロフト369,（不明）,4573587350258,1762,1,2026-05,2026-06-01 06:54:33
2026-05-31,ロフト,ロフト369,（不明）,4573587350616,1762,2,2026-05,2026-06-01 06:54:33
2026-05-31,ロフト,ロフト369,（不明）,4573587350654,1762,1,2026-05,2026-06-01 06:54:33
2026-05-31,ロフト,ロフト369,（不明）,4573587350678,1762,0,2026-05,2026-06-01 06:54:33
2026-05-31,ロフト,ロフト369,（不明）,4573694000015,1110,0,2026-05,2026-06-01 06:54:33
2026-05-31,ロフト,ロフト369,（不明）,4573694002903,1110,2,2026-05,2026-06-01 06:54:33
2026-05-31,ロフト,ロフト369,（不明）,4580886250011,1013,0,2026-05,2026-06-01 06:54:33
2026-05-31,ロフト,ロフト369,（不明）,4582784162977,1762,0,2026-05,2026-06-01 06:54:33
2026-05-31,ロフト,ロフト369,（不明）,4582784162984,1762,3,2026-05,2026-06-01 06:54:33
2026-05-31,ロフト,ロフト369,（不明）,4582784166104,1762,1,2026-05,2026-06-01 06:54:33
2026-05-31,ロフト,ロフト369,（不明）,4582784166128,1762,1,2026-05,2026-06-01 06:54:33
2026-05-31,ロフト,ロフト369,（不明）,4582784166784,1762,0,2026-05,2026-06-01 06:54:33
2026-05-31,ロフト,ロフト369,（不明）,4582784166791,1762,0,2026-05,2026-06-01 06:54:33
2026-05-31,ロフト,ロフト369,（不明）,4589814757080,1258,3,2026-05,2026-06-01 06:54:33
2026-05-31,ロフト,ロフト369,（不明）,4595315976011,1222,1,2026-05,2026-06-01 06:54:33
2026-05-31,ロフト,ロフト369,（不明）,4595988311089,1220,0,2026-05,2026-06-01 06:54:33
2026-05-31,ロフト,ロフト369,（不明）,4595988311096,1220,0,2026-05,2026-06-01 06:54:33
2026-05-31,ロフト,ロフト369,（不明）,4595988311119,1220,0,2026-05,2026-06-01 06:54:33
2026-05-31,ロフト,ロフト369,（不明）,8809317963556,1723,2,2026-05,2026-06-01 06:54:33
2026-05-31,ロフト,ロフト369,（不明）,8809317967943,1723,2,2026-05,2026-06-01 06:54:33
2026-05-31,ロフト,ロフト369,（不明）,8809541199998,1723,0,2026-05,2026-06-01 06:54:33
2026-05-31,ロフト,ロフト369,（不明）,8809823390297,1723,0,2026-05,2026-06-01 06:54:33
2026-05-31,ロフト,ロフト370,（不明）,4560440431377,1036,2,2026-05,2026-06-01 06:54:33
2026-05-31,ロフト,ロフト370,（不明）,4560440431384,1036,1,2026-05,2026-06-01 06:54:33
2026-05-31,ロフト,ロフト370,（不明）,4560440431438,1016,1,2026-05,2026-06-01 06:54:33
2026-05-31,ロフト,ロフト370,（不明）,4560440431452,1036,0,2026-05,2026-06-01 06:54:33
2026-05-31,ロフト,ロフト370,（不明）,4560440431469,1016,0,2026-05,2026-06-01 06:54:33
2026-05-31,ロフト,ロフト370,（不明）,4560440431711,1034,1,2026-05,2026-06-01 06:54:33
2026-05-31,ロフト,ロフト370,（不明）,4560449970273,1762,0,2026-05,2026-06-01 06:54:33
2026-05-31,ロフト,ロフト370,（不明）,4560449970280,1762,0,2026-05,2026-06-01 06:54:33
2026-05-31,ロフト,ロフト370,（不明）,4560449979313,1110,12,2026-05,2026-06-01 06:54:33
2026-05-31,ロフト,ロフト370,（不明）,4560449979405,1110,0,2026-05,2026-06-01 06:54:33
2026-05-31,ロフト,ロフト370,（不明）,4560449979443,1762,0,2026-05,2026-06-01 06:54:33
2026-05-31,ロフト,ロフト370,（不明）,4560449979467,1762,0,2026-05,2026-06-01 06:54:33
2026-05-31,ロフト,ロフト370,（不明）,4560449979917,1110,10,2026-05,2026-06-01 06:54:33
2026-05-31,ロフト,ロフト370,（不明）,4560449979931,1110,2,2026-05,2026-06-01 06:54:33
2026-05-31,ロフト,ロフト370,（不明）,4560449982696,1110,1,2026-05,2026-06-01 06:54:33
2026-05-31,ロフト,ロフト370,（不明）,4560449982726,1110,0,2026-05,2026-06-01 06:54:33
2026-05-31,ロフト,ロフト370,（不明）,4573473052006,1013,3,2026-05,2026-06-01 06:54:33
2026-05-31,ロフト,ロフト370,（不明）,4573473052136,1013,1,2026-05,2026-06-01 06:54:33
2026-05-31,ロフト,ロフト370,（不明）,4573473052235,1035,0,2026-05,2026-06-01 06:54:33
2026-05-31,ロフト,ロフト370,（不明）,4573473052303,1029,1,2026-05,2026-06-01 06:54:33
2026-05-31,ロフト,ロフト370,（不明）,4573587350210,1762,2,2026-05,2026-06-01 06:54:33
2026-05-31,ロフト,ロフト370,（不明）,4573587350258,1762,1,2026-05,2026-06-01 06:54:33
2026-05-31,ロフト,ロフト370,（不明）,4573587350616,1762,1,2026-05,2026-06-01 06:54:33
2026-05-31,ロフト,ロフト370,（不明）,4573587350630,1762,1,2026-05,2026-06-01 06:54:33
2026-05-31,ロフト,ロフト370,（不明）,4573587350654,1762,2,2026-05,2026-06-01 06:54:33
2026-05-31,ロフト,ロフト370,（不明）,4573587350678,1762,1,2026-05,2026-06-01 06:54:33
2026-05-31,ロフト,ロフト370,（不明）,4573694000015,1110,0,2026-05,2026-06-01 06:54:33
2026-05-31,ロフト,ロフト370,（不明）,4573694000091,1097,0,2026-05,2026-06-01 06:54:33
2026-05-31,ロフト,ロフト370,（不明）,4573694002903,1110,6,2026-05,2026-06-01 06:54:33
2026-05-31,ロフト,ロフト370,（不明）,4573694002934,1110,1,2026-05,2026-06-01 06:54:33
2026-05-31,ロフト,ロフト370,（不明）,4580886250011,1013,0,2026-05,2026-06-01 06:54:33
2026-05-31,ロフト,ロフト370,（不明）,4582784162977,1762,0,2026-05,2026-06-01 06:54:33
2026-05-31,ロフト,ロフト370,（不明）,4582784162984,1762,1,2026-05,2026-06-01 06:54:33
2026-05-31,ロフト,ロフト370,（不明）,4582784163233,1762,1,2026-05,2026-06-01 06:54:33
2026-05-31,ロフト,ロフト370,（不明）,4582784163240,1762,0,2026-05,2026-06-01 06:54:33
2026-05-31,ロフト,ロフト370,（不明）,4582784166104,1762,0,2026-05,2026-06-01 06:54:33
2026-05-31,ロフト,ロフト370,（不明）,4582784166111,1762,0,2026-05,2026-06-01 06:54:33
2026-05-31,ロフト,ロフト370,（不明）,4582784166128,1762,3,2026-05,2026-06-01 06:54:33
2026-05-31,ロフト,ロフト370,（不明）,4582784166784,1762,1,2026-05,2026-06-01 06:54:33
2026-05-31,ロフト,ロフト370,（不明）,4582784166791,1762,0,2026-05,2026-06-01 06:54:33
2026-05-31,ロフト,ロフト370,（不明）,4595315976011,1222,3,2026-05,2026-06-01 06:54:33
2026-05-31,ロフト,ロフト370,（不明）,4595317659110,1013,1,2026-05,2026-06-01 06:54:33
2026-05-31,ロフト,ロフト370,（不明）,4595317659127,1013,1,2026-05,2026-06-01 06:54:33
2026-05-31,ロフト,ロフト370,（不明）,4595317659738,1013,1,2026-05,2026-06-01 06:54:33
2026-05-31,ロフト,ロフト370,（不明）,4595988311089,1220,0,2026-05,2026-06-01 06:54:33
2026-05-31,ロフト,ロフト370,（不明）,4595988311096,1220,0,2026-05,2026-06-01 06:54:33
2026-05-31,ロフト,ロフト370,（不明）,4595988311119,1220,1,2026-05,2026-06-01 06:54:33
2026-05-31,ロフト,ロフト370,（不明）,8809672176332,1266,2,2026-05,2026-06-01 06:54:33
2026-05-31,ロフト,ロフト370,（不明）,8809672176684,1250,0,2026-05,2026-06-01 06:54:33
2026-05-31,ロフト,ロフト371,（不明）,4560440431117,1036,2,2026-05,2026-06-01 06:54:33
2026-05-31,ロフト,ロフト371,（不明）,4560440431124,1036,0,2026-05,2026-06-01 06:54:33
2026-05-31,ロフト,ロフト371,（不明）,4560440431179,1016,3,2026-05,2026-06-01 06:54:33
2026-05-31,ロフト,ロフト371,（不明）,4560440431346,1016,2,2026-05,2026-06-01 06:54:33
2026-05-31,ロフト,ロフト371,（不明）,4560440431353,1016,0,2026-05,2026-06-01 06:54:33
2026-05-31,ロフト,ロフト371,（不明）,4560440431407,1016,1,2026-05,2026-06-01 06:54:33
2026-05-31,ロフト,ロフト371,（不明）,4560440431414,1016,2,2026-05,2026-06-01 06:54:33
2026-05-31,ロフト,ロフト371,（不明）,4560440431438,1016,0,2026-05,2026-06-01 06:54:33
2026-05-31,ロフト,ロフト371,（不明）,4560440431445,1016,1,2026-05,2026-06-01 06:54:33
2026-05-31,ロフト,ロフト371,（不明）,4560440431599,1034,5,2026-05,2026-06-01 06:54:33
2026-05-31,ロフト,ロフト371,（不明）,4560449979313,1110,5,2026-05,2026-06-01 06:54:33
2026-05-31,ロフト,ロフト371,（不明）,4560449979405,1110,1,2026-05,2026-06-01 06:54:33
2026-05-31,ロフト,ロフト371,（不明）,4560449979917,1110,6,2026-05,2026-06-01 06:54:33
2026-05-31,ロフト,ロフト371,（不明）,4560449979931,1110,4,2026-05,2026-06-01 06:54:33
2026-05-31,ロフト,ロフト371,（不明）,4560449982696,1110,0,2026-05,2026-06-01 06:54:33
2026-05-31,ロフト,ロフト371,（不明）,4560449982726,1110,0,2026-05,2026-06-01 06:54:33
2026-05-31,ロフト,ロフト371,（不明）,4573473052006,1013,0,2026-05,2026-06-01 06:54:33
2026-05-31,ロフト,ロフト371,（不明）,4573473052136,1013,4,2026-05,2026-06-01 06:54:33
2026-05-31,ロフト,ロフト371,（不明）,4573473052303,1029,1,2026-05,2026-06-01 06:54:33
2026-05-31,ロフト,ロフト371,（不明）,4573587350210,1762,0,2026-05,2026-06-01 06:54:33
2026-05-31,ロフト,ロフト371,（不明）,4573587350258,1762,0,2026-05,2026-06-01 06:54:33
2026-05-31,ロフト,ロフト371,（不明）,4573587350630,1762,1,2026-05,2026-06-01 06:54:33
2026-05-31,ロフト,ロフト371,（不明）,4573587350654,1762,0,2026-05,2026-06-01 06:54:33
2026-05-31,ロフト,ロフト371,（不明）,4573587350678,1762,0,2026-05,2026-06-01 06:54:33
2026-05-31,ロフト,ロフト371,（不明）,4573694002903,1110,1,2026-05,2026-06-01 06:54:33
2026-05-31,ロフト,ロフト371,（不明）,4573694002934,1110,2,2026-05,2026-06-01 06:54:33
2026-05-31,ロフト,ロフト371,（不明）,4582784162977,1762,0,2026-05,2026-06-01 06:54:33
2026-05-31,ロフト,ロフト371,（不明）,4582784162984,1762,0,2026-05,2026-06-01 06:54:33
2026-05-31,ロフト,ロフト371,（不明）,4582784166104,1762,0,2026-05,2026-06-01 06:54:33
2026-05-31,ロフト,ロフト371,（不明）,4582784166111,1762,0,2026-05,2026-06-01 06:54:33
2026-05-31,ロフト,ロフト371,（不明）,4582784166128,1762,2,2026-05,2026-06-01 06:54:33
2026-05-31,ロフト,ロフト371,（不明）,4582784166784,1762,1,2026-05,2026-06-01 06:54:33
2026-05-31,ロフト,ロフト371,（不明）,4582784166791,1762,0,2026-05,2026-06-01 06:54:33
2026-05-31,ロフト,ロフト372,（不明）,4560440431353,1016,0,2026-05,2026-06-01 06:54:33
2026-05-31,ロフト,ロフト372,（不明）,4560440431445,1016,0,2026-05,2026-06-01 06:54:33
2026-05-31,ロフト,ロフト372,（不明）,4560440431599,1034,0,2026-05,2026-06-01 06:54:33
2026-05-31,ロフト,ロフト372,（不明）,4560440431742,1034,1,2026-05,2026-06-01 06:54:33
2026-05-31,ロフト,ロフト372,（不明）,4560449979313,1110,8,2026-05,2026-06-01 06:54:33
2026-05-31,ロフト,ロフト372,（不明）,4560449979405,1110,4,2026-05,2026-06-01 06:54:33
2026-05-31,ロフト,ロフト372,（不明）,4560449979917,1110,14,2026-05,2026-06-01 06:54:33
2026-05-31,ロフト,ロフト372,（不明）,4560449979931,1110,0,2026-05,2026-06-01 06:54:33
2026-05-31,ロフト,ロフト372,（不明）,4560449982696,1110,0,2026-05,2026-06-01 06:54:33
2026-05-31,ロフト,ロフト372,（不明）,4560449982726,1110,0,2026-05,2026-06-01 06:54:33
2026-05-31,ロフト,ロフト372,（不明）,4573473052006,1013,4,2026-05,2026-06-01 06:54:33
2026-05-31,ロフト,ロフト372,（不明）,4573473052136,1013,18,2026-05,2026-06-01 06:54:33
2026-05-31,ロフト,ロフト372,（不明）,4573473052235,1035,1,2026-05,2026-06-01 06:54:33
2026-05-31,ロフト,ロフト372,（不明）,4573473052303,1029,0,2026-05,2026-06-01 06:54:33
2026-05-31,ロフト,ロフト372,（不明）,4573587350210,1762,0,2026-05,2026-06-01 06:54:33
2026-05-31,ロフト,ロフト372,（不明）,4573587350258,1762,1,2026-05,2026-06-01 06:54:33
2026-05-31,ロフト,ロフト372,（不明）,4573587350616,1762,1,2026-05,2026-06-01 06:54:33
2026-05-31,ロフト,ロフト372,（不明）,4573587350630,1762,0,2026-05,2026-06-01 06:54:33
2026-05-31,ロフト,ロフト372,（不明）,4573587350654,1762,1,2026-05,2026-06-01 06:54:33
2026-05-31,ロフト,ロフト372,（不明）,4573587350678,1762,0,2026-05,2026-06-01 06:54:33
2026-05-31,ロフト,ロフト372,（不明）,4573694000015,1110,1,2026-05,2026-06-01 06:54:33
2026-05-31,ロフト,ロフト372,（不明）,4573694002903,1110,3,2026-05,2026-06-01 06:54:33
2026-05-31,ロフト,ロフト372,（不明）,4580886250011,1013,2,2026-05,2026-06-01 06:54:33
2026-05-31,ロフト,ロフト372,（不明）,4582784162977,1762,0,2026-05,2026-06-01 06:54:33
2026-05-31,ロフト,ロフト372,（不明）,4582784162984,1762,0,2026-05,2026-06-01 06:54:33
2026-05-31,ロフト,ロフト372,（不明）,4582784166104,1762,0,2026-05,2026-06-01 06:54:33
2026-05-31,ロフト,ロフト372,（不明）,4582784166111,1762,0,2026-05,2026-06-01 06:54:33
2026-05-31,ロフト,ロフト372,（不明）,4582784166128,1762,2,2026-05,2026-06-01 06:54:33
2026-05-31,ロフト,ロフト372,（不明）,4582784166784,1762,0,2026-05,2026-06-01 06:54:33
2026-05-31,ロフト,ロフト372,（不明）,4582784166791,1762,0,2026-05,2026-06-01 06:54:33
2026-05-31,ロフト,ロフト372,（不明）,4595315976011,1222,0,2026-05,2026-06-01 06:54:33
2026-05-31,ロフト,ロフト372,（不明）,4595317659110,1013,2,2026-05,2026-06-01 06:54:33
2026-05-31,ロフト,ロフト372,（不明）,4595317659127,1013,1,2026-05,2026-06-01 06:54:33
2026-05-31,ロフト,ロフト372,（不明）,4595317659738,1013,0,2026-05,2026-06-01 06:54:33
2026-05-31,ロフト,ロフト373,（不明）,4560440431223,1015,0,2026-05,2026-06-01 06:54:33
2026-05-31,ロフト,ロフト373,（不明）,4560440431353,1016,0,2026-05,2026-06-01 06:54:33
2026-05-31,ロフト,ロフト373,（不明）,4560440431377,1036,0,2026-05,2026-06-01 06:54:33
2026-05-31,ロフト,ロフト373,（不明）,4560440431414,1016,0,2026-05,2026-06-01 06:54:33
2026-05-31,ロフト,ロフト373,（不明）,4560440431445,1016,4,2026-05,2026-06-01 06:54:33
2026-05-31,ロフト,ロフト373,（不明）,4560440431537,1015,0,2026-05,2026-06-01 06:54:33
2026-05-31,ロフト,ロフト373,（不明）,4560440431711,1034,1,2026-05,2026-06-01 06:54:33
2026-05-31,ロフト,ロフト373,（不明）,4560440431742,1034,0,2026-05,2026-06-01 06:54:33
2026-05-31,ロフト,ロフト373,（不明）,4560449979313,1110,2,2026-05,2026-06-01 06:54:33
2026-05-31,ロフト,ロフト373,（不明）,4560449979405,1110,1,2026-05,2026-06-01 06:54:33
2026-05-31,ロフト,ロフト373,（不明）,4560449979917,1110,3,2026-05,2026-06-01 06:54:33
2026-05-31,ロフト,ロフト373,（不明）,4560449979931,1110,0,2026-05,2026-06-01 06:54:33
2026-05-31,ロフト,ロフト373,（不明）,4560449982696,1110,2,2026-05,2026-06-01 06:54:33
2026-05-31,ロフト,ロフト373,（不明）,4560449982726,1110,0,2026-05,2026-06-01 06:54:33
2026-05-31,ロフト,ロフト373,（不明）,4573473052006,1013,0,2026-05,2026-06-01 06:54:33
2026-05-31,ロフト,ロフト373,（不明）,4573473052235,1035,0,2026-05,2026-06-01 06:54:33
2026-05-31,ロフト,ロフト373,（不明）,4573473052303,1029,0,2026-05,2026-06-01 06:54:33
2026-05-31,ロフト,ロフト373,（不明）,4573587350210,1762,0,2026-05,2026-06-01 06:54:33
2026-05-31,ロフト,ロフト373,（不明）,4573587350258,1762,0,2026-05,2026-06-01 06:54:33
2026-05-31,ロフト,ロフト373,（不明）,4573587350616,1762,0,2026-05,2026-06-01 06:54:33
2026-05-31,ロフト,ロフト373,（不明）,4573587350654,1762,0,2026-05,2026-06-01 06:54:33
2026-05-31,ロフト,ロフト373,（不明）,4573587350678,1762,0,2026-05,2026-06-01 06:54:33
2026-05-31,ロフト,ロフト373,（不明）,4573694002903,1110,0,2026-05,2026-06-01 06:54:33
2026-05-31,ロフト,ロフト373,（不明）,4573694002934,1110,0,2026-05,2026-06-01 06:54:33
2026-05-31,ロフト,ロフト373,（不明）,4580886250011,1013,1,2026-05,2026-06-01 06:54:33
2026-05-31,ロフト,ロフト373,（不明）,4582784162977,1762,0,2026-05,2026-06-01 06:54:33
2026-05-31,ロフト,ロフト373,（不明）,4582784162984,1762,0,2026-05,2026-06-01 06:54:33
2026-05-31,ロフト,ロフト373,（不明）,4582784166104,1762,0,2026-05,2026-06-01 06:54:33
2026-05-31,ロフト,ロフト373,（不明）,4582784166111,1762,0,2026-05,2026-06-01 06:54:33
2026-05-31,ロフト,ロフト373,（不明）,4582784166128,1762,1,2026-05,2026-06-01 06:54:33
2026-05-31,ロフト,ロフト373,（不明）,4582784166784,1762,1,2026-05,2026-06-01 06:54:33
2026-05-31,ロフト,ロフト373,（不明）,4582784166791,1762,0,2026-05,2026-06-01 06:54:33
2026-05-31,ロフト,ロフト373,（不明）,4595315976011,1222,0,2026-05,2026-06-01 06:54:33
2026-05-31,ロフト,ロフト373,（不明）,4595317659110,1013,0,2026-05,2026-06-01 06:54:33
2026-05-31,ロフト,ロフト373,（不明）,4595317659127,1013,0,2026-05,2026-06-01 06:54:33
2026-05-31,ロフト,ロフト373,（不明）,4595317659738,1013,1,2026-05,2026-06-01 06:54:33
2026-05-31,ロフト,ロフト373,（不明）,4595988311096,1220,0,2026-05,2026-06-01 06:54:33
2026-05-31,ロフト,ロフト373,（不明）,4595988311119,1220,1,2026-05,2026-06-01 06:54:33
2026-05-31,ロフト,ロフト373,（不明）,8809317963556,1723,1,2026-05,2026-06-01 06:54:33
2026-05-31,ロフト,ロフト373,（不明）,8809317967943,1723,0,2026-05,2026-06-01 06:54:33
2026-05-31,ロフト,ロフト373,（不明）,8809541199998,1723,0,2026-05,2026-06-01 06:54:33
2026-05-31,ロフト,ロフト373,（不明）,8809823390297,1723,1,2026-05,2026-06-01 06:54:33
2026-05-31,ロフト,ロフト374,（不明）,4560440431353,1016,4,2026-05,2026-06-01 06:54:33
2026-05-31,ロフト,ロフト374,（不明）,4560440431384,1036,3,2026-05,2026-06-01 06:54:33
2026-05-31,ロフト,ロフト374,（不明）,4560440431407,1016,5,2026-05,2026-06-01 06:54:33
2026-05-31,ロフト,ロフト374,（不明）,4560440431414,1016,4,2026-05,2026-06-01 06:54:33
2026-05-31,ロフト,ロフト374,（不明）,4560440431438,1016,1,2026-05,2026-06-01 06:54:33
2026-05-31,ロフト,ロフト374,（不明）,4560440431445,1016,3,2026-05,2026-06-01 06:54:33
2026-05-31,ロフト,ロフト374,（不明）,4560440431476,1015,5,2026-05,2026-06-01 06:54:33
2026-05-31,ロフト,ロフト374,（不明）,4560440431506,1015,2,2026-05,2026-06-01 06:54:33
2026-05-31,ロフト,ロフト374,（不明）,4560440431537,1015,0,2026-05,2026-06-01 06:54:33
2026-05-31,ロフト,ロフト374,（不明）,4560440431599,1034,1,2026-05,2026-06-01 06:54:33
2026-05-31,ロフト,ロフト374,（不明）,4560449970273,1762,5,2026-05,2026-06-01 06:54:33
2026-05-31,ロフト,ロフト374,（不明）,4560449970280,1762,4,2026-05,2026-06-01 06:54:33
2026-05-31,ロフト,ロフト374,（不明）,4560449979313,1110,6,2026-05,2026-06-01 06:54:33
2026-05-31,ロフト,ロフト374,（不明）,4560449979405,1110,2,2026-05,2026-06-01 06:54:33
2026-05-31,ロフト,ロフト374,（不明）,4560449979443,1762,2,2026-05,2026-06-01 06:54:33
2026-05-31,ロフト,ロフト374,（不明）,4560449979467,1762,5,2026-05,2026-06-01 06:54:33
2026-05-31,ロフト,ロフト374,（不明）,4560449979917,1110,9,2026-05,2026-06-01 06:54:33
2026-05-31,ロフト,ロフト374,（不明）,4560449979931,1110,2,2026-05,2026-06-01 06:54:33
2026-05-31,ロフト,ロフト374,（不明）,4560449982696,1110,2,2026-05,2026-06-01 06:54:33
2026-05-31,ロフト,ロフト374,（不明）,4573473052006,1013,4,2026-05,2026-06-01 06:54:33
2026-05-31,ロフト,ロフト374,（不明）,4573473052136,1013,7,2026-05,2026-06-01 06:54:33
2026-05-31,ロフト,ロフト374,（不明）,4573473052235,1035,3,2026-05,2026-06-01 06:54:33
2026-05-31,ロフト,ロフト374,（不明）,4573473052303,1029,0,2026-05,2026-06-01 06:54:33
2026-05-31,ロフト,ロフト374,（不明）,4573587350210,1762,3,2026-05,2026-06-01 06:54:33
2026-05-31,ロフト,ロフト374,（不明）,4573587350258,1762,2,2026-05,2026-06-01 06:54:33
2026-05-31,ロフト,ロフト374,（不明）,4573587350616,1762,1,2026-05,2026-06-01 06:54:33
2026-05-31,ロフト,ロフト374,（不明）,4573587350630,1762,0,2026-05,2026-06-01 06:54:33
2026-05-31,ロフト,ロフト374,（不明）,4573587350654,1762,1,2026-05,2026-06-01 06:54:33
2026-05-31,ロフト,ロフト374,（不明）,4573587350678,1762,0,2026-05,2026-06-01 06:54:33
2026-05-31,ロフト,ロフト374,（不明）,4573694000015,1110,0,2026-05,2026-06-01 06:54:33
2026-05-31,ロフト,ロフト374,（不明）,4573694000091,1097,1,2026-05,2026-06-01 06:54:33
2026-05-31,ロフト,ロフト374,（不明）,4573694002903,1110,6,2026-05,2026-06-01 06:54:33
2026-05-31,ロフト,ロフト374,（不明）,4573694002934,1110,0,2026-05,2026-06-01 06:54:33
2026-05-31,ロフト,ロフト374,（不明）,4580886250011,1013,2,2026-05,2026-06-01 06:54:33
2026-05-31,ロフト,ロフト374,（不明）,4582784162977,1762,0,2026-05,2026-06-01 06:54:33
2026-05-31,ロフト,ロフト374,（不明）,4582784162984,1762,0,2026-05,2026-06-01 06:54:33
2026-05-31,ロフト,ロフト374,（不明）,4582784163233,1762,0,2026-05,2026-06-01 06:54:33
2026-05-31,ロフト,ロフト374,（不明）,4582784163240,1762,0,2026-05,2026-06-01 06:54:33
2026-05-31,ロフト,ロフト374,（不明）,4582784166104,1762,0,2026-05,2026-06-01 06:54:33
2026-05-31,ロフト,ロフト374,（不明）,4582784166111,1762,0,2026-05,2026-06-01 06:54:33
2026-05-31,ロフト,ロフト374,（不明）,4582784166128,1762,3,2026-05,2026-06-01 06:54:33
2026-05-31,ロフト,ロフト374,（不明）,4582784166784,1762,1,2026-05,2026-06-01 06:54:33
2026-05-31,ロフト,ロフト374,（不明）,4582784166791,1762,0,2026-05,2026-06-01 06:54:33
2026-05-31,ロフト,ロフト374,（不明）,4589814757080,1258,0,2026-05,2026-06-01 06:54:33
2026-05-31,ロフト,ロフト374,（不明）,4595315976011,1222,4,2026-05,2026-06-01 06:54:33
2026-05-31,ロフト,ロフト374,（不明）,4595317659110,1013,1,2026-05,2026-06-01 06:54:33
2026-05-31,ロフト,ロフト374,（不明）,4595317659127,1013,1,2026-05,2026-06-01 06:54:33
2026-05-31,ロフト,ロフト374,（不明）,4595317659738,1013,6,2026-05,2026-06-01 06:54:33
2026-05-31,ロフト,ロフト374,（不明）,4595317659745,1013,10,2026-05,2026-06-01 06:54:33
2026-05-31,ロフト,ロフト374,（不明）,4595317659752,1013,9,2026-05,2026-06-01 06:54:33
2026-05-31,ロフト,ロフト374,（不明）,4595988311089,1220,4,2026-05,2026-06-01 06:54:33
2026-05-31,ロフト,ロフト374,（不明）,4595988311096,1220,3,2026-05,2026-06-01 06:54:33
2026-05-31,ロフト,ロフト374,（不明）,4595988311119,1220,3,2026-05,2026-06-01 06:54:33
2026-05-31,ロフト,ロフト374,（不明）,8809672176332,1266,1,2026-05,2026-06-01 06:54:33
2026-05-31,ロフト,ロフト374,（不明）,8809672176684,1250,0,2026-05,2026-06-01 06:54:33
2026-05-31,ロフト,ロフト374,（不明）,8809849808400,1092,1,2026-05,2026-06-01 06:54:33
2026-05-31,ロフト,ロフト375,（不明）,4560440431087,1016,2,2026-05,2026-06-01 06:54:33
2026-05-31,ロフト,ロフト375,（不明）,4560440431353,1016,1,2026-05,2026-06-01 06:54:33
2026-05-31,ロフト,ロフト375,（不明）,4560440431377,1036,1,2026-05,2026-06-01 06:54:33
2026-05-31,ロフト,ロフト375,（不明）,4560440431384,1036,0,2026-05,2026-06-01 06:54:33
2026-05-31,ロフト,ロフト375,（不明）,4560440431513,1015,1,2026-05,2026-06-01 06:54:33
2026-05-31,ロフト,ロフト375,（不明）,4560440431599,1034,1,2026-05,2026-06-01 06:54:33
2026-05-31,ロフト,ロフト375,（不明）,4560449979313,1110,6,2026-05,2026-06-01 06:54:33
2026-05-31,ロフト,ロフト375,（不明）,4560449979405,1110,0,2026-05,2026-06-01 06:54:33
2026-05-31,ロフト,ロフト375,（不明）,4560449979917,1110,12,2026-05,2026-06-01 06:54:33
2026-05-31,ロフト,ロフト375,（不明）,4560449979931,1110,7,2026-05,2026-06-01 06:54:33
2026-05-31,ロフト,ロフト375,（不明）,4560449982696,1110,0,2026-05,2026-06-01 06:54:33
2026-05-31,ロフト,ロフト375,（不明）,4560449982726,1110,0,2026-05,2026-06-01 06:54:33
2026-05-31,ロフト,ロフト375,（不明）,4573473052303,1029,0,2026-05,2026-06-01 06:54:33
2026-05-31,ロフト,ロフト375,（不明）,4573587350616,1762,2,2026-05,2026-06-01 06:54:33
2026-05-31,ロフト,ロフト375,（不明）,4573587350630,1762,0,2026-05,2026-06-01 06:54:33
2026-05-31,ロフト,ロフト375,（不明）,4573587350654,1762,1,2026-05,2026-06-01 06:54:33
2026-05-31,ロフト,ロフト375,（不明）,4573587350678,1762,0,2026-05,2026-06-01 06:54:33
2026-05-31,ロフト,ロフト375,（不明）,4573694000015,1110,3,2026-05,2026-06-01 06:54:33
2026-05-31,ロフト,ロフト375,（不明）,4573694002903,1110,4,2026-05,2026-06-01 06:54:33
2026-05-31,ロフト,ロフト375,（不明）,4580886250011,1013,1,2026-05,2026-06-01 06:54:33
2026-05-31,ロフト,ロフト375,（不明）,4582784162977,1762,0,2026-05,2026-06-01 06:54:33
2026-05-31,ロフト,ロフト375,（不明）,4582784162984,1762,0,2026-05,2026-06-01 06:54:33
2026-05-31,ロフト,ロフト375,（不明）,4582784166104,1762,1,2026-05,2026-06-01 06:54:33
2026-05-31,ロフト,ロフト375,（不明）,4582784166111,1762,1,2026-05,2026-06-01 06:54:33
2026-05-31,ロフト,ロフト375,（不明）,4582784166128,1762,0,2026-05,2026-06-01 06:54:33
2026-05-31,ロフト,ロフト375,（不明）,4582784166784,1762,1,2026-05,2026-06-01 06:54:33
2026-05-31,ロフト,ロフト375,（不明）,4582784166791,1762,2,2026-05,2026-06-01 06:54:33
2026-05-31,ロフト,ロフト376,（不明）,4560440431346,1016,0,2026-05,2026-06-01 06:54:33
2026-05-31,ロフト,ロフト376,（不明）,4560440431353,1016,0,2026-05,2026-06-01 06:54:33
2026-05-31,ロフト,ロフト376,（不明）,4560440431742,1034,1,2026-05,2026-06-01 06:54:33
2026-05-31,ロフト,ロフト376,（不明）,4560449979313,1110,22,2026-05,2026-06-01 06:54:33
2026-05-31,ロフト,ロフト376,（不明）,4560449979405,1110,2,2026-05,2026-06-01 06:54:33
2026-05-31,ロフト,ロフト376,（不明）,4560449979917,1110,8,2026-05,2026-06-01 06:54:33
2026-05-31,ロフト,ロフト376,（不明）,4560449979931,1110,2,2026-05,2026-06-01 06:54:33
2026-05-31,ロフト,ロフト376,（不明）,4560449982696,1110,1,2026-05,2026-06-01 06:54:33
2026-05-31,ロフト,ロフト376,（不明）,4560449982726,1110,0,2026-05,2026-06-01 06:54:33
2026-05-31,ロフト,ロフト376,（不明）,4573473052006,1013,0,2026-05,2026-06-01 06:54:33
2026-05-31,ロフト,ロフト376,（不明）,4573473052136,1013,5,2026-05,2026-06-01 06:54:33
2026-05-31,ロフト,ロフト376,（不明）,4573473052235,1035,0,2026-05,2026-06-01 06:54:33
2026-05-31,ロフト,ロフト376,（不明）,4573473052303,1029,3,2026-05,2026-06-01 06:54:33
2026-05-31,ロフト,ロフト376,（不明）,4573587350616,1762,0,2026-05,2026-06-01 06:54:33
2026-05-31,ロフト,ロフト376,（不明）,4573587350630,1762,0,2026-05,2026-06-01 06:54:33
2026-05-31,ロフト,ロフト376,（不明）,4573587350654,1762,0,2026-05,2026-06-01 06:54:33
2026-05-31,ロフト,ロフト376,（不明）,4573587350678,1762,2,2026-05,2026-06-01 06:54:33
2026-05-31,ロフト,ロフト376,（不明）,4573694000015,1110,4,2026-05,2026-06-01 06:54:33
2026-05-31,ロフト,ロフト376,（不明）,4573694000091,1097,2,2026-05,2026-06-01 06:54:33
2026-05-31,ロフト,ロフト376,（不明）,4573694002903,1110,1,2026-05,2026-06-01 06:54:33
2026-05-31,ロフト,ロフト376,（不明）,4573694002934,1110,1,2026-05,2026-06-01 06:54:33
2026-05-31,ロフト,ロフト376,（不明）,4580886250011,1013,1,2026-05,2026-06-01 06:54:33
2026-05-31,ロフト,ロフト376,（不明）,4582784162977,1762,0,2026-05,2026-06-01 06:54:33
2026-05-31,ロフト,ロフト376,（不明）,4582784162984,1762,0,2026-05,2026-06-01 06:54:33
2026-05-31,ロフト,ロフト376,（不明）,4582784166104,1762,2,2026-05,2026-06-01 06:54:33
2026-05-31,ロフト,ロフト376,（不明）,4582784166111,1762,0,2026-05,2026-06-01 06:54:33
2026-05-31,ロフト,ロフト376,（不明）,4582784166128,1762,0,2026-05,2026-06-01 06:54:33
2026-05-31,ロフト,ロフト376,（不明）,4582784166784,1762,0,2026-05,2026-06-01 06:54:33
2026-05-31,ロフト,ロフト376,（不明）,4582784166791,1762,0,2026-05,2026-06-01 06:54:33
2026-05-31,ロフト,ロフト376,（不明）,4595315976011,1222,1,2026-05,2026-06-01 06:54:33
2026-05-31,ロフト,ロフト376,（不明）,4595317659110,1013,1,2026-05,2026-06-01 06:54:33
2026-05-31,ロフト,ロフト376,（不明）,4595317659127,1013,2,2026-05,2026-06-01 06:54:33
2026-05-31,ロフト,ロフト376,（不明）,4595317659738,1013,4,2026-05,2026-06-01 06:54:33
2026-05-31,ロフト,ロフト376,（不明）,8809672176332,1266,0,2026-05,2026-06-01 06:54:33
2026-05-31,ロフト,ロフト376,（不明）,8809672176684,1250,1,2026-05,2026-06-01 06:54:33
2026-05-31,ロフト,ロフト377,（不明）,4560440431230,1015,0,2026-05,2026-06-01 06:54:33
2026-05-31,ロフト,ロフト377,（不明）,4560440431247,1015,1,2026-05,2026-06-01 06:54:33
2026-05-31,ロフト,ロフト377,（不明）,4560440431407,1016,2,2026-05,2026-06-01 06:54:33
2026-05-31,ロフト,ロフト377,（不明）,4560440431414,1016,2,2026-05,2026-06-01 06:54:33
2026-05-31,ロフト,ロフト377,（不明）,4560440431513,1015,3,2026-05,2026-06-01 06:54:33
2026-05-31,ロフト,ロフト377,（不明）,4560440431599,1034,4,2026-05,2026-06-01 06:54:33
2026-05-31,ロフト,ロフト377,（不明）,4560449979313,1110,4,2026-05,2026-06-01 06:54:33
2026-05-31,ロフト,ロフト377,（不明）,4560449979405,1110,1,2026-05,2026-06-01 06:54:33
2026-05-31,ロフト,ロフト377,（不明）,4560449979917,1110,2,2026-05,2026-06-01 06:54:33
2026-05-31,ロフト,ロフト377,（不明）,4560449979931,1110,0,2026-05,2026-06-01 06:54:33
2026-05-31,ロフト,ロフト377,（不明）,4560449982696,1110,1,2026-05,2026-06-01 06:54:33
2026-05-31,ロフト,ロフト377,（不明）,4560449982726,1110,0,2026-05,2026-06-01 06:54:33
2026-05-31,ロフト,ロフト377,（不明）,4573587353105,1647,0,2026-05,2026-06-01 06:54:33
2026-05-31,ロフト,ロフト377,（不明）,4573694002903,1110,1,2026-05,2026-06-01 06:54:33
2026-05-31,ロフト,ロフト377,（不明）,4573694002934,1110,0,2026-05,2026-06-01 06:54:33
2026-05-31,ロフト,ロフト377,（不明）,4580886250011,1013,0,2026-05,2026-06-01 06:54:33
2026-05-31,ロフト,ロフト377,（不明）,4582784162977,1762,0,2026-05,2026-06-01 06:54:33
2026-05-31,ロフト,ロフト377,（不明）,4582784162984,1762,0,2026-05,2026-06-01 06:54:33
2026-05-31,ロフト,ロフト377,（不明）,4582784166104,1762,1,2026-05,2026-06-01 06:54:33
2026-05-31,ロフト,ロフト377,（不明）,4582784166111,1762,0,2026-05,2026-06-01 06:54:33
2026-05-31,ロフト,ロフト377,（不明）,4582784166128,1762,1,2026-05,2026-06-01 06:54:33
2026-05-31,ロフト,ロフト377,（不明）,4582784166784,1762,0,2026-05,2026-06-01 06:54:33
2026-05-31,ロフト,ロフト377,（不明）,4582784166791,1762,3,2026-05,2026-06-01 06:54:33
2026-05-31,ロフト,ロフト377,（不明）,4595317659127,1013,0,2026-05,2026-06-01 06:54:33
2026-05-31,ロフト,ロフト377,（不明）,4595317659738,1013,3,2026-05,2026-06-01 06:54:33
2026-05-31,ロフト,ロフト377,（不明）,4595317659745,1013,4,2026-05,2026-06-01 06:54:33
2026-05-31,ロフト,ロフト378,（不明）,4560440431346,1016,2,2026-05,2026-06-01 06:54:33
2026-05-31,ロフト,ロフト378,（不明）,4560440431353,1016,1,2026-05,2026-06-01 06:54:33
2026-05-31,ロフト,ロフト378,（不明）,4560440431384,1036,0,2026-05,2026-06-01 06:54:33
2026-05-31,ロフト,ロフト378,（不明）,4560440431407,1016,2,2026-05,2026-06-01 06:54:33
2026-05-31,ロフト,ロフト378,（不明）,4560440431414,1016,5,2026-05,2026-06-01 06:54:33
2026-05-31,ロフト,ロフト378,（不明）,4560440431599,1034,15,2026-05,2026-06-01 06:54:33
2026-05-31,ロフト,ロフト378,（不明）,4560449979313,1110,6,2026-05,2026-06-01 06:54:33
2026-05-31,ロフト,ロフト378,（不明）,4560449979405,1110,0,2026-05,2026-06-01 06:54:33
2026-05-31,ロフト,ロフト378,（不明）,4560449979917,1110,8,2026-05,2026-06-01 06:54:33
2026-05-31,ロフト,ロフト378,（不明）,4560449979931,1110,2,2026-05,2026-06-01 06:54:33
2026-05-31,ロフト,ロフト378,（不明）,4560449982696,1110,2,2026-05,2026-06-01 06:54:33
2026-05-31,ロフト,ロフト378,（不明）,4560449982726,1110,0,2026-05,2026-06-01 06:54:33
2026-05-31,ロフト,ロフト378,（不明）,4573473052006,1013,5,2026-05,2026-06-01 06:54:33
2026-05-31,ロフト,ロフト378,（不明）,4573473052136,1013,12,2026-05,2026-06-01 06:54:33
2026-05-31,ロフト,ロフト378,（不明）,4573473052235,1035,3,2026-05,2026-06-01 06:54:33
2026-05-31,ロフト,ロフト378,（不明）,4573473052303,1029,2,2026-05,2026-06-01 06:54:33
2026-05-31,ロフト,ロフト378,（不明）,4573587350210,1762,2,2026-05,2026-06-01 06:54:33
2026-05-31,ロフト,ロフト378,（不明）,4573587350258,1762,1,2026-05,2026-06-01 06:54:33
2026-05-31,ロフト,ロフト378,（不明）,4573587350654,1762,0,2026-05,2026-06-01 06:54:33
2026-05-31,ロフト,ロフト378,（不明）,4573587350678,1762,2,2026-05,2026-06-01 06:54:33
2026-05-31,ロフト,ロフト378,（不明）,4573694000015,1110,1,2026-05,2026-06-01 06:54:33
2026-05-31,ロフト,ロフト378,（不明）,4573694000091,1097,1,2026-05,2026-06-01 06:54:33
2026-05-31,ロフト,ロフト378,（不明）,4573694002903,1110,4,2026-05,2026-06-01 06:54:33
2026-05-31,ロフト,ロフト378,（不明）,4573694002934,1110,0,2026-05,2026-06-01 06:54:33
2026-05-31,ロフト,ロフト378,（不明）,4582784162977,1762,1,2026-05,2026-06-01 06:54:33
2026-05-31,ロフト,ロフト378,（不明）,4582784162984,1762,1,2026-05,2026-06-01 06:54:33
2026-05-31,ロフト,ロフト378,（不明）,4582784163233,1762,2,2026-05,2026-06-01 06:54:33
2026-05-31,ロフト,ロフト378,（不明）,4582784163240,1762,0,2026-05,2026-06-01 06:54:33
2026-05-31,ロフト,ロフト378,（不明）,4582784166128,1762,1,2026-05,2026-06-01 06:54:33
2026-05-31,ロフト,ロフト378,（不明）,4582784166784,1762,0,2026-05,2026-06-01 06:54:33
2026-05-31,ロフト,ロフト378,（不明）,4582784166791,1762,1,2026-05,2026-06-01 06:54:33
2026-05-31,ロフト,ロフト378,（不明）,4595988311089,1220,4,2026-05,2026-06-01 06:54:33
2026-05-31,ロフト,ロフト378,（不明）,4595988311096,1220,1,2026-05,2026-06-01 06:54:33
2026-05-31,ロフト,ロフト378,（不明）,4595988311119,1220,2,2026-05,2026-06-01 06:54:33
2026-05-31,ロフト,ロフト378,（不明）,8809672176332,1266,0,2026-05,2026-06-01 06:54:33
2026-05-31,ロフト,ロフト378,（不明）,8809672176684,1250,0,2026-05,2026-06-01 06:54:33
2026-05-31,ロフト,ロフト379,（不明）,4560440431124,1036,1,2026-05,2026-06-01 06:54:33
2026-05-31,ロフト,ロフト379,（不明）,4560440431346,1016,0,2026-05,2026-06-01 06:54:33
2026-05-31,ロフト,ロフト379,（不明）,4560440431407,1016,2,2026-05,2026-06-01 06:54:33
2026-05-31,ロフト,ロフト379,（不明）,4560440431414,1016,2,2026-05,2026-06-01 06:54:33
2026-05-31,ロフト,ロフト379,（不明）,4560440431599,1034,1,2026-05,2026-06-01 06:54:33
2026-05-31,ロフト,ロフト379,（不明）,4560449979313,1110,0,2026-05,2026-06-01 06:54:33
2026-05-31,ロフト,ロフト379,（不明）,4560449979405,1110,0,2026-05,2026-06-01 06:54:33
2026-05-31,ロフト,ロフト379,（不明）,4560449979917,1110,3,2026-05,2026-06-01 06:54:33
2026-05-31,ロフト,ロフト379,（不明）,4560449979931,1110,2,2026-05,2026-06-01 06:54:33
2026-05-31,ロフト,ロフト379,（不明）,4560449982696,1110,0,2026-05,2026-06-01 06:54:33
2026-05-31,ロフト,ロフト379,（不明）,4560449982726,1110,1,2026-05,2026-06-01 06:54:33
2026-05-31,ロフト,ロフト379,（不明）,4573473052006,1013,4,2026-05,2026-06-01 06:54:33
2026-05-31,ロフト,ロフト379,（不明）,4573473052136,1013,4,2026-05,2026-06-01 06:54:33
2026-05-31,ロフト,ロフト379,（不明）,4573473052235,1035,0,2026-05,2026-06-01 06:54:33
2026-05-31,ロフト,ロフト379,（不明）,4573473052303,1029,2,2026-05,2026-06-01 06:54:33
2026-05-31,ロフト,ロフト379,（不明）,4573587350210,1762,0,2026-05,2026-06-01 06:54:33
2026-05-31,ロフト,ロフト379,（不明）,4573587350258,1762,0,2026-05,2026-06-01 06:54:33
2026-05-31,ロフト,ロフト379,（不明）,4573587350616,1762,1,2026-05,2026-06-01 06:54:33
2026-05-31,ロフト,ロフト379,（不明）,4573587350654,1762,0,2026-05,2026-06-01 06:54:33
2026-05-31,ロフト,ロフト379,（不明）,4573587350678,1762,0,2026-05,2026-06-01 06:54:33
2026-05-31,ロフト,ロフト379,（不明）,4573694002903,1110,0,2026-05,2026-06-01 06:54:33
2026-05-31,ロフト,ロフト379,（不明）,4573694002934,1110,0,2026-05,2026-06-01 06:54:33
2026-05-31,ロフト,ロフト379,（不明）,4582784162977,1762,0,2026-05,2026-06-01 06:54:33
2026-05-31,ロフト,ロフト379,（不明）,4582784162984,1762,0,2026-05,2026-06-01 06:54:33
2026-05-31,ロフト,ロフト379,（不明）,4582784166104,1762,0,2026-05,2026-06-01 06:54:33
2026-05-31,ロフト,ロフト379,（不明）,4582784166111,1762,0,2026-05,2026-06-01 06:54:33
2026-05-31,ロフト,ロフト379,（不明）,4582784166128,1762,0,2026-05,2026-06-01 06:54:33
2026-05-31,ロフト,ロフト380,（不明）,4560440431377,1036,0,2026-05,2026-06-01 06:54:33
2026-05-31,ロフト,ロフト380,（不明）,4560440431407,1016,0,2026-05,2026-06-01 06:54:33
2026-05-31,ロフト,ロフト380,（不明）,4560440431414,1016,2,2026-05,2026-06-01 06:54:33
2026-05-31,ロフト,ロフト380,（不明）,4560440431452,1036,1,2026-05,2026-06-01 06:54:33
2026-05-31,ロフト,ロフト380,（不明）,4560440431599,1034,5,2026-05,2026-06-01 06:54:33
2026-05-31,ロフト,ロフト380,（不明）,4560449979313,1110,13,2026-05,2026-06-01 06:54:33
2026-05-31,ロフト,ロフト380,（不明）,4560449979405,1110,0,2026-05,2026-06-01 06:54:33
2026-05-31,ロフト,ロフト380,（不明）,4560449979917,1110,9,2026-05,2026-06-01 06:54:33
2026-05-31,ロフト,ロフト380,（不明）,4560449979931,1110,0,2026-05,2026-06-01 06:54:33
2026-05-31,ロフト,ロフト380,（不明）,4560449982696,1110,0,2026-05,2026-06-01 06:54:33
2026-05-31,ロフト,ロフト380,（不明）,4560449982726,1110,0,2026-05,2026-06-01 06:54:33
2026-05-31,ロフト,ロフト380,（不明）,4573473052006,1013,1,2026-05,2026-06-01 06:54:33
2026-05-31,ロフト,ロフト380,（不明）,4573473052136,1013,10,2026-05,2026-06-01 06:54:33
2026-05-31,ロフト,ロフト380,（不明）,4573473052235,1035,1,2026-05,2026-06-01 06:54:33
2026-05-31,ロフト,ロフト380,（不明）,4573473052303,1029,3,2026-05,2026-06-01 06:54:33
2026-05-31,ロフト,ロフト380,（不明）,4573587350210,1762,0,2026-05,2026-06-01 06:54:33
2026-05-31,ロフト,ロフト380,（不明）,4573587350258,1762,2,2026-05,2026-06-01 06:54:33
2026-05-31,ロフト,ロフト380,（不明）,4573587350616,1762,0,2026-05,2026-06-01 06:54:33
2026-05-31,ロフト,ロフト380,（不明）,4573587350630,1762,0,2026-05,2026-06-01 06:54:33
2026-05-31,ロフト,ロフト380,（不明）,4573587350654,1762,0,2026-05,2026-06-01 06:54:33
2026-05-31,ロフト,ロフト380,（不明）,4573587350678,1762,0,2026-05,2026-06-01 06:54:33
2026-05-31,ロフト,ロフト380,（不明）,4573694002903,1110,3,2026-05,2026-06-01 06:54:33
2026-05-31,ロフト,ロフト380,（不明）,4580886250011,1013,0,2026-05,2026-06-01 06:54:33
2026-05-31,ロフト,ロフト380,（不明）,4582784162977,1762,0,2026-05,2026-06-01 06:54:33
2026-05-31,ロフト,ロフト380,（不明）,4582784162984,1762,0,2026-05,2026-06-01 06:54:33
2026-05-31,ロフト,ロフト380,（不明）,4582784166104,1762,0,2026-05,2026-06-01 06:54:33
2026-05-31,ロフト,ロフト380,（不明）,4582784166111,1762,2,2026-05,2026-06-01 06:54:33
2026-05-31,ロフト,ロフト380,（不明）,4582784166128,1762,1,2026-05,2026-06-01 06:54:33
2026-05-31,ロフト,ロフト380,（不明）,4582784166784,1762,0,2026-05,2026-06-01 06:54:33
2026-05-31,ロフト,ロフト380,（不明）,4582784166791,1762,0,2026-05,2026-06-01 06:54:33
2026-05-31,ロフト,ロフト380,（不明）,4595317659110,1013,2,2026-05,2026-06-01 06:54:33
2026-05-31,ロフト,ロフト380,（不明）,4595317659127,1013,1,2026-05,2026-06-01 06:54:33
2026-05-31,ロフト,ロフト380,（不明）,4595317659738,1013,4,2026-05,2026-06-01 06:54:33
2026-05-31,ロフト,ロフト381,（不明）,4560440431230,1015,0,2026-05,2026-06-01 06:54:33
2026-05-31,ロフト,ロフト381,（不明）,4560440431384,1036,5,2026-05,2026-06-01 06:54:33
2026-05-31,ロフト,ロフト381,（不明）,4560440431414,1016,6,2026-05,2026-06-01 06:54:33
2026-05-31,ロフト,ロフト381,（不明）,4560440431438,1016,0,2026-05,2026-06-01 06:54:33
2026-05-31,ロフト,ロフト381,（不明）,4560440431452,1036,2,2026-05,2026-06-01 06:54:33
2026-05-31,ロフト,ロフト381,（不明）,4560440431513,1015,2,2026-05,2026-06-01 06:54:33
2026-05-31,ロフト,ロフト381,（不明）,4560440431520,1015,2,2026-05,2026-06-01 06:54:33
2026-05-31,ロフト,ロフト381,（不明）,4560440431537,1015,0,2026-05,2026-06-01 06:54:33
2026-05-31,ロフト,ロフト381,（不明）,4560440431599,1034,13,2026-05,2026-06-01 06:54:33
2026-05-31,ロフト,ロフト381,（不明）,4560449979313,1110,7,2026-05,2026-06-01 06:54:33
2026-05-31,ロフト,ロフト381,（不明）,4560449979405,1110,0,2026-05,2026-06-01 06:54:33
2026-05-31,ロフト,ロフト381,（不明）,4560449979917,1110,9,2026-05,2026-06-01 06:54:33
2026-05-31,ロフト,ロフト381,（不明）,4560449979931,1110,3,2026-05,2026-06-01 06:54:33
2026-05-31,ロフト,ロフト381,（不明）,4560449982696,1110,0,2026-05,2026-06-01 06:54:33
2026-05-31,ロフト,ロフト381,（不明）,4560449982726,1110,0,2026-05,2026-06-01 06:54:33
2026-05-31,ロフト,ロフト381,（不明）,4573473052006,1013,1,2026-05,2026-06-01 06:54:33
2026-05-31,ロフト,ロフト381,（不明）,4573473052136,1013,8,2026-05,2026-06-01 06:54:33
2026-05-31,ロフト,ロフト381,（不明）,4573473052235,1035,1,2026-05,2026-06-01 06:54:33
2026-05-31,ロフト,ロフト381,（不明）,4573473052303,1029,0,2026-05,2026-06-01 06:54:33
2026-05-31,ロフト,ロフト381,（不明）,4573587350210,1762,1,2026-05,2026-06-01 06:54:33
2026-05-31,ロフト,ロフト381,（不明）,4573587350258,1762,0,2026-05,2026-06-01 06:54:33
2026-05-31,ロフト,ロフト381,（不明）,4573587350616,1762,0,2026-05,2026-06-01 06:54:33
2026-05-31,ロフト,ロフト381,（不明）,4573587350630,1762,0,2026-05,2026-06-01 06:54:33
2026-05-31,ロフト,ロフト381,（不明）,4573587350654,1762,1,2026-05,2026-06-01 06:54:33
2026-05-31,ロフト,ロフト381,（不明）,4573587350678,1762,0,2026-05,2026-06-01 06:54:33
2026-05-31,ロフト,ロフト381,（不明）,4573694000015,1110,0,2026-05,2026-06-01 06:54:33
2026-05-31,ロフト,ロフト381,（不明）,4573694000091,1097,0,2026-05,2026-06-01 06:54:33
2026-05-31,ロフト,ロフト381,（不明）,4573694002903,1110,4,2026-05,2026-06-01 06:54:33
2026-05-31,ロフト,ロフト381,（不明）,4580886250011,1013,1,2026-05,2026-06-01 06:54:33
2026-05-31,ロフト,ロフト381,（不明）,4582784162977,1762,0,2026-05,2026-06-01 06:54:33
2026-05-31,ロフト,ロフト381,（不明）,4582784162984,1762,0,2026-05,2026-06-01 06:54:33
2026-05-31,ロフト,ロフト381,（不明）,4582784163233,1762,0,2026-05,2026-06-01 06:54:33
2026-05-31,ロフト,ロフト381,（不明）,4582784163240,1762,1,2026-05,2026-06-01 06:54:33
2026-05-31,ロフト,ロフト381,（不明）,4582784166104,1762,0,2026-05,2026-06-01 06:54:33
2026-05-31,ロフト,ロフト381,（不明）,4582784166111,1762,0,2026-05,2026-06-01 06:54:33
2026-05-31,ロフト,ロフト381,（不明）,4582784166128,1762,0,2026-05,2026-06-01 06:54:33
2026-05-31,ロフト,ロフト381,（不明）,4582784166784,1762,1,2026-05,2026-06-01 06:54:33
2026-05-31,ロフト,ロフト381,（不明）,4582784166791,1762,1,2026-05,2026-06-01 06:54:33
2026-05-31,ロフト,ロフト381,（不明）,4595315976011,1222,1,2026-05,2026-06-01 06:54:33
2026-05-31,ロフト,ロフト381,（不明）,4595317659110,1013,1,2026-05,2026-06-01 06:54:33
2026-05-31,ロフト,ロフト381,（不明）,4595317659127,1013,1,2026-05,2026-06-01 06:54:33
2026-05-31,ロフト,ロフト381,（不明）,4595317659738,1013,3,2026-05,2026-06-01 06:54:33
2026-05-31,ロフト,ロフト381,（不明）,4595317659745,1013,23,2026-05,2026-06-01 06:54:33
2026-05-31,ロフト,ロフト381,（不明）,4595317659752,1013,24,2026-05,2026-06-01 06:54:33
2026-05-31,ロフト,ロフト381,（不明）,4595988311089,1220,1,2026-05,2026-06-01 06:54:33
2026-05-31,ロフト,ロフト381,（不明）,4595988311096,1220,2,2026-05,2026-06-01 06:54:33
2026-05-31,ロフト,ロフト381,（不明）,4595988311119,1220,1,2026-05,2026-06-01 06:54:33
2026-05-31,ロフト,ロフト381,（不明）,8809672176332,1266,0,2026-05,2026-06-01 06:54:33
2026-05-31,ロフト,ロフト381,（不明）,8809672176684,1250,2,2026-05,2026-06-01 06:54:33
2026-05-31,ロフト,ロフト382,（不明）,4560440431353,1016,1,2026-05,2026-06-01 06:54:33
2026-05-31,ロフト,ロフト382,（不明）,4560440431384,1036,0,2026-05,2026-06-01 06:54:33
2026-05-31,ロフト,ロフト382,（不明）,4560440431407,1016,0,2026-05,2026-06-01 06:54:33
2026-05-31,ロフト,ロフト382,（不明）,4560440431414,1016,4,2026-05,2026-06-01 06:54:33
2026-05-31,ロフト,ロフト382,（不明）,4560440431438,1016,1,2026-05,2026-06-01 06:54:33
2026-05-31,ロフト,ロフト382,（不明）,4560440431445,1016,2,2026-05,2026-06-01 06:54:33
2026-05-31,ロフト,ロフト382,（不明）,4560440431490,1015,0,2026-05,2026-06-01 06:54:33
2026-05-31,ロフト,ロフト382,（不明）,4560440431520,1015,1,2026-05,2026-06-01 06:54:33
2026-05-31,ロフト,ロフト382,（不明）,4560449970273,1762,1,2026-05,2026-06-01 06:54:33
2026-05-31,ロフト,ロフト382,（不明）,4560449970280,1762,1,2026-05,2026-06-01 06:54:33
2026-05-31,ロフト,ロフト382,（不明）,4560449979313,1110,9,2026-05,2026-06-01 06:54:33
2026-05-31,ロフト,ロフト382,（不明）,4560449979405,1110,1,2026-05,2026-06-01 06:54:33
2026-05-31,ロフト,ロフト382,（不明）,4560449979467,1762,1,2026-05,2026-06-01 06:54:33
2026-05-31,ロフト,ロフト382,（不明）,4560449979917,1110,8,2026-05,2026-06-01 06:54:33
2026-05-31,ロフト,ロフト382,（不明）,4560449979931,1110,0,2026-05,2026-06-01 06:54:33
2026-05-31,ロフト,ロフト382,（不明）,4560449982696,1110,1,2026-05,2026-06-01 06:54:33
2026-05-31,ロフト,ロフト382,（不明）,4560449982726,1110,0,2026-05,2026-06-01 06:54:33
2026-05-31,ロフト,ロフト382,（不明）,4573473052006,1013,3,2026-05,2026-06-01 06:54:33
2026-05-31,ロフト,ロフト382,（不明）,4573473052136,1013,12,2026-05,2026-06-01 06:54:33
2026-05-31,ロフト,ロフト382,（不明）,4573473052235,1035,0,2026-05,2026-06-01 06:54:33
2026-05-31,ロフト,ロフト382,（不明）,4573473052303,1029,0,2026-05,2026-06-01 06:54:33
2026-05-31,ロフト,ロフト382,（不明）,4573587350210,1762,3,2026-05,2026-06-01 06:54:33
2026-05-31,ロフト,ロフト382,（不明）,4573587350258,1762,0,2026-05,2026-06-01 06:54:33
2026-05-31,ロフト,ロフト382,（不明）,4573587350616,1762,1,2026-05,2026-06-01 06:54:33
2026-05-31,ロフト,ロフト382,（不明）,4573587350630,1762,0,2026-05,2026-06-01 06:54:33
2026-05-31,ロフト,ロフト382,（不明）,4573587350654,1762,0,2026-05,2026-06-01 06:54:33
2026-05-31,ロフト,ロフト382,（不明）,4573587350678,1762,0,2026-05,2026-06-01 06:54:33
2026-05-31,ロフト,ロフト382,（不明）,4573694002903,1110,3,2026-05,2026-06-01 06:54:33
2026-05-31,ロフト,ロフト382,（不明）,4580886250011,1013,3,2026-05,2026-06-01 06:54:33
2026-05-31,ロフト,ロフト382,（不明）,4582784162977,1762,0,2026-05,2026-06-01 06:54:33
2026-05-31,ロフト,ロフト382,（不明）,4582784162984,1762,1,2026-05,2026-06-01 06:54:33
2026-05-31,ロフト,ロフト382,（不明）,4582784163233,1762,0,2026-05,2026-06-01 06:54:33
2026-05-31,ロフト,ロフト382,（不明）,4582784163240,1762,1,2026-05,2026-06-01 06:54:33
2026-05-31,ロフト,ロフト382,（不明）,4582784166104,1762,0,2026-05,2026-06-01 06:54:33
2026-05-31,ロフト,ロフト382,（不明）,4582784166111,1762,0,2026-05,2026-06-01 06:54:33
2026-05-31,ロフト,ロフト382,（不明）,4582784166128,1762,3,2026-05,2026-06-01 06:54:33
2026-05-31,ロフト,ロフト382,（不明）,4582784166784,1762,0,2026-05,2026-06-01 06:54:33
2026-05-31,ロフト,ロフト382,（不明）,4582784166791,1762,0,2026-05,2026-06-01 06:54:33
2026-05-31,ロフト,ロフト382,（不明）,4595315976011,1222,0,2026-05,2026-06-01 06:54:33
2026-05-31,ロフト,ロフト382,（不明）,4595317659110,1013,2,2026-05,2026-06-01 06:54:33
2026-05-31,ロフト,ロフト382,（不明）,4595317659127,1013,1,2026-05,2026-06-01 06:54:33
2026-05-31,ロフト,ロフト382,（不明）,4595317659738,1013,2,2026-05,2026-06-01 06:54:33
2026-05-31,ロフト,ロフト382,（不明）,4595317659745,1013,6,2026-05,2026-06-01 06:54:33
2026-05-31,ロフト,ロフト382,（不明）,4595317659752,1013,21,2026-05,2026-06-01 06:54:33
2026-05-31,ロフト,ロフト382,（不明）,4595988311089,1220,4,2026-05,2026-06-01 06:54:33
2026-05-31,ロフト,ロフト382,（不明）,4595988311096,1220,0,2026-05,2026-06-01 06:54:33
2026-05-31,ロフト,ロフト382,（不明）,4595988311119,1220,1,2026-05,2026-06-01 06:54:33
2026-05-31,ロフト,ロフト382,（不明）,8809317963556,1723,1,2026-05,2026-06-01 06:54:33
2026-05-31,ロフト,ロフト382,（不明）,8809317967943,1723,7,2026-05,2026-06-01 06:54:33
2026-05-31,ロフト,ロフト382,（不明）,8809541199998,1723,2,2026-05,2026-06-01 06:54:33
2026-05-31,ロフト,ロフト382,（不明）,8809672176332,1266,0,2026-05,2026-06-01 06:54:33
2026-05-31,ロフト,ロフト382,（不明）,8809672176684,1250,1,2026-05,2026-06-01 06:54:33
2026-05-31,ロフト,ロフト382,（不明）,8809823390297,1723,2,2026-05,2026-06-01 06:54:33
2026-05-31,ロフト,ロフト383,（不明）,4560440431087,1016,0,2026-05,2026-06-01 06:54:33
2026-05-31,ロフト,ロフト383,（不明）,4560440431094,1016,2,2026-05,2026-06-01 06:54:33
2026-05-31,ロフト,ロフト383,（不明）,4560440431179,1016,2,2026-05,2026-06-01 06:54:33
2026-05-31,ロフト,ロフト383,（不明）,4560440431346,1016,0,2026-05,2026-06-01 06:54:33
2026-05-31,ロフト,ロフト383,（不明）,4560440431353,1016,1,2026-05,2026-06-01 06:54:33
2026-05-31,ロフト,ロフト383,（不明）,4560440431377,1036,2,2026-05,2026-06-01 06:54:33
2026-05-31,ロフト,ロフト383,（不明）,4560440431438,1016,0,2026-05,2026-06-01 06:54:33
2026-05-31,ロフト,ロフト383,（不明）,4560440431445,1016,1,2026-05,2026-06-01 06:54:33
2026-05-31,ロフト,ロフト383,（不明）,4560440431599,1034,7,2026-05,2026-06-01 06:54:33
2026-05-31,ロフト,ロフト383,（不明）,4560449979313,1110,8,2026-05,2026-06-01 06:54:33
2026-05-31,ロフト,ロフト383,（不明）,4560449979405,1110,2,2026-05,2026-06-01 06:54:33
2026-05-31,ロフト,ロフト383,（不明）,4560449979917,1110,10,2026-05,2026-06-01 06:54:33
2026-05-31,ロフト,ロフト383,（不明）,4560449979931,1110,0,2026-05,2026-06-01 06:54:33
2026-05-31,ロフト,ロフト383,（不明）,4560449982696,1110,0,2026-05,2026-06-01 06:54:33
2026-05-31,ロフト,ロフト383,（不明）,4560449982726,1110,0,2026-05,2026-06-01 06:54:33
2026-05-31,ロフト,ロフト383,（不明）,4573473052235,1035,1,2026-05,2026-06-01 06:54:33
2026-05-31,ロフト,ロフト383,（不明）,4573587350210,1762,5,2026-05,2026-06-01 06:54:33
2026-05-31,ロフト,ロフト383,（不明）,4573587350258,1762,3,2026-05,2026-06-01 06:54:33
2026-05-31,ロフト,ロフト383,（不明）,4573587350616,1762,0,2026-05,2026-06-01 06:54:33
2026-05-31,ロフト,ロフト383,（不明）,4573587350630,1762,0,2026-05,2026-06-01 06:54:33
2026-05-31,ロフト,ロフト383,（不明）,4573587350654,1762,1,2026-05,2026-06-01 06:54:33
2026-05-31,ロフト,ロフト383,（不明）,4573694000015,1110,1,2026-05,2026-06-01 06:54:33
2026-05-31,ロフト,ロフト383,（不明）,4573694000091,1097,4,2026-05,2026-06-01 06:54:33
2026-05-31,ロフト,ロフト383,（不明）,4573694002903,1110,3,2026-05,2026-06-01 06:54:33
2026-05-31,ロフト,ロフト383,（不明）,4573694002934,1110,0,2026-05,2026-06-01 06:54:33
2026-05-31,ロフト,ロフト383,（不明）,4580886250011,1013,1,2026-05,2026-06-01 06:54:33
2026-05-31,ロフト,ロフト383,（不明）,4582784162977,1762,1,2026-05,2026-06-01 06:54:33
2026-05-31,ロフト,ロフト383,（不明）,4582784162984,1762,0,2026-05,2026-06-01 06:54:33
2026-05-31,ロフト,ロフト383,（不明）,4582784166104,1762,0,2026-05,2026-06-01 06:54:33
2026-05-31,ロフト,ロフト383,（不明）,4582784166111,1762,0,2026-05,2026-06-01 06:54:33
2026-05-31,ロフト,ロフト383,（不明）,4582784166128,1762,0,2026-05,2026-06-01 06:54:33
2026-05-31,ロフト,ロフト383,（不明）,4582784166784,1762,1,2026-05,2026-06-01 06:54:33
2026-05-31,ロフト,ロフト383,（不明）,4582784166791,1762,0,2026-05,2026-06-01 06:54:33
2026-05-31,ロフト,ロフト383,（不明）,4595315976011,1222,2,2026-05,2026-06-01 06:54:33
2026-05-31,ロフト,ロフト383,（不明）,4595317659738,1013,2,2026-05,2026-06-01 06:54:33
2026-05-31,ロフト,ロフト383,（不明）,4595988311089,1220,2,2026-05,2026-06-01 06:54:33
2026-05-31,ロフト,ロフト383,（不明）,4595988311096,1220,0,2026-05,2026-06-01 06:54:33
2026-05-31,ロフト,ロフト383,（不明）,4595988311119,1220,0,2026-05,2026-06-01 06:54:33
2026-05-31,ロフト,ロフト384,（不明）,4560440431247,1015,1,2026-05,2026-06-01 06:54:33
2026-05-31,ロフト,ロフト384,（不明）,4560440431346,1016,0,2026-05,2026-06-01 06:54:33
2026-05-31,ロフト,ロフト384,（不明）,4560440431407,1016,3,2026-05,2026-06-01 06:54:33
2026-05-31,ロフト,ロフト384,（不明）,4560440431414,1016,1,2026-05,2026-06-01 06:54:33
2026-05-31,ロフト,ロフト384,（不明）,4560440431483,1015,0,2026-05,2026-06-01 06:54:33
2026-05-31,ロフト,ロフト384,（不明）,4560440431513,1015,2,2026-05,2026-06-01 06:54:33
2026-05-31,ロフト,ロフト384,（不明）,4560449979313,1110,4,2026-05,2026-06-01 06:54:33
2026-05-31,ロフト,ロフト384,（不明）,4560449979405,1110,0,2026-05,2026-06-01 06:54:33
2026-05-31,ロフト,ロフト384,（不明）,4560449979917,1110,13,2026-05,2026-06-01 06:54:33
2026-05-31,ロフト,ロフト384,（不明）,4560449979931,1110,3,2026-05,2026-06-01 06:54:33
2026-05-31,ロフト,ロフト384,（不明）,4560449982696,1110,0,2026-05,2026-06-01 06:54:33
2026-05-31,ロフト,ロフト384,（不明）,4560449982726,1110,0,2026-05,2026-06-01 06:54:33
2026-05-31,ロフト,ロフト384,（不明）,4573473052006,1013,1,2026-05,2026-06-01 06:54:33
2026-05-31,ロフト,ロフト384,（不明）,4573473052136,1013,5,2026-05,2026-06-01 06:54:33
2026-05-31,ロフト,ロフト384,（不明）,4573473052235,1035,0,2026-05,2026-06-01 06:54:33
2026-05-31,ロフト,ロフト384,（不明）,4573473052303,1029,0,2026-05,2026-06-01 06:54:33
2026-05-31,ロフト,ロフト384,（不明）,4573587350210,1762,1,2026-05,2026-06-01 06:54:33
2026-05-31,ロフト,ロフト384,（不明）,4573587350258,1762,1,2026-05,2026-06-01 06:54:33
2026-05-31,ロフト,ロフト384,（不明）,4573587350616,1762,0,2026-05,2026-06-01 06:54:33
2026-05-31,ロフト,ロフト384,（不明）,4573587350630,1762,0,2026-05,2026-06-01 06:54:33
2026-05-31,ロフト,ロフト384,（不明）,4573587350654,1762,0,2026-05,2026-06-01 06:54:33
2026-05-31,ロフト,ロフト384,（不明）,4573587350678,1762,0,2026-05,2026-06-01 06:54:33
2026-05-31,ロフト,ロフト384,（不明）,4573694000015,1110,0,2026-05,2026-06-01 06:54:33
2026-05-31,ロフト,ロフト384,（不明）,4573694002903,1110,2,2026-05,2026-06-01 06:54:33
2026-05-31,ロフト,ロフト384,（不明）,4573694002934,1110,0,2026-05,2026-06-01 06:54:33
2026-05-31,ロフト,ロフト384,（不明）,4582784162977,1762,0,2026-05,2026-06-01 06:54:33
2026-05-31,ロフト,ロフト384,（不明）,4582784162984,1762,0,2026-05,2026-06-01 06:54:33
2026-05-31,ロフト,ロフト384,（不明）,4582784166104,1762,0,2026-05,2026-06-01 06:54:33
2026-05-31,ロフト,ロフト384,（不明）,4582784166111,1762,0,2026-05,2026-06-01 06:54:33
2026-05-31,ロフト,ロフト384,（不明）,4582784166128,1762,1,2026-05,2026-06-01 06:54:33
2026-05-31,ロフト,ロフト384,（不明）,4582784166784,1762,0,2026-05,2026-06-01 06:54:33
2026-05-31,ロフト,ロフト384,（不明）,4582784166791,1762,0,2026-05,2026-06-01 06:54:33
2026-05-31,ロフト,ロフト385,（不明）,4560440431087,1016,0,2026-05,2026-06-01 06:54:33
2026-05-31,ロフト,ロフト385,（不明）,4560440431094,1016,0,2026-05,2026-06-01 06:54:33
2026-05-31,ロフト,ロフト385,（不明）,4560440431124,1036,1,2026-05,2026-06-01 06:54:33
2026-05-31,ロフト,ロフト385,（不明）,4560440431186,1016,1,2026-05,2026-06-01 06:54:33
2026-05-31,ロフト,ロフト385,（不明）,4560440431193,1036,0,2026-05,2026-06-01 06:54:33
2026-05-31,ロフト,ロフト385,（不明）,4560440431438,1016,0,2026-05,2026-06-01 06:54:33
2026-05-31,ロフト,ロフト385,（不明）,4560440431599,1034,0,2026-05,2026-06-01 06:54:33
2026-05-31,ロフト,ロフト385,（不明）,4560440431742,1034,0,2026-05,2026-06-01 06:54:33
2026-05-31,ロフト,ロフト385,（不明）,4560449979313,1110,2,2026-05,2026-06-01 06:54:33
2026-05-31,ロフト,ロフト385,（不明）,4560449979405,1110,0,2026-05,2026-06-01 06:54:33
2026-05-31,ロフト,ロフト385,（不明）,4560449979917,1110,9,2026-05,2026-06-01 06:54:33
2026-05-31,ロフト,ロフト385,（不明）,4560449979931,1110,0,2026-05,2026-06-01 06:54:33
2026-05-31,ロフト,ロフト385,（不明）,4560449982696,1110,0,2026-05,2026-06-01 06:54:33
2026-05-31,ロフト,ロフト385,（不明）,4560449982726,1110,0,2026-05,2026-06-01 06:54:33
2026-05-31,ロフト,ロフト385,（不明）,4573473052136,1013,7,2026-05,2026-06-01 06:54:33
2026-05-31,ロフト,ロフト385,（不明）,4573473052235,1035,0,2026-05,2026-06-01 06:54:33
2026-05-31,ロフト,ロフト385,（不明）,4573473052303,1029,0,2026-05,2026-06-01 06:54:33
2026-05-31,ロフト,ロフト385,（不明）,4573587350616,1762,0,2026-05,2026-06-01 06:54:33
2026-05-31,ロフト,ロフト385,（不明）,4573587350630,1762,0,2026-05,2026-06-01 06:54:33
2026-05-31,ロフト,ロフト385,（不明）,4573587350654,1762,0,2026-05,2026-06-01 06:54:33
2026-05-31,ロフト,ロフト385,（不明）,4573587350678,1762,0,2026-05,2026-06-01 06:54:33
2026-05-31,ロフト,ロフト385,（不明）,4573694002903,1110,3,2026-05,2026-06-01 06:54:33
2026-05-31,ロフト,ロフト385,（不明）,4573694002934,1110,1,2026-05,2026-06-01 06:54:33
2026-05-31,ロフト,ロフト385,（不明）,4582784162977,1762,0,2026-05,2026-06-01 06:54:33
2026-05-31,ロフト,ロフト385,（不明）,4582784162984,1762,0,2026-05,2026-06-01 06:54:33
2026-05-31,ロフト,ロフト385,（不明）,4582784166104,1762,0,2026-05,2026-06-01 06:54:33
2026-05-31,ロフト,ロフト385,（不明）,4582784166111,1762,0,2026-05,2026-06-01 06:54:33
2026-05-31,ロフト,ロフト385,（不明）,4582784166128,1762,1,2026-05,2026-06-01 06:54:33
2026-05-31,ロフト,ロフト385,（不明）,4582784166784,1762,0,2026-05,2026-06-01 06:54:33
2026-05-31,ロフト,ロフト385,（不明）,4582784166791,1762,0,2026-05,2026-06-01 06:54:33
2026-05-31,ロフト,ロフト385,（不明）,4595315976011,1222,2,2026-05,2026-06-01 06:54:33
2026-05-31,ロフト,ロフト386,（不明）,4560440431223,1015,2,2026-05,2026-06-01 06:54:33
2026-05-31,ロフト,ロフト386,（不明）,4560440431247,1015,0,2026-05,2026-06-01 06:54:33
2026-05-31,ロフト,ロフト386,（不明）,4560440431346,1016,1,2026-05,2026-06-01 06:54:33
2026-05-31,ロフト,ロフト386,（不明）,4560440431353,1016,4,2026-05,2026-06-01 06:54:33
2026-05-31,ロフト,ロフト386,（不明）,4560440431407,1016,7,2026-05,2026-06-01 06:54:33
2026-05-31,ロフト,ロフト386,（不明）,4560440431445,1016,0,2026-05,2026-06-01 06:54:33
2026-05-31,ロフト,ロフト386,（不明）,4560440431452,1036,3,2026-05,2026-06-01 06:54:33
2026-05-31,ロフト,ロフト386,（不明）,4560440431476,1015,0,2026-05,2026-06-01 06:54:33
2026-05-31,ロフト,ロフト386,（不明）,4560440431483,1015,0,2026-05,2026-06-01 06:54:33
2026-05-31,ロフト,ロフト386,（不明）,4560440431490,1015,2,2026-05,2026-06-01 06:54:33
2026-05-31,ロフト,ロフト386,（不明）,4560440431513,1015,3,2026-05,2026-06-01 06:54:33
2026-05-31,ロフト,ロフト386,（不明）,4560440431520,1015,4,2026-05,2026-06-01 06:54:33
2026-05-31,ロフト,ロフト386,（不明）,4560440431599,1034,4,2026-05,2026-06-01 06:54:33
2026-05-31,ロフト,ロフト386,（不明）,4560449979313,1110,7,2026-05,2026-06-01 06:54:33
2026-05-31,ロフト,ロフト386,（不明）,4560449979405,1110,0,2026-05,2026-06-01 06:54:33
2026-05-31,ロフト,ロフト386,（不明）,4560449979917,1110,6,2026-05,2026-06-01 06:54:33
2026-05-31,ロフト,ロフト386,（不明）,4560449979931,1110,1,2026-05,2026-06-01 06:54:33
2026-05-31,ロフト,ロフト386,（不明）,4560449982696,1110,1,2026-05,2026-06-01 06:54:33
2026-05-31,ロフト,ロフト386,（不明）,4560449982726,1110,0,2026-05,2026-06-01 06:54:33
2026-05-31,ロフト,ロフト386,（不明）,4573473052006,1013,4,2026-05,2026-06-01 06:54:33
2026-05-31,ロフト,ロフト386,（不明）,4573473052136,1013,8,2026-05,2026-06-01 06:54:33
2026-05-31,ロフト,ロフト386,（不明）,4573473052235,1035,0,2026-05,2026-06-01 06:54:33
2026-05-31,ロフト,ロフト386,（不明）,4573473052303,1029,0,2026-05,2026-06-01 06:54:33
2026-05-31,ロフト,ロフト386,（不明）,4573587350210,1762,1,2026-05,2026-06-01 06:54:33
2026-05-31,ロフト,ロフト386,（不明）,4573587350630,1762,1,2026-05,2026-06-01 06:54:33
2026-05-31,ロフト,ロフト386,（不明）,4573587350654,1762,2,2026-05,2026-06-01 06:54:33
2026-05-31,ロフト,ロフト386,（不明）,4573587350678,1762,1,2026-05,2026-06-01 06:54:33
2026-05-31,ロフト,ロフト386,（不明）,4573694000015,1110,1,2026-05,2026-06-01 06:54:33
2026-05-31,ロフト,ロフト386,（不明）,4573694002903,1110,4,2026-05,2026-06-01 06:54:33
2026-05-31,ロフト,ロフト386,（不明）,4573694002934,1110,0,2026-05,2026-06-01 06:54:33
2026-05-31,ロフト,ロフト386,（不明）,4580886250011,1013,1,2026-05,2026-06-01 06:54:33
2026-05-31,ロフト,ロフト386,（不明）,4582784166104,1762,0,2026-05,2026-06-01 06:54:33
2026-05-31,ロフト,ロフト386,（不明）,4582784166111,1762,1,2026-05,2026-06-01 06:54:33
2026-05-31,ロフト,ロフト386,（不明）,4582784166128,1762,0,2026-05,2026-06-01 06:54:33
2026-05-31,ロフト,ロフト386,（不明）,4582784166784,1762,0,2026-05,2026-06-01 06:54:33
2026-05-31,ロフト,ロフト386,（不明）,4582784166791,1762,0,2026-05,2026-06-01 06:54:33
2026-05-31,ロフト,ロフト386,（不明）,4589814757080,1258,1,2026-05,2026-06-01 06:54:33
2026-05-31,ロフト,ロフト386,（不明）,4595315976011,1222,2,2026-05,2026-06-01 06:54:33
2026-05-31,ロフト,ロフト386,（不明）,4595317659110,1013,2,2026-05,2026-06-01 06:54:33
2026-05-31,ロフト,ロフト386,（不明）,4595317659127,1013,2,2026-05,2026-06-01 06:54:33
2026-05-31,ロフト,ロフト386,（不明）,4595317659752,1013,6,2026-05,2026-06-01 06:54:33
2026-05-31,ロフト,ロフト386,（不明）,4595988311089,1220,2,2026-05,2026-06-01 06:54:33
2026-05-31,ロフト,ロフト386,（不明）,4595988311096,1220,0,2026-05,2026-06-01 06:54:33
2026-05-31,ロフト,ロフト386,（不明）,4595988311119,1220,1,2026-05,2026-06-01 06:54:33
2026-05-31,ロフト,ロフト386,（不明）,8809672176332,1266,0,2026-05,2026-06-01 06:54:33
2026-05-31,ロフト,ロフト386,（不明）,8809672176684,1250,2,2026-05,2026-06-01 06:54:33
2026-05-31,ロフト,ロフト387,（不明）,4560440431087,1016,0,2026-05,2026-06-01 06:54:33
2026-05-31,ロフト,ロフト387,（不明）,4560440431186,1016,1,2026-05,2026-06-01 06:54:33
2026-05-31,ロフト,ロフト387,（不明）,4560440431407,1016,1,2026-05,2026-06-01 06:54:33
2026-05-31,ロフト,ロフト387,（不明）,4560440431414,1016,1,2026-05,2026-06-01 06:54:33
2026-05-31,ロフト,ロフト387,（不明）,4560440431438,1016,0,2026-05,2026-06-01 06:54:33
2026-05-31,ロフト,ロフト387,（不明）,4560440431513,1015,2,2026-05,2026-06-01 06:54:33
2026-05-31,ロフト,ロフト387,（不明）,4560440431742,1034,2,2026-05,2026-06-01 06:54:33
2026-05-31,ロフト,ロフト387,（不明）,4560449979313,1110,7,2026-05,2026-06-01 06:54:33
2026-05-31,ロフト,ロフト387,（不明）,4560449979405,1110,0,2026-05,2026-06-01 06:54:33
2026-05-31,ロフト,ロフト387,（不明）,4560449979917,1110,7,2026-05,2026-06-01 06:54:33
2026-05-31,ロフト,ロフト387,（不明）,4560449979931,1110,0,2026-05,2026-06-01 06:54:33
2026-05-31,ロフト,ロフト387,（不明）,4560449982696,1110,0,2026-05,2026-06-01 06:54:33
2026-05-31,ロフト,ロフト387,（不明）,4560449982726,1110,0,2026-05,2026-06-01 06:54:33
2026-05-31,ロフト,ロフト387,（不明）,4573587350616,1762,0,2026-05,2026-06-01 06:54:33
2026-05-31,ロフト,ロフト387,（不明）,4573587350630,1762,0,2026-05,2026-06-01 06:54:33
2026-05-31,ロフト,ロフト387,（不明）,4573587350654,1762,1,2026-05,2026-06-01 06:54:33
2026-05-31,ロフト,ロフト387,（不明）,4573587350678,1762,3,2026-05,2026-06-01 06:54:33
2026-05-31,ロフト,ロフト387,（不明）,4573694002903,1110,1,2026-05,2026-06-01 06:54:33
2026-05-31,ロフト,ロフト387,（不明）,4573694002934,1110,0,2026-05,2026-06-01 06:54:33
2026-05-31,ロフト,ロフト387,（不明）,4582784162977,1762,1,2026-05,2026-06-01 06:54:33
2026-05-31,ロフト,ロフト387,（不明）,4582784162984,1762,0,2026-05,2026-06-01 06:54:33
2026-05-31,ロフト,ロフト387,（不明）,4582784166104,1762,0,2026-05,2026-06-01 06:54:33
2026-05-31,ロフト,ロフト387,（不明）,4582784166111,1762,1,2026-05,2026-06-01 06:54:33
2026-05-31,ロフト,ロフト387,（不明）,4582784166784,1762,0,2026-05,2026-06-01 06:54:33
2026-05-31,ロフト,ロフト387,（不明）,4582784166791,1762,0,2026-05,2026-06-01 06:54:33
2026-05-31,ロフト,ロフト388,（不明）,4560440431131,1036,0,2026-05,2026-06-01 06:54:33
2026-05-31,ロフト,ロフト388,（不明）,4560440431216,1015,1,2026-05,2026-06-01 06:54:33
2026-05-31,ロフト,ロフト388,（不明）,4560440431353,1016,3,2026-05,2026-06-01 06:54:33
2026-05-31,ロフト,ロフト388,（不明）,4560440431438,1016,0,2026-05,2026-06-01 06:54:33
2026-05-31,ロフト,ロフト388,（不明）,4560440431445,1016,1,2026-05,2026-06-01 06:54:33
2026-05-31,ロフト,ロフト388,（不明）,4560440431483,1015,0,2026-05,2026-06-01 06:54:33
2026-05-31,ロフト,ロフト388,（不明）,4560440431520,1015,0,2026-05,2026-06-01 06:54:33
2026-05-31,ロフト,ロフト388,（不明）,4560449970273,1762,2,2026-05,2026-06-01 06:54:33
2026-05-31,ロフト,ロフト388,（不明）,4560449970280,1762,2,2026-05,2026-06-01 06:54:33
2026-05-31,ロフト,ロフト388,（不明）,4560449979313,1110,7,2026-05,2026-06-01 06:54:33
2026-05-31,ロフト,ロフト388,（不明）,4560449979405,1110,4,2026-05,2026-06-01 06:54:33
2026-05-31,ロフト,ロフト388,（不明）,4560449979443,1762,2,2026-05,2026-06-01 06:54:33
2026-05-31,ロフト,ロフト388,（不明）,4560449979467,1762,1,2026-05,2026-06-01 06:54:33
2026-05-31,ロフト,ロフト388,（不明）,4560449979917,1110,8,2026-05,2026-06-01 06:54:33
2026-05-31,ロフト,ロフト388,（不明）,4560449979931,1110,3,2026-05,2026-06-01 06:54:33
2026-05-31,ロフト,ロフト388,（不明）,4560449982696,1110,2,2026-05,2026-06-01 06:54:33
2026-05-31,ロフト,ロフト388,（不明）,4560449982726,1110,0,2026-05,2026-06-01 06:54:33
2026-05-31,ロフト,ロフト388,（不明）,4573473052006,1013,0,2026-05,2026-06-01 06:54:33
2026-05-31,ロフト,ロフト388,（不明）,4573473052136,1013,2,2026-05,2026-06-01 06:54:33
2026-05-31,ロフト,ロフト388,（不明）,4573473052235,1035,1,2026-05,2026-06-01 06:54:33
2026-05-31,ロフト,ロフト388,（不明）,4573473052303,1029,0,2026-05,2026-06-01 06:54:33
2026-05-31,ロフト,ロフト388,（不明）,4573587350210,1762,1,2026-05,2026-06-01 06:54:33
2026-05-31,ロフト,ロフト388,（不明）,4573587350258,1762,0,2026-05,2026-06-01 06:54:33
2026-05-31,ロフト,ロフト388,（不明）,4573587350616,1762,0,2026-05,2026-06-01 06:54:33
2026-05-31,ロフト,ロフト388,（不明）,4573587350630,1762,0,2026-05,2026-06-01 06:54:33
2026-05-31,ロフト,ロフト388,（不明）,4573587350654,1762,0,2026-05,2026-06-01 06:54:33
2026-05-31,ロフト,ロフト388,（不明）,4573694002903,1110,3,2026-05,2026-06-01 06:54:33
2026-05-31,ロフト,ロフト388,（不明）,4573694002934,1110,0,2026-05,2026-06-01 06:54:33
2026-05-31,ロフト,ロフト388,（不明）,4580886250011,1013,1,2026-05,2026-06-01 06:54:33
2026-05-31,ロフト,ロフト388,（不明）,4582784162977,1762,0,2026-05,2026-06-01 06:54:33
2026-05-31,ロフト,ロフト388,（不明）,4582784162984,1762,0,2026-05,2026-06-01 06:54:33
2026-05-31,ロフト,ロフト388,（不明）,4582784166104,1762,0,2026-05,2026-06-01 06:54:33
2026-05-31,ロフト,ロフト388,（不明）,4582784166111,1762,1,2026-05,2026-06-01 06:54:33
2026-05-31,ロフト,ロフト388,（不明）,4582784166128,1762,0,2026-05,2026-06-01 06:54:33
2026-05-31,ロフト,ロフト388,（不明）,4582784166784,1762,1,2026-05,2026-06-01 06:54:33
2026-05-31,ロフト,ロフト388,（不明）,4582784166791,1762,1,2026-05,2026-06-01 06:54:33
2026-05-31,ロフト,ロフト388,（不明）,4595315976011,1222,1,2026-05,2026-06-01 06:54:33
2026-05-31,ロフト,ロフト388,（不明）,4595317659110,1013,1,2026-05,2026-06-01 06:54:33
2026-05-31,ロフト,ロフト388,（不明）,4595317659127,1013,2,2026-05,2026-06-01 06:54:33
2026-05-31,ロフト,ロフト388,（不明）,4595317659738,1013,3,2026-05,2026-06-01 06:54:33
2026-05-31,ロフト,ロフト388,（不明）,4595317659745,1013,2,2026-05,2026-06-01 06:54:33
2026-05-31,ロフト,ロフト388,（不明）,4595317659752,1013,12,2026-05,2026-06-01 06:54:33
2026-05-31,ロフト,ロフト388,（不明）,4595988311089,1220,1,2026-05,2026-06-01 06:54:33
2026-05-31,ロフト,ロフト388,（不明）,4595988311096,1220,0,2026-05,2026-06-01 06:54:33
2026-05-31,ロフト,ロフト388,（不明）,4595988311119,1220,2,2026-05,2026-06-01 06:54:33
2026-05-31,ロフト,ロフト388,（不明）,8809317963556,1723,3,2026-05,2026-06-01 06:54:33
2026-05-31,ロフト,ロフト388,（不明）,8809317967943,1723,2,2026-05,2026-06-01 06:54:33
2026-05-31,ロフト,ロフト388,（不明）,8809541199998,1723,1,2026-05,2026-06-01 06:54:33
2026-05-31,ロフト,ロフト388,（不明）,8809823390297,1723,1,2026-05,2026-06-01 06:54:33
2026-05-31,ロフト,ロフト388,（不明）,8809849808400,1092,0,2026-05,2026-06-01 06:54:33
2026-05-31,ロフト,ロフト388,（不明）,8809849808417,1092,0,2026-05,2026-06-01 06:54:33
2026-05-31,ロフト,ロフト388,（不明）,8809849808424,1092,2,2026-05,2026-06-01 06:54:33
2026-05-31,ロフト,ロフト389,（不明）,4560440431346,1016,0,2026-05,2026-06-01 06:54:33
2026-05-31,ロフト,ロフト389,（不明）,4560440431353,1016,0,2026-05,2026-06-01 06:54:33
2026-05-31,ロフト,ロフト389,（不明）,4560440431377,1036,1,2026-05,2026-06-01 06:54:33
2026-05-31,ロフト,ロフト389,（不明）,4560440431384,1036,2,2026-05,2026-06-01 06:54:33
2026-05-31,ロフト,ロフト389,（不明）,4560440431407,1016,3,2026-05,2026-06-01 06:54:33
2026-05-31,ロフト,ロフト389,（不明）,4560440431414,1016,2,2026-05,2026-06-01 06:54:33
2026-05-31,ロフト,ロフト389,（不明）,4560440431452,1036,0,2026-05,2026-06-01 06:54:33
2026-05-31,ロフト,ロフト389,（不明）,4560440431476,1015,0,2026-05,2026-06-01 06:54:33
2026-05-31,ロフト,ロフト389,（不明）,4560440431483,1015,0,2026-05,2026-06-01 06:54:33
2026-05-31,ロフト,ロフト389,（不明）,4560449970273,1762,2,2026-05,2026-06-01 06:54:33
2026-05-31,ロフト,ロフト389,（不明）,4560449970280,1762,1,2026-05,2026-06-01 06:54:33
2026-05-31,ロフト,ロフト389,（不明）,4560449979313,1110,18,2026-05,2026-06-01 06:54:33
2026-05-31,ロフト,ロフト389,（不明）,4560449979405,1110,0,2026-05,2026-06-01 06:54:33
2026-05-31,ロフト,ロフト389,（不明）,4560449979443,1762,1,2026-05,2026-06-01 06:54:33
2026-05-31,ロフト,ロフト389,（不明）,4560449979467,1762,0,2026-05,2026-06-01 06:54:33
2026-05-31,ロフト,ロフト389,（不明）,4560449979917,1110,17,2026-05,2026-06-01 06:54:33
2026-05-31,ロフト,ロフト389,（不明）,4560449979931,1110,2,2026-05,2026-06-01 06:54:33
2026-05-31,ロフト,ロフト389,（不明）,4560449982696,1110,3,2026-05,2026-06-01 06:54:33
2026-05-31,ロフト,ロフト389,（不明）,4560449982726,1110,0,2026-05,2026-06-01 06:54:33
2026-05-31,ロフト,ロフト389,（不明）,4573473052006,1013,4,2026-05,2026-06-01 06:54:33
2026-05-31,ロフト,ロフト389,（不明）,4573473052136,1013,5,2026-05,2026-06-01 06:54:33
2026-05-31,ロフト,ロフト389,（不明）,4573473052235,1035,0,2026-05,2026-06-01 06:54:33
2026-05-31,ロフト,ロフト389,（不明）,4573473052303,1029,2,2026-05,2026-06-01 06:54:33
2026-05-31,ロフト,ロフト389,（不明）,4573587350616,1762,0,2026-05,2026-06-01 06:54:33
2026-05-31,ロフト,ロフト389,（不明）,4573587350630,1762,0,2026-05,2026-06-01 06:54:33
2026-05-31,ロフト,ロフト389,（不明）,4573587350654,1762,1,2026-05,2026-06-01 06:54:33
2026-05-31,ロフト,ロフト389,（不明）,4573587350678,1762,0,2026-05,2026-06-01 06:54:33
2026-05-31,ロフト,ロフト389,（不明）,4573694000015,1110,7,2026-05,2026-06-01 06:54:33
2026-05-31,ロフト,ロフト389,（不明）,4573694000091,1097,6,2026-05,2026-06-01 06:54:33
2026-05-31,ロフト,ロフト389,（不明）,4573694002903,1110,4,2026-05,2026-06-01 06:54:33
2026-05-31,ロフト,ロフト389,（不明）,4573694002934,1110,1,2026-05,2026-06-01 06:54:33
2026-05-31,ロフト,ロフト389,（不明）,4580886250011,1013,2,2026-05,2026-06-01 06:54:33
2026-05-31,ロフト,ロフト389,（不明）,4582784162977,1762,0,2026-05,2026-06-01 06:54:33
2026-05-31,ロフト,ロフト389,（不明）,4582784162984,1762,0,2026-05,2026-06-01 06:54:33
2026-05-31,ロフト,ロフト389,（不明）,4582784163233,1762,1,2026-05,2026-06-01 06:54:33
2026-05-31,ロフト,ロフト389,（不明）,4582784163240,1762,1,2026-05,2026-06-01 06:54:33
2026-05-31,ロフト,ロフト389,（不明）,4582784166104,1762,0,2026-05,2026-06-01 06:54:33
2026-05-31,ロフト,ロフト389,（不明）,4582784166111,1762,0,2026-05,2026-06-01 06:54:33
2026-05-31,ロフト,ロフト389,（不明）,4582784166128,1762,1,2026-05,2026-06-01 06:54:33
2026-05-31,ロフト,ロフト389,（不明）,4582784166784,1762,2,2026-05,2026-06-01 06:54:33
2026-05-31,ロフト,ロフト389,（不明）,4582784166791,1762,2,2026-05,2026-06-01 06:54:33
2026-05-31,ロフト,ロフト389,（不明）,4595315976011,1222,2,2026-05,2026-06-01 06:54:33
2026-05-31,ロフト,ロフト389,（不明）,4595317659110,1013,1,2026-05,2026-06-01 06:54:33
2026-05-31,ロフト,ロフト389,（不明）,4595317659127,1013,2,2026-05,2026-06-01 06:54:33
2026-05-31,ロフト,ロフト389,（不明）,4595317659738,1013,4,2026-05,2026-06-01 06:54:33
2026-05-31,ロフト,ロフト389,（不明）,4595317659745,1013,3,2026-05,2026-06-01 06:54:33
2026-05-31,ロフト,ロフト389,（不明）,4595317659752,1013,8,2026-05,2026-06-01 06:54:33
2026-05-31,ロフト,ロフト389,（不明）,4595988311089,1220,0,2026-05,2026-06-01 06:54:33
2026-05-31,ロフト,ロフト389,（不明）,4595988311096,1220,0,2026-05,2026-06-01 06:54:33
2026-05-31,ロフト,ロフト389,（不明）,4595988311119,1220,2,2026-05,2026-06-01 06:54:33
2026-05-31,ロフト,ロフト389,（不明）,8809317963556,1723,1,2026-05,2026-06-01 06:54:33
2026-05-31,ロフト,ロフト389,（不明）,8809317967943,1723,1,2026-05,2026-06-01 06:54:33
2026-05-31,ロフト,ロフト389,（不明）,8809541199998,1723,3,2026-05,2026-06-01 06:54:33
2026-05-31,ロフト,ロフト389,（不明）,8809672176332,1266,2,2026-05,2026-06-01 06:54:33
2026-05-31,ロフト,ロフト389,（不明）,8809672176684,1250,1,2026-05,2026-06-01 06:54:33
2026-05-31,ロフト,ロフト389,（不明）,8809823390297,1723,4,2026-05,2026-06-01 06:54:33
2026-05-31,ロフト,ロフト389,（不明）,8809849808400,1092,0,2026-05,2026-06-01 06:54:33
2026-05-31,ロフト,ロフト390,（不明）,4560440431230,1015,0,2026-05,2026-06-01 06:54:33
2026-05-31,ロフト,ロフト390,（不明）,4560440431346,1016,0,2026-05,2026-06-01 06:54:33
2026-05-31,ロフト,ロフト390,（不明）,4560440431384,1036,0,2026-05,2026-06-01 06:54:33
2026-05-31,ロフト,ロフト390,（不明）,4560440431438,1016,0,2026-05,2026-06-01 06:54:33
2026-05-31,ロフト,ロフト390,（不明）,4560440431445,1016,2,2026-05,2026-06-01 06:54:33
2026-05-31,ロフト,ロフト390,（不明）,4560440431476,1015,0,2026-05,2026-06-01 06:54:33
2026-05-31,ロフト,ロフト390,（不明）,4560440431513,1015,4,2026-05,2026-06-01 06:54:33
2026-05-31,ロフト,ロフト390,（不明）,4560449979313,1110,9,2026-05,2026-06-01 06:54:33
2026-05-31,ロフト,ロフト390,（不明）,4560449979405,1110,2,2026-05,2026-06-01 06:54:33
2026-05-31,ロフト,ロフト390,（不明）,4560449979917,1110,9,2026-05,2026-06-01 06:54:33
2026-05-31,ロフト,ロフト390,（不明）,4560449979931,1110,3,2026-05,2026-06-01 06:54:33
2026-05-31,ロフト,ロフト390,（不明）,4560449982696,1110,0,2026-05,2026-06-01 06:54:33
2026-05-31,ロフト,ロフト390,（不明）,4560449982726,1110,0,2026-05,2026-06-01 06:54:33
2026-05-31,ロフト,ロフト390,（不明）,4573473052006,1013,1,2026-05,2026-06-01 06:54:33
2026-05-31,ロフト,ロフト390,（不明）,4573473052136,1013,6,2026-05,2026-06-01 06:54:33
2026-05-31,ロフト,ロフト390,（不明）,4573473052235,1035,1,2026-05,2026-06-01 06:54:33
2026-05-31,ロフト,ロフト390,（不明）,4573473052303,1029,0,2026-05,2026-06-01 06:54:33
2026-05-31,ロフト,ロフト390,（不明）,4573587350210,1762,3,2026-05,2026-06-01 06:54:33
2026-05-31,ロフト,ロフト390,（不明）,4573587350258,1762,3,2026-05,2026-06-01 06:54:33
2026-05-31,ロフト,ロフト390,（不明）,4573587350616,1762,0,2026-05,2026-06-01 06:54:33
2026-05-31,ロフト,ロフト390,（不明）,4573587350654,1762,1,2026-05,2026-06-01 06:54:33
2026-05-31,ロフト,ロフト390,（不明）,4573587350678,1762,0,2026-05,2026-06-01 06:54:33
2026-05-31,ロフト,ロフト390,（不明）,4573694000015,1110,1,2026-05,2026-06-01 06:54:33
2026-05-31,ロフト,ロフト390,（不明）,4573694000091,1097,0,2026-05,2026-06-01 06:54:33
2026-05-31,ロフト,ロフト390,（不明）,4573694002903,1110,2,2026-05,2026-06-01 06:54:33
2026-05-31,ロフト,ロフト390,（不明）,4573694004396,1110,2,2026-05,2026-06-01 06:54:33
2026-05-31,ロフト,ロフト390,（不明）,4580886250011,1013,1,2026-05,2026-06-01 06:54:33
2026-05-31,ロフト,ロフト390,（不明）,4582784162977,1762,2,2026-05,2026-06-01 06:54:33
2026-05-31,ロフト,ロフト390,（不明）,4582784162984,1762,2,2026-05,2026-06-01 06:54:33
2026-05-31,ロフト,ロフト390,（不明）,4582784163233,1762,0,2026-05,2026-06-01 06:54:33
2026-05-31,ロフト,ロフト390,（不明）,4582784163240,1762,1,2026-05,2026-06-01 06:54:33
2026-05-31,ロフト,ロフト390,（不明）,4582784166104,1762,0,2026-05,2026-06-01 06:54:33
2026-05-31,ロフト,ロフト390,（不明）,4582784166111,1762,0,2026-05,2026-06-01 06:54:33
2026-05-31,ロフト,ロフト390,（不明）,4582784166128,1762,1,2026-05,2026-06-01 06:54:33
2026-05-31,ロフト,ロフト390,（不明）,4582784166784,1762,0,2026-05,2026-06-01 06:54:33
2026-05-31,ロフト,ロフト390,（不明）,4582784166791,1762,1,2026-05,2026-06-01 06:54:33
2026-05-31,ロフト,ロフト390,（不明）,4589814757080,1258,7,2026-05,2026-06-01 06:54:33
2026-05-31,ロフト,ロフト390,（不明）,8809672176332,1266,0,2026-05,2026-06-01 06:54:33
2026-05-31,ロフト,ロフト390,（不明）,8809672176684,1250,1,2026-05,2026-06-01 06:54:33
2026-05-31,ロフト,ロフト391,（不明）,4560440431087,1016,0,2026-05,2026-06-01 06:54:33
2026-05-31,ロフト,ロフト391,（不明）,4560440431117,1036,2,2026-05,2026-06-01 06:54:33
2026-05-31,ロフト,ロフト391,（不明）,4560440431124,1036,0,2026-05,2026-06-01 06:54:33
2026-05-31,ロフト,ロフト391,（不明）,4560440431179,1016,0,2026-05,2026-06-01 06:54:33
2026-05-31,ロフト,ロフト391,（不明）,4560440431230,1015,0,2026-05,2026-06-01 06:54:33
2026-05-31,ロフト,ロフト391,（不明）,4560440431353,1016,1,2026-05,2026-06-01 06:54:33
2026-05-31,ロフト,ロフト391,（不明）,4560440431384,1036,0,2026-05,2026-06-01 06:54:33
2026-05-31,ロフト,ロフト391,（不明）,4560440431414,1016,1,2026-05,2026-06-01 06:54:33
2026-05-31,ロフト,ロフト391,（不明）,4560440431438,1016,1,2026-05,2026-06-01 06:54:33
2026-05-31,ロフト,ロフト391,（不明）,4560440431452,1036,0,2026-05,2026-06-01 06:54:33
2026-05-31,ロフト,ロフト391,（不明）,4560440431513,1015,1,2026-05,2026-06-01 06:54:33
2026-05-31,ロフト,ロフト391,（不明）,4560449970280,1762,1,2026-05,2026-06-01 06:54:33
2026-05-31,ロフト,ロフト391,（不明）,4560449979313,1110,11,2026-05,2026-06-01 06:54:33
2026-05-31,ロフト,ロフト391,（不明）,4560449979405,1110,1,2026-05,2026-06-01 06:54:33
2026-05-31,ロフト,ロフト391,（不明）,4560449979917,1110,15,2026-05,2026-06-01 06:54:33
2026-05-31,ロフト,ロフト391,（不明）,4560449979931,1110,2,2026-05,2026-06-01 06:54:33
2026-05-31,ロフト,ロフト391,（不明）,4560449982696,1110,1,2026-05,2026-06-01 06:54:33
2026-05-31,ロフト,ロフト391,（不明）,4560449982726,1110,0,2026-05,2026-06-01 06:54:33
2026-05-31,ロフト,ロフト391,（不明）,4573473052006,1013,3,2026-05,2026-06-01 06:54:33
2026-05-31,ロフト,ロフト391,（不明）,4573473052136,1013,12,2026-05,2026-06-01 06:54:33
2026-05-31,ロフト,ロフト391,（不明）,4573473052235,1035,1,2026-05,2026-06-01 06:54:33
2026-05-31,ロフト,ロフト391,（不明）,4573473052303,1029,0,2026-05,2026-06-01 06:54:33
2026-05-31,ロフト,ロフト391,（不明）,4573587350210,1762,1,2026-05,2026-06-01 06:54:33
2026-05-31,ロフト,ロフト391,（不明）,4573587350258,1762,0,2026-05,2026-06-01 06:54:33
2026-05-31,ロフト,ロフト391,（不明）,4573587350616,1762,0,2026-05,2026-06-01 06:54:33
2026-05-31,ロフト,ロフト391,（不明）,4573587350654,1762,1,2026-05,2026-06-01 06:54:33
2026-05-31,ロフト,ロフト391,（不明）,4573587350678,1762,0,2026-05,2026-06-01 06:54:33
2026-05-31,ロフト,ロフト391,（不明）,4573694000015,1110,1,2026-05,2026-06-01 06:54:33
2026-05-31,ロフト,ロフト391,（不明）,4573694000091,1097,0,2026-05,2026-06-01 06:54:33
2026-05-31,ロフト,ロフト391,（不明）,4582784162977,1762,1,2026-05,2026-06-01 06:54:33
2026-05-31,ロフト,ロフト391,（不明）,4582784162984,1762,0,2026-05,2026-06-01 06:54:33
2026-05-31,ロフト,ロフト391,（不明）,4582784163233,1762,2,2026-05,2026-06-01 06:54:33
2026-05-31,ロフト,ロフト391,（不明）,4582784163240,1762,0,2026-05,2026-06-01 06:54:33
2026-05-31,ロフト,ロフト391,（不明）,4582784166784,1762,1,2026-05,2026-06-01 06:54:33
2026-05-31,ロフト,ロフト391,（不明）,4582784166791,1762,1,2026-05,2026-06-01 06:54:33
2026-05-31,ロフト,ロフト391,（不明）,4595315976011,1222,1,2026-05,2026-06-01 06:54:33
2026-05-31,ロフト,ロフト391,（不明）,4595988311096,1220,0,2026-05,2026-06-01 06:54:33
2026-05-31,ロフト,ロフト391,（不明）,4595988311119,1220,0,2026-05,2026-06-01 06:54:33
2026-05-31,ロフト,ロフト391,（不明）,8809317963556,1723,0,2026-05,2026-06-01 06:54:33
2026-05-31,ロフト,ロフト391,（不明）,8809317967943,1723,0,2026-05,2026-06-01 06:54:33
2026-05-31,ロフト,ロフト391,（不明）,8809541199998,1723,0,2026-05,2026-06-01 06:54:33
2026-05-31,ロフト,ロフト391,（不明）,8809672176332,1266,0,2026-05,2026-06-01 06:54:33
2026-05-31,ロフト,ロフト391,（不明）,8809672176684,1250,0,2026-05,2026-06-01 06:54:33
2026-05-31,ロフト,ロフト391,（不明）,8809823390297,1723,0,2026-05,2026-06-01 06:54:33
2026-05-31,ロフト,ロフト391,（不明）,8809849807694,1092,2,2026-05,2026-06-01 06:54:33
2026-05-31,ロフト,ロフト391,（不明）,8809849808400,1092,1,2026-05,2026-06-01 06:54:33
2026-05-31,ロフト,ロフト391,（不明）,8809849808424,1092,1,2026-05,2026-06-01 06:54:33
2026-05-31,ロフト,ロフト392,（不明）,4560440431087,1016,1,2026-05,2026-06-01 06:54:33
2026-05-31,ロフト,ロフト392,（不明）,4560440431094,1016,0,2026-05,2026-06-01 06:54:33
2026-05-31,ロフト,ロフト392,（不明）,4560440431117,1036,0,2026-05,2026-06-01 06:54:33
2026-05-31,ロフト,ロフト392,（不明）,4560440431124,1036,0,2026-05,2026-06-01 06:54:33
2026-05-31,ロフト,ロフト392,（不明）,4560440431148,1016,0,2026-05,2026-06-01 06:54:33
2026-05-31,ロフト,ロフト392,（不明）,4560440431193,1036,0,2026-05,2026-06-01 06:54:33
2026-05-31,ロフト,ロフト392,（不明）,4560440431230,1015,0,2026-05,2026-06-01 06:54:33
2026-05-31,ロフト,ロフト392,（不明）,4560440431407,1016,1,2026-05,2026-06-01 06:54:33
2026-05-31,ロフト,ロフト392,（不明）,4560440431452,1036,0,2026-05,2026-06-01 06:54:33
2026-05-31,ロフト,ロフト392,（不明）,4560440431506,1015,0,2026-05,2026-06-01 06:54:33
2026-05-31,ロフト,ロフト392,（不明）,4560449979313,1110,3,2026-05,2026-06-01 06:54:33
2026-05-31,ロフト,ロフト392,（不明）,4560449979405,1110,1,2026-05,2026-06-01 06:54:33
2026-05-31,ロフト,ロフト392,（不明）,4560449979917,1110,3,2026-05,2026-06-01 06:54:33
2026-05-31,ロフト,ロフト392,（不明）,4560449979931,1110,0,2026-05,2026-06-01 06:54:33
2026-05-31,ロフト,ロフト392,（不明）,4560449982696,1110,0,2026-05,2026-06-01 06:54:33
2026-05-31,ロフト,ロフト392,（不明）,4560449982726,1110,0,2026-05,2026-06-01 06:54:33
2026-05-31,ロフト,ロフト392,（不明）,4573587350258,1762,0,2026-05,2026-06-01 06:54:33
2026-05-31,ロフト,ロフト392,（不明）,4573587350616,1762,1,2026-05,2026-06-01 06:54:33
2026-05-31,ロフト,ロフト392,（不明）,4573587350630,1762,0,2026-05,2026-06-01 06:54:33
2026-05-31,ロフト,ロフト392,（不明）,4573587350654,1762,0,2026-05,2026-06-01 06:54:33
2026-05-31,ロフト,ロフト392,（不明）,4573694002903,1110,0,2026-05,2026-06-01 06:54:33
2026-05-31,ロフト,ロフト392,（不明）,4573694002934,1110,0,2026-05,2026-06-01 06:54:33
2026-05-31,ロフト,ロフト392,（不明）,4582784162977,1762,0,2026-05,2026-06-01 06:54:33
2026-05-31,ロフト,ロフト392,（不明）,4582784162984,1762,0,2026-05,2026-06-01 06:54:33
2026-05-31,ロフト,ロフト392,（不明）,4582784166104,1762,0,2026-05,2026-06-01 06:54:33
2026-05-31,ロフト,ロフト392,（不明）,4582784166111,1762,0,2026-05,2026-06-01 06:54:33
2026-05-31,ロフト,ロフト392,（不明）,4582784166128,1762,0,2026-05,2026-06-01 06:54:33
2026-05-31,ロフト,ロフト392,（不明）,8809672173799,1266,0,2026-05,2026-06-01 06:54:33
2026-05-31,ロフト,ロフト392,（不明）,8809672174949,1266,0,2026-05,2026-06-01 06:54:33
2026-05-31,ロフト,ロフト393,（不明）,4560440431179,1016,1,2026-05,2026-06-01 06:54:33
2026-05-31,ロフト,ロフト393,（不明）,4560440431223,1015,0,2026-05,2026-06-01 06:54:33
2026-05-31,ロフト,ロフト393,（不明）,4560440431230,1015,0,2026-05,2026-06-01 06:54:33
2026-05-31,ロフト,ロフト393,（不明）,4560440431346,1016,0,2026-05,2026-06-01 06:54:33
2026-05-31,ロフト,ロフト393,（不明）,4560440431353,1016,1,2026-05,2026-06-01 06:54:33
2026-05-31,ロフト,ロフト393,（不明）,4560440431384,1036,2,2026-05,2026-06-01 06:54:33
2026-05-31,ロフト,ロフト393,（不明）,4560440431414,1016,1,2026-05,2026-06-01 06:54:33
2026-05-31,ロフト,ロフト393,（不明）,4560440431452,1036,0,2026-05,2026-06-01 06:54:33
2026-05-31,ロフト,ロフト393,（不明）,4560440431476,1015,0,2026-05,2026-06-01 06:54:33
2026-05-31,ロフト,ロフト393,（不明）,4560440431490,1015,0,2026-05,2026-06-01 06:54:33
2026-05-31,ロフト,ロフト393,（不明）,4560440431599,1034,0,2026-05,2026-06-01 06:54:33
2026-05-31,ロフト,ロフト393,（不明）,4560440431711,1034,1,2026-05,2026-06-01 06:54:33
2026-05-31,ロフト,ロフト393,（不明）,4560440431742,1034,0,2026-05,2026-06-01 06:54:33
2026-05-31,ロフト,ロフト393,（不明）,4560449979313,1110,4,2026-05,2026-06-01 06:54:33
2026-05-31,ロフト,ロフト393,（不明）,4560449979405,1110,1,2026-05,2026-06-01 06:54:33
2026-05-31,ロフト,ロフト393,（不明）,4560449979917,1110,7,2026-05,2026-06-01 06:54:33
2026-05-31,ロフト,ロフト393,（不明）,4560449979931,1110,1,2026-05,2026-06-01 06:54:33
2026-05-31,ロフト,ロフト393,（不明）,4560449982696,1110,0,2026-05,2026-06-01 06:54:33
2026-05-31,ロフト,ロフト393,（不明）,4560449982726,1110,0,2026-05,2026-06-01 06:54:33
2026-05-31,ロフト,ロフト393,（不明）,4573473052006,1013,0,2026-05,2026-06-01 06:54:33
2026-05-31,ロフト,ロフト393,（不明）,4573473052136,1013,5,2026-05,2026-06-01 06:54:33
2026-05-31,ロフト,ロフト393,（不明）,4573473052235,1035,0,2026-05,2026-06-01 06:54:33
2026-05-31,ロフト,ロフト393,（不明）,4573473052303,1029,0,2026-05,2026-06-01 06:54:33
2026-05-31,ロフト,ロフト393,（不明）,4573587350210,1762,1,2026-05,2026-06-01 06:54:33
2026-05-31,ロフト,ロフト393,（不明）,4573587350258,1762,0,2026-05,2026-06-01 06:54:33
2026-05-31,ロフト,ロフト393,（不明）,4573587350616,1762,1,2026-05,2026-06-01 06:54:33
2026-05-31,ロフト,ロフト393,（不明）,4573587350630,1762,0,2026-05,2026-06-01 06:54:33
2026-05-31,ロフト,ロフト393,（不明）,4573587350654,1762,1,2026-05,2026-06-01 06:54:33
2026-05-31,ロフト,ロフト393,（不明）,4573587350678,1762,0,2026-05,2026-06-01 06:54:33
2026-05-31,ロフト,ロフト393,（不明）,4573694002903,1110,1,2026-05,2026-06-01 06:54:33
2026-05-31,ロフト,ロフト393,（不明）,4573694002934,1110,0,2026-05,2026-06-01 06:54:33
2026-05-31,ロフト,ロフト393,（不明）,4580886250011,1013,0,2026-05,2026-06-01 06:54:33
2026-05-31,ロフト,ロフト393,（不明）,4582784162977,1762,0,2026-05,2026-06-01 06:54:33
2026-05-31,ロフト,ロフト393,（不明）,4582784162984,1762,0,2026-05,2026-06-01 06:54:33
2026-05-31,ロフト,ロフト393,（不明）,4582784166104,1762,0,2026-05,2026-06-01 06:54:33
2026-05-31,ロフト,ロフト393,（不明）,4582784166111,1762,0,2026-05,2026-06-01 06:54:33
2026-05-31,ロフト,ロフト393,（不明）,4582784166128,1762,0,2026-05,2026-06-01 06:54:33
2026-05-31,ロフト,ロフト393,（不明）,4582784166784,1762,1,2026-05,2026-06-01 06:54:33
2026-05-31,ロフト,ロフト393,（不明）,4582784166791,1762,0,2026-05,2026-06-01 06:54:33
2026-05-31,ロフト,ロフト393,（不明）,4595317659110,1013,1,2026-05,2026-06-01 06:54:33
2026-05-31,ロフト,ロフト393,（不明）,4595317659127,1013,0,2026-05,2026-06-01 06:54:33
2026-05-31,ロフト,ロフト393,（不明）,4595317659738,1013,1,2026-05,2026-06-01 06:54:33
2026-05-31,ロフト,ロフト393,（不明）,4595317659745,1013,4,2026-05,2026-06-01 06:54:33
2026-05-31,ロフト,ロフト393,（不明）,4595317659752,1013,10,2026-05,2026-06-01 06:54:33
2026-05-31,ロフト,ロフト394,（不明）,4560440431186,1016,0,2026-05,2026-06-01 06:54:33
2026-05-31,ロフト,ロフト394,（不明）,4560440431216,1015,0,2026-05,2026-06-01 06:54:33
2026-05-31,ロフト,ロフト394,（不明）,4560440431414,1016,1,2026-05,2026-06-01 06:54:33
2026-05-31,ロフト,ロフト394,（不明）,4560440431513,1015,2,2026-05,2026-06-01 06:54:33
2026-05-31,ロフト,ロフト394,（不明）,4560440431599,1034,2,2026-05,2026-06-01 06:54:33
2026-05-31,ロフト,ロフト394,（不明）,4560449979313,1110,6,2026-05,2026-06-01 06:54:33
2026-05-31,ロフト,ロフト394,（不明）,4560449979405,1110,2,2026-05,2026-06-01 06:54:33
2026-05-31,ロフト,ロフト394,（不明）,4560449979917,1110,4,2026-05,2026-06-01 06:54:33
2026-05-31,ロフト,ロフト394,（不明）,4560449979931,1110,0,2026-05,2026-06-01 06:54:33
2026-05-31,ロフト,ロフト394,（不明）,4560449982696,1110,0,2026-05,2026-06-01 06:54:33
2026-05-31,ロフト,ロフト394,（不明）,4560449982726,1110,0,2026-05,2026-06-01 06:54:33
2026-05-31,ロフト,ロフト394,（不明）,4573473052006,1013,1,2026-05,2026-06-01 06:54:33
2026-05-31,ロフト,ロフト394,（不明）,4573473052136,1013,2,2026-05,2026-06-01 06:54:33
2026-05-31,ロフト,ロフト394,（不明）,4573473052235,1035,2,2026-05,2026-06-01 06:54:33
2026-05-31,ロフト,ロフト394,（不明）,4573473052303,1029,0,2026-05,2026-06-01 06:54:33
2026-05-31,ロフト,ロフト394,（不明）,4573587350210,1762,1,2026-05,2026-06-01 06:54:33
2026-05-31,ロフト,ロフト394,（不明）,4573587350616,1762,1,2026-05,2026-06-01 06:54:33
2026-05-31,ロフト,ロフト394,（不明）,4573587350654,1762,1,2026-05,2026-06-01 06:54:33
2026-05-31,ロフト,ロフト394,（不明）,4573587350678,1762,1,2026-05,2026-06-01 06:54:33
2026-05-31,ロフト,ロフト394,（不明）,4573694002903,1110,3,2026-05,2026-06-01 06:54:33
2026-05-31,ロフト,ロフト394,（不明）,4573694002934,1110,2,2026-05,2026-06-01 06:54:33
2026-05-31,ロフト,ロフト394,（不明）,4580886250011,1013,1,2026-05,2026-06-01 06:54:33
2026-05-31,ロフト,ロフト394,（不明）,4582784162977,1762,0,2026-05,2026-06-01 06:54:33
2026-05-31,ロフト,ロフト394,（不明）,4582784162984,1762,0,2026-05,2026-06-01 06:54:33
2026-05-31,ロフト,ロフト394,（不明）,4582784166104,1762,0,2026-05,2026-06-01 06:54:33
2026-05-31,ロフト,ロフト394,（不明）,4582784166111,1762,1,2026-05,2026-06-01 06:54:33
2026-05-31,ロフト,ロフト394,（不明）,4582784166128,1762,0,2026-05,2026-06-01 06:54:33
2026-05-31,ロフト,ロフト394,（不明）,4582784166784,1762,0,2026-05,2026-06-01 06:54:33
2026-05-31,ロフト,ロフト394,（不明）,4582784166791,1762,0,2026-05,2026-06-01 06:54:33
2026-05-31,ロフト,ロフト394,（不明）,4595317659110,1013,2,2026-05,2026-06-01 06:54:33
2026-05-31,ロフト,ロフト394,（不明）,4595317659127,1013,1,2026-05,2026-06-01 06:54:33
2026-05-31,ロフト,ロフト394,（不明）,4595317659738,1013,1,2026-05,2026-06-01 06:54:33
2026-05-31,ロフト,ロフト394,（不明）,4595317659745,1013,6,2026-05,2026-06-01 06:54:33
2026-05-31,ロフト,ロフト394,（不明）,4595317659752,1013,7,2026-05,2026-06-01 06:54:33
2026-05-31,ロフト,ロフト395,（不明）,4560440431087,1016,0,2026-05,2026-06-01 06:54:33
2026-05-31,ロフト,ロフト395,（不明）,4560440431148,1016,1,2026-05,2026-06-01 06:54:33
2026-05-31,ロフト,ロフト395,（不明）,4560440431216,1015,0,2026-05,2026-06-01 06:54:33
2026-05-31,ロフト,ロフト395,（不明）,4560440431353,1016,2,2026-05,2026-06-01 06:54:33
2026-05-31,ロフト,ロフト395,（不明）,4560440431407,1016,1,2026-05,2026-06-01 06:54:33
2026-05-31,ロフト,ロフト395,（不明）,4560440431414,1016,1,2026-05,2026-06-01 06:54:33
2026-05-31,ロフト,ロフト395,（不明）,4560440431490,1015,0,2026-05,2026-06-01 06:54:33
2026-05-31,ロフト,ロフト395,（不明）,4560440431520,1015,0,2026-05,2026-06-01 06:54:33
2026-05-31,ロフト,ロフト395,（不明）,4560440431599,1034,7,2026-05,2026-06-01 06:54:33
2026-05-31,ロフト,ロフト395,（不明）,4560440431711,1034,0,2026-05,2026-06-01 06:54:33
2026-05-31,ロフト,ロフト395,（不明）,4560440431742,1034,0,2026-05,2026-06-01 06:54:33
2026-05-31,ロフト,ロフト395,（不明）,4560449979313,1110,3,2026-05,2026-06-01 06:54:33
2026-05-31,ロフト,ロフト395,（不明）,4560449979405,1110,0,2026-05,2026-06-01 06:54:33
2026-05-31,ロフト,ロフト395,（不明）,4560449979917,1110,7,2026-05,2026-06-01 06:54:33
2026-05-31,ロフト,ロフト395,（不明）,4560449979931,1110,2,2026-05,2026-06-01 06:54:33
2026-05-31,ロフト,ロフト395,（不明）,4560449982696,1110,1,2026-05,2026-06-01 06:54:33
2026-05-31,ロフト,ロフト395,（不明）,4560449982726,1110,0,2026-05,2026-06-01 06:54:33
2026-05-31,ロフト,ロフト395,（不明）,4573473052006,1013,0,2026-05,2026-06-01 06:54:33
2026-05-31,ロフト,ロフト395,（不明）,4573473052136,1013,3,2026-05,2026-06-01 06:54:33
2026-05-31,ロフト,ロフト395,（不明）,4573473052235,1035,1,2026-05,2026-06-01 06:54:33
2026-05-31,ロフト,ロフト395,（不明）,4573473052303,1029,0,2026-05,2026-06-01 06:54:33
2026-05-31,ロフト,ロフト395,（不明）,4573587350210,1762,0,2026-05,2026-06-01 06:54:33
2026-05-31,ロフト,ロフト395,（不明）,4573587350616,1762,0,2026-05,2026-06-01 06:54:33
2026-05-31,ロフト,ロフト395,（不明）,4573587350630,1762,1,2026-05,2026-06-01 06:54:33
2026-05-31,ロフト,ロフト395,（不明）,4573587350654,1762,0,2026-05,2026-06-01 06:54:33
2026-05-31,ロフト,ロフト395,（不明）,4573587350678,1762,1,2026-05,2026-06-01 06:54:33
2026-05-31,ロフト,ロフト395,（不明）,4573694002903,1110,1,2026-05,2026-06-01 06:54:33
2026-05-31,ロフト,ロフト395,（不明）,4573694002934,1110,0,2026-05,2026-06-01 06:54:33
2026-05-31,ロフト,ロフト395,（不明）,4582784162977,1762,1,2026-05,2026-06-01 06:54:33
2026-05-31,ロフト,ロフト395,（不明）,4582784162984,1762,0,2026-05,2026-06-01 06:54:33
2026-05-31,ロフト,ロフト395,（不明）,4582784166104,1762,0,2026-05,2026-06-01 06:54:33
2026-05-31,ロフト,ロフト395,（不明）,4582784166111,1762,1,2026-05,2026-06-01 06:54:33
2026-05-31,ロフト,ロフト395,（不明）,4582784166128,1762,0,2026-05,2026-06-01 06:54:33
2026-05-31,ロフト,ロフト395,（不明）,4582784166784,1762,0,2026-05,2026-06-01 06:54:33
2026-05-31,ロフト,ロフト395,（不明）,4582784166791,1762,0,2026-05,2026-06-01 06:54:33
2026-05-31,ロフト,ロフト395,（不明）,4595988311089,1220,1,2026-05,2026-06-01 06:54:33
2026-05-31,ロフト,ロフト395,（不明）,4595988311096,1220,0,2026-05,2026-06-01 06:54:33
2026-05-31,ロフト,ロフト395,（不明）,4595988311119,1220,0,2026-05,2026-06-01 06:54:33
2026-05-31,ロフト,ロフト396,（不明）,4560440431599,1034,2,2026-05,2026-06-01 06:54:33
2026-05-31,ロフト,ロフト396,（不明）,4560449979313,1110,14,2026-05,2026-06-01 06:54:33
2026-05-31,ロフト,ロフト396,（不明）,4560449979405,1110,1,2026-05,2026-06-01 06:54:33
2026-05-31,ロフト,ロフト396,（不明）,4560449979917,1110,19,2026-05,2026-06-01 06:54:33
2026-05-31,ロフト,ロフト396,（不明）,4560449979931,1110,2,2026-05,2026-06-01 06:54:33
2026-05-31,ロフト,ロフト396,（不明）,4560449982696,1110,1,2026-05,2026-06-01 06:54:33
2026-05-31,ロフト,ロフト396,（不明）,4560449982726,1110,0,2026-05,2026-06-01 06:54:33
2026-05-31,ロフト,ロフト396,（不明）,4573473052006,1013,1,2026-05,2026-06-01 06:54:33
2026-05-31,ロフト,ロフト396,（不明）,4573473052136,1013,0,2026-05,2026-06-01 06:54:33
2026-05-31,ロフト,ロフト396,（不明）,4573473052235,1035,0,2026-05,2026-06-01 06:54:33
2026-05-31,ロフト,ロフト396,（不明）,4573473052303,1029,0,2026-05,2026-06-01 06:54:33
2026-05-31,ロフト,ロフト396,（不明）,4573587350210,1762,2,2026-05,2026-06-01 06:54:33
2026-05-31,ロフト,ロフト396,（不明）,4573587350258,1762,1,2026-05,2026-06-01 06:54:33
2026-05-31,ロフト,ロフト396,（不明）,4573587350616,1762,1,2026-05,2026-06-01 06:54:33
2026-05-31,ロフト,ロフト396,（不明）,4573587350630,1762,0,2026-05,2026-06-01 06:54:33
2026-05-31,ロフト,ロフト396,（不明）,4573587350654,1762,1,2026-05,2026-06-01 06:54:33
2026-05-31,ロフト,ロフト396,（不明）,4573587350678,1762,0,2026-05,2026-06-01 06:54:33
2026-05-31,ロフト,ロフト396,（不明）,4573694000091,1097,0,2026-05,2026-06-01 06:54:33
2026-05-31,ロフト,ロフト396,（不明）,4573694002903,1110,1,2026-05,2026-06-01 06:54:33
2026-05-31,ロフト,ロフト396,（不明）,4573694002934,1110,1,2026-05,2026-06-01 06:54:33
2026-05-31,ロフト,ロフト396,（不明）,4580886250011,1013,1,2026-05,2026-06-01 06:54:33
2026-05-31,ロフト,ロフト396,（不明）,4582784162977,1762,0,2026-05,2026-06-01 06:54:33
2026-05-31,ロフト,ロフト396,（不明）,4582784162984,1762,2,2026-05,2026-06-01 06:54:33
2026-05-31,ロフト,ロフト396,（不明）,4582784163233,1762,0,2026-05,2026-06-01 06:54:33
2026-05-31,ロフト,ロフト396,（不明）,4582784163240,1762,0,2026-05,2026-06-01 06:54:33
2026-05-31,ロフト,ロフト396,（不明）,4582784166104,1762,0,2026-05,2026-06-01 06:54:33
2026-05-31,ロフト,ロフト396,（不明）,4582784166111,1762,0,2026-05,2026-06-01 06:54:33
2026-05-31,ロフト,ロフト396,（不明）,4582784166128,1762,1,2026-05,2026-06-01 06:54:33
2026-05-31,ロフト,ロフト396,（不明）,4582784166784,1762,1,2026-05,2026-06-01 06:54:33
2026-05-31,ロフト,ロフト396,（不明）,4582784166791,1762,0,2026-05,2026-06-01 06:54:33
2026-05-31,ロフト,ロフト396,（不明）,4595315976011,1222,0,2026-05,2026-06-01 06:54:33
2026-05-31,ロフト,ロフト396,（不明）,4595988311089,1220,4,2026-05,2026-06-01 06:54:33
2026-05-31,ロフト,ロフト396,（不明）,4595988311096,1220,1,2026-05,2026-06-01 06:54:33
2026-05-31,ロフト,ロフト396,（不明）,4595988311119,1220,0,2026-05,2026-06-01 06:54:33
2026-05-31,ロフト,ロフト396,（不明）,8809849808400,1092,1,2026-05,2026-06-01 06:54:33
2026-05-31,ロフト,ロフト397,（不明）,4560440431216,1015,0,2026-05,2026-06-01 06:54:33
2026-05-31,ロフト,ロフト397,（不明）,4560440431414,1016,1,2026-05,2026-06-01 06:54:33
2026-05-31,ロフト,ロフト397,（不明）,4560440431438,1016,0,2026-05,2026-06-01 06:54:33
2026-05-31,ロフト,ロフト397,（不明）,4560440431490,1015,0,2026-05,2026-06-01 06:54:33
2026-05-31,ロフト,ロフト397,（不明）,4560440431513,1015,3,2026-05,2026-06-01 06:54:33
2026-05-31,ロフト,ロフト397,（不明）,4560449970273,1762,2,2026-05,2026-06-01 06:54:33
2026-05-31,ロフト,ロフト397,（不明）,4560449970280,1762,0,2026-05,2026-06-01 06:54:33
2026-05-31,ロフト,ロフト397,（不明）,4560449979313,1110,19,2026-05,2026-06-01 06:54:33
2026-05-31,ロフト,ロフト397,（不明）,4560449979405,1110,2,2026-05,2026-06-01 06:54:33
2026-05-31,ロフト,ロフト397,（不明）,4560449979443,1762,1,2026-05,2026-06-01 06:54:33
2026-05-31,ロフト,ロフト397,（不明）,4560449979467,1762,0,2026-05,2026-06-01 06:54:33
2026-05-31,ロフト,ロフト397,（不明）,4560449979917,1110,7,2026-05,2026-06-01 06:54:33
2026-05-31,ロフト,ロフト397,（不明）,4560449979931,1110,0,2026-05,2026-06-01 06:54:33
2026-05-31,ロフト,ロフト397,（不明）,4560449982696,1110,0,2026-05,2026-06-01 06:54:33
2026-05-31,ロフト,ロフト397,（不明）,4560449982726,1110,0,2026-05,2026-06-01 06:54:33
2026-05-31,ロフト,ロフト397,（不明）,4573473052006,1013,1,2026-05,2026-06-01 06:54:33
2026-05-31,ロフト,ロフト397,（不明）,4573473052136,1013,8,2026-05,2026-06-01 06:54:33
2026-05-31,ロフト,ロフト397,（不明）,4573473052235,1035,0,2026-05,2026-06-01 06:54:33
2026-05-31,ロフト,ロフト397,（不明）,4573473052303,1029,1,2026-05,2026-06-01 06:54:33
2026-05-31,ロフト,ロフト397,（不明）,4573587350210,1762,1,2026-05,2026-06-01 06:54:33
2026-05-31,ロフト,ロフト397,（不明）,4573587350258,1762,3,2026-05,2026-06-01 06:54:33
2026-05-31,ロフト,ロフト397,（不明）,4573587350616,1762,1,2026-05,2026-06-01 06:54:33
2026-05-31,ロフト,ロフト397,（不明）,4573587350630,1762,0,2026-05,2026-06-01 06:54:33
2026-05-31,ロフト,ロフト397,（不明）,4573587350654,1762,0,2026-05,2026-06-01 06:54:33
2026-05-31,ロフト,ロフト397,（不明）,4573587350678,1762,0,2026-05,2026-06-01 06:54:33
2026-05-31,ロフト,ロフト397,（不明）,4573694000015,1110,0,2026-05,2026-06-01 06:54:33
2026-05-31,ロフト,ロフト397,（不明）,4573694002903,1110,3,2026-05,2026-06-01 06:54:33
2026-05-31,ロフト,ロフト397,（不明）,4573694002934,1110,0,2026-05,2026-06-01 06:54:33
2026-05-31,ロフト,ロフト397,（不明）,4580886250011,1013,0,2026-05,2026-06-01 06:54:33
2026-05-31,ロフト,ロフト397,（不明）,4582784162977,1762,0,2026-05,2026-06-01 06:54:33
2026-05-31,ロフト,ロフト397,（不明）,4582784162984,1762,1,2026-05,2026-06-01 06:54:33
2026-05-31,ロフト,ロフト397,（不明）,4582784166104,1762,0,2026-05,2026-06-01 06:54:33
2026-05-31,ロフト,ロフト397,（不明）,4582784166111,1762,2,2026-05,2026-06-01 06:54:33
2026-05-31,ロフト,ロフト397,（不明）,4582784166128,1762,2,2026-05,2026-06-01 06:54:33
2026-05-31,ロフト,ロフト397,（不明）,4582784166784,1762,0,2026-05,2026-06-01 06:54:33
2026-05-31,ロフト,ロフト397,（不明）,4582784166791,1762,1,2026-05,2026-06-01 06:54:33
2026-05-31,ロフト,ロフト397,（不明）,4589814757080,1258,2,2026-05,2026-06-01 06:54:33
2026-05-31,ロフト,ロフト397,（不明）,4595317659110,1013,3,2026-05,2026-06-01 06:54:33
2026-05-31,ロフト,ロフト397,（不明）,4595317659127,1013,1,2026-05,2026-06-01 06:54:33
2026-05-31,ロフト,ロフト397,（不明）,4595317659738,1013,5,2026-05,2026-06-01 06:54:33
2026-05-31,ロフト,ロフト397,（不明）,4595317659745,1013,4,2026-05,2026-06-01 06:54:33
2026-05-31,ロフト,ロフト397,（不明）,4595317659752,1013,7,2026-05,2026-06-01 06:54:33
2026-05-31,ロフト,ロフト397,（不明）,8809317963556,1723,3,2026-05,2026-06-01 06:54:33
2026-05-31,ロフト,ロフト397,（不明）,8809317967943,1723,4,2026-05,2026-06-01 06:54:33
2026-05-31,ロフト,ロフト397,（不明）,8809541199998,1723,2,2026-05,2026-06-01 06:54:33
2026-05-31,ロフト,ロフト397,（不明）,8809823390297,1723,5,2026-05,2026-06-01 06:54:33
2026-05-31,ロフト,ロフト398,（不明）,4560440431223,1015,0,2026-05,2026-06-01 06:54:33
2026-05-31,ロフト,ロフト398,（不明）,4560440431247,1015,0,2026-05,2026-06-01 06:54:33
2026-05-31,ロフト,ロフト398,（不明）,4560440431346,1016,0,2026-05,2026-06-01 06:54:33
2026-05-31,ロフト,ロフト398,（不明）,4560440431353,1016,0,2026-05,2026-06-01 06:54:33
2026-05-31,ロフト,ロフト398,（不明）,4560440431377,1036,2,2026-05,2026-06-01 06:54:33
2026-05-31,ロフト,ロフト398,（不明）,4560440431407,1016,0,2026-05,2026-06-01 06:54:33
2026-05-31,ロフト,ロフト398,（不明）,4560449979313,1110,12,2026-05,2026-06-01 06:54:33
2026-05-31,ロフト,ロフト398,（不明）,4560449979405,1110,2,2026-05,2026-06-01 06:54:33
2026-05-31,ロフト,ロフト398,（不明）,4560449979917,1110,4,2026-05,2026-06-01 06:54:33
2026-05-31,ロフト,ロフト398,（不明）,4560449979931,1110,1,2026-05,2026-06-01 06:54:33
2026-05-31,ロフト,ロフト398,（不明）,4560449982696,1110,1,2026-05,2026-06-01 06:54:33
2026-05-31,ロフト,ロフト398,（不明）,4560449982726,1110,0,2026-05,2026-06-01 06:54:33
2026-05-31,ロフト,ロフト398,（不明）,4573473052006,1013,0,2026-05,2026-06-01 06:54:33
2026-05-31,ロフト,ロフト398,（不明）,4573473052136,1013,2,2026-05,2026-06-01 06:54:33
2026-05-31,ロフト,ロフト398,（不明）,4573473052235,1035,0,2026-05,2026-06-01 06:54:33
2026-05-31,ロフト,ロフト398,（不明）,4573473052303,1029,0,2026-05,2026-06-01 06:54:33
2026-05-31,ロフト,ロフト398,（不明）,4573587350210,1762,0,2026-05,2026-06-01 06:54:33
2026-05-31,ロフト,ロフト398,（不明）,4573587350258,1762,0,2026-05,2026-06-01 06:54:33
2026-05-31,ロフト,ロフト398,（不明）,4573587350616,1762,0,2026-05,2026-06-01 06:54:33
2026-05-31,ロフト,ロフト398,（不明）,4573587350630,1762,0,2026-05,2026-06-01 06:54:33
2026-05-31,ロフト,ロフト398,（不明）,4573587350654,1762,2,2026-05,2026-06-01 06:54:33
2026-05-31,ロフト,ロフト398,（不明）,4573587350678,1762,0,2026-05,2026-06-01 06:54:33
2026-05-31,ロフト,ロフト398,（不明）,4573694000015,1110,0,2026-05,2026-06-01 06:54:33
2026-05-31,ロフト,ロフト398,（不明）,4573694002903,1110,2,2026-05,2026-06-01 06:54:33
2026-05-31,ロフト,ロフト398,（不明）,4573694002934,1110,2,2026-05,2026-06-01 06:54:33
2026-05-31,ロフト,ロフト398,（不明）,4582784162977,1762,0,2026-05,2026-06-01 06:54:33
2026-05-31,ロフト,ロフト398,（不明）,4582784162984,1762,0,2026-05,2026-06-01 06:54:33
2026-05-31,ロフト,ロフト398,（不明）,4582784166104,1762,0,2026-05,2026-06-01 06:54:33
2026-05-31,ロフト,ロフト398,（不明）,4582784166111,1762,0,2026-05,2026-06-01 06:54:33
2026-05-31,ロフト,ロフト398,（不明）,4582784166128,1762,0,2026-05,2026-06-01 06:54:33
2026-05-31,ロフト,ロフト398,（不明）,4582784166784,1762,0,2026-05,2026-06-01 06:54:33
2026-05-31,ロフト,ロフト398,（不明）,4582784166791,1762,0,2026-05,2026-06-01 06:54:33
2026-05-31,ロフト,ロフト399,（不明）,4560440431094,1016,0,2026-05,2026-06-01 06:54:33
2026-05-31,ロフト,ロフト399,（不明）,4560440431407,1016,1,2026-05,2026-06-01 06:54:33
2026-05-31,ロフト,ロフト399,（不明）,4560440431414,1016,1,2026-05,2026-06-01 06:54:33
2026-05-31,ロフト,ロフト399,（不明）,4560440431452,1036,1,2026-05,2026-06-01 06:54:33
2026-05-31,ロフト,ロフト399,（不明）,4560449979313,1110,8,2026-05,2026-06-01 06:54:33
2026-05-31,ロフト,ロフト399,（不明）,4560449979405,1110,2,2026-05,2026-06-01 06:54:33
2026-05-31,ロフト,ロフト399,（不明）,4560449979917,1110,14,2026-05,2026-06-01 06:54:33
2026-05-31,ロフト,ロフト399,（不明）,4560449979931,1110,0,2026-05,2026-06-01 06:54:33
2026-05-31,ロフト,ロフト399,（不明）,4560449982696,1110,1,2026-05,2026-06-01 06:54:33
2026-05-31,ロフト,ロフト399,（不明）,4560449982726,1110,0,2026-05,2026-06-01 06:54:33
2026-05-31,ロフト,ロフト399,（不明）,4573473052006,1013,1,2026-05,2026-06-01 06:54:33
2026-05-31,ロフト,ロフト399,（不明）,4573473052136,1013,8,2026-05,2026-06-01 06:54:33
2026-05-31,ロフト,ロフト399,（不明）,4573473052235,1035,0,2026-05,2026-06-01 06:54:33
2026-05-31,ロフト,ロフト399,（不明）,4573473052303,1029,0,2026-05,2026-06-01 06:54:33
2026-05-31,ロフト,ロフト399,（不明）,4573587350210,1762,1,2026-05,2026-06-01 06:54:33
2026-05-31,ロフト,ロフト399,（不明）,4573587350258,1762,2,2026-05,2026-06-01 06:54:33
2026-05-31,ロフト,ロフト399,（不明）,4573587350616,1762,0,2026-05,2026-06-01 06:54:33
2026-05-31,ロフト,ロフト399,（不明）,4573587350630,1762,0,2026-05,2026-06-01 06:54:33
2026-05-31,ロフト,ロフト399,（不明）,4573587350654,1762,1,2026-05,2026-06-01 06:54:33
2026-05-31,ロフト,ロフト399,（不明）,4573587350678,1762,0,2026-05,2026-06-01 06:54:33
2026-05-31,ロフト,ロフト399,（不明）,4573694000091,1097,0,2026-05,2026-06-01 06:54:33
2026-05-31,ロフト,ロフト399,（不明）,4573694002903,1110,2,2026-05,2026-06-01 06:54:33
2026-05-31,ロフト,ロフト399,（不明）,4573694002934,1110,2,2026-05,2026-06-01 06:54:33
2026-05-31,ロフト,ロフト399,（不明）,4580886250011,1013,3,2026-05,2026-06-01 06:54:33
2026-05-31,ロフト,ロフト399,（不明）,4582784166104,1762,0,2026-05,2026-06-01 06:54:33
2026-05-31,ロフト,ロフト399,（不明）,4582784166111,1762,0,2026-05,2026-06-01 06:54:33
2026-05-31,ロフト,ロフト399,（不明）,4582784166128,1762,0,2026-05,2026-06-01 06:54:33
2026-05-31,ロフト,ロフト399,（不明）,4582784166784,1762,0,2026-05,2026-06-01 06:54:33
2026-05-31,ロフト,ロフト399,（不明）,4582784166791,1762,2,2026-05,2026-06-01 06:54:33
2026-05-31,ロフト,ロフト399,（不明）,4589814757080,1258,1,2026-05,2026-06-01 06:54:33
2026-05-31,ロフト,ロフト399,（不明）,4595317659110,1013,3,2026-05,2026-06-01 06:54:33
2026-05-31,ロフト,ロフト399,（不明）,4595317659127,1013,3,2026-05,2026-06-01 06:54:33
2026-05-31,ロフト,ロフト399,（不明）,4595317659738,1013,5,2026-05,2026-06-01 06:54:33
2026-05-31,ロフト,ロフト399,（不明）,4595317659745,1013,1,2026-05,2026-06-01 06:54:33
2026-05-31,ロフト,ロフト399,（不明）,4595317659752,1013,14,2026-05,2026-06-01 06:54:33
2026-05-31,ロフト,ロフト400,（不明）,4560440431094,1016,0,2026-05,2026-06-01 06:54:33
2026-05-31,ロフト,ロフト400,（不明）,4560440431179,1016,0,2026-05,2026-06-01 06:54:33
2026-05-31,ロフト,ロフト400,（不明）,4560440431186,1016,0,2026-05,2026-06-01 06:54:33
2026-05-31,ロフト,ロフト400,（不明）,4560440431247,1015,0,2026-05,2026-06-01 06:54:33
2026-05-31,ロフト,ロフト400,（不明）,4560440431254,1015,1,2026-05,2026-06-01 06:54:33
2026-05-31,ロフト,ロフト400,（不明）,4560440431377,1036,0,2026-05,2026-06-01 06:54:33
2026-05-31,ロフト,ロフト400,（不明）,4560440431414,1016,0,2026-05,2026-06-01 06:54:33
2026-05-31,ロフト,ロフト400,（不明）,4560440431438,1016,1,2026-05,2026-06-01 06:54:33
2026-05-31,ロフト,ロフト400,（不明）,4560440431490,1015,0,2026-05,2026-06-01 06:54:33
2026-05-31,ロフト,ロフト400,（不明）,4560449979313,1110,11,2026-05,2026-06-01 06:54:33
2026-05-31,ロフト,ロフト400,（不明）,4560449979405,1110,1,2026-05,2026-06-01 06:54:33
2026-05-31,ロフト,ロフト400,（不明）,4560449979917,1110,13,2026-05,2026-06-01 06:54:33
2026-05-31,ロフト,ロフト400,（不明）,4560449979931,1110,5,2026-05,2026-06-01 06:54:33
2026-05-31,ロフト,ロフト400,（不明）,4560449982696,1110,2,2026-05,2026-06-01 06:54:33
2026-05-31,ロフト,ロフト400,（不明）,4560449982726,1110,0,2026-05,2026-06-01 06:54:33
2026-05-31,ロフト,ロフト400,（不明）,4573473052006,1013,4,2026-05,2026-06-01 06:54:33
2026-05-31,ロフト,ロフト400,（不明）,4573473052136,1013,7,2026-05,2026-06-01 06:54:33
2026-05-31,ロフト,ロフト400,（不明）,4573473052235,1035,1,2026-05,2026-06-01 06:54:33
2026-05-31,ロフト,ロフト400,（不明）,4573473052303,1029,0,2026-05,2026-06-01 06:54:33
2026-05-31,ロフト,ロフト400,（不明）,4573587350210,1762,0,2026-05,2026-06-01 06:54:33
2026-05-31,ロフト,ロフト400,（不明）,4573587350258,1762,2,2026-05,2026-06-01 06:54:33
2026-05-31,ロフト,ロフト400,（不明）,4573587350616,1762,2,2026-05,2026-06-01 06:54:33
2026-05-31,ロフト,ロフト400,（不明）,4573587350630,1762,0,2026-05,2026-06-01 06:54:33
2026-05-31,ロフト,ロフト400,（不明）,4573587350654,1762,0,2026-05,2026-06-01 06:54:33
2026-05-31,ロフト,ロフト400,（不明）,4573587350678,1762,0,2026-05,2026-06-01 06:54:33
2026-05-31,ロフト,ロフト400,（不明）,4573694000015,1110,3,2026-05,2026-06-01 06:54:33
2026-05-31,ロフト,ロフト400,（不明）,4573694002903,1110,3,2026-05,2026-06-01 06:54:33
2026-05-31,ロフト,ロフト400,（不明）,4573694002934,1110,1,2026-05,2026-06-01 06:54:33
2026-05-31,ロフト,ロフト400,（不明）,4580886250011,1013,0,2026-05,2026-06-01 06:54:33
2026-05-31,ロフト,ロフト400,（不明）,4582784162977,1762,1,2026-05,2026-06-01 06:54:33
2026-05-31,ロフト,ロフト400,（不明）,4582784162984,1762,0,2026-05,2026-06-01 06:54:33
2026-05-31,ロフト,ロフト400,（不明）,4582784163233,1762,0,2026-05,2026-06-01 06:54:33
2026-05-31,ロフト,ロフト400,（不明）,4582784163240,1762,0,2026-05,2026-06-01 06:54:33
2026-05-31,ロフト,ロフト400,（不明）,4582784166104,1762,0,2026-05,2026-06-01 06:54:33
2026-05-31,ロフト,ロフト400,（不明）,4582784166111,1762,0,2026-05,2026-06-01 06:54:33
2026-05-31,ロフト,ロフト400,（不明）,4582784166128,1762,0,2026-05,2026-06-01 06:54:33
2026-05-31,ロフト,ロフト400,（不明）,4582784166784,1762,0,2026-05,2026-06-01 06:54:33
2026-05-31,ロフト,ロフト400,（不明）,4582784166791,1762,1,2026-05,2026-06-01 06:54:33
2026-05-31,ロフト,ロフト400,（不明）,4595315976011,1222,0,2026-05,2026-06-01 06:54:33
2026-05-31,ロフト,ロフト400,（不明）,8809849807694,1092,0,2026-05,2026-06-01 06:54:33
2026-05-31,ロフト,ロフト400,（不明）,8809849808400,1092,0,2026-05,2026-06-01 06:54:33
2026-05-31,ロフト,ロフト400,（不明）,8809849808417,1092,0,2026-05,2026-06-01 06:54:33
2026-05-31,ロフト,ロフト400,（不明）,8809849808424,1092,0,2026-05,2026-06-01 06:54:33
2026-05-31,ロフト,ロフト401,（不明）,4560440431377,1036,0,2026-05,2026-06-01 06:54:33
2026-05-31,ロフト,ロフト401,（不明）,4560440431407,1016,1,2026-05,2026-06-01 06:54:33
2026-05-31,ロフト,ロフト401,（不明）,4560440431414,1016,6,2026-05,2026-06-01 06:54:33
2026-05-31,ロフト,ロフト401,（不明）,4560440431599,1034,1,2026-05,2026-06-01 06:54:33
2026-05-31,ロフト,ロフト401,（不明）,4560449979313,1110,7,2026-05,2026-06-01 06:54:33
2026-05-31,ロフト,ロフト401,（不明）,4560449979917,1110,2,2026-05,2026-06-01 06:54:33
2026-05-31,ロフト,ロフト401,（不明）,4560449982696,1110,0,2026-05,2026-06-01 06:54:33
2026-05-31,ロフト,ロフト401,（不明）,4573587350630,1762,0,2026-05,2026-06-01 06:54:33
2026-05-31,ロフト,ロフト401,（不明）,4573587350654,1762,0,2026-05,2026-06-01 06:54:33
2026-05-31,ロフト,ロフト401,（不明）,4573587350678,1762,0,2026-05,2026-06-01 06:54:33
2026-05-31,ロフト,ロフト407,（不明）,4560440431117,1036,0,2026-05,2026-06-01 06:54:33
2026-05-31,ロフト,ロフト407,（不明）,4560440431346,1016,3,2026-05,2026-06-01 06:54:33
2026-05-31,ロフト,ロフト407,（不明）,4560440431407,1016,1,2026-05,2026-06-01 06:54:33
2026-05-31,ロフト,ロフト407,（不明）,4560440431414,1016,1,2026-05,2026-06-01 06:54:33
2026-05-31,ロフト,ロフト407,（不明）,4560449979313,1110,2,2026-05,2026-06-01 06:54:33
2026-05-31,ロフト,ロフト407,（不明）,4560449979917,1110,2,2026-05,2026-06-01 06:54:33
2026-05-31,ロフト,ロフト407,（不明）,4560449982696,1110,0,2026-05,2026-06-01 06:54:33
2026-05-31,ロフト,ロフト408,（不明）,4560440431087,1016,4,2026-05,2026-06-01 06:54:33
2026-05-31,ロフト,ロフト408,（不明）,4560440431353,1016,2,2026-05,2026-06-01 06:54:33
2026-05-31,ロフト,ロフト408,（不明）,4560440431407,1016,4,2026-05,2026-06-01 06:54:33
2026-05-31,ロフト,ロフト408,（不明）,4560440431414,1016,9,2026-05,2026-06-01 06:54:33
2026-05-31,ロフト,ロフト408,（不明）,4560440431438,1016,1,2026-05,2026-06-01 06:54:33
2026-05-31,ロフト,ロフト408,（不明）,4560440431452,1036,1,2026-05,2026-06-01 06:54:33
2026-05-31,ロフト,ロフト408,（不明）,4560440431599,1034,4,2026-05,2026-06-01 06:54:33
2026-05-31,ロフト,ロフト408,（不明）,4573473052303,1029,0,2026-05,2026-06-01 06:54:33
2026-05-31,ロフト,ロフト409,（不明）,4560440431193,1036,0,2026-05,2026-06-01 06:54:33
2026-05-31,ロフト,ロフト409,（不明）,4560440431377,1036,0,2026-05,2026-06-01 06:54:33
2026-05-31,ロフト,ロフト409,（不明）,4560440431414,1016,0,2026-05,2026-06-01 06:54:33
2026-05-31,ロフト,ロフト409,（不明）,4560440431513,1015,1,2026-05,2026-06-01 06:54:33
2026-05-31,ロフト,ロフト409,（不明）,4560440431520,1015,1,2026-05,2026-06-01 06:54:33
2026-05-31,ロフト,ロフト409,（不明）,4560449979313,1110,1,2026-05,2026-06-01 06:54:33
2026-05-31,ロフト,ロフト409,（不明）,4560449979917,1110,1,2026-05,2026-06-01 06:54:33
2026-05-31,ロフト,ロフト409,（不明）,4560449982696,1110,1,2026-05,2026-06-01 06:54:33
2026-05-31,ロフト,ロフト409,（不明）,4560449982726,1110,0,2026-05,2026-06-01 06:54:33
2026-05-31,ロフト,ロフト409,（不明）,4573473052303,1029,0,2026-05,2026-06-01 06:54:33
2026-05-31,ロフト,ロフト409,（不明）,4573694002903,1110,1,2026-05,2026-06-01 06:54:33
2026-05-31,ロフト,ロフト409,（不明）,4573694002934,1110,1,2026-05,2026-06-01 06:54:33
2026-05-31,ロフト,ロフト410,（不明）,4560440431186,1016,0,2026-05,2026-06-01 06:54:33
2026-05-31,ロフト,ロフト410,（不明）,4560440431346,1016,0,2026-05,2026-06-01 06:54:33
2026-05-31,ロフト,ロフト410,（不明）,4560440431407,1016,1,2026-05,2026-06-01 06:54:33
2026-05-31,ロフト,ロフト410,（不明）,4560440431599,1034,2,2026-05,2026-06-01 06:54:33
2026-05-31,ロフト,ロフト411,（不明）,4560440431346,1016,0,2026-05,2026-06-01 06:54:33
2026-05-31,ロフト,ロフト411,（不明）,4560440431353,1016,2,2026-05,2026-06-01 06:54:33
2026-05-31,ロフト,ロフト411,（不明）,4560440431414,1016,0,2026-05,2026-06-01 06:54:33
2026-05-31,ロフト,ロフト411,（不明）,4560440431438,1016,0,2026-05,2026-06-01 06:54:33
2026-05-31,ロフト,ロフト411,（不明）,4560440431452,1036,2,2026-05,2026-06-01 06:54:33
2026-05-31,ロフト,ロフト412,（不明）,4560440431094,1016,1,2026-05,2026-06-01 06:54:33
2026-05-31,ロフト,ロフト412,（不明）,4560440431117,1036,0,2026-05,2026-06-01 06:54:33
2026-05-31,ロフト,ロフト412,（不明）,4560440431346,1016,0,2026-05,2026-06-01 06:54:33
2026-05-31,ロフト,ロフト412,（不明）,4560440431414,1016,1,2026-05,2026-06-01 06:54:33
2026-05-31,ロフト,ロフト412,（不明）,4560449979313,1110,1,2026-05,2026-06-01 06:54:33
2026-05-31,ロフト,ロフト412,（不明）,4560449979405,1110,0,2026-05,2026-06-01 06:54:33
2026-05-31,ロフト,ロフト412,（不明）,4560449979917,1110,3,2026-05,2026-06-01 06:54:33
2026-05-31,ロフト,ロフト412,（不明）,4560449979931,1110,1,2026-05,2026-06-01 06:54:33
2026-05-31,ロフト,ロフト412,（不明）,4560449982696,1110,0,2026-05,2026-06-01 06:54:33
2026-05-31,ロフト,ロフト412,（不明）,4560449982726,1110,0,2026-05,2026-06-01 06:54:33
2026-05-31,ロフト,ロフト412,（不明）,4573694002903,1110,0,2026-05,2026-06-01 06:54:33
2026-05-31,ロフト,ロフト412,（不明）,4573694002934,1110,0,2026-05,2026-06-01 06:54:33
2026-05-31,ロフト,ロフト413,（不明）,4560440431186,1016,1,2026-05,2026-06-01 06:54:33
2026-05-31,ロフト,ロフト413,（不明）,4560440431346,1016,0,2026-05,2026-06-01 06:54:33
2026-05-31,ロフト,ロフト413,（不明）,4560440431353,1016,0,2026-05,2026-06-01 06:54:33
2026-05-31,ロフト,ロフト413,（不明）,4560440431414,1016,2,2026-05,2026-06-01 06:54:33
2026-05-31,ロフト,ロフト413,（不明）,4560440431438,1016,3,2026-05,2026-06-01 06:54:33
2026-05-31,ロフト,ロフト413,（不明）,4560440431452,1036,3,2026-05,2026-06-01 06:54:33
2026-05-31,ロフト,ロフト413,（不明）,4560440431599,1034,1,2026-05,2026-06-01 06:54:33
2026-05-31,ロフト,ロフト413,（不明）,4560449970273,1762,0,2026-05,2026-06-01 06:54:33
2026-05-31,ロフト,ロフト413,（不明）,4560449970280,1762,0,2026-05,2026-06-01 06:54:33
2026-05-31,ロフト,ロフト413,（不明）,4560449979313,1110,4,2026-05,2026-06-01 06:54:33
2026-05-31,ロフト,ロフト413,（不明）,4560449979443,1762,2,2026-05,2026-06-01 06:54:33
2026-05-31,ロフト,ロフト413,（不明）,4560449979467,1762,0,2026-05,2026-06-01 06:54:33
2026-05-31,ロフト,ロフト413,（不明）,4560449979917,1110,4,2026-05,2026-06-01 06:54:33
2026-05-31,ロフト,ロフト413,（不明）,4560449979931,1110,0,2026-05,2026-06-01 06:54:33
2026-05-31,ロフト,ロフト413,（不明）,4560449982696,1110,0,2026-05,2026-06-01 06:54:33
2026-05-31,ロフト,ロフト413,（不明）,4560449982726,1110,0,2026-05,2026-06-01 06:54:33
2026-05-31,ロフト,ロフト413,（不明）,4573473052006,1013,2,2026-05,2026-06-01 06:54:33
2026-05-31,ロフト,ロフト413,（不明）,4573473052136,1013,10,2026-05,2026-06-01 06:54:33
2026-05-31,ロフト,ロフト413,（不明）,4573473052235,1035,1,2026-05,2026-06-01 06:54:33
2026-05-31,ロフト,ロフト413,（不明）,4573473052303,1029,1,2026-05,2026-06-01 06:54:33
2026-05-31,ロフト,ロフト413,（不明）,4573587350258,1762,0,2026-05,2026-06-01 06:54:33
2026-05-31,ロフト,ロフト413,（不明）,4573587350616,1762,1,2026-05,2026-06-01 06:54:33
2026-05-31,ロフト,ロフト413,（不明）,4573587350630,1762,0,2026-05,2026-06-01 06:54:33
2026-05-31,ロフト,ロフト413,（不明）,4573587350654,1762,0,2026-05,2026-06-01 06:54:33
2026-05-31,ロフト,ロフト413,（不明）,4573587350678,1762,0,2026-05,2026-06-01 06:54:33
2026-05-31,ロフト,ロフト413,（不明）,4573694000015,1110,0,2026-05,2026-06-01 06:54:33
2026-05-31,ロフト,ロフト413,（不明）,4573694002903,1110,2,2026-05,2026-06-01 06:54:33
2026-05-31,ロフト,ロフト413,（不明）,4573694002934,1110,2,2026-05,2026-06-01 06:54:33
2026-05-31,ロフト,ロフト413,（不明）,4580886250011,1013,0,2026-05,2026-06-01 06:54:33
2026-05-31,ロフト,ロフト413,（不明）,4582784163233,1762,0,2026-05,2026-06-01 06:54:33
2026-05-31,ロフト,ロフト413,（不明）,4582784163240,1762,0,2026-05,2026-06-01 06:54:33
2026-05-31,ロフト,ロフト413,（不明）,4582784166104,1762,0,2026-05,2026-06-01 06:54:33
2026-05-31,ロフト,ロフト413,（不明）,4582784166111,1762,0,2026-05,2026-06-01 06:54:33
2026-05-31,ロフト,ロフト413,（不明）,4582784166128,1762,1,2026-05,2026-06-01 06:54:33
2026-05-31,ロフト,ロフト413,（不明）,4582784166784,1762,0,2026-05,2026-06-01 06:54:33
2026-05-31,ロフト,ロフト413,（不明）,4582784166791,1762,0,2026-05,2026-06-01 06:54:33
2026-05-31,ロフト,ロフト413,（不明）,4589814750364,1657,0,2026-05,2026-06-01 06:54:33
2026-05-31,ロフト,ロフト413,（不明）,4595317659745,1013,0,2026-05,2026-06-01 06:54:33
2026-05-31,ロフト,ロフト413,（不明）,8809317963556,1723,3,2026-05,2026-06-01 06:54:33
2026-05-31,ロフト,ロフト413,（不明）,8809317967943,1723,2,2026-05,2026-06-01 06:54:33
2026-05-31,ロフト,ロフト413,（不明）,8809541199998,1723,1,2026-05,2026-06-01 06:54:33
2026-05-31,ロフト,ロフト413,（不明）,8809823390297,1723,0,2026-05,2026-06-01 06:54:33
2026-05-31,ロフト,ロフト414,（不明）,4560440431087,1016,2,2026-05,2026-06-01 06:54:33
2026-05-31,ロフト,ロフト414,（不明）,4560440431124,1036,2,2026-05,2026-06-01 06:54:33
2026-05-31,ロフト,ロフト414,（不明）,4560440431346,1016,1,2026-05,2026-06-01 06:54:33
2026-05-31,ロフト,ロフト414,（不明）,4560440431353,1016,0,2026-05,2026-06-01 06:54:33
2026-05-31,ロフト,ロフト414,（不明）,4560440431407,1016,0,2026-05,2026-06-01 06:54:33
2026-05-31,ロフト,ロフト414,（不明）,4560440431414,1016,3,2026-05,2026-06-01 06:54:33
2026-05-31,ロフト,ロフト414,（不明）,4560440431452,1036,0,2026-05,2026-06-01 06:54:33
2026-05-31,ロフト,ロフト414,（不明）,4560440431711,1034,2,2026-05,2026-06-01 06:54:33
2026-05-31,ロフト,ロフト414,（不明）,4560449970273,1762,1,2026-05,2026-06-01 06:54:33
2026-05-31,ロフト,ロフト414,（不明）,4560449970280,1762,2,2026-05,2026-06-01 06:54:33
2026-05-31,ロフト,ロフト414,（不明）,4560449979313,1110,7,2026-05,2026-06-01 06:54:33
2026-05-31,ロフト,ロフト414,（不明）,4560449979405,1110,2,2026-05,2026-06-01 06:54:33
2026-05-31,ロフト,ロフト414,（不明）,4560449979443,1762,2,2026-05,2026-06-01 06:54:33
2026-05-31,ロフト,ロフト414,（不明）,4560449979467,1762,0,2026-05,2026-06-01 06:54:33
2026-05-31,ロフト,ロフト414,（不明）,4560449979917,1110,13,2026-05,2026-06-01 06:54:33
2026-05-31,ロフト,ロフト414,（不明）,4560449979931,1110,2,2026-05,2026-06-01 06:54:33
2026-05-31,ロフト,ロフト414,（不明）,4560449982696,1110,0,2026-05,2026-06-01 06:54:33
2026-05-31,ロフト,ロフト414,（不明）,4560449982726,1110,0,2026-05,2026-06-01 06:54:33
2026-05-31,ロフト,ロフト414,（不明）,4573473052006,1013,1,2026-05,2026-06-01 06:54:33
2026-05-31,ロフト,ロフト414,（不明）,4573473052136,1013,7,2026-05,2026-06-01 06:54:33
2026-05-31,ロフト,ロフト414,（不明）,4573473052235,1035,0,2026-05,2026-06-01 06:54:33
2026-05-31,ロフト,ロフト414,（不明）,4573473052303,1029,1,2026-05,2026-06-01 06:54:33
2026-05-31,ロフト,ロフト414,（不明）,4573587350210,1762,2,2026-05,2026-06-01 06:54:33
2026-05-31,ロフト,ロフト414,（不明）,4573587350258,1762,2,2026-05,2026-06-01 06:54:33
2026-05-31,ロフト,ロフト414,（不明）,4573587350616,1762,1,2026-05,2026-06-01 06:54:33
2026-05-31,ロフト,ロフト414,（不明）,4573587350630,1762,0,2026-05,2026-06-01 06:54:33
2026-05-31,ロフト,ロフト414,（不明）,4573587350654,1762,0,2026-05,2026-06-01 06:54:33
2026-05-31,ロフト,ロフト414,（不明）,4573587350678,1762,0,2026-05,2026-06-01 06:54:33
2026-05-31,ロフト,ロフト414,（不明）,4573694000015,1110,0,2026-05,2026-06-01 06:54:33
2026-05-31,ロフト,ロフト414,（不明）,4573694000091,1097,0,2026-05,2026-06-01 06:54:33
2026-05-31,ロフト,ロフト414,（不明）,4573694002903,1110,3,2026-05,2026-06-01 06:54:33
2026-05-31,ロフト,ロフト414,（不明）,4573694002934,1110,1,2026-05,2026-06-01 06:54:33
2026-05-31,ロフト,ロフト414,（不明）,4582784162977,1762,0,2026-05,2026-06-01 06:54:33
2026-05-31,ロフト,ロフト414,（不明）,4582784162984,1762,0,2026-05,2026-06-01 06:54:33
2026-05-31,ロフト,ロフト414,（不明）,4582784163233,1762,0,2026-05,2026-06-01 06:54:33
2026-05-31,ロフト,ロフト414,（不明）,4582784163240,1762,0,2026-05,2026-06-01 06:54:33
2026-05-31,ロフト,ロフト414,（不明）,4582784166104,1762,0,2026-05,2026-06-01 06:54:33
2026-05-31,ロフト,ロフト414,（不明）,4582784166111,1762,0,2026-05,2026-06-01 06:54:33
2026-05-31,ロフト,ロフト414,（不明）,4582784166128,1762,0,2026-05,2026-06-01 06:54:33
2026-05-31,ロフト,ロフト414,（不明）,4582784166784,1762,2,2026-05,2026-06-01 06:54:33
2026-05-31,ロフト,ロフト414,（不明）,4582784166791,1762,4,2026-05,2026-06-01 06:54:33
2026-05-31,ロフト,ロフト414,（不明）,4589814750364,1657,0,2026-05,2026-06-01 06:54:33
2026-05-31,ロフト,ロフト414,（不明）,4595315976011,1222,1,2026-05,2026-06-01 06:54:33
2026-05-31,ロフト,ロフト414,（不明）,4595988311089,1220,1,2026-05,2026-06-01 06:54:33
2026-05-31,ロフト,ロフト414,（不明）,4595988311096,1220,1,2026-05,2026-06-01 06:54:33
2026-05-31,ロフト,ロフト414,（不明）,4595988311119,1220,0,2026-05,2026-06-01 06:54:33
2026-05-31,ロフト,ロフト414,（不明）,8809317963556,1723,0,2026-05,2026-06-01 06:54:33
2026-05-31,ロフト,ロフト414,（不明）,8809317967943,1723,0,2026-05,2026-06-01 06:54:33
2026-05-31,ロフト,ロフト414,（不明）,8809541199998,1723,0,2026-05,2026-06-01 06:54:33
2026-05-31,ロフト,ロフト414,（不明）,8809823390297,1723,1,2026-05,2026-06-01 06:54:33
2026-05-31,ロフト,ロフト414,（不明）,8809849808400,1092,1,2026-05,2026-06-01 06:54:33
2026-05-31,ロフト,ロフト414,（不明）,8809849808417,1092,2,2026-05,2026-06-01 06:54:33
2026-05-31,ロフト,ロフト414,（不明）,8809849808424,1092,0,2026-05,2026-06-01 06:54:33
2026-05-31,ロフト,ロフト415,（不明）,4560440431193,1036,2,2026-05,2026-06-01 06:54:33
2026-05-31,ロフト,ロフト415,（不明）,4560440431247,1015,0,2026-05,2026-06-01 06:54:33
2026-05-31,ロフト,ロフト415,（不明）,4560440431353,1016,1,2026-05,2026-06-01 06:54:33
2026-05-31,ロフト,ロフト415,（不明）,4560440431407,1016,0,2026-05,2026-06-01 06:54:33
2026-05-31,ロフト,ロフト415,（不明）,4560440431520,1015,0,2026-05,2026-06-01 06:54:33
2026-05-31,ロフト,ロフト415,（不明）,4560440431599,1034,2,2026-05,2026-06-01 06:54:33
2026-05-31,ロフト,ロフト415,（不明）,4560449979313,1110,4,2026-05,2026-06-01 06:54:33
2026-05-31,ロフト,ロフト415,（不明）,4560449979405,1110,0,2026-05,2026-06-01 06:54:33
2026-05-31,ロフト,ロフト415,（不明）,4560449979917,1110,4,2026-05,2026-06-01 06:54:33
2026-05-31,ロフト,ロフト415,（不明）,4560449979931,1110,2,2026-05,2026-06-01 06:54:33
2026-05-31,ロフト,ロフト415,（不明）,4560449982696,1110,0,2026-05,2026-06-01 06:54:33
2026-05-31,ロフト,ロフト415,（不明）,4560449982726,1110,0,2026-05,2026-06-01 06:54:33
2026-05-31,ロフト,ロフト415,（不明）,4573473052006,1013,2,2026-05,2026-06-01 06:54:33
2026-05-31,ロフト,ロフト415,（不明）,4573473052303,1029,1,2026-05,2026-06-01 06:54:33
2026-05-31,ロフト,ロフト415,（不明）,4573587350210,1762,0,2026-05,2026-06-01 06:54:33
2026-05-31,ロフト,ロフト415,（不明）,4573587350258,1762,1,2026-05,2026-06-01 06:54:33
2026-05-31,ロフト,ロフト415,（不明）,4573587350616,1762,1,2026-05,2026-06-01 06:54:33
2026-05-31,ロフト,ロフト415,（不明）,4573587350630,1762,1,2026-05,2026-06-01 06:54:33
2026-05-31,ロフト,ロフト415,（不明）,4573587350654,1762,0,2026-05,2026-06-01 06:54:33
2026-05-31,ロフト,ロフト415,（不明）,4573587350678,1762,2,2026-05,2026-06-01 06:54:33
2026-05-31,ロフト,ロフト415,（不明）,4573694000015,1110,0,2026-05,2026-06-01 06:54:33
2026-05-31,ロフト,ロフト415,（不明）,4573694002903,1110,0,2026-05,2026-06-01 06:54:33
2026-05-31,ロフト,ロフト415,（不明）,4573694002934,1110,0,2026-05,2026-06-01 06:54:33
2026-05-31,ロフト,ロフト415,（不明）,4582784162977,1762,0,2026-05,2026-06-01 06:54:33
2026-05-31,ロフト,ロフト415,（不明）,4582784162984,1762,0,2026-05,2026-06-01 06:54:33
2026-05-31,ロフト,ロフト415,（不明）,4582784166104,1762,0,2026-05,2026-06-01 06:54:33
2026-05-31,ロフト,ロフト415,（不明）,4582784166111,1762,1,2026-05,2026-06-01 06:54:33
2026-05-31,ロフト,ロフト415,（不明）,4582784166128,1762,0,2026-05,2026-06-01 06:54:33
2026-05-31,ロフト,ロフト415,（不明）,4589814750364,1657,0,2026-05,2026-06-01 06:54:33
2026-05-31,ロフト,ロフト415,（不明）,4595988311089,1220,2,2026-05,2026-06-01 06:54:33
2026-05-31,ロフト,ロフト415,（不明）,4595988311096,1220,0,2026-05,2026-06-01 06:54:33
2026-05-31,ロフト,ロフト415,（不明）,4595988311119,1220,1,2026-05,2026-06-01 06:54:33
2026-05-31,ロフト,ロフト415,（不明）,8809317963556,1723,6,2026-05,2026-06-01 06:54:33
2026-05-31,ロフト,ロフト415,（不明）,8809317967943,1723,1,2026-05,2026-06-01 06:54:33
2026-05-31,ロフト,ロフト415,（不明）,8809541199998,1723,4,2026-05,2026-06-01 06:54:33
2026-05-31,ロフト,ロフト415,（不明）,8809823390297,1723,2,2026-05,2026-06-01 06:54:33
2026-05-31,ロフト,ロフト415,（不明）,8809849807694,1092,1,2026-05,2026-06-01 06:54:33
2026-05-31,ロフト,ロフト415,（不明）,8809849808400,1092,0,2026-05,2026-06-01 06:54:33
2026-05-31,ロフト,ロフト415,（不明）,8809849808417,1092,1,2026-05,2026-06-01 06:54:33
2026-05-31,ロフト,ロフト415,（不明）,8809849808424,1092,1,2026-05,2026-06-01 06:54:33
2026-05-31,ロフト,ロフト416,（不明）,4560440431124,1036,0,2026-05,2026-06-01 06:54:33
2026-05-31,ロフト,ロフト416,（不明）,4560440431186,1016,3,2026-05,2026-06-01 06:54:33
2026-05-31,ロフト,ロフト416,（不明）,4560440431254,1015,1,2026-05,2026-06-01 06:54:33
2026-05-31,ロフト,ロフト416,（不明）,4560440431346,1016,0,2026-05,2026-06-01 06:54:33
2026-05-31,ロフト,ロフト416,（不明）,4560440431353,1016,0,2026-05,2026-06-01 06:54:33
2026-05-31,ロフト,ロフト416,（不明）,4560440431377,1036,0,2026-05,2026-06-01 06:54:33
2026-05-31,ロフト,ロフト416,（不明）,4560440431438,1016,0,2026-05,2026-06-01 06:54:33
2026-05-31,ロフト,ロフト416,（不明）,4560440431452,1036,0,2026-05,2026-06-01 06:54:33
2026-05-31,ロフト,ロフト416,（不明）,4560440431476,1015,0,2026-05,2026-06-01 06:54:33
2026-05-31,ロフト,ロフト416,（不明）,4560440431513,1015,0,2026-05,2026-06-01 06:54:33
2026-05-31,ロフト,ロフト416,（不明）,4560449979313,1110,14,2026-05,2026-06-01 06:54:33
2026-05-31,ロフト,ロフト416,（不明）,4560449979405,1110,0,2026-05,2026-06-01 06:54:33
2026-05-31,ロフト,ロフト416,（不明）,4560449979917,1110,13,2026-05,2026-06-01 06:54:33
2026-05-31,ロフト,ロフト416,（不明）,4560449979931,1110,4,2026-05,2026-06-01 06:54:33
2026-05-31,ロフト,ロフト416,（不明）,4560449982696,1110,0,2026-05,2026-06-01 06:54:33
2026-05-31,ロフト,ロフト416,（不明）,4560449982726,1110,1,2026-05,2026-06-01 06:54:33
2026-05-31,ロフト,ロフト416,（不明）,4573473052006,1013,1,2026-05,2026-06-01 06:54:33
2026-05-31,ロフト,ロフト416,（不明）,4573473052136,1013,17,2026-05,2026-06-01 06:54:33
2026-05-31,ロフト,ロフト416,（不明）,4573473052235,1035,0,2026-05,2026-06-01 06:54:33
2026-05-31,ロフト,ロフト416,（不明）,4573473052303,1029,1,2026-05,2026-06-01 06:54:33
2026-05-31,ロフト,ロフト416,（不明）,4573587350210,1762,3,2026-05,2026-06-01 06:54:33
2026-05-31,ロフト,ロフト416,（不明）,4573587350258,1762,0,2026-05,2026-06-01 06:54:33
2026-05-31,ロフト,ロフト416,（不明）,4573587350616,1762,1,2026-05,2026-06-01 06:54:33
2026-05-31,ロフト,ロフト416,（不明）,4573587350630,1762,0,2026-05,2026-06-01 06:54:33
2026-05-31,ロフト,ロフト416,（不明）,4573587350654,1762,1,2026-05,2026-06-01 06:54:33
2026-05-31,ロフト,ロフト416,（不明）,4573587350678,1762,1,2026-05,2026-06-01 06:54:33
2026-05-31,ロフト,ロフト416,（不明）,4573694000015,1110,1,2026-05,2026-06-01 06:54:33
2026-05-31,ロフト,ロフト416,（不明）,4573694000091,1097,0,2026-05,2026-06-01 06:54:33
2026-05-31,ロフト,ロフト416,（不明）,4573694002903,1110,4,2026-05,2026-06-01 06:54:33
2026-05-31,ロフト,ロフト416,（不明）,4573694002934,1110,1,2026-05,2026-06-01 06:54:33
2026-05-31,ロフト,ロフト416,（不明）,4582784162977,1762,1,2026-05,2026-06-01 06:54:33
2026-05-31,ロフト,ロフト416,（不明）,4582784162984,1762,0,2026-05,2026-06-01 06:54:33
2026-05-31,ロフト,ロフト416,（不明）,4582784163233,1762,1,2026-05,2026-06-01 06:54:33
2026-05-31,ロフト,ロフト416,（不明）,4582784163240,1762,1,2026-05,2026-06-01 06:54:33
2026-05-31,ロフト,ロフト416,（不明）,4582784166104,1762,0,2026-05,2026-06-01 06:54:33
2026-05-31,ロフト,ロフト416,（不明）,4582784166128,1762,1,2026-05,2026-06-01 06:54:33
2026-05-31,ロフト,ロフト416,（不明）,4582784166784,1762,0,2026-05,2026-06-01 06:54:33
2026-05-31,ロフト,ロフト416,（不明）,4582784166791,1762,0,2026-05,2026-06-01 06:54:33
2026-05-31,ロフト,ロフト416,（不明）,4589814750364,1657,0,2026-05,2026-06-01 06:54:33
2026-05-31,ロフト,ロフト417,（不明）,4560440431087,1016,0,2026-05,2026-06-01 06:54:33
2026-05-31,ロフト,ロフト417,（不明）,4560440431094,1016,0,2026-05,2026-06-01 06:54:33
2026-05-31,ロフト,ロフト417,（不明）,4560440431230,1015,0,2026-05,2026-06-01 06:54:33
2026-05-31,ロフト,ロフト417,（不明）,4560440431377,1036,0,2026-05,2026-06-01 06:54:33
2026-05-31,ロフト,ロフト417,（不明）,4560440431407,1016,0,2026-05,2026-06-01 06:54:33
2026-05-31,ロフト,ロフト417,（不明）,4560440431414,1016,0,2026-05,2026-06-01 06:54:33
2026-05-31,ロフト,ロフト417,（不明）,4560440431452,1036,0,2026-05,2026-06-01 06:54:33
2026-05-31,ロフト,ロフト417,（不明）,4560440431490,1015,0,2026-05,2026-06-01 06:54:33
2026-05-31,ロフト,ロフト417,（不明）,4560440431513,1015,0,2026-05,2026-06-01 06:54:33
2026-05-31,ロフト,ロフト417,（不明）,4560449979313,1110,7,2026-05,2026-06-01 06:54:33
2026-05-31,ロフト,ロフト417,（不明）,4560449979405,1110,0,2026-05,2026-06-01 06:54:33
2026-05-31,ロフト,ロフト417,（不明）,4560449979917,1110,8,2026-05,2026-06-01 06:54:33
2026-05-31,ロフト,ロフト417,（不明）,4560449979931,1110,1,2026-05,2026-06-01 06:54:33
2026-05-31,ロフト,ロフト417,（不明）,4560449982696,1110,1,2026-05,2026-06-01 06:54:33
2026-05-31,ロフト,ロフト417,（不明）,4560449982726,1110,0,2026-05,2026-06-01 06:54:33
2026-05-31,ロフト,ロフト417,（不明）,4573473052303,1029,0,2026-05,2026-06-01 06:54:33
2026-05-31,ロフト,ロフト417,（不明）,4573587350210,1762,0,2026-05,2026-06-01 06:54:33
2026-05-31,ロフト,ロフト417,（不明）,4573587350258,1762,0,2026-05,2026-06-01 06:54:33
2026-05-31,ロフト,ロフト417,（不明）,4573587350616,1762,0,2026-05,2026-06-01 06:54:33
2026-05-31,ロフト,ロフト417,（不明）,4573587350630,1762,0,2026-05,2026-06-01 06:54:33
2026-05-31,ロフト,ロフト417,（不明）,4573587350654,1762,0,2026-05,2026-06-01 06:54:33
2026-05-31,ロフト,ロフト417,（不明）,4573587350678,1762,1,2026-05,2026-06-01 06:54:33
2026-05-31,ロフト,ロフト417,（不明）,4573694000015,1110,2,2026-05,2026-06-01 06:54:33
2026-05-31,ロフト,ロフト417,（不明）,4573694002903,1110,2,2026-05,2026-06-01 06:54:33
2026-05-31,ロフト,ロフト417,（不明）,4573694002934,1110,0,2026-05,2026-06-01 06:54:33
2026-05-31,ロフト,ロフト417,（不明）,4580886250011,1013,1,2026-05,2026-06-01 06:54:33
2026-05-31,ロフト,ロフト417,（不明）,4582784162977,1762,0,2026-05,2026-06-01 06:54:33
2026-05-31,ロフト,ロフト417,（不明）,4582784162984,1762,0,2026-05,2026-06-01 06:54:33
2026-05-31,ロフト,ロフト417,（不明）,4582784166104,1762,0,2026-05,2026-06-01 06:54:33
2026-05-31,ロフト,ロフト417,（不明）,4582784166111,1762,2,2026-05,2026-06-01 06:54:33
2026-05-31,ロフト,ロフト417,（不明）,4582784166128,1762,1,2026-05,2026-06-01 06:54:33
2026-05-31,ロフト,ロフト417,（不明）,4582784166784,1762,1,2026-05,2026-06-01 06:54:33
2026-05-31,ロフト,ロフト417,（不明）,4582784166791,1762,0,2026-05,2026-06-01 06:54:33
2026-05-31,ロフト,ロフト417,（不明）,4595317659110,1013,1,2026-05,2026-06-01 06:54:33
2026-05-31,ロフト,ロフト417,（不明）,4595317659127,1013,1,2026-05,2026-06-01 06:54:33
2026-05-31,ロフト,ロフト417,（不明）,4595317659738,1013,2,2026-05,2026-06-01 06:54:33
2026-05-31,ロフト,ロフト417,（不明）,8809849808400,1092,1,2026-05,2026-06-01 06:54:33
2026-05-31,ロフト,ロフト417,（不明）,8809849808417,1092,1,2026-05,2026-06-01 06:54:33
2026-05-31,ロフト,ロフト418,（不明）,4560440431094,1016,0,2026-05,2026-06-01 06:54:33
2026-05-31,ロフト,ロフト418,（不明）,4560440431117,1036,4,2026-05,2026-06-01 06:54:33
2026-05-31,ロフト,ロフト418,（不明）,4560440431124,1036,0,2026-05,2026-06-01 06:54:33
2026-05-31,ロフト,ロフト418,（不明）,4560440431223,1015,0,2026-05,2026-06-01 06:54:33
2026-05-31,ロフト,ロフト418,（不明）,4560440431230,1015,0,2026-05,2026-06-01 06:54:33
2026-05-31,ロフト,ロフト418,（不明）,4560440431254,1015,5,2026-05,2026-06-01 06:54:33
2026-05-31,ロフト,ロフト418,（不明）,4560440431261,1015,0,2026-05,2026-06-01 06:54:33
2026-05-31,ロフト,ロフト418,（不明）,4560440431353,1016,2,2026-05,2026-06-01 06:54:33
2026-05-31,ロフト,ロフト418,（不明）,4560440431377,1036,4,2026-05,2026-06-01 06:54:33
2026-05-31,ロフト,ロフト418,（不明）,4560440431407,1016,3,2026-05,2026-06-01 06:54:33
2026-05-31,ロフト,ロフト418,（不明）,4560440431414,1016,1,2026-05,2026-06-01 06:54:33
2026-05-31,ロフト,ロフト418,（不明）,4560440431438,1016,1,2026-05,2026-06-01 06:54:33
2026-05-31,ロフト,ロフト418,（不明）,4560440431445,1016,5,2026-05,2026-06-01 06:54:33
2026-05-31,ロフト,ロフト418,（不明）,4560440431452,1036,4,2026-05,2026-06-01 06:54:33
2026-05-31,ロフト,ロフト418,（不明）,4560440431483,1015,0,2026-05,2026-06-01 06:54:33
2026-05-31,ロフト,ロフト418,（不明）,4560440431506,1015,2,2026-05,2026-06-01 06:54:33
2026-05-31,ロフト,ロフト418,（不明）,4560440431711,1034,6,2026-05,2026-06-01 06:54:33
2026-05-31,ロフト,ロフト418,（不明）,4560440431735,1034,6,2026-05,2026-06-01 06:54:33
2026-05-31,ロフト,ロフト418,（不明）,4560449970280,1762,0,2026-05,2026-06-01 06:54:33
2026-05-31,ロフト,ロフト418,（不明）,4560449979313,1110,9,2026-05,2026-06-01 06:54:33
2026-05-31,ロフト,ロフト418,（不明）,4560449979405,1110,2,2026-05,2026-06-01 06:54:33
2026-05-31,ロフト,ロフト418,（不明）,4560449979443,1762,2,2026-05,2026-06-01 06:54:33
2026-05-31,ロフト,ロフト418,（不明）,4560449979467,1762,0,2026-05,2026-06-01 06:54:33
2026-05-31,ロフト,ロフト418,（不明）,4560449979917,1110,9,2026-05,2026-06-01 06:54:33
2026-05-31,ロフト,ロフト418,（不明）,4560449979931,1110,4,2026-05,2026-06-01 06:54:33
2026-05-31,ロフト,ロフト418,（不明）,4560449981668,1110,1,2026-05,2026-06-01 06:54:33
2026-05-31,ロフト,ロフト418,（不明）,4560449982696,1110,4,2026-05,2026-06-01 06:54:33
2026-05-31,ロフト,ロフト418,（不明）,4560449982726,1110,0,2026-05,2026-06-01 06:54:33
2026-05-31,ロフト,ロフト418,（不明）,4573473052006,1013,3,2026-05,2026-06-01 06:54:33
2026-05-31,ロフト,ロフト418,（不明）,4573473052136,1013,10,2026-05,2026-06-01 06:54:33
2026-05-31,ロフト,ロフト418,（不明）,4573473052235,1035,1,2026-05,2026-06-01 06:54:33
2026-05-31,ロフト,ロフト418,（不明）,4573473052280,1013,2,2026-05,2026-06-01 06:54:33
2026-05-31,ロフト,ロフト418,（不明）,4573473052303,1029,1,2026-05,2026-06-01 06:54:33
2026-05-31,ロフト,ロフト418,（不明）,4573587350210,1762,2,2026-05,2026-06-01 06:54:33
2026-05-31,ロフト,ロフト418,（不明）,4573587350258,1762,1,2026-05,2026-06-01 06:54:33
2026-05-31,ロフト,ロフト418,（不明）,4573587350616,1762,0,2026-05,2026-06-01 06:54:33
2026-05-31,ロフト,ロフト418,（不明）,4573587350630,1762,0,2026-05,2026-06-01 06:54:33
2026-05-31,ロフト,ロフト418,（不明）,4573587350654,1762,0,2026-05,2026-06-01 06:54:33
2026-05-31,ロフト,ロフト418,（不明）,4573587350678,1762,0,2026-05,2026-06-01 06:54:33
2026-05-31,ロフト,ロフト418,（不明）,4573694002903,1110,10,2026-05,2026-06-01 06:54:33
2026-05-31,ロフト,ロフト418,（不明）,4573694002934,1110,5,2026-05,2026-06-01 06:54:33
2026-05-31,ロフト,ロフト418,（不明）,4580543220487,1060,0,2026-05,2026-06-01 06:54:33
2026-05-31,ロフト,ロフト418,（不明）,4580886250011,1013,0,2026-05,2026-06-01 06:54:33
2026-05-31,ロフト,ロフト418,（不明）,4582784162977,1762,0,2026-05,2026-06-01 06:54:33
2026-05-31,ロフト,ロフト418,（不明）,4582784162984,1762,1,2026-05,2026-06-01 06:54:33
2026-05-31,ロフト,ロフト418,（不明）,4582784163233,1762,0,2026-05,2026-06-01 06:54:33
2026-05-31,ロフト,ロフト418,（不明）,4582784163240,1762,0,2026-05,2026-06-01 06:54:33
2026-05-31,ロフト,ロフト418,（不明）,4582784166104,1762,0,2026-05,2026-06-01 06:54:33
2026-05-31,ロフト,ロフト418,（不明）,4582784166111,1762,0,2026-05,2026-06-01 06:54:33
2026-05-31,ロフト,ロフト418,（不明）,4582784166128,1762,1,2026-05,2026-06-01 06:54:33
2026-05-31,ロフト,ロフト418,（不明）,4582784166784,1762,2,2026-05,2026-06-01 06:54:33
2026-05-31,ロフト,ロフト418,（不明）,4582784166791,1762,1,2026-05,2026-06-01 06:54:33
2026-05-31,ロフト,ロフト418,（不明）,4595315976011,1222,5,2026-05,2026-06-01 06:54:33
2026-05-31,ロフト,ロフト418,（不明）,4595317659110,1013,2,2026-05,2026-06-01 06:54:33
2026-05-31,ロフト,ロフト418,（不明）,4595317659127,1013,2,2026-05,2026-06-01 06:54:33
2026-05-31,ロフト,ロフト418,（不明）,4595317659738,1013,2,2026-05,2026-06-01 06:54:33
2026-05-31,ロフト,ロフト418,（不明）,4595317659745,1013,0,2026-05,2026-06-01 06:54:33
2026-05-31,ロフト,ロフト418,（不明）,4595317659752,1013,1,2026-05,2026-06-01 06:54:33
2026-05-31,ロフト,ロフト418,（不明）,4595988311096,1220,0,2026-05,2026-06-01 06:54:33
2026-05-31,ロフト,ロフト418,（不明）,4595988311119,1220,0,2026-05,2026-06-01 06:54:33
2026-05-31,ロフト,ロフト418,（不明）,8809317963556,1723,2,2026-05,2026-06-01 06:54:33
2026-05-31,ロフト,ロフト418,（不明）,8809317967943,1723,0,2026-05,2026-06-01 06:54:33
2026-05-31,ロフト,ロフト418,（不明）,8809541199998,1723,6,2026-05,2026-06-01 06:54:33
2026-05-31,ロフト,ロフト418,（不明）,8809672176332,1266,2,2026-05,2026-06-01 06:54:33
2026-05-31,ロフト,ロフト418,（不明）,8809672176684,1250,5,2026-05,2026-06-01 06:54:33
2026-05-31,ロフト,ロフト418,（不明）,8809823390297,1723,5,2026-05,2026-06-01 06:54:33
2026-05-31,ロフト,ロフト418,（不明）,8809849807694,1092,0,2026-05,2026-06-01 06:54:33
2026-05-31,ロフト,ロフト418,（不明）,8809849808417,1092,1,2026-05,2026-06-01 06:54:33
2026-05-31,ロフト,ロフト418,（不明）,8809849808424,1092,2,2026-05,2026-06-01 06:54:33
2026-05-31,ロフト,ロフト420,（不明）,4560440431346,1016,0,2026-05,2026-06-01 06:54:33
2026-05-31,ロフト,ロフト420,（不明）,4560440431353,1016,1,2026-05,2026-06-01 06:54:33
2026-05-31,ロフト,ロフト420,（不明）,4560440431360,1016,1,2026-05,2026-06-01 06:54:33
2026-05-31,ロフト,ロフト420,（不明）,4560440431377,1036,0,2026-05,2026-06-01 06:54:33
2026-05-31,ロフト,ロフト420,（不明）,4560440431384,1036,1,2026-05,2026-06-01 06:54:33
2026-05-31,ロフト,ロフト420,（不明）,4560440431407,1016,2,2026-05,2026-06-01 06:54:33
2026-05-31,ロフト,ロフト420,（不明）,4560440431414,1016,2,2026-05,2026-06-01 06:54:33
2026-05-31,ロフト,ロフト420,（不明）,4560440431438,1016,2,2026-05,2026-06-01 06:54:33
2026-05-31,ロフト,ロフト420,（不明）,4560440431445,1016,3,2026-05,2026-06-01 06:54:33
2026-05-31,ロフト,ロフト420,（不明）,4560440431452,1036,3,2026-05,2026-06-01 06:54:33
2026-05-31,ロフト,ロフト420,（不明）,4560440431735,1034,0,2026-05,2026-06-01 06:54:33
2026-05-31,ロフト,ロフト420,（不明）,4560449979313,1110,10,2026-05,2026-06-01 06:54:33
2026-05-31,ロフト,ロフト420,（不明）,4560449979405,1110,1,2026-05,2026-06-01 06:54:33
2026-05-31,ロフト,ロフト420,（不明）,4560449979917,1110,6,2026-05,2026-06-01 06:54:33
2026-05-31,ロフト,ロフト420,（不明）,4560449979931,1110,1,2026-05,2026-06-01 06:54:33
2026-05-31,ロフト,ロフト420,（不明）,4560449982696,1110,1,2026-05,2026-06-01 06:54:33
2026-05-31,ロフト,ロフト420,（不明）,4560449982726,1110,0,2026-05,2026-06-01 06:54:33
2026-05-31,ロフト,ロフト420,（不明）,4573587350616,1762,1,2026-05,2026-06-01 06:54:33
2026-05-31,ロフト,ロフト420,（不明）,4573587350630,1762,0,2026-05,2026-06-01 06:54:33
2026-05-31,ロフト,ロフト420,（不明）,4573587350654,1762,0,2026-05,2026-06-01 06:54:33
2026-05-31,ロフト,ロフト420,（不明）,4573587350678,1762,0,2026-05,2026-06-01 06:54:33
2026-05-31,ロフト,ロフト420,（不明）,4582784162977,1762,0,2026-05,2026-06-01 06:54:33
2026-05-31,ロフト,ロフト420,（不明）,4582784162984,1762,0,2026-05,2026-06-01 06:54:33
2026-05-31,ロフト,ロフト420,（不明）,4582784166128,1762,0,2026-05,2026-06-01 06:54:33
2026-05-31,ロフト,ロフト420,（不明）,4582784166784,1762,1,2026-05,2026-06-01 06:54:33
2026-05-31,ロフト,ロフト420,（不明）,4582784166791,1762,1,2026-05,2026-06-01 06:54:33
2026-05-31,ロフト,ロフト420,（不明）,4595315976011,1222,1,2026-05,2026-06-01 06:54:33
2026-05-31,ロフト,ロフト501,（不明）,4560440431377,1036,1,2026-05,2026-06-01 06:54:33
2026-05-31,ロフト,ロフト501,（不明）,4560440431384,1036,0,2026-05,2026-06-01 06:54:33
2026-05-31,ロフト,ロフト501,（不明）,4560440431414,1016,1,2026-05,2026-06-01 06:54:33
2026-05-31,ロフト,ロフト501,（不明）,4560440431490,1015,0,2026-05,2026-06-01 06:54:33
2026-05-31,ロフト,ロフト501,（不明）,4560440431520,1015,0,2026-05,2026-06-01 06:54:33
2026-05-31,ロフト,ロフト501,（不明）,4560440431599,1034,0,2026-05,2026-06-01 06:54:33
2026-05-31,ロフト,ロフト501,（不明）,4560449979313,1110,10,2026-05,2026-06-01 06:54:33
2026-05-31,ロフト,ロフト501,（不明）,4560449979405,1110,1,2026-05,2026-06-01 06:54:33
2026-05-31,ロフト,ロフト501,（不明）,4560449979917,1110,10,2026-05,2026-06-01 06:54:33
2026-05-31,ロフト,ロフト501,（不明）,4560449979931,1110,0,2026-05,2026-06-01 06:54:33
2026-05-31,ロフト,ロフト501,（不明）,4560449982696,1110,11,2026-05,2026-06-01 06:54:33
2026-05-31,ロフト,ロフト501,（不明）,4560449982726,1110,1,2026-05,2026-06-01 06:54:33
2026-05-31,ロフト,ロフト501,（不明）,4573473052006,1013,2,2026-05,2026-06-01 06:54:33
2026-05-31,ロフト,ロフト501,（不明）,4573473052136,1013,1,2026-05,2026-06-01 06:54:33
2026-05-31,ロフト,ロフト501,（不明）,4573473052235,1035,2,2026-05,2026-06-01 06:54:33
2026-05-31,ロフト,ロフト501,（不明）,4573473052280,1013,2,2026-05,2026-06-01 06:54:33
2026-05-31,ロフト,ロフト501,（不明）,4573473052303,1029,0,2026-05,2026-06-01 06:54:33
2026-05-31,ロフト,ロフト501,（不明）,4573587350210,1762,0,2026-05,2026-06-01 06:54:33
2026-05-31,ロフト,ロフト501,（不明）,4573587350258,1762,0,2026-05,2026-06-01 06:54:33
2026-05-31,ロフト,ロフト501,（不明）,4573587350593,1762,0,2026-05,2026-06-01 06:54:33
2026-05-31,ロフト,ロフト501,（不明）,4573587350616,1762,1,2026-05,2026-06-01 06:54:33
2026-05-31,ロフト,ロフト501,（不明）,4573587350678,1762,0,2026-05,2026-06-01 06:54:33
2026-05-31,ロフト,ロフト501,（不明）,4573694000015,1110,4,2026-05,2026-06-01 06:54:33
2026-05-31,ロフト,ロフト501,（不明）,4573694000091,1097,0,2026-05,2026-06-01 06:54:33
2026-05-31,ロフト,ロフト501,（不明）,4582784162977,1762,0,2026-05,2026-06-01 06:54:33
2026-05-31,ロフト,ロフト501,（不明）,4582784162984,1762,0,2026-05,2026-06-01 06:54:33
2026-05-31,ロフト,ロフト501,（不明）,4582784163233,1762,0,2026-05,2026-06-01 06:54:33
2026-05-31,ロフト,ロフト501,（不明）,4582784163240,1762,2,2026-05,2026-06-01 06:54:33
2026-05-31,ロフト,ロフト501,（不明）,4582784163257,1762,0,2026-05,2026-06-01 06:54:33
2026-05-31,ロフト,ロフト501,（不明）,4582784163264,1762,0,2026-05,2026-06-01 06:54:33
2026-05-31,ロフト,ロフト501,（不明）,4582784163271,1762,0,2026-05,2026-06-01 06:54:33
2026-05-31,ロフト,ロフト501,（不明）,4582784163288,1762,1,2026-05,2026-06-01 06:54:33
2026-05-31,ロフト,ロフト501,（不明）,4582784166104,1762,0,2026-05,2026-06-01 06:54:33
2026-05-31,ロフト,ロフト501,（不明）,4582784166111,1762,0,2026-05,2026-06-01 06:54:33
2026-05-31,ロフト,ロフト501,（不明）,4582784166128,1762,0,2026-05,2026-06-01 06:54:33
2026-05-31,ロフト,ロフト501,（不明）,4582784166784,1762,0,2026-05,2026-06-01 06:54:33
2026-05-31,ロフト,ロフト501,（不明）,4582784166791,1762,0,2026-05,2026-06-01 06:54:33
2026-05-31,ロフト,ロフト501,（不明）,4589814750364,1657,5,2026-05,2026-06-01 06:54:33
2026-05-31,ロフト,ロフト501,（不明）,4589814757080,1258,0,2026-05,2026-06-01 06:54:33
2026-05-31,ロフト,ロフト501,（不明）,4595317659110,1013,0,2026-05,2026-06-01 06:54:33
2026-05-31,ロフト,ロフト501,（不明）,4595317659127,1013,0,2026-05,2026-06-01 06:54:33
2026-05-31,ロフト,ロフト501,（不明）,4595317659738,1013,0,2026-05,2026-06-01 06:54:33
2026-05-31,ロフト,ロフト501,（不明）,4595317659745,1013,0,2026-05,2026-06-01 06:54:33
2026-05-31,ロフト,ロフト501,（不明）,4595317659752,1013,0,2026-05,2026-06-01 06:54:33
2026-05-31,ロフト,ロフト501,（不明）,8809672176332,1266,0,2026-05,2026-06-01 06:54:33
2026-05-31,ロフト,ロフト501,（不明）,8809672176684,1250,1,2026-05,2026-06-01 06:54:33
2026-05-31,ロフト,ロフト501,（不明）,8809849807694,1092,0,2026-05,2026-06-01 06:54:33
2026-05-31,ロフト,ロフト501,（不明）,8809849808400,1092,0,2026-05,2026-06-01 06:54:33
2026-05-31,ロフト,ロフト501,（不明）,8809849808417,1092,0,2026-05,2026-06-01 06:54:33
2026-05-31,ロフト,ロフト501,（不明）,8809849808424,1092,0,2026-05,2026-06-01 06:54:33
2026-05-31,ロフト,ロフト833,（不明）,4560440431087,1016,2,2026-05,2026-06-01 06:54:33
2026-05-31,ロフト,ロフト833,（不明）,4560440431124,1036,2,2026-05,2026-06-01 06:54:33
2026-05-31,ロフト,ロフト833,（不明）,4560440431346,1016,0,2026-05,2026-06-01 06:54:33
2026-05-31,ロフト,ロフト833,（不明）,4560440431353,1016,1,2026-05,2026-06-01 06:54:33
2026-05-31,ロフト,ロフト833,（不明）,4560440431384,1036,1,2026-05,2026-06-01 06:54:33
2026-05-31,ロフト,ロフト833,（不明）,4560440431407,1016,0,2026-05,2026-06-01 06:54:33
2026-05-31,ロフト,ロフト833,（不明）,4560440431414,1016,4,2026-05,2026-06-01 06:54:33
2026-05-31,ロフト,ロフト833,（不明）,4560440431438,1016,1,2026-05,2026-06-01 06:54:33
2026-05-31,ロフト,ロフト833,（不明）,4560440431445,1016,2,2026-05,2026-06-01 06:54:33
2026-05-31,ロフト,ロフト833,（不明）,4560440431452,1036,0,2026-05,2026-06-01 06:54:33
2026-05-31,ロフト,ロフト833,（不明）,4560449979313,1110,2,2026-05,2026-06-01 06:54:33
2026-05-31,ロフト,ロフト833,（不明）,4560449979405,1110,0,2026-05,2026-06-01 06:54:33
2026-05-31,ロフト,ロフト833,（不明）,4560449979917,1110,2,2026-05,2026-06-01 06:54:33
2026-05-31,ロフト,ロフト833,（不明）,4560449979931,1110,0,2026-05,2026-06-01 06:54:33
2026-05-31,ロフト,ロフト833,（不明）,4560449982696,1110,0,2026-05,2026-06-01 06:54:33
2026-05-31,ロフト,ロフト833,（不明）,4560449982726,1110,0,2026-05,2026-06-01 06:54:33
2026-05-31,ロフト,ロフト833,（不明）,4573473052006,1013,0,2026-05,2026-06-01 06:54:33
2026-05-31,ロフト,ロフト833,（不明）,4573473052136,1013,5,2026-05,2026-06-01 06:54:33
2026-05-31,ロフト,ロフト833,（不明）,4573473052235,1035,0,2026-05,2026-06-01 06:54:33
2026-05-31,ロフト,ロフト833,（不明）,4573473052303,1029,0,2026-05,2026-06-01 06:54:33
2026-05-31,ロフト,ロフト833,（不明）,4573587350210,1762,1,2026-05,2026-06-01 06:54:33
2026-05-31,ロフト,ロフト833,（不明）,4573587350258,1762,0,2026-05,2026-06-01 06:54:33
2026-05-31,ロフト,ロフト833,（不明）,4573587350616,1762,1,2026-05,2026-06-01 06:54:33
2026-05-31,ロフト,ロフト833,（不明）,4573587350630,1762,0,2026-05,2026-06-01 06:54:33
2026-05-31,ロフト,ロフト833,（不明）,4573587350654,1762,1,2026-05,2026-06-01 06:54:33
2026-05-31,ロフト,ロフト833,（不明）,4573587350678,1762,1,2026-05,2026-06-01 06:54:33
2026-05-31,ロフト,ロフト833,（不明）,4573694002903,1110,3,2026-05,2026-06-01 06:54:33
2026-05-31,ロフト,ロフト833,（不明）,4573694002934,1110,0,2026-05,2026-06-01 06:54:33
2026-05-31,ロフト,ロフト833,（不明）,4582784162977,1762,0,2026-05,2026-06-01 06:54:33
2026-05-31,ロフト,ロフト833,（不明）,4582784162984,1762,0,2026-05,2026-06-01 06:54:33
2026-05-31,ロフト,ロフト833,（不明）,4582784163233,1762,0,2026-05,2026-06-01 06:54:33
2026-05-31,ロフト,ロフト833,（不明）,4582784163240,1762,1,2026-05,2026-06-01 06:54:33
2026-05-31,ロフト,ロフト833,（不明）,4582784166104,1762,0,2026-05,2026-06-01 06:54:33
2026-05-31,ロフト,ロフト833,（不明）,4582784166111,1762,0,2026-05,2026-06-01 06:54:33
2026-05-31,ロフト,ロフト833,（不明）,4582784166128,1762,2,2026-05,2026-06-01 06:54:33
2026-05-31,ロフト,ロフト833,（不明）,4582784166784,1762,0,2026-05,2026-06-01 06:54:33
2026-05-31,ロフト,ロフト833,（不明）,4582784166791,1762,0,2026-05,2026-06-01 06:54:33
2026-05-31,ロフト,ロフト834,（不明）,4560440431094,1016,0,2026-05,2026-06-01 06:54:33
2026-05-31,ロフト,ロフト834,（不明）,4560440431117,1036,1,2026-05,2026-06-01 06:54:33
2026-05-31,ロフト,ロフト834,（不明）,4560440431186,1016,1,2026-05,2026-06-01 06:54:33
2026-05-31,ロフト,ロフト834,（不明）,4560440431353,1016,0,2026-05,2026-06-01 06:54:33
2026-05-31,ロフト,ロフト834,（不明）,4560440431414,1016,2,2026-05,2026-06-01 06:54:33
2026-05-31,ロフト,ロフト834,（不明）,4560440431452,1036,0,2026-05,2026-06-01 06:54:33
2026-05-31,ロフト,ロフト834,（不明）,4560440431513,1015,0,2026-05,2026-06-01 06:54:33
2026-05-31,ロフト,ロフト834,（不明）,4560440431520,1015,0,2026-05,2026-06-01 06:54:33
2026-05-31,ロフト,ロフト834,（不明）,4560449979313,1110,1,2026-05,2026-06-01 06:54:33
2026-05-31,ロフト,ロフト834,（不明）,4560449979405,1110,0,2026-05,2026-06-01 06:54:33
2026-05-31,ロフト,ロフト834,（不明）,4560449979917,1110,1,2026-05,2026-06-01 06:54:33
2026-05-31,ロフト,ロフト834,（不明）,4560449979931,1110,1,2026-05,2026-06-01 06:54:33
2026-05-31,ロフト,ロフト834,（不明）,4560449982696,1110,0,2026-05,2026-06-01 06:54:33
2026-05-31,ロフト,ロフト834,（不明）,4560449982726,1110,0,2026-05,2026-06-01 06:54:33
2026-05-31,ロフト,ロフト834,（不明）,4573473052006,1013,0,2026-05,2026-06-01 06:54:33
2026-05-31,ロフト,ロフト834,（不明）,4573473052136,1013,4,2026-05,2026-06-01 06:54:33
2026-05-31,ロフト,ロフト834,（不明）,4573473052235,1035,1,2026-05,2026-06-01 06:54:33
2026-05-31,ロフト,ロフト834,（不明）,4573473052303,1029,0,2026-05,2026-06-01 06:54:33
2026-05-31,ロフト,ロフト834,（不明）,4573694002903,1110,0,2026-05,2026-06-01 06:54:33
2026-05-31,ロフト,ロフト834,（不明）,4573694002934,1110,1,2026-05,2026-06-01 06:54:33
2026-05-31,ロフト,ロフト834,（不明）,4582784162977,1762,0,2026-05,2026-06-01 06:54:33
2026-05-31,ロフト,ロフト834,（不明）,4582784162984,1762,1,2026-05,2026-06-01 06:54:33
2026-05-31,ロフト,ロフト834,（不明）,4582784166104,1762,1,2026-05,2026-06-01 06:54:33
2026-05-31,ロフト,ロフト834,（不明）,4582784166128,1762,0,2026-05,2026-06-01 06:54:33
2026-05-31,ロフト,ロフト836,（不明）,4560440431377,1036,2,2026-05,2026-06-01 06:54:33
2026-05-31,ロフト,ロフト836,（不明）,4560440431384,1036,2,2026-05,2026-06-01 06:54:33
2026-05-31,ロフト,ロフト836,（不明）,4560440431407,1016,2,2026-05,2026-06-01 06:54:33
2026-05-31,ロフト,ロフト836,（不明）,4560440431414,1016,2,2026-05,2026-06-01 06:54:33
2026-05-31,ロフト,ロフト836,（不明）,4560440431476,1015,0,2026-05,2026-06-01 06:54:33
2026-05-31,ロフト,ロフト836,（不明）,4560440431513,1015,0,2026-05,2026-06-01 06:54:33
2026-05-31,ロフト,ロフト836,（不明）,4560440431599,1034,14,2026-05,2026-06-01 06:54:33
2026-05-31,ロフト,ロフト836,（不明）,4560449979313,1110,8,2026-05,2026-06-01 06:54:33
2026-05-31,ロフト,ロフト836,（不明）,4560449979405,1110,2,2026-05,2026-06-01 06:54:33
2026-05-31,ロフト,ロフト836,（不明）,4560449979917,1110,11,2026-05,2026-06-01 06:54:33
2026-05-31,ロフト,ロフト836,（不明）,4560449979931,1110,1,2026-05,2026-06-01 06:54:33
2026-05-31,ロフト,ロフト836,（不明）,4560449982696,1110,0,2026-05,2026-06-01 06:54:33
2026-05-31,ロフト,ロフト836,（不明）,4560449982726,1110,0,2026-05,2026-06-01 06:54:33
2026-05-31,ロフト,ロフト836,（不明）,4573473052303,1029,1,2026-05,2026-06-01 06:54:33
2026-05-31,ロフト,ロフト836,（不明）,4573587350258,1762,1,2026-05,2026-06-01 06:54:33
2026-05-31,ロフト,ロフト836,（不明）,4573587350616,1762,0,2026-05,2026-06-01 06:54:33
2026-05-31,ロフト,ロフト836,（不明）,4573587350630,1762,0,2026-05,2026-06-01 06:54:33
2026-05-31,ロフト,ロフト836,（不明）,4573587350654,1762,0,2026-05,2026-06-01 06:54:33
2026-05-31,ロフト,ロフト836,（不明）,4573587350678,1762,1,2026-05,2026-06-01 06:54:33
2026-05-31,ロフト,ロフト836,（不明）,4573694002903,1110,2,2026-05,2026-06-01 06:54:33
2026-05-31,ロフト,ロフト836,（不明）,4573694002934,1110,1,2026-05,2026-06-01 06:54:33
2026-05-31,ロフト,ロフト836,（不明）,4582784162977,1762,0,2026-05,2026-06-01 06:54:33
2026-05-31,ロフト,ロフト836,（不明）,4582784162984,1762,0,2026-05,2026-06-01 06:54:33
2026-05-31,ロフト,ロフト836,（不明）,4582784166104,1762,0,2026-05,2026-06-01 06:54:33
2026-05-31,ロフト,ロフト836,（不明）,4582784166111,1762,0,2026-05,2026-06-01 06:54:33
2026-05-31,ロフト,ロフト836,（不明）,4582784166128,1762,0,2026-05,2026-06-01 06:54:33
2026-05-31,ロフト,ロフト836,（不明）,4582784166784,1762,0,2026-05,2026-06-01 06:54:33
2026-05-31,ロフト,ロフト836,（不明）,4582784166791,1762,1,2026-05,2026-06-01 06:54:33
2026-05-31,ロフト,ロフト838,（不明）,4560440431179,1016,0,2026-05,2026-06-01 06:54:33
2026-05-31,ロフト,ロフト838,（不明）,4560440431254,1015,0,2026-05,2026-06-01 06:54:33
2026-05-31,ロフト,ロフト838,（不明）,4560440431346,1016,0,2026-05,2026-06-01 06:54:33
2026-05-31,ロフト,ロフト838,（不明）,4560440431377,1036,0,2026-05,2026-06-01 06:54:33
2026-05-31,ロフト,ロフト838,（不明）,4560440431414,1016,0,2026-05,2026-06-01 06:54:33
2026-05-31,ロフト,ロフト838,（不明）,4560440431520,1015,0,2026-05,2026-06-01 06:54:33
2026-05-31,ロフト,ロフト838,（不明）,4560449979313,1110,3,2026-05,2026-06-01 06:54:33
2026-05-31,ロフト,ロフト838,（不明）,4560449979405,1110,0,2026-05,2026-06-01 06:54:33
2026-05-31,ロフト,ロフト838,（不明）,4560449979917,1110,5,2026-05,2026-06-01 06:54:33
2026-05-31,ロフト,ロフト838,（不明）,4560449979931,1110,1,2026-05,2026-06-01 06:54:33
2026-05-31,ロフト,ロフト838,（不明）,4560449982696,1110,0,2026-05,2026-06-01 06:54:33
2026-05-31,ロフト,ロフト838,（不明）,4560449982726,1110,0,2026-05,2026-06-01 06:54:33
2026-05-31,ロフト,ロフト838,（不明）,4573473052006,1013,2,2026-05,2026-06-01 06:54:33
2026-05-31,ロフト,ロフト838,（不明）,4573473052136,1013,7,2026-05,2026-06-01 06:54:33
2026-05-31,ロフト,ロフト838,（不明）,4573587350210,1762,1,2026-05,2026-06-01 06:54:33
2026-05-31,ロフト,ロフト838,（不明）,4573587350616,1762,0,2026-05,2026-06-01 06:54:33
2026-05-31,ロフト,ロフト838,（不明）,4573587350630,1762,0,2026-05,2026-06-01 06:54:33
2026-05-31,ロフト,ロフト838,（不明）,4573587350654,1762,0,2026-05,2026-06-01 06:54:33
2026-05-31,ロフト,ロフト838,（不明）,4573587350678,1762,1,2026-05,2026-06-01 06:54:33
2026-05-31,ロフト,ロフト838,（不明）,4573694000015,1110,3,2026-05,2026-06-01 06:54:33
2026-05-31,ロフト,ロフト838,（不明）,4573694002903,1110,3,2026-05,2026-06-01 06:54:33
2026-05-31,ロフト,ロフト838,（不明）,4573694002934,1110,0,2026-05,2026-06-01 06:54:33
2026-05-31,ロフト,ロフト838,（不明）,4582784162977,1762,0,2026-05,2026-06-01 06:54:33
2026-05-31,ロフト,ロフト838,（不明）,4582784162984,1762,0,2026-05,2026-06-01 06:54:33
2026-05-31,ロフト,ロフト838,（不明）,4582784166104,1762,1,2026-05,2026-06-01 06:54:33
2026-05-31,ロフト,ロフト838,（不明）,4582784166111,1762,0,2026-05,2026-06-01 06:54:33
2026-05-31,ロフト,ロフト838,（不明）,4582784166128,1762,0,2026-05,2026-06-01 06:54:33
2026-05-31,ロフト,ロフト838,（不明）,4582784166784,1762,1,2026-05,2026-06-01 06:54:33
2026-05-31,ロフト,ロフト838,（不明）,4582784166791,1762,1,2026-05,2026-06-01 06:54:33
2026-05-31,ロフト,ロフト842,（不明）,4560440431117,1036,2,2026-05,2026-06-01 06:54:33
2026-05-31,ロフト,ロフト842,（不明）,4560440431179,1016,2,2026-05,2026-06-01 06:54:33
2026-05-31,ロフト,ロフト842,（不明）,4560440431223,1015,0,2026-05,2026-06-01 06:54:33
2026-05-31,ロフト,ロフト842,（不明）,4560440431353,1016,0,2026-05,2026-06-01 06:54:33
2026-05-31,ロフト,ロフト842,（不明）,4560440431407,1016,0,2026-05,2026-06-01 06:54:33
2026-05-31,ロフト,ロフト842,（不明）,4560440431414,1016,1,2026-05,2026-06-01 06:54:33
2026-05-31,ロフト,ロフト842,（不明）,4560440431599,1034,9,2026-05,2026-06-01 06:54:33
2026-05-31,ロフト,ロフト842,（不明）,4560440431711,1034,2,2026-05,2026-06-01 06:54:33
2026-05-31,ロフト,ロフト842,（不明）,4560449970273,1762,0,2026-05,2026-06-01 06:54:33
2026-05-31,ロフト,ロフト842,（不明）,4560449970280,1762,1,2026-05,2026-06-01 06:54:33
2026-05-31,ロフト,ロフト842,（不明）,4560449979313,1110,5,2026-05,2026-06-01 06:54:33
2026-05-31,ロフト,ロフト842,（不明）,4560449979405,1110,5,2026-05,2026-06-01 06:54:33
2026-05-31,ロフト,ロフト842,（不明）,4560449979443,1762,0,2026-05,2026-06-01 06:54:33
2026-05-31,ロフト,ロフト842,（不明）,4560449979467,1762,0,2026-05,2026-06-01 06:54:33
2026-05-31,ロフト,ロフト842,（不明）,4560449979917,1110,4,2026-05,2026-06-01 06:54:33
2026-05-31,ロフト,ロフト842,（不明）,4560449979931,1110,0,2026-05,2026-06-01 06:54:33
2026-05-31,ロフト,ロフト842,（不明）,4560449982696,1110,0,2026-05,2026-06-01 06:54:33
2026-05-31,ロフト,ロフト842,（不明）,4560449982726,1110,0,2026-05,2026-06-01 06:54:33
2026-05-31,ロフト,ロフト842,（不明）,4573473052303,1029,0,2026-05,2026-06-01 06:54:33
2026-05-31,ロフト,ロフト842,（不明）,4573587350210,1762,0,2026-05,2026-06-01 06:54:33
2026-05-31,ロフト,ロフト842,（不明）,4573587350258,1762,0,2026-05,2026-06-01 06:54:33
2026-05-31,ロフト,ロフト842,（不明）,4573587350616,1762,1,2026-05,2026-06-01 06:54:33
2026-05-31,ロフト,ロフト842,（不明）,4573587350630,1762,0,2026-05,2026-06-01 06:54:33
2026-05-31,ロフト,ロフト842,（不明）,4573587350654,1762,0,2026-05,2026-06-01 06:54:33
2026-05-31,ロフト,ロフト842,（不明）,4573587350678,1762,0,2026-05,2026-06-01 06:54:33
2026-05-31,ロフト,ロフト842,（不明）,4573694002903,1110,6,2026-05,2026-06-01 06:54:33
2026-05-31,ロフト,ロフト842,（不明）,4573694002934,1110,0,2026-05,2026-06-01 06:54:33
2026-05-31,ロフト,ロフト842,（不明）,4580886250011,1013,0,2026-05,2026-06-01 06:54:33
2026-05-31,ロフト,ロフト842,（不明）,4582784162977,1762,0,2026-05,2026-06-01 06:54:33
2026-05-31,ロフト,ロフト842,（不明）,4582784162984,1762,0,2026-05,2026-06-01 06:54:33
2026-05-31,ロフト,ロフト842,（不明）,4582784166104,1762,0,2026-05,2026-06-01 06:54:33
2026-05-31,ロフト,ロフト842,（不明）,4582784166111,1762,0,2026-05,2026-06-01 06:54:33
2026-05-31,ロフト,ロフト842,（不明）,4582784166128,1762,0,2026-05,2026-06-01 06:54:33
2026-05-31,ロフト,ロフト842,（不明）,4582784166784,1762,0,2026-05,2026-06-01 06:54:33
2026-05-31,ロフト,ロフト842,（不明）,4582784166791,1762,1,2026-05,2026-06-01 06:54:33
2026-05-31,ロフト,ロフト842,（不明）,4595315976011,1222,0,2026-05,2026-06-01 06:54:33
2026-05-31,ロフト,ロフト842,（不明）,4595317659738,1013,1,2026-05,2026-06-01 06:54:33
2026-05-31,ロフト,ロフト842,（不明）,4595317659752,1013,6,2026-05,2026-06-01 06:54:33
2026-05-31,ロフト,ロフト842,（不明）,4595988311089,1220,1,2026-05,2026-06-01 06:54:33
2026-05-31,ロフト,ロフト842,（不明）,4595988311096,1220,0,2026-05,2026-06-01 06:54:33
2026-05-31,ロフト,ロフト842,（不明）,4595988311119,1220,0,2026-05,2026-06-01 06:54:33
2026-05-31,ロフト,ロフト844,（不明）,4560440431230,1015,1,2026-05,2026-06-01 06:54:33
2026-05-31,ロフト,ロフト844,（不明）,4560440431247,1015,0,2026-05,2026-06-01 06:54:33
2026-05-31,ロフト,ロフト844,（不明）,4560440431377,1036,0,2026-05,2026-06-01 06:54:33
2026-05-31,ロフト,ロフト844,（不明）,4560440431407,1016,2,2026-05,2026-06-01 06:54:33
2026-05-31,ロフト,ロフト844,（不明）,4560440431414,1016,0,2026-05,2026-06-01 06:54:33
2026-05-31,ロフト,ロフト844,（不明）,4560440431438,1016,0,2026-05,2026-06-01 06:54:33
2026-05-31,ロフト,ロフト844,（不明）,4560440431445,1016,3,2026-05,2026-06-01 06:54:33
2026-05-31,ロフト,ロフト844,（不明）,4560440431452,1036,3,2026-05,2026-06-01 06:54:33
2026-05-31,ロフト,ロフト844,（不明）,4560440431469,1016,0,2026-05,2026-06-01 06:54:33
2026-05-31,ロフト,ロフト844,（不明）,4560440431520,1015,0,2026-05,2026-06-01 06:54:33
2026-05-31,ロフト,ロフト844,（不明）,4560440431537,1015,4,2026-05,2026-06-01 06:54:33
2026-05-31,ロフト,ロフト844,（不明）,4560440431711,1034,9,2026-05,2026-06-01 06:54:33
2026-05-31,ロフト,ロフト844,（不明）,4560440431735,1034,2,2026-05,2026-06-01 06:54:33
2026-05-31,ロフト,ロフト844,（不明）,4560449970273,1762,5,2026-05,2026-06-01 06:54:33
2026-05-31,ロフト,ロフト844,（不明）,4560449970280,1762,1,2026-05,2026-06-01 06:54:33
2026-05-31,ロフト,ロフト844,（不明）,4560449976589,1762,1,2026-05,2026-06-01 06:54:33
2026-05-31,ロフト,ロフト844,（不明）,4560449976602,1762,5,2026-05,2026-06-01 06:54:33
2026-05-31,ロフト,ロフト844,（不明）,4560449979313,1110,9,2026-05,2026-06-01 06:54:33
2026-05-31,ロフト,ロフト844,（不明）,4560449979405,1110,4,2026-05,2026-06-01 06:54:33
2026-05-31,ロフト,ロフト844,（不明）,4560449979443,1762,2,2026-05,2026-06-01 06:54:33
2026-05-31,ロフト,ロフト844,（不明）,4560449979467,1762,2,2026-05,2026-06-01 06:54:33
2026-05-31,ロフト,ロフト844,（不明）,4560449979917,1110,20,2026-05,2026-06-01 06:54:33
2026-05-31,ロフト,ロフト844,（不明）,4560449979931,1110,5,2026-05,2026-06-01 06:54:33
2026-05-31,ロフト,ロフト844,（不明）,4560449982696,1110,1,2026-05,2026-06-01 06:54:33
2026-05-31,ロフト,ロフト844,（不明）,4560449982726,1110,0,2026-05,2026-06-01 06:54:33
2026-05-31,ロフト,ロフト844,（不明）,4573473052006,1013,1,2026-05,2026-06-01 06:54:33
2026-05-31,ロフト,ロフト844,（不明）,4573473052136,1013,6,2026-05,2026-06-01 06:54:33
2026-05-31,ロフト,ロフト844,（不明）,4573473052235,1035,1,2026-05,2026-06-01 06:54:33
2026-05-31,ロフト,ロフト844,（不明）,4573473052280,1013,0,2026-05,2026-06-01 06:54:33
2026-05-31,ロフト,ロフト844,（不明）,4573473052303,1029,1,2026-05,2026-06-01 06:54:33
2026-05-31,ロフト,ロフト844,（不明）,4573587350210,1762,3,2026-05,2026-06-01 06:54:33
2026-05-31,ロフト,ロフト844,（不明）,4573587350258,1762,2,2026-05,2026-06-01 06:54:33
2026-05-31,ロフト,ロフト844,（不明）,4573587350616,1762,0,2026-05,2026-06-01 06:54:33
2026-05-31,ロフト,ロフト844,（不明）,4573587350654,1762,0,2026-05,2026-06-01 06:54:33
2026-05-31,ロフト,ロフト844,（不明）,4573694000015,1110,7,2026-05,2026-06-01 06:54:33
2026-05-31,ロフト,ロフト844,（不明）,4573694000091,1097,4,2026-05,2026-06-01 06:54:33
2026-05-31,ロフト,ロフト844,（不明）,4573694002903,1110,5,2026-05,2026-06-01 06:54:33
2026-05-31,ロフト,ロフト844,（不明）,4573694002934,1110,2,2026-05,2026-06-01 06:54:33
2026-05-31,ロフト,ロフト844,（不明）,4580543220418,1639,0,2026-05,2026-06-01 06:54:33
2026-05-31,ロフト,ロフト844,（不明）,4580543220487,1060,0,2026-05,2026-06-01 06:54:33
2026-05-31,ロフト,ロフト844,（不明）,4580886250011,1013,2,2026-05,2026-06-01 06:54:33
2026-05-31,ロフト,ロフト844,（不明）,4582784162977,1762,0,2026-05,2026-06-01 06:54:33
2026-05-31,ロフト,ロフト844,（不明）,4582784162984,1762,0,2026-05,2026-06-01 06:54:33
2026-05-31,ロフト,ロフト844,（不明）,4582784163233,1762,0,2026-05,2026-06-01 06:54:33
2026-05-31,ロフト,ロフト844,（不明）,4582784163240,1762,1,2026-05,2026-06-01 06:54:33
2026-05-31,ロフト,ロフト844,（不明）,4582784163257,1762,0,2026-05,2026-06-01 06:54:33
2026-05-31,ロフト,ロフト844,（不明）,4582784163264,1762,1,2026-05,2026-06-01 06:54:33
2026-05-31,ロフト,ロフト844,（不明）,4582784163332,1727,0,2026-05,2026-06-01 06:54:33
2026-05-31,ロフト,ロフト844,（不明）,4582784163349,1727,0,2026-05,2026-06-01 06:54:33
2026-05-31,ロフト,ロフト844,（不明）,4582784166104,1762,0,2026-05,2026-06-01 06:54:33
2026-05-31,ロフト,ロフト844,（不明）,4582784166111,1762,2,2026-05,2026-06-01 06:54:33
2026-05-31,ロフト,ロフト844,（不明）,4582784166128,1762,4,2026-05,2026-06-01 06:54:33
2026-05-31,ロフト,ロフト844,（不明）,4582784166784,1762,1,2026-05,2026-06-01 06:54:33
2026-05-31,ロフト,ロフト844,（不明）,4582784166791,1762,0,2026-05,2026-06-01 06:54:33
2026-05-31,ロフト,ロフト844,（不明）,4589814750364,1657,0,2026-05,2026-06-01 06:54:33
2026-05-31,ロフト,ロフト844,（不明）,4589814757080,1258,16,2026-05,2026-06-01 06:54:33
2026-05-31,ロフト,ロフト844,（不明）,4595315976011,1222,1,2026-05,2026-06-01 06:54:33
2026-05-31,ロフト,ロフト844,（不明）,4595317659110,1013,2,2026-05,2026-06-01 06:54:33
2026-05-31,ロフト,ロフト844,（不明）,4595317659127,1013,2,2026-05,2026-06-01 06:54:33
2026-05-31,ロフト,ロフト844,（不明）,4595317659738,1013,4,2026-05,2026-06-01 06:54:33
2026-05-31,ロフト,ロフト844,（不明）,4595317659745,1013,7,2026-05,2026-06-01 06:54:33
2026-05-31,ロフト,ロフト844,（不明）,4595317659752,1013,13,2026-05,2026-06-01 06:54:33
2026-05-31,ロフト,ロフト844,（不明）,4595988311089,1220,4,2026-05,2026-06-01 06:54:33
2026-05-31,ロフト,ロフト844,（不明）,4595988311096,1220,1,2026-05,2026-06-01 06:54:33
2026-05-31,ロフト,ロフト844,（不明）,4595988311119,1220,2,2026-05,2026-06-01 06:54:33
2026-05-31,ロフト,ロフト844,（不明）,8809317963556,1723,3,2026-05,2026-06-01 06:54:33
2026-05-31,ロフト,ロフト844,（不明）,8809317967943,1723,4,2026-05,2026-06-01 06:54:33
2026-05-31,ロフト,ロフト844,（不明）,8809541199998,1723,7,2026-05,2026-06-01 06:54:33
2026-05-31,ロフト,ロフト844,（不明）,8809672176332,1266,2,2026-05,2026-06-01 06:54:33
2026-05-31,ロフト,ロフト844,（不明）,8809672176684,1250,1,2026-05,2026-06-01 06:54:33
2026-05-31,ロフト,ロフト844,（不明）,8809823390297,1723,7,2026-05,2026-06-01 06:54:33
2026-05-31,ロフト,ロフト844,（不明）,8809849807694,1092,2,2026-05,2026-06-01 06:54:33
2026-05-31,ロフト,ロフト844,（不明）,8809849808400,1092,1,2026-05,2026-06-01 06:54:33
2026-05-31,ロフト,ロフト844,（不明）,8809849808417,1092,1,2026-05,2026-06-01 06:54:33
2026-05-31,ロフト,ロフト844,（不明）,8809849808424,1092,1,2026-05,2026-06-01 06:54:33
2026-05-31,ロフト,ロフト845,（不明）,4560440431087,1016,1,2026-05,2026-06-01 06:54:33
2026-05-31,ロフト,ロフト845,（不明）,4560440431094,1016,0,2026-05,2026-06-01 06:54:33
2026-05-31,ロフト,ロフト845,（不明）,4560440431193,1036,0,2026-05,2026-06-01 06:54:33
2026-05-31,ロフト,ロフト845,（不明）,4560440431230,1015,0,2026-05,2026-06-01 06:54:33
2026-05-31,ロフト,ロフト845,（不明）,4560440431346,1016,0,2026-05,2026-06-01 06:54:33
2026-05-31,ロフト,ロフト845,（不明）,4560440431414,1016,2,2026-05,2026-06-01 06:54:33
2026-05-31,ロフト,ロフト845,（不明）,4560440431445,1016,1,2026-05,2026-06-01 06:54:33
2026-05-31,ロフト,ロフト845,（不明）,4560440431520,1015,1,2026-05,2026-06-01 06:54:33
2026-05-31,ロフト,ロフト845,（不明）,4560449979313,1110,1,2026-05,2026-06-01 06:54:33
2026-05-31,ロフト,ロフト845,（不明）,4560449979405,1110,0,2026-05,2026-06-01 06:54:33
2026-05-31,ロフト,ロフト845,（不明）,4560449979917,1110,2,2026-05,2026-06-01 06:54:33
2026-05-31,ロフト,ロフト845,（不明）,4560449979931,1110,0,2026-05,2026-06-01 06:54:33
2026-05-31,ロフト,ロフト845,（不明）,4560449982696,1110,3,2026-05,2026-06-01 06:54:33
2026-05-31,ロフト,ロフト845,（不明）,4560449982726,1110,1,2026-05,2026-06-01 06:54:33
2026-05-31,ロフト,ロフト845,（不明）,4573587350210,1762,1,2026-05,2026-06-01 06:54:33
2026-05-31,ロフト,ロフト845,（不明）,4573587350258,1762,1,2026-05,2026-06-01 06:54:33
2026-05-31,ロフト,ロフト845,（不明）,4573694002903,1110,4,2026-05,2026-06-01 06:54:33
2026-05-31,ロフト,ロフト845,（不明）,4573694002934,1110,2,2026-05,2026-06-01 06:54:33
2026-05-31,ロフト,ロフト845,（不明）,4582784162977,1762,1,2026-05,2026-06-01 06:54:33
2026-05-31,ロフト,ロフト845,（不明）,4582784162984,1762,0,2026-05,2026-06-01 06:54:33
2026-05-31,ロフト,ロフト845,（不明）,4582784166104,1762,0,2026-05,2026-06-01 06:54:33
2026-05-31,ロフト,ロフト845,（不明）,4582784166111,1762,0,2026-05,2026-06-01 06:54:33
2026-05-31,ロフト,ロフト845,（不明）,4582784166128,1762,1,2026-05,2026-06-01 06:54:33
2026-05-31,ロフト,ロフト846,（不明）,4560440431216,1015,0,2026-05,2026-06-01 06:54:33
2026-05-31,ロフト,ロフト846,（不明）,4560440431261,1015,0,2026-05,2026-06-01 06:54:33
2026-05-31,ロフト,ロフト846,（不明）,4560440431414,1016,1,2026-05,2026-06-01 06:54:33
2026-05-31,ロフト,ロフト846,（不明）,4560440431445,1016,2,2026-05,2026-06-01 06:54:33
2026-05-31,ロフト,ロフト846,（不明）,4560440431520,1015,0,2026-05,2026-06-01 06:54:33
2026-05-31,ロフト,ロフト846,（不明）,4560440431711,1034,1,2026-05,2026-06-01 06:54:33
2026-05-31,ロフト,ロフト846,（不明）,4560449979313,1110,9,2026-05,2026-06-01 06:54:33
2026-05-31,ロフト,ロフト846,（不明）,4560449979405,1110,1,2026-05,2026-06-01 06:54:33
2026-05-31,ロフト,ロフト846,（不明）,4560449979917,1110,5,2026-05,2026-06-01 06:54:33
2026-05-31,ロフト,ロフト846,（不明）,4560449979931,1110,2,2026-05,2026-06-01 06:54:33
2026-05-31,ロフト,ロフト846,（不明）,4560449982696,1110,0,2026-05,2026-06-01 06:54:33
2026-05-31,ロフト,ロフト846,（不明）,4560449982726,1110,0,2026-05,2026-06-01 06:54:33
2026-05-31,ロフト,ロフト846,（不明）,4573473052006,1013,2,2026-05,2026-06-01 06:54:33
2026-05-31,ロフト,ロフト846,（不明）,4573473052136,1013,0,2026-05,2026-06-01 06:54:33
2026-05-31,ロフト,ロフト846,（不明）,4573473052235,1035,0,2026-05,2026-06-01 06:54:33
2026-05-31,ロフト,ロフト846,（不明）,4573473052303,1029,0,2026-05,2026-06-01 06:54:33
2026-05-31,ロフト,ロフト846,（不明）,4573587350210,1762,0,2026-05,2026-06-01 06:54:33
2026-05-31,ロフト,ロフト846,（不明）,4573587350258,1762,0,2026-05,2026-06-01 06:54:33
2026-05-31,ロフト,ロフト846,（不明）,4573587350616,1762,0,2026-05,2026-06-01 06:54:33
2026-05-31,ロフト,ロフト846,（不明）,4573587350630,1762,0,2026-05,2026-06-01 06:54:33
2026-05-31,ロフト,ロフト846,（不明）,4573587350654,1762,0,2026-05,2026-06-01 06:54:33
2026-05-31,ロフト,ロフト846,（不明）,4573587350678,1762,2,2026-05,2026-06-01 06:54:33
2026-05-31,ロフト,ロフト846,（不明）,4573694000015,1110,5,2026-05,2026-06-01 06:54:33
2026-05-31,ロフト,ロフト846,（不明）,4573694000091,1097,0,2026-05,2026-06-01 06:54:33
2026-05-31,ロフト,ロフト846,（不明）,4573694002903,1110,3,2026-05,2026-06-01 06:54:33
2026-05-31,ロフト,ロフト846,（不明）,4573694002934,1110,1,2026-05,2026-06-01 06:54:33
2026-05-31,ロフト,ロフト846,（不明）,4582784162977,1762,0,2026-05,2026-06-01 06:54:33
2026-05-31,ロフト,ロフト846,（不明）,4582784162984,1762,0,2026-05,2026-06-01 06:54:33
2026-05-31,ロフト,ロフト846,（不明）,4582784166104,1762,0,2026-05,2026-06-01 06:54:33
2026-05-31,ロフト,ロフト846,（不明）,4582784166111,1762,0,2026-05,2026-06-01 06:54:33
2026-05-31,ロフト,ロフト846,（不明）,4582784166128,1762,0,2026-05,2026-06-01 06:54:33
2026-05-31,ロフト,ロフト846,（不明）,4582784166784,1762,1,2026-05,2026-06-01 06:54:33
2026-05-31,ロフト,ロフト846,（不明）,4582784166791,1762,0,2026-05,2026-06-01 06:54:33
2026-05-31,ロフト,ロフト853,（不明）,4560440431131,1036,0,2026-05,2026-06-01 06:54:33
2026-05-31,ロフト,ロフト853,（不明）,4560440431353,1016,1,2026-05,2026-06-01 06:54:33
2026-05-31,ロフト,ロフト853,（不明）,4560440431414,1016,0,2026-05,2026-06-01 06:54:33
2026-05-31,ロフト,ロフト853,（不明）,4560440431513,1015,1,2026-05,2026-06-01 06:54:33
2026-05-31,ロフト,ロフト853,（不明）,4560440431537,1015,1,2026-05,2026-06-01 06:54:33
2026-05-31,ロフト,ロフト853,（不明）,4560449979313,1110,5,2026-05,2026-06-01 06:54:33
2026-05-31,ロフト,ロフト853,（不明）,4560449979405,1110,0,2026-05,2026-06-01 06:54:33
2026-05-31,ロフト,ロフト853,（不明）,4560449979917,1110,6,2026-05,2026-06-01 06:54:33
2026-05-31,ロフト,ロフト853,（不明）,4560449979931,1110,4,2026-05,2026-06-01 06:54:33
2026-05-31,ロフト,ロフト853,（不明）,4560449982696,1110,0,2026-05,2026-06-01 06:54:33
2026-05-31,ロフト,ロフト853,（不明）,4560449982726,1110,0,2026-05,2026-06-01 06:54:33
2026-05-31,ロフト,ロフト853,（不明）,4573473052006,1013,1,2026-05,2026-06-01 06:54:33
2026-05-31,ロフト,ロフト853,（不明）,4573473052136,1013,8,2026-05,2026-06-01 06:54:33
2026-05-31,ロフト,ロフト853,（不明）,4573473052235,1035,1,2026-05,2026-06-01 06:54:33
2026-05-31,ロフト,ロフト853,（不明）,4573473052303,1029,0,2026-05,2026-06-01 06:54:33
2026-05-31,ロフト,ロフト853,（不明）,4573587350210,1762,0,2026-05,2026-06-01 06:54:33
2026-05-31,ロフト,ロフト853,（不明）,4573587350258,1762,0,2026-05,2026-06-01 06:54:33
2026-05-31,ロフト,ロフト853,（不明）,4573587350593,1762,0,2026-05,2026-06-01 06:54:33
2026-05-31,ロフト,ロフト853,（不明）,4573587350616,1762,0,2026-05,2026-06-01 06:54:33
2026-05-31,ロフト,ロフト853,（不明）,4573587350630,1762,0,2026-05,2026-06-01 06:54:33
2026-05-31,ロフト,ロフト853,（不明）,4573587350654,1762,0,2026-05,2026-06-01 06:54:33
2026-05-31,ロフト,ロフト853,（不明）,4573587350678,1762,0,2026-05,2026-06-01 06:54:33
2026-05-31,ロフト,ロフト853,（不明）,4573694002934,1110,0,2026-05,2026-06-01 06:54:33
2026-05-31,ロフト,ロフト853,（不明）,4580886250011,1013,0,2026-05,2026-06-01 06:54:33
2026-05-31,ロフト,ロフト853,（不明）,4582784162977,1762,0,2026-05,2026-06-01 06:54:33
2026-05-31,ロフト,ロフト853,（不明）,4582784162984,1762,2,2026-05,2026-06-01 06:54:33
2026-05-31,ロフト,ロフト853,（不明）,4582784166104,1762,0,2026-05,2026-06-01 06:54:33
2026-05-31,ロフト,ロフト853,（不明）,4582784166111,1762,2,2026-05,2026-06-01 06:54:33
2026-05-31,ロフト,ロフト853,（不明）,4582784166128,1762,0,2026-05,2026-06-01 06:54:33
2026-05-31,ロフト,ロフト853,（不明）,4582784166784,1762,1,2026-05,2026-06-01 06:54:33
2026-05-31,ロフト,ロフト853,（不明）,4582784166791,1762,0,2026-05,2026-06-01 06:54:33
2026-05-31,ロフト,ロフト853,（不明）,4595317659110,1013,2,2026-05,2026-06-01 06:54:33
2026-05-31,ロフト,ロフト853,（不明）,4595317659127,1013,1,2026-05,2026-06-01 06:54:33
2026-05-31,ロフト,ロフト853,（不明）,4595317659738,1013,1,2026-05,2026-06-01 06:54:33
2026-05-31,ロフト,ロフト853,（不明）,4595317659745,1013,1,2026-05,2026-06-01 06:54:33
2026-05-31,ロフト,ロフト853,（不明）,4595317659752,1013,4,2026-05,2026-06-01 06:54:33
2026-05-31,ロフト,ロフト853,（不明）,4595988311089,1220,1,2026-05,2026-06-01 06:54:33
2026-05-31,ロフト,ロフト853,（不明）,4595988311096,1220,1,2026-05,2026-06-01 06:54:33
2026-05-31,ロフト,ロフト853,（不明）,4595988311119,1220,0,2026-05,2026-06-01 06:54:33
2026-05-31,ロフト,ロフト854,（不明）,4560440431087,1016,1,2026-05,2026-06-01 06:54:33
2026-05-31,ロフト,ロフト854,（不明）,4560440431117,1036,0,2026-05,2026-06-01 06:54:33
2026-05-31,ロフト,ロフト854,（不明）,4560440431193,1036,0,2026-05,2026-06-01 06:54:33
2026-05-31,ロフト,ロフト854,（不明）,4560440431216,1015,0,2026-05,2026-06-01 06:54:33
2026-05-31,ロフト,ロフト854,（不明）,4560440431407,1016,0,2026-05,2026-06-01 06:54:33
2026-05-31,ロフト,ロフト854,（不明）,4560440431414,1016,1,2026-05,2026-06-01 06:54:33
2026-05-31,ロフト,ロフト854,（不明）,4560440431438,1016,0,2026-05,2026-06-01 06:54:33
2026-05-31,ロフト,ロフト854,（不明）,4560440431452,1036,1,2026-05,2026-06-01 06:54:33
2026-05-31,ロフト,ロフト854,（不明）,4560440431513,1015,0,2026-05,2026-06-01 06:54:33
2026-05-31,ロフト,ロフト854,（不明）,4560449979313,1110,5,2026-05,2026-06-01 06:54:33
2026-05-31,ロフト,ロフト854,（不明）,4560449979405,1110,0,2026-05,2026-06-01 06:54:33
2026-05-31,ロフト,ロフト854,（不明）,4560449979917,1110,3,2026-05,2026-06-01 06:54:33
2026-05-31,ロフト,ロフト854,（不明）,4560449979931,1110,0,2026-05,2026-06-01 06:54:33
2026-05-31,ロフト,ロフト854,（不明）,4560449982696,1110,0,2026-05,2026-06-01 06:54:33
2026-05-31,ロフト,ロフト854,（不明）,4560449982726,1110,0,2026-05,2026-06-01 06:54:33
2026-05-31,ロフト,ロフト854,（不明）,4573473052006,1013,0,2026-05,2026-06-01 06:54:33
2026-05-31,ロフト,ロフト854,（不明）,4573473052136,1013,9,2026-05,2026-06-01 06:54:33
2026-05-31,ロフト,ロフト854,（不明）,4573473052235,1035,0,2026-05,2026-06-01 06:54:33
2026-05-31,ロフト,ロフト854,（不明）,4573473052303,1029,2,2026-05,2026-06-01 06:54:33
2026-05-31,ロフト,ロフト854,（不明）,4573587350210,1762,0,2026-05,2026-06-01 06:54:33
2026-05-31,ロフト,ロフト854,（不明）,4573587350258,1762,1,2026-05,2026-06-01 06:54:33
2026-05-31,ロフト,ロフト854,（不明）,4573587350593,1762,0,2026-05,2026-06-01 06:54:33
2026-05-31,ロフト,ロフト854,（不明）,4573587350616,1762,1,2026-05,2026-06-01 06:54:33
2026-05-31,ロフト,ロフト854,（不明）,4573587350630,1762,0,2026-05,2026-06-01 06:54:33
2026-05-31,ロフト,ロフト854,（不明）,4573587350654,1762,1,2026-05,2026-06-01 06:54:33
2026-05-31,ロフト,ロフト854,（不明）,4573587350678,1762,0,2026-05,2026-06-01 06:54:33
2026-05-31,ロフト,ロフト854,（不明）,4573694002903,1110,4,2026-05,2026-06-01 06:54:33
2026-05-31,ロフト,ロフト854,（不明）,4573694002934,1110,1,2026-05,2026-06-01 06:54:33
2026-05-31,ロフト,ロフト854,（不明）,4582784162977,1762,0,2026-05,2026-06-01 06:54:33
2026-05-31,ロフト,ロフト854,（不明）,4582784162984,1762,0,2026-05,2026-06-01 06:54:33
2026-05-31,ロフト,ロフト854,（不明）,4582784166104,1762,0,2026-05,2026-06-01 06:54:33
2026-05-31,ロフト,ロフト854,（不明）,4582784166111,1762,0,2026-05,2026-06-01 06:54:33
2026-05-31,ロフト,ロフト854,（不明）,4582784166128,1762,2,2026-05,2026-06-01 06:54:33
2026-05-31,ロフト,ロフト854,（不明）,4582784166784,1762,1,2026-05,2026-06-01 06:54:33
2026-05-31,ロフト,ロフト854,（不明）,4582784166791,1762,0,2026-05,2026-06-01 06:54:33
2026-05-31,ロフト,ロフト855,（不明）,4560440431117,1036,1,2026-05,2026-06-01 06:54:33
2026-05-31,ロフト,ロフト855,（不明）,4560440431223,1015,1,2026-05,2026-06-01 06:54:33
2026-05-31,ロフト,ロフト855,（不明）,4560440431230,1015,1,2026-05,2026-06-01 06:54:33
2026-05-31,ロフト,ロフト855,（不明）,4560440431346,1016,1,2026-05,2026-06-01 06:54:33
2026-05-31,ロフト,ロフト855,（不明）,4560440431353,1016,1,2026-05,2026-06-01 06:54:33
2026-05-31,ロフト,ロフト855,（不明）,4560440431360,1016,1,2026-05,2026-06-01 06:54:33
2026-05-31,ロフト,ロフト855,（不明）,4560440431377,1036,0,2026-05,2026-06-01 06:54:33
2026-05-31,ロフト,ロフト855,（不明）,4560440431384,1036,4,2026-05,2026-06-01 06:54:33
2026-05-31,ロフト,ロフト855,（不明）,4560440431407,1016,1,2026-05,2026-06-01 06:54:33
2026-05-31,ロフト,ロフト855,（不明）,4560440431438,1016,1,2026-05,2026-06-01 06:54:33
2026-05-31,ロフト,ロフト855,（不明）,4560440431445,1016,2,2026-05,2026-06-01 06:54:33
2026-05-31,ロフト,ロフト855,（不明）,4560440431513,1015,3,2026-05,2026-06-01 06:54:33
2026-05-31,ロフト,ロフト855,（不明）,4560449979313,1110,2,2026-05,2026-06-01 06:54:33
2026-05-31,ロフト,ロフト855,（不明）,4560449979405,1110,0,2026-05,2026-06-01 06:54:33
2026-05-31,ロフト,ロフト855,（不明）,4560449979917,1110,3,2026-05,2026-06-01 06:54:33
2026-05-31,ロフト,ロフト855,（不明）,4560449979931,1110,0,2026-05,2026-06-01 06:54:33
2026-05-31,ロフト,ロフト855,（不明）,4560449982696,1110,1,2026-05,2026-06-01 06:54:33
2026-05-31,ロフト,ロフト855,（不明）,4560449982726,1110,0,2026-05,2026-06-01 06:54:33
2026-05-31,ロフト,ロフト855,（不明）,4573473052006,1013,3,2026-05,2026-06-01 06:54:33
2026-05-31,ロフト,ロフト855,（不明）,4573473052136,1013,17,2026-05,2026-06-01 06:54:33
2026-05-31,ロフト,ロフト855,（不明）,4573473052235,1035,0,2026-05,2026-06-01 06:54:33
2026-05-31,ロフト,ロフト855,（不明）,4573473052303,1029,2,2026-05,2026-06-01 06:54:33
2026-05-31,ロフト,ロフト855,（不明）,4573587350210,1762,0,2026-05,2026-06-01 06:54:33
2026-05-31,ロフト,ロフト855,（不明）,4573587350258,1762,0,2026-05,2026-06-01 06:54:33
2026-05-31,ロフト,ロフト855,（不明）,4573587350616,1762,1,2026-05,2026-06-01 06:54:33
2026-05-31,ロフト,ロフト855,（不明）,4573587350630,1762,0,2026-05,2026-06-01 06:54:33
2026-05-31,ロフト,ロフト855,（不明）,4573587350654,1762,0,2026-05,2026-06-01 06:54:33
2026-05-31,ロフト,ロフト855,（不明）,4573587350678,1762,0,2026-05,2026-06-01 06:54:33
2026-05-31,ロフト,ロフト855,（不明）,4573694002903,1110,3,2026-05,2026-06-01 06:54:33
2026-05-31,ロフト,ロフト855,（不明）,4573694002934,1110,0,2026-05,2026-06-01 06:54:33
2026-05-31,ロフト,ロフト855,（不明）,4580886250011,1013,0,2026-05,2026-06-01 06:54:33
2026-05-31,ロフト,ロフト855,（不明）,4582784162977,1762,0,2026-05,2026-06-01 06:54:33
2026-05-31,ロフト,ロフト855,（不明）,4582784162984,1762,0,2026-05,2026-06-01 06:54:33
2026-05-31,ロフト,ロフト855,（不明）,4582784166104,1762,0,2026-05,2026-06-01 06:54:33
2026-05-31,ロフト,ロフト855,（不明）,4582784166111,1762,0,2026-05,2026-06-01 06:54:33
2026-05-31,ロフト,ロフト855,（不明）,4582784166128,1762,0,2026-05,2026-06-01 06:54:33
2026-05-31,ロフト,ロフト855,（不明）,4582784166784,1762,0,2026-05,2026-06-01 06:54:33
2026-05-31,ロフト,ロフト855,（不明）,4582784166791,1762,0,2026-05,2026-06-01 06:54:33
2026-05-31,ロフト,ロフト855,（不明）,4595315976011,1222,0,2026-05,2026-06-01 06:54:33
2026-05-31,ロフト,ロフト855,（不明）,4595317659110,1013,2,2026-05,2026-06-01 06:54:33
2026-05-31,ロフト,ロフト855,（不明）,4595317659127,1013,1,2026-05,2026-06-01 06:54:33
2026-05-31,ロフト,ロフト855,（不明）,4595317659738,1013,1,2026-05,2026-06-01 06:54:33
2026-05-31,ロフト,ロフト855,（不明）,4595988311089,1220,0,2026-05,2026-06-01 06:54:33
2026-05-31,ロフト,ロフト855,（不明）,4595988311096,1220,0,2026-05,2026-06-01 06:54:33
2026-05-31,ロフト,ロフト855,（不明）,4595988311119,1220,0,2026-05,2026-06-01 06:54:33
2026-05-31,ロフト,ロフト856,（不明）,4560440431117,1036,1,2026-05,2026-06-01 06:54:33
2026-05-31,ロフト,ロフト856,（不明）,4560440431124,1036,0,2026-05,2026-06-01 06:54:33
2026-05-31,ロフト,ロフト856,（不明）,4560440431230,1015,0,2026-05,2026-06-01 06:54:33
2026-05-31,ロフト,ロフト856,（不明）,4560440431247,1015,1,2026-05,2026-06-01 06:54:33
2026-05-31,ロフト,ロフト856,（不明）,4560440431254,1015,0,2026-05,2026-06-01 06:54:33
2026-05-31,ロフト,ロフト856,（不明）,4560440431261,1015,1,2026-05,2026-06-01 06:54:33
2026-05-31,ロフト,ロフト856,（不明）,4560440431346,1016,1,2026-05,2026-06-01 06:54:33
2026-05-31,ロフト,ロフト856,（不明）,4560440431377,1036,1,2026-05,2026-06-01 06:54:33
2026-05-31,ロフト,ロフト856,（不明）,4560440431407,1016,1,2026-05,2026-06-01 06:54:33
2026-05-31,ロフト,ロフト856,（不明）,4560440431414,1016,2,2026-05,2026-06-01 06:54:33
2026-05-31,ロフト,ロフト856,（不明）,4560440431438,1016,2,2026-05,2026-06-01 06:54:33
2026-05-31,ロフト,ロフト856,（不明）,4560440431483,1015,0,2026-05,2026-06-01 06:54:33
2026-05-31,ロフト,ロフト856,（不明）,4560440431599,1034,2,2026-05,2026-06-01 06:54:33
2026-05-31,ロフト,ロフト856,（不明）,4560449979313,1110,4,2026-05,2026-06-01 06:54:33
2026-05-31,ロフト,ロフト856,（不明）,4560449979405,1110,0,2026-05,2026-06-01 06:54:33
2026-05-31,ロフト,ロフト856,（不明）,4560449979917,1110,8,2026-05,2026-06-01 06:54:33
2026-05-31,ロフト,ロフト856,（不明）,4560449979931,1110,2,2026-05,2026-06-01 06:54:33
2026-05-31,ロフト,ロフト856,（不明）,4560449982696,1110,0,2026-05,2026-06-01 06:54:33
2026-05-31,ロフト,ロフト856,（不明）,4560449982726,1110,0,2026-05,2026-06-01 06:54:33
2026-05-31,ロフト,ロフト856,（不明）,4573473052006,1013,1,2026-05,2026-06-01 06:54:33
2026-05-31,ロフト,ロフト856,（不明）,4573473052136,1013,2,2026-05,2026-06-01 06:54:33
2026-05-31,ロフト,ロフト856,（不明）,4573473052235,1035,0,2026-05,2026-06-01 06:54:33
2026-05-31,ロフト,ロフト856,（不明）,4573473052303,1029,1,2026-05,2026-06-01 06:54:33
2026-05-31,ロフト,ロフト856,（不明）,4573587350616,1762,0,2026-05,2026-06-01 06:54:33
2026-05-31,ロフト,ロフト856,（不明）,4573587350630,1762,0,2026-05,2026-06-01 06:54:33
2026-05-31,ロフト,ロフト856,（不明）,4573587350654,1762,0,2026-05,2026-06-01 06:54:33
2026-05-31,ロフト,ロフト856,（不明）,4573587350678,1762,1,2026-05,2026-06-01 06:54:33
2026-05-31,ロフト,ロフト856,（不明）,4573587350692,1762,1,2026-05,2026-06-01 06:54:33
2026-05-31,ロフト,ロフト856,（不明）,4573694002934,1110,0,2026-05,2026-06-01 06:54:33
2026-05-31,ロフト,ロフト856,（不明）,4580886250011,1013,1,2026-05,2026-06-01 06:54:33
2026-05-31,ロフト,ロフト856,（不明）,4582784162977,1762,1,2026-05,2026-06-01 06:54:33
2026-05-31,ロフト,ロフト856,（不明）,4582784162984,1762,0,2026-05,2026-06-01 06:54:33
2026-05-31,ロフト,ロフト856,（不明）,4582784166104,1762,0,2026-05,2026-06-01 06:54:33
2026-05-31,ロフト,ロフト856,（不明）,4582784166111,1762,0,2026-05,2026-06-01 06:54:33
2026-05-31,ロフト,ロフト856,（不明）,4582784166128,1762,0,2026-05,2026-06-01 06:54:33
2026-05-31,ロフト,ロフト856,（不明）,4582784166784,1762,0,2026-05,2026-06-01 06:54:33
2026-05-31,ロフト,ロフト856,（不明）,4582784166791,1762,0,2026-05,2026-06-01 06:54:33
2026-05-31,ロフト,ロフト856,（不明）,4595317659110,1013,0,2026-05,2026-06-01 06:54:33
2026-05-31,ロフト,ロフト856,（不明）,4595317659127,1013,0,2026-05,2026-06-01 06:54:33
2026-05-31,ロフト,ロフト856,（不明）,4595317659738,1013,0,2026-05,2026-06-01 06:54:33
2026-05-31,ロフト,ロフト857,（不明）,4560440431216,1015,0,2026-05,2026-06-01 06:54:33
2026-05-31,ロフト,ロフト857,（不明）,4560440431353,1016,0,2026-05,2026-06-01 06:54:33
2026-05-31,ロフト,ロフト857,（不明）,4560440431407,1016,1,2026-05,2026-06-01 06:54:33
2026-05-31,ロフト,ロフト857,（不明）,4560440431414,1016,0,2026-05,2026-06-01 06:54:33
2026-05-31,ロフト,ロフト857,（不明）,4560440431438,1016,0,2026-05,2026-06-01 06:54:33
2026-05-31,ロフト,ロフト857,（不明）,4560440431476,1015,0,2026-05,2026-06-01 06:54:33
2026-05-31,ロフト,ロフト857,（不明）,4560440431483,1015,0,2026-05,2026-06-01 06:54:33
2026-05-31,ロフト,ロフト857,（不明）,4560440431490,1015,0,2026-05,2026-06-01 06:54:33
2026-05-31,ロフト,ロフト857,（不明）,4560440431513,1015,0,2026-05,2026-06-01 06:54:33
2026-05-31,ロフト,ロフト857,（不明）,4560440431520,1015,0,2026-05,2026-06-01 06:54:33
2026-05-31,ロフト,ロフト857,（不明）,4560449979313,1110,5,2026-05,2026-06-01 06:54:33
2026-05-31,ロフト,ロフト857,（不明）,4560449979405,1110,1,2026-05,2026-06-01 06:54:33
2026-05-31,ロフト,ロフト857,（不明）,4560449979917,1110,2,2026-05,2026-06-01 06:54:33
2026-05-31,ロフト,ロフト857,（不明）,4560449979931,1110,0,2026-05,2026-06-01 06:54:33
2026-05-31,ロフト,ロフト857,（不明）,4560449982696,1110,1,2026-05,2026-06-01 06:54:33
2026-05-31,ロフト,ロフト857,（不明）,4560449982726,1110,0,2026-05,2026-06-01 06:54:33
2026-05-31,ロフト,ロフト857,（不明）,4573473052006,1013,1,2026-05,2026-06-01 06:54:33
2026-05-31,ロフト,ロフト857,（不明）,4573473052136,1013,5,2026-05,2026-06-01 06:54:33
2026-05-31,ロフト,ロフト857,（不明）,4573473052235,1035,1,2026-05,2026-06-01 06:54:33
2026-05-31,ロフト,ロフト857,（不明）,4573473052303,1029,0,2026-05,2026-06-01 06:54:33
2026-05-31,ロフト,ロフト857,（不明）,4573587350210,1762,0,2026-05,2026-06-01 06:54:33
2026-05-31,ロフト,ロフト857,（不明）,4573587350258,1762,0,2026-05,2026-06-01 06:54:33
2026-05-31,ロフト,ロフト857,（不明）,4573587350616,1762,0,2026-05,2026-06-01 06:54:33
2026-05-31,ロフト,ロフト857,（不明）,4573587350630,1762,1,2026-05,2026-06-01 06:54:33
2026-05-31,ロフト,ロフト857,（不明）,4573587350654,1762,0,2026-05,2026-06-01 06:54:33
2026-05-31,ロフト,ロフト857,（不明）,4573587350678,1762,0,2026-05,2026-06-01 06:54:33
2026-05-31,ロフト,ロフト857,（不明）,4573694002903,1110,0,2026-05,2026-06-01 06:54:33
2026-05-31,ロフト,ロフト857,（不明）,4573694002934,1110,0,2026-05,2026-06-01 06:54:33
2026-05-31,ロフト,ロフト857,（不明）,4582784162977,1762,0,2026-05,2026-06-01 06:54:33
2026-05-31,ロフト,ロフト857,（不明）,4582784162984,1762,0,2026-05,2026-06-01 06:54:33
2026-05-31,ロフト,ロフト857,（不明）,4582784166104,1762,0,2026-05,2026-06-01 06:54:33
2026-05-31,ロフト,ロフト857,（不明）,4582784166111,1762,0,2026-05,2026-06-01 06:54:33
2026-05-31,ロフト,ロフト857,（不明）,4582784166128,1762,0,2026-05,2026-06-01 06:54:33
2026-05-31,ロフト,ロフト858,（不明）,4560440431087,1016,0,2026-05,2026-06-01 06:54:33
2026-05-31,ロフト,ロフト858,（不明）,4560440431117,1036,1,2026-05,2026-06-01 06:54:33
2026-05-31,ロフト,ロフト858,（不明）,4560440431230,1015,0,2026-05,2026-06-01 06:54:33
2026-05-31,ロフト,ロフト858,（不明）,4560440431261,1015,0,2026-05,2026-06-01 06:54:33
2026-05-31,ロフト,ロフト858,（不明）,4560440431384,1036,0,2026-05,2026-06-01 06:54:33
2026-05-31,ロフト,ロフト858,（不明）,4560440431414,1016,2,2026-05,2026-06-01 06:54:33
2026-05-31,ロフト,ロフト858,（不明）,4560440431452,1036,0,2026-05,2026-06-01 06:54:33
2026-05-31,ロフト,ロフト858,（不明）,4560440431513,1015,0,2026-05,2026-06-01 06:54:33
2026-05-31,ロフト,ロフト858,（不明）,4560440431599,1034,6,2026-05,2026-06-01 06:54:33
2026-05-31,ロフト,ロフト858,（不明）,4560449970273,1762,0,2026-05,2026-06-01 06:54:33
2026-05-31,ロフト,ロフト858,（不明）,4560449970280,1762,0,2026-05,2026-06-01 06:54:33
2026-05-31,ロフト,ロフト858,（不明）,4560449979313,1110,6,2026-05,2026-06-01 06:54:33
2026-05-31,ロフト,ロフト858,（不明）,4560449979405,1110,0,2026-05,2026-06-01 06:54:33
2026-05-31,ロフト,ロフト858,（不明）,4560449979443,1762,0,2026-05,2026-06-01 06:54:33
2026-05-31,ロフト,ロフト858,（不明）,4560449979467,1762,0,2026-05,2026-06-01 06:54:33
2026-05-31,ロフト,ロフト858,（不明）,4560449979917,1110,8,2026-05,2026-06-01 06:54:33
2026-05-31,ロフト,ロフト858,（不明）,4560449979931,1110,1,2026-05,2026-06-01 06:54:33
2026-05-31,ロフト,ロフト858,（不明）,4560449982696,1110,0,2026-05,2026-06-01 06:54:33
2026-05-31,ロフト,ロフト858,（不明）,4560449982726,1110,0,2026-05,2026-06-01 06:54:33
2026-05-31,ロフト,ロフト858,（不明）,4573473052006,1013,1,2026-05,2026-06-01 06:54:33
2026-05-31,ロフト,ロフト858,（不明）,4573473052136,1013,6,2026-05,2026-06-01 06:54:33
2026-05-31,ロフト,ロフト858,（不明）,4573473052235,1035,0,2026-05,2026-06-01 06:54:33
2026-05-31,ロフト,ロフト858,（不明）,4573473052303,1029,0,2026-05,2026-06-01 06:54:33
2026-05-31,ロフト,ロフト858,（不明）,4573587350210,1762,1,2026-05,2026-06-01 06:54:33
2026-05-31,ロフト,ロフト858,（不明）,4573587350258,1762,2,2026-05,2026-06-01 06:54:33
2026-05-31,ロフト,ロフト858,（不明）,4573587350616,1762,1,2026-05,2026-06-01 06:54:33
2026-05-31,ロフト,ロフト858,（不明）,4573587350630,1762,0,2026-05,2026-06-01 06:54:33
2026-05-31,ロフト,ロフト858,（不明）,4573587350654,1762,0,2026-05,2026-06-01 06:54:33
2026-05-31,ロフト,ロフト858,（不明）,4573587350678,1762,0,2026-05,2026-06-01 06:54:33
2026-05-31,ロフト,ロフト858,（不明）,4573694002934,1110,1,2026-05,2026-06-01 06:54:33
2026-05-31,ロフト,ロフト858,（不明）,4580886250011,1013,0,2026-05,2026-06-01 06:54:33
2026-05-31,ロフト,ロフト858,（不明）,4582784162977,1762,0,2026-05,2026-06-01 06:54:33
2026-05-31,ロフト,ロフト858,（不明）,4582784162984,1762,0,2026-05,2026-06-01 06:54:33
2026-05-31,ロフト,ロフト858,（不明）,4582784166104,1762,0,2026-05,2026-06-01 06:54:33
2026-05-31,ロフト,ロフト858,（不明）,4582784166111,1762,2,2026-05,2026-06-01 06:54:33
2026-05-31,ロフト,ロフト858,（不明）,4582784166128,1762,1,2026-05,2026-06-01 06:54:33
2026-05-31,ロフト,ロフト858,（不明）,4582784166784,1762,0,2026-05,2026-06-01 06:54:33
2026-05-31,ロフト,ロフト858,（不明）,4582784166791,1762,0,2026-05,2026-06-01 06:54:33
2026-05-31,ロフト,ロフト858,（不明）,4595315976011,1222,1,2026-05,2026-06-01 06:54:33
2026-05-31,ロフト,ロフト858,（不明）,4595317659110,1013,0,2026-05,2026-06-01 06:54:33
2026-05-31,ロフト,ロフト858,（不明）,4595317659127,1013,0,2026-05,2026-06-01 06:54:33
2026-05-31,ロフト,ロフト858,（不明）,4595317659738,1013,1,2026-05,2026-06-01 06:54:33
2026-05-31,ロフト,ロフト858,（不明）,8809317963556,1723,0,2026-05,2026-06-01 06:54:33
2026-05-31,ロフト,ロフト858,（不明）,8809317967943,1723,0,2026-05,2026-06-01 06:54:33
2026-05-31,ロフト,ロフト858,（不明）,8809541199998,1723,3,2026-05,2026-06-01 06:54:33
2026-05-31,ロフト,ロフト858,（不明）,8809823390297,1723,2,2026-05,2026-06-01 06:54:33
2026-05-31,ロフト,ロフト859,（不明）,4560440431223,1015,0,2026-05,2026-06-01 06:54:33
2026-05-31,ロフト,ロフト859,（不明）,4560440431254,1015,0,2026-05,2026-06-01 06:54:33
2026-05-31,ロフト,ロフト859,（不明）,4560440431377,1036,0,2026-05,2026-06-01 06:54:33
2026-05-31,ロフト,ロフト859,（不明）,4560440431414,1016,4,2026-05,2026-06-01 06:54:33
2026-05-31,ロフト,ロフト859,（不明）,4560440431452,1036,0,2026-05,2026-06-01 06:54:33
2026-05-31,ロフト,ロフト859,（不明）,4560440431599,1034,3,2026-05,2026-06-01 06:54:33
2026-05-31,ロフト,ロフト859,（不明）,4560440431742,1034,0,2026-05,2026-06-01 06:54:33
2026-05-31,ロフト,ロフト859,（不明）,4560449979313,1110,3,2026-05,2026-06-01 06:54:33
2026-05-31,ロフト,ロフト859,（不明）,4560449979405,1110,0,2026-05,2026-06-01 06:54:33
2026-05-31,ロフト,ロフト859,（不明）,4560449979917,1110,2,2026-05,2026-06-01 06:54:33
2026-05-31,ロフト,ロフト859,（不明）,4560449979931,1110,0,2026-05,2026-06-01 06:54:33
2026-05-31,ロフト,ロフト859,（不明）,4560449982696,1110,0,2026-05,2026-06-01 06:54:33
2026-05-31,ロフト,ロフト859,（不明）,4560449982726,1110,0,2026-05,2026-06-01 06:54:33
2026-05-31,ロフト,ロフト859,（不明）,4573473052006,1013,2,2026-05,2026-06-01 06:54:33
2026-05-31,ロフト,ロフト859,（不明）,4573473052136,1013,20,2026-05,2026-06-01 06:54:33
2026-05-31,ロフト,ロフト859,（不明）,4573473052235,1035,1,2026-05,2026-06-01 06:54:33
2026-05-31,ロフト,ロフト859,（不明）,4573473052303,1029,0,2026-05,2026-06-01 06:54:33
2026-05-31,ロフト,ロフト859,（不明）,4573587350258,1762,2,2026-05,2026-06-01 06:54:33
2026-05-31,ロフト,ロフト859,（不明）,4573587350593,1762,1,2026-05,2026-06-01 06:54:33
2026-05-31,ロフト,ロフト859,（不明）,4573587350616,1762,0,2026-05,2026-06-01 06:54:33
2026-05-31,ロフト,ロフト859,（不明）,4573587350630,1762,1,2026-05,2026-06-01 06:54:33
2026-05-31,ロフト,ロフト859,（不明）,4573587350654,1762,0,2026-05,2026-06-01 06:54:33
2026-05-31,ロフト,ロフト859,（不明）,4573587350678,1762,1,2026-05,2026-06-01 06:54:33
2026-05-31,ロフト,ロフト859,（不明）,4573694002903,1110,2,2026-05,2026-06-01 06:54:33
2026-05-31,ロフト,ロフト859,（不明）,4573694002934,1110,0,2026-05,2026-06-01 06:54:33
2026-05-31,ロフト,ロフト859,（不明）,4580886250011,1013,1,2026-05,2026-06-01 06:54:33
2026-05-31,ロフト,ロフト859,（不明）,4582784162977,1762,0,2026-05,2026-06-01 06:54:33
2026-05-31,ロフト,ロフト859,（不明）,4582784162984,1762,0,2026-05,2026-06-01 06:54:33
2026-05-31,ロフト,ロフト859,（不明）,4582784166104,1762,0,2026-05,2026-06-01 06:54:33
2026-05-31,ロフト,ロフト859,（不明）,4582784166111,1762,0,2026-05,2026-06-01 06:54:33
2026-05-31,ロフト,ロフト859,（不明）,4582784166128,1762,0,2026-05,2026-06-01 06:54:33
2026-05-31,ロフト,ロフト859,（不明）,4582784166784,1762,0,2026-05,2026-06-01 06:54:33
2026-05-31,ロフト,ロフト859,（不明）,4582784166791,1762,3,2026-05,2026-06-01 06:54:33
2026-05-31,ロフト,ロフト859,（不明）,4595317659738,1013,2,2026-05,2026-06-01 06:54:33
2026-05-31,ロフト,ロフト859,（不明）,4595317659745,1013,3,2026-05,2026-06-01 06:54:33
2026-05-31,ロフト,ロフト859,（不明）,4595988311089,1220,3,2026-05,2026-06-01 06:54:33
2026-05-31,ロフト,ロフト859,（不明）,4595988311096,1220,0,2026-05,2026-06-01 06:54:33
2026-05-31,ロフト,ロフト859,（不明）,4595988311119,1220,0,2026-05,2026-06-01 06:54:33
2026-05-31,ロフト,ロフト860,（不明）,4560440431094,1016,0,2026-05,2026-06-01 06:54:33
2026-05-31,ロフト,ロフト860,（不明）,4560440431117,1036,4,2026-05,2026-06-01 06:54:33
2026-05-31,ロフト,ロフト860,（不明）,4560440431148,1016,0,2026-05,2026-06-01 06:54:33
2026-05-31,ロフト,ロフト860,（不明）,4560440431155,1015,0,2026-05,2026-06-01 06:54:33
2026-05-31,ロフト,ロフト860,（不明）,4560440431179,1016,0,2026-05,2026-06-01 06:54:33
2026-05-31,ロフト,ロフト860,（不明）,4560440431193,1036,1,2026-05,2026-06-01 06:54:33
2026-05-31,ロフト,ロフト860,（不明）,4560440431230,1015,1,2026-05,2026-06-01 06:54:33
2026-05-31,ロフト,ロフト860,（不明）,4560440431384,1036,1,2026-05,2026-06-01 06:54:33
2026-05-31,ロフト,ロフト860,（不明）,4560440431445,1016,3,2026-05,2026-06-01 06:54:33
2026-05-31,ロフト,ロフト860,（不明）,4560440431483,1015,0,2026-05,2026-06-01 06:54:33
2026-05-31,ロフト,ロフト860,（不明）,4560449979313,1110,5,2026-05,2026-06-01 06:54:33
2026-05-31,ロフト,ロフト860,（不明）,4560449979405,1110,0,2026-05,2026-06-01 06:54:33
2026-05-31,ロフト,ロフト860,（不明）,4560449979917,1110,5,2026-05,2026-06-01 06:54:33
2026-05-31,ロフト,ロフト860,（不明）,4560449979931,1110,0,2026-05,2026-06-01 06:54:33
2026-05-31,ロフト,ロフト860,（不明）,4560449982696,1110,1,2026-05,2026-06-01 06:54:33
2026-05-31,ロフト,ロフト860,（不明）,4560449982726,1110,0,2026-05,2026-06-01 06:54:33
2026-05-31,ロフト,ロフト860,（不明）,4573473052006,1013,0,2026-05,2026-06-01 06:54:33
2026-05-31,ロフト,ロフト860,（不明）,4573473052136,1013,8,2026-05,2026-06-01 06:54:33
2026-05-31,ロフト,ロフト860,（不明）,4573473052235,1035,1,2026-05,2026-06-01 06:54:33
2026-05-31,ロフト,ロフト860,（不明）,4573473052303,1029,2,2026-05,2026-06-01 06:54:33
2026-05-31,ロフト,ロフト860,（不明）,4573587350210,1762,1,2026-05,2026-06-01 06:54:33
2026-05-31,ロフト,ロフト860,（不明）,4573587350258,1762,1,2026-05,2026-06-01 06:54:33
2026-05-31,ロフト,ロフト860,（不明）,4573587350593,1762,0,2026-05,2026-06-01 06:54:33
2026-05-31,ロフト,ロフト860,（不明）,4573587350616,1762,0,2026-05,2026-06-01 06:54:33
2026-05-31,ロフト,ロフト860,（不明）,4573587350630,1762,1,2026-05,2026-06-01 06:54:33
2026-05-31,ロフト,ロフト860,（不明）,4573587350654,1762,0,2026-05,2026-06-01 06:54:33
2026-05-31,ロフト,ロフト860,（不明）,4573587350678,1762,1,2026-05,2026-06-01 06:54:33
2026-05-31,ロフト,ロフト860,（不明）,4582784162977,1762,0,2026-05,2026-06-01 06:54:33
2026-05-31,ロフト,ロフト860,（不明）,4582784162984,1762,0,2026-05,2026-06-01 06:54:33
2026-05-31,ロフト,ロフト860,（不明）,4582784166104,1762,0,2026-05,2026-06-01 06:54:33
2026-05-31,ロフト,ロフト860,（不明）,4582784166111,1762,0,2026-05,2026-06-01 06:54:33
2026-05-31,ロフト,ロフト860,（不明）,4582784166128,1762,0,2026-05,2026-06-01 06:54:33
2026-05-31,ロフト,ロフト861,（不明）,4560440431087,1016,1,2026-05,2026-06-01 06:54:33
2026-05-31,ロフト,ロフト861,（不明）,4560440431094,1016,2,2026-05,2026-06-01 06:54:33
2026-05-31,ロフト,ロフト861,（不明）,4560440431353,1016,5,2026-05,2026-06-01 06:54:33
2026-05-31,ロフト,ロフト861,（不明）,4560440431384,1036,3,2026-05,2026-06-01 06:54:33
2026-05-31,ロフト,ロフト861,（不明）,4560440431407,1016,0,2026-05,2026-06-01 06:54:33
2026-05-31,ロフト,ロフト861,（不明）,4560440431414,1016,5,2026-05,2026-06-01 06:54:33
2026-05-31,ロフト,ロフト861,（不明）,4560440431438,1016,4,2026-05,2026-06-01 06:54:33
2026-05-31,ロフト,ロフト861,（不明）,4560440431445,1016,3,2026-05,2026-06-01 06:54:33
2026-05-31,ロフト,ロフト861,（不明）,4560440431452,1036,3,2026-05,2026-06-01 06:54:33
2026-05-31,ロフト,ロフト861,（不明）,4560440431476,1015,0,2026-05,2026-06-01 06:54:33
2026-05-31,ロフト,ロフト861,（不明）,4560440431483,1015,0,2026-05,2026-06-01 06:54:33
2026-05-31,ロフト,ロフト861,（不明）,4560440431513,1015,1,2026-05,2026-06-01 06:54:33
2026-05-31,ロフト,ロフト861,（不明）,4560440431520,1015,0,2026-05,2026-06-01 06:54:33
2026-05-31,ロフト,ロフト861,（不明）,4560449970273,1762,1,2026-05,2026-06-01 06:54:33
2026-05-31,ロフト,ロフト861,（不明）,4560449970280,1762,0,2026-05,2026-06-01 06:54:33
2026-05-31,ロフト,ロフト861,（不明）,4560449979313,1110,7,2026-05,2026-06-01 06:54:33
2026-05-31,ロフト,ロフト861,（不明）,4560449979405,1110,1,2026-05,2026-06-01 06:54:33
2026-05-31,ロフト,ロフト861,（不明）,4560449979443,1762,0,2026-05,2026-06-01 06:54:33
2026-05-31,ロフト,ロフト861,（不明）,4560449979467,1762,0,2026-05,2026-06-01 06:54:33
2026-05-31,ロフト,ロフト861,（不明）,4560449979917,1110,19,2026-05,2026-06-01 06:54:33
2026-05-31,ロフト,ロフト861,（不明）,4560449979931,1110,5,2026-05,2026-06-01 06:54:33
2026-05-31,ロフト,ロフト861,（不明）,4560449982696,1110,0,2026-05,2026-06-01 06:54:33
2026-05-31,ロフト,ロフト861,（不明）,4560449982726,1110,0,2026-05,2026-06-01 06:54:33
2026-05-31,ロフト,ロフト861,（不明）,4573473052006,1013,2,2026-05,2026-06-01 06:54:33
2026-05-31,ロフト,ロフト861,（不明）,4573473052235,1035,0,2026-05,2026-06-01 06:54:33
2026-05-31,ロフト,ロフト861,（不明）,4573473052303,1029,2,2026-05,2026-06-01 06:54:33
2026-05-31,ロフト,ロフト861,（不明）,4573587350210,1762,1,2026-05,2026-06-01 06:54:33
2026-05-31,ロフト,ロフト861,（不明）,4573587350258,1762,0,2026-05,2026-06-01 06:54:33
2026-05-31,ロフト,ロフト861,（不明）,4573587350616,1762,0,2026-05,2026-06-01 06:54:33
2026-05-31,ロフト,ロフト861,（不明）,4573587350630,1762,1,2026-05,2026-06-01 06:54:33
2026-05-31,ロフト,ロフト861,（不明）,4573587350654,1762,0,2026-05,2026-06-01 06:54:33
2026-05-31,ロフト,ロフト861,（不明）,4573587350678,1762,0,2026-05,2026-06-01 06:54:33
2026-05-31,ロフト,ロフト861,（不明）,4573694000015,1110,3,2026-05,2026-06-01 06:54:33
2026-05-31,ロフト,ロフト861,（不明）,4573694002903,1110,1,2026-05,2026-06-01 06:54:33
2026-05-31,ロフト,ロフト861,（不明）,4573694002934,1110,0,2026-05,2026-06-01 06:54:33
2026-05-31,ロフト,ロフト861,（不明）,4582784162977,1762,0,2026-05,2026-06-01 06:54:33
2026-05-31,ロフト,ロフト861,（不明）,4582784162984,1762,1,2026-05,2026-06-01 06:54:33
2026-05-31,ロフト,ロフト861,（不明）,4582784163240,1762,1,2026-05,2026-06-01 06:54:33
2026-05-31,ロフト,ロフト861,（不明）,4582784166104,1762,0,2026-05,2026-06-01 06:54:33
2026-05-31,ロフト,ロフト861,（不明）,4582784166111,1762,0,2026-05,2026-06-01 06:54:33
2026-05-31,ロフト,ロフト861,（不明）,4582784166128,1762,0,2026-05,2026-06-01 06:54:33
2026-05-31,ロフト,ロフト861,（不明）,4582784166784,1762,3,2026-05,2026-06-01 06:54:33
2026-05-31,ロフト,ロフト861,（不明）,4582784166791,1762,0,2026-05,2026-06-01 06:54:33
2026-05-31,ロフト,ロフト864,（不明）,4560440431223,1015,0,2026-05,2026-06-01 06:54:33
2026-05-31,ロフト,ロフト864,（不明）,4560440431247,1015,0,2026-05,2026-06-01 06:54:33
2026-05-31,ロフト,ロフト864,（不明）,4560440431254,1015,2,2026-05,2026-06-01 06:54:33
2026-05-31,ロフト,ロフト864,（不明）,4560440431346,1016,0,2026-05,2026-06-01 06:54:33
2026-05-31,ロフト,ロフト864,（不明）,4560440431353,1016,0,2026-05,2026-06-01 06:54:33
2026-05-31,ロフト,ロフト864,（不明）,4560440431384,1036,2,2026-05,2026-06-01 06:54:33
2026-05-31,ロフト,ロフト864,（不明）,4560440431407,1016,2,2026-05,2026-06-01 06:54:33
2026-05-31,ロフト,ロフト864,（不明）,4560440431414,1016,1,2026-05,2026-06-01 06:54:33
2026-05-31,ロフト,ロフト864,（不明）,4560440431452,1036,0,2026-05,2026-06-01 06:54:33
2026-05-31,ロフト,ロフト864,（不明）,4560440431599,1034,2,2026-05,2026-06-01 06:54:33
2026-05-31,ロフト,ロフト864,（不明）,4560449979313,1110,1,2026-05,2026-06-01 06:54:33
2026-05-31,ロフト,ロフト864,（不明）,4560449979405,1110,1,2026-05,2026-06-01 06:54:33
2026-05-31,ロフト,ロフト864,（不明）,4560449979917,1110,2,2026-05,2026-06-01 06:54:33
2026-05-31,ロフト,ロフト864,（不明）,4560449979931,1110,1,2026-05,2026-06-01 06:54:33
2026-05-31,ロフト,ロフト864,（不明）,4560449982696,1110,0,2026-05,2026-06-01 06:54:33
2026-05-31,ロフト,ロフト864,（不明）,4560449982726,1110,0,2026-05,2026-06-01 06:54:33
2026-05-31,ロフト,ロフト864,（不明）,4573473052006,1013,1,2026-05,2026-06-01 06:54:33
2026-05-31,ロフト,ロフト864,（不明）,4573473052136,1013,3,2026-05,2026-06-01 06:54:33
2026-05-31,ロフト,ロフト864,（不明）,4573473052235,1035,0,2026-05,2026-06-01 06:54:33
2026-05-31,ロフト,ロフト864,（不明）,4573473052303,1029,0,2026-05,2026-06-01 06:54:33
2026-05-31,ロフト,ロフト864,（不明）,4573587350210,1762,0,2026-05,2026-06-01 06:54:33
2026-05-31,ロフト,ロフト864,（不明）,4573587350616,1762,1,2026-05,2026-06-01 06:54:33
2026-05-31,ロフト,ロフト864,（不明）,4573587350630,1762,0,2026-05,2026-06-01 06:54:33
2026-05-31,ロフト,ロフト864,（不明）,4573587350654,1762,1,2026-05,2026-06-01 06:54:33
2026-05-31,ロフト,ロフト864,（不明）,4573587350678,1762,0,2026-05,2026-06-01 06:54:33
2026-05-31,ロフト,ロフト864,（不明）,4573694002903,1110,1,2026-05,2026-06-01 06:54:33
2026-05-31,ロフト,ロフト864,（不明）,4573694002934,1110,0,2026-05,2026-06-01 06:54:33
2026-05-31,ロフト,ロフト864,（不明）,4582784162977,1762,1,2026-05,2026-06-01 06:54:33
2026-05-31,ロフト,ロフト864,（不明）,4582784162984,1762,2,2026-05,2026-06-01 06:54:33
2026-05-31,ロフト,ロフト864,（不明）,4582784166104,1762,0,2026-05,2026-06-01 06:54:33
2026-05-31,ロフト,ロフト864,（不明）,4582784166111,1762,0,2026-05,2026-06-01 06:54:33
2026-05-31,ロフト,ロフト864,（不明）,4582784166128,1762,1,2026-05,2026-06-01 06:54:33
2026-05-31,ロフト,ロフト864,（不明）,4582784166784,1762,1,2026-05,2026-06-01 06:54:33
2026-05-31,ロフト,ロフト864,（不明）,4582784166791,1762,1,2026-05,2026-06-01 06:54:33
2026-05-31,ロフト,ロフト865,（不明）,4560440431377,1036,2,2026-05,2026-06-01 06:54:33
2026-05-31,ロフト,ロフト865,（不明）,4560440431384,1036,0,2026-05,2026-06-01 06:54:33
2026-05-31,ロフト,ロフト865,（不明）,4560440431438,1016,0,2026-05,2026-06-01 06:54:33
2026-05-31,ロフト,ロフト865,（不明）,4560440431445,1016,2,2026-05,2026-06-01 06:54:33
2026-05-31,ロフト,ロフト865,（不明）,4560440431452,1036,0,2026-05,2026-06-01 06:54:33
2026-05-31,ロフト,ロフト865,（不明）,4560440431469,1016,0,2026-05,2026-06-01 06:54:33
2026-05-31,ロフト,ロフト865,（不明）,4560440431599,1034,1,2026-05,2026-06-01 06:54:33
2026-05-31,ロフト,ロフト865,（不明）,4560449979313,1110,7,2026-05,2026-06-01 06:54:33
2026-05-31,ロフト,ロフト865,（不明）,4560449979405,1110,0,2026-05,2026-06-01 06:54:33
2026-05-31,ロフト,ロフト865,（不明）,4560449979917,1110,7,2026-05,2026-06-01 06:54:33
2026-05-31,ロフト,ロフト865,（不明）,4560449979931,1110,2,2026-05,2026-06-01 06:54:33
2026-05-31,ロフト,ロフト865,（不明）,4560449982696,1110,0,2026-05,2026-06-01 06:54:33
2026-05-31,ロフト,ロフト865,（不明）,4560449982726,1110,0,2026-05,2026-06-01 06:54:33
2026-05-31,ロフト,ロフト865,（不明）,4573473052006,1013,0,2026-05,2026-06-01 06:54:33
2026-05-31,ロフト,ロフト865,（不明）,4573473052136,1013,9,2026-05,2026-06-01 06:54:33
2026-05-31,ロフト,ロフト865,（不明）,4573473052303,1029,1,2026-05,2026-06-01 06:54:33
2026-05-31,ロフト,ロフト865,（不明）,4573587350210,1762,0,2026-05,2026-06-01 06:54:33
2026-05-31,ロフト,ロフト865,（不明）,4573587350258,1762,1,2026-05,2026-06-01 06:54:33
2026-05-31,ロフト,ロフト865,（不明）,4573587350616,1762,1,2026-05,2026-06-01 06:54:33
2026-05-31,ロフト,ロフト865,（不明）,4573587350630,1762,1,2026-05,2026-06-01 06:54:33
2026-05-31,ロフト,ロフト865,（不明）,4573587350654,1762,1,2026-05,2026-06-01 06:54:33
2026-05-31,ロフト,ロフト865,（不明）,4573587350678,1762,0,2026-05,2026-06-01 06:54:33
2026-05-31,ロフト,ロフト865,（不明）,4573694000091,1097,0,2026-05,2026-06-01 06:54:33
2026-05-31,ロフト,ロフト865,（不明）,4573694002903,1110,2,2026-05,2026-06-01 06:54:33
2026-05-31,ロフト,ロフト865,（不明）,4573694002934,1110,0,2026-05,2026-06-01 06:54:33
2026-05-31,ロフト,ロフト865,（不明）,4582784162977,1762,0,2026-05,2026-06-01 06:54:33
2026-05-31,ロフト,ロフト865,（不明）,4582784162984,1762,0,2026-05,2026-06-01 06:54:33
2026-05-31,ロフト,ロフト865,（不明）,4582784166104,1762,0,2026-05,2026-06-01 06:54:33
2026-05-31,ロフト,ロフト865,（不明）,4582784166128,1762,1,2026-05,2026-06-01 06:54:33
2026-05-31,ロフト,ロフト865,（不明）,4582784166784,1762,4,2026-05,2026-06-01 06:54:33
2026-05-31,ロフト,ロフト865,（不明）,4582784166791,1762,1,2026-05,2026-06-01 06:54:33
2026-05-31,ロフト,ロフト866,（不明）,4560440431339,1034,0,2026-05,2026-06-01 06:54:33
2026-05-31,ロフト,ロフト866,（不明）,4560440431346,1016,0,2026-05,2026-06-01 06:54:33
2026-05-31,ロフト,ロフト866,（不明）,4560440431377,1036,1,2026-05,2026-06-01 06:54:33
2026-05-31,ロフト,ロフト866,（不明）,4560440431407,1016,3,2026-05,2026-06-01 06:54:33
2026-05-31,ロフト,ロフト866,（不明）,4560440431414,1016,2,2026-05,2026-06-01 06:54:33
2026-05-31,ロフト,ロフト866,（不明）,4560440431445,1016,1,2026-05,2026-06-01 06:54:33
2026-05-31,ロフト,ロフト866,（不明）,4560440431452,1036,0,2026-05,2026-06-01 06:54:33
2026-05-31,ロフト,ロフト866,（不明）,4560440431469,1016,1,2026-05,2026-06-01 06:54:33
2026-05-31,ロフト,ロフト866,（不明）,4560440431711,1034,2,2026-05,2026-06-01 06:54:33
2026-05-31,ロフト,ロフト866,（不明）,4560449979313,1110,6,2026-05,2026-06-01 06:54:33
2026-05-31,ロフト,ロフト866,（不明）,4560449979405,1110,0,2026-05,2026-06-01 06:54:33
2026-05-31,ロフト,ロフト866,（不明）,4560449979917,1110,2,2026-05,2026-06-01 06:54:33
2026-05-31,ロフト,ロフト866,（不明）,4560449979931,1110,1,2026-05,2026-06-01 06:54:33
2026-05-31,ロフト,ロフト866,（不明）,4560449982696,1110,1,2026-05,2026-06-01 06:54:33
2026-05-31,ロフト,ロフト866,（不明）,4560449982726,1110,0,2026-05,2026-06-01 06:54:33
2026-05-31,ロフト,ロフト866,（不明）,4573473052006,1013,3,2026-05,2026-06-01 06:54:33
2026-05-31,ロフト,ロフト866,（不明）,4573473052136,1013,3,2026-05,2026-06-01 06:54:33
2026-05-31,ロフト,ロフト866,（不明）,4573473052235,1035,1,2026-05,2026-06-01 06:54:33
2026-05-31,ロフト,ロフト866,（不明）,4573473052303,1029,0,2026-05,2026-06-01 06:54:33
2026-05-31,ロフト,ロフト866,（不明）,4573587350210,1762,0,2026-05,2026-06-01 06:54:33
2026-05-31,ロフト,ロフト866,（不明）,4573587350258,1762,1,2026-05,2026-06-01 06:54:33
2026-05-31,ロフト,ロフト866,（不明）,4573587350593,1762,0,2026-05,2026-06-01 06:54:33
2026-05-31,ロフト,ロフト866,（不明）,4573587350616,1762,0,2026-05,2026-06-01 06:54:33
2026-05-31,ロフト,ロフト866,（不明）,4573587350630,1762,0,2026-05,2026-06-01 06:54:33
2026-05-31,ロフト,ロフト866,（不明）,4573587350654,1762,0,2026-05,2026-06-01 06:54:33
2026-05-31,ロフト,ロフト866,（不明）,4573587350678,1762,0,2026-05,2026-06-01 06:54:33
2026-05-31,ロフト,ロフト866,（不明）,4573694002903,1110,1,2026-05,2026-06-01 06:54:33
2026-05-31,ロフト,ロフト866,（不明）,4573694002934,1110,1,2026-05,2026-06-01 06:54:33
2026-05-31,ロフト,ロフト866,（不明）,4582784162977,1762,0,2026-05,2026-06-01 06:54:33
2026-05-31,ロフト,ロフト866,（不明）,4582784162984,1762,0,2026-05,2026-06-01 06:54:33
2026-05-31,ロフト,ロフト866,（不明）,4582784166104,1762,0,2026-05,2026-06-01 06:54:33
2026-05-31,ロフト,ロフト866,（不明）,4582784166111,1762,0,2026-05,2026-06-01 06:54:33
2026-05-31,ロフト,ロフト866,（不明）,4582784166128,1762,1,2026-05,2026-06-01 06:54:33
2026-05-31,ロフト,ロフト866,（不明）,4582784166784,1762,0,2026-05,2026-06-01 06:54:33
2026-05-31,ロフト,ロフト866,（不明）,4582784166791,1762,0,2026-05,2026-06-01 06:54:33
2026-05-31,ロフト,ロフト867,（不明）,4560440431094,1016,0,2026-05,2026-06-01 06:54:33
2026-05-31,ロフト,ロフト867,（不明）,4560440431179,1016,0,2026-05,2026-06-01 06:54:33
2026-05-31,ロフト,ロフト867,（不明）,4560440431186,1016,1,2026-05,2026-06-01 06:54:33
2026-05-31,ロフト,ロフト867,（不明）,4560440431230,1015,0,2026-05,2026-06-01 06:54:33
2026-05-31,ロフト,ロフト867,（不明）,4560440431377,1036,0,2026-05,2026-06-01 06:54:33
2026-05-31,ロフト,ロフト867,（不明）,4560440431520,1015,0,2026-05,2026-06-01 06:54:33
2026-05-31,ロフト,ロフト867,（不明）,4560449979313,1110,2,2026-05,2026-06-01 06:54:33
2026-05-31,ロフト,ロフト867,（不明）,4560449979405,1110,1,2026-05,2026-06-01 06:54:33
2026-05-31,ロフト,ロフト867,（不明）,4560449979917,1110,2,2026-05,2026-06-01 06:54:33
2026-05-31,ロフト,ロフト867,（不明）,4560449979931,1110,0,2026-05,2026-06-01 06:54:33
2026-05-31,ロフト,ロフト867,（不明）,4560449982696,1110,0,2026-05,2026-06-01 06:54:33
2026-05-31,ロフト,ロフト867,（不明）,4560449982726,1110,1,2026-05,2026-06-01 06:54:33
2026-05-31,ロフト,ロフト867,（不明）,4573473052006,1013,1,2026-05,2026-06-01 06:54:33
2026-05-31,ロフト,ロフト867,（不明）,4573587350210,1762,0,2026-05,2026-06-01 06:54:33
2026-05-31,ロフト,ロフト867,（不明）,4573587350258,1762,2,2026-05,2026-06-01 06:54:33
2026-05-31,ロフト,ロフト867,（不明）,4573587350593,1762,0,2026-05,2026-06-01 06:54:33
2026-05-31,ロフト,ロフト867,（不明）,4573587350616,1762,0,2026-05,2026-06-01 06:54:33
2026-05-31,ロフト,ロフト867,（不明）,4573587350630,1762,0,2026-05,2026-06-01 06:54:33
2026-05-31,ロフト,ロフト867,（不明）,4573587350654,1762,0,2026-05,2026-06-01 06:54:33
2026-05-31,ロフト,ロフト867,（不明）,4573587350678,1762,2,2026-05,2026-06-01 06:54:33
2026-05-31,ロフト,ロフト867,（不明）,4573694002903,1110,3,2026-05,2026-06-01 06:54:33
2026-05-31,ロフト,ロフト867,（不明）,4573694002934,1110,3,2026-05,2026-06-01 06:54:33
2026-05-31,ロフト,ロフト867,（不明）,4582784162977,1762,0,2026-05,2026-06-01 06:54:33
2026-05-31,ロフト,ロフト867,（不明）,4582784162984,1762,0,2026-05,2026-06-01 06:54:33
2026-05-31,ロフト,ロフト867,（不明）,4582784166104,1762,0,2026-05,2026-06-01 06:54:33
2026-05-31,ロフト,ロフト867,（不明）,4582784166111,1762,0,2026-05,2026-06-01 06:54:33
2026-05-31,ロフト,ロフト867,（不明）,4582784166128,1762,0,2026-05,2026-06-01 06:54:33
2026-05-31,ロフト,ロフト867,（不明）,4582784166784,1762,0,2026-05,2026-06-01 06:54:33
2026-05-31,ロフト,ロフト867,（不明）,4582784166791,1762,1,2026-05,2026-06-01 06:54:33
2026-05-31,ロフト,ロフト868,（不明）,4560440431117,1036,1,2026-05,2026-06-01 06:54:33
2026-05-31,ロフト,ロフト868,（不明）,4560440431179,1016,1,2026-05,2026-06-01 06:54:33
2026-05-31,ロフト,ロフト868,（不明）,4560440431186,1016,1,2026-05,2026-06-01 06:54:33
2026-05-31,ロフト,ロフト868,（不明）,4560440431223,1015,0,2026-05,2026-06-01 06:54:33
2026-05-31,ロフト,ロフト868,（不明）,4560440431254,1015,0,2026-05,2026-06-01 06:54:33
2026-05-31,ロフト,ロフト868,（不明）,4560440431476,1015,0,2026-05,2026-06-01 06:54:33
2026-05-31,ロフト,ロフト868,（不明）,4560449979313,1110,2,2026-05,2026-06-01 06:54:33
2026-05-31,ロフト,ロフト868,（不明）,4560449979405,1110,0,2026-05,2026-06-01 06:54:33
2026-05-31,ロフト,ロフト868,（不明）,4560449979917,1110,2,2026-05,2026-06-01 06:54:33
2026-05-31,ロフト,ロフト868,（不明）,4560449979931,1110,1,2026-05,2026-06-01 06:54:33
2026-05-31,ロフト,ロフト868,（不明）,4560449982696,1110,1,2026-05,2026-06-01 06:54:33
2026-05-31,ロフト,ロフト868,（不明）,4560449982726,1110,0,2026-05,2026-06-01 06:54:33
2026-05-31,ロフト,ロフト868,（不明）,4573473052006,1013,2,2026-05,2026-06-01 06:54:33
2026-05-31,ロフト,ロフト868,（不明）,4573473052136,1013,7,2026-05,2026-06-01 06:54:33
2026-05-31,ロフト,ロフト868,（不明）,4573473052235,1035,1,2026-05,2026-06-01 06:54:33
2026-05-31,ロフト,ロフト868,（不明）,4573473052303,1029,1,2026-05,2026-06-01 06:54:33
2026-05-31,ロフト,ロフト868,（不明）,4573587350616,1762,0,2026-05,2026-06-01 06:54:33
2026-05-31,ロフト,ロフト868,（不明）,4573587350630,1762,0,2026-05,2026-06-01 06:54:33
2026-05-31,ロフト,ロフト868,（不明）,4573587350654,1762,0,2026-05,2026-06-01 06:54:33
2026-05-31,ロフト,ロフト868,（不明）,4573587350678,1762,0,2026-05,2026-06-01 06:54:33
2026-05-31,ロフト,ロフト868,（不明）,4573694002903,1110,2,2026-05,2026-06-01 06:54:33
2026-05-31,ロフト,ロフト868,（不明）,4573694002934,1110,0,2026-05,2026-06-01 06:54:33
2026-05-31,ロフト,ロフト868,（不明）,4580886250011,1013,0,2026-05,2026-06-01 06:54:33
2026-05-31,ロフト,ロフト868,（不明）,4582784162977,1762,0,2026-05,2026-06-01 06:54:33
2026-05-31,ロフト,ロフト868,（不明）,4582784162984,1762,0,2026-05,2026-06-01 06:54:33
2026-05-31,ロフト,ロフト868,（不明）,4582784166104,1762,0,2026-05,2026-06-01 06:54:33
2026-05-31,ロフト,ロフト868,（不明）,4582784166111,1762,0,2026-05,2026-06-01 06:54:33
2026-05-31,ロフト,ロフト868,（不明）,4582784166128,1762,0,2026-05,2026-06-01 06:54:33
2026-05-31,ロフト,ロフト868,（不明）,4595317659110,1013,0,2026-05,2026-06-01 06:54:33
2026-05-31,ロフト,ロフト868,（不明）,4595317659127,1013,0,2026-05,2026-06-01 06:54:33
2026-05-31,ロフト,ロフト868,（不明）,4595317659738,1013,0,2026-05,2026-06-01 06:54:33
2026-05-31,ロフト,ロフト869,（不明）,4560440431414,1016,1,2026-05,2026-06-01 06:54:33
2026-05-31,ロフト,ロフト869,（不明）,4560440431445,1016,0,2026-05,2026-06-01 06:54:33
2026-05-31,ロフト,ロフト869,（不明）,4560440431452,1036,0,2026-05,2026-06-01 06:54:33
2026-05-31,ロフト,ロフト869,（不明）,4560440431599,1034,6,2026-05,2026-06-01 06:54:33
2026-05-31,ロフト,ロフト869,（不明）,4560449979313,1110,2,2026-05,2026-06-01 06:54:33
2026-05-31,ロフト,ロフト869,（不明）,4560449979405,1110,1,2026-05,2026-06-01 06:54:33
2026-05-31,ロフト,ロフト869,（不明）,4560449979917,1110,6,2026-05,2026-06-01 06:54:33
2026-05-31,ロフト,ロフト869,（不明）,4560449979931,1110,0,2026-05,2026-06-01 06:54:33
2026-05-31,ロフト,ロフト869,（不明）,4560449982696,1110,1,2026-05,2026-06-01 06:54:33
2026-05-31,ロフト,ロフト869,（不明）,4560449982726,1110,1,2026-05,2026-06-01 06:54:33
2026-05-31,ロフト,ロフト869,（不明）,4573473052006,1013,0,2026-05,2026-06-01 06:54:33
2026-05-31,ロフト,ロフト869,（不明）,4573473052136,1013,5,2026-05,2026-06-01 06:54:33
2026-05-31,ロフト,ロフト869,（不明）,4573473052235,1035,0,2026-05,2026-06-01 06:54:33
2026-05-31,ロフト,ロフト869,（不明）,4573473052280,1013,0,2026-05,2026-06-01 06:54:33
2026-05-31,ロフト,ロフト869,（不明）,4573473052303,1029,1,2026-05,2026-06-01 06:54:33
2026-05-31,ロフト,ロフト869,（不明）,4573587350210,1762,1,2026-05,2026-06-01 06:54:33
2026-05-31,ロフト,ロフト869,（不明）,4573587350258,1762,0,2026-05,2026-06-01 06:54:33
2026-05-31,ロフト,ロフト869,（不明）,4573587350616,1762,0,2026-05,2026-06-01 06:54:33
2026-05-31,ロフト,ロフト869,（不明）,4573587350630,1762,0,2026-05,2026-06-01 06:54:33
2026-05-31,ロフト,ロフト869,（不明）,4573587350654,1762,0,2026-05,2026-06-01 06:54:33
2026-05-31,ロフト,ロフト869,（不明）,4573587350678,1762,1,2026-05,2026-06-01 06:54:33
2026-05-31,ロフト,ロフト869,（不明）,4573694002903,1110,0,2026-05,2026-06-01 06:54:33
2026-05-31,ロフト,ロフト869,（不明）,4573694002934,1110,0,2026-05,2026-06-01 06:54:33
2026-05-31,ロフト,ロフト869,（不明）,4582784162977,1762,0,2026-05,2026-06-01 06:54:33
2026-05-31,ロフト,ロフト869,（不明）,4582784162984,1762,0,2026-05,2026-06-01 06:54:33
2026-05-31,ロフト,ロフト869,（不明）,4582784166104,1762,0,2026-05,2026-06-01 06:54:33
2026-05-31,ロフト,ロフト869,（不明）,4582784166111,1762,0,2026-05,2026-06-01 06:54:33
2026-05-31,ロフト,ロフト869,（不明）,4582784166128,1762,0,2026-05,2026-06-01 06:54:33
2026-05-31,ロフト,ロフト869,（不明）,4582784166784,1762,0,2026-05,2026-06-01 06:54:33
2026-05-31,ロフト,ロフト869,（不明）,4582784166791,1762,1,2026-05,2026-06-01 06:54:33
2026-05-31,ロフト,ロフト870,（不明）,4560440431384,1036,0,2026-05,2026-06-01 06:54:33
2026-05-31,ロフト,ロフト870,（不明）,4560440431414,1016,1,2026-05,2026-06-01 06:54:33
2026-05-31,ロフト,ロフト870,（不明）,4560449979313,1110,4,2026-05,2026-06-01 06:54:33
2026-05-31,ロフト,ロフト870,（不明）,4560449979405,1110,1,2026-05,2026-06-01 06:54:33
2026-05-31,ロフト,ロフト870,（不明）,4560449979917,1110,2,2026-05,2026-06-01 06:54:33
2026-05-31,ロフト,ロフト870,（不明）,4560449979931,1110,1,2026-05,2026-06-01 06:54:33
2026-05-31,ロフト,ロフト870,（不明）,4560449982696,1110,0,2026-05,2026-06-01 06:54:33
2026-05-31,ロフト,ロフト870,（不明）,4560449982726,1110,0,2026-05,2026-06-01 06:54:33
2026-05-31,ロフト,ロフト870,（不明）,4573473052006,1013,0,2026-05,2026-06-01 06:54:33
2026-05-31,ロフト,ロフト870,（不明）,4573473052136,1013,2,2026-05,2026-06-01 06:54:33
2026-05-31,ロフト,ロフト870,（不明）,4573473052235,1035,0,2026-05,2026-06-01 06:54:33
2026-05-31,ロフト,ロフト870,（不明）,4573473052303,1029,0,2026-05,2026-06-01 06:54:33
2026-05-31,ロフト,ロフト870,（不明）,4573587350210,1762,0,2026-05,2026-06-01 06:54:33
2026-05-31,ロフト,ロフト870,（不明）,4573587350258,1762,0,2026-05,2026-06-01 06:54:33
2026-05-31,ロフト,ロフト870,（不明）,4573587350616,1762,0,2026-05,2026-06-01 06:54:33
2026-05-31,ロフト,ロフト870,（不明）,4573587350630,1762,0,2026-05,2026-06-01 06:54:33
2026-05-31,ロフト,ロフト870,（不明）,4573587350654,1762,0,2026-05,2026-06-01 06:54:33
2026-05-31,ロフト,ロフト870,（不明）,4573587350678,1762,0,2026-05,2026-06-01 06:54:33
2026-05-31,ロフト,ロフト870,（不明）,4573694002903,1110,0,2026-05,2026-06-01 06:54:33
2026-05-31,ロフト,ロフト870,（不明）,4573694002934,1110,1,2026-05,2026-06-01 06:54:33
2026-05-31,ロフト,ロフト870,（不明）,4580886250011,1013,0,2026-05,2026-06-01 06:54:33
2026-05-31,ロフト,ロフト870,（不明）,4582784162977,1762,0,2026-05,2026-06-01 06:54:33
2026-05-31,ロフト,ロフト870,（不明）,4582784162984,1762,1,2026-05,2026-06-01 06:54:33
2026-05-31,ロフト,ロフト870,（不明）,4582784166104,1762,0,2026-05,2026-06-01 06:54:33
2026-05-31,ロフト,ロフト870,（不明）,4582784166111,1762,0,2026-05,2026-06-01 06:54:33
2026-05-31,ロフト,ロフト870,（不明）,4582784166128,1762,0,2026-05,2026-06-01 06:54:33
2026-05-31,ロフト,ロフト870,（不明）,4595317659110,1013,3,2026-05,2026-06-01 06:54:33
2026-05-31,ロフト,ロフト870,（不明）,4595317659127,1013,3,2026-05,2026-06-01 06:54:33
2026-05-31,ロフト,ロフト870,（不明）,4595317659738,1013,1,2026-05,2026-06-01 06:54:33
2026-05-31,ロフト,ロフト871,（不明）,4560440431094,1016,2,2026-05,2026-06-01 06:54:33
2026-05-31,ロフト,ロフト871,（不明）,4560440431353,1016,1,2026-05,2026-06-01 06:54:33
2026-05-31,ロフト,ロフト871,（不明）,4560440431414,1016,3,2026-05,2026-06-01 06:54:33
2026-05-31,ロフト,ロフト871,（不明）,4560440431483,1015,0,2026-05,2026-06-01 06:54:33
2026-05-31,ロフト,ロフト871,（不明）,4560449979313,1110,3,2026-05,2026-06-01 06:54:33
2026-05-31,ロフト,ロフト871,（不明）,4560449979405,1110,1,2026-05,2026-06-01 06:54:33
2026-05-31,ロフト,ロフト871,（不明）,4560449979917,1110,3,2026-05,2026-06-01 06:54:33
2026-05-31,ロフト,ロフト871,（不明）,4560449979931,1110,0,2026-05,2026-06-01 06:54:33
2026-05-31,ロフト,ロフト871,（不明）,4560449982696,1110,0,2026-05,2026-06-01 06:54:33
2026-05-31,ロフト,ロフト871,（不明）,4560449982726,1110,0,2026-05,2026-06-01 06:54:33
2026-05-31,ロフト,ロフト871,（不明）,4573473052006,1013,2,2026-05,2026-06-01 06:54:33
2026-05-31,ロフト,ロフト871,（不明）,4573473052136,1013,9,2026-05,2026-06-01 06:54:33
2026-05-31,ロフト,ロフト871,（不明）,4573473052235,1035,1,2026-05,2026-06-01 06:54:33
2026-05-31,ロフト,ロフト871,（不明）,4573473052303,1029,0,2026-05,2026-06-01 06:54:33
2026-05-31,ロフト,ロフト871,（不明）,4573587350210,1762,0,2026-05,2026-06-01 06:54:33
2026-05-31,ロフト,ロフト871,（不明）,4573587350258,1762,0,2026-05,2026-06-01 06:54:33
2026-05-31,ロフト,ロフト871,（不明）,4573587350616,1762,0,2026-05,2026-06-01 06:54:33
2026-05-31,ロフト,ロフト871,（不明）,4573587350630,1762,0,2026-05,2026-06-01 06:54:33
2026-05-31,ロフト,ロフト871,（不明）,4573587350654,1762,0,2026-05,2026-06-01 06:54:33
2026-05-31,ロフト,ロフト871,（不明）,4573587350678,1762,0,2026-05,2026-06-01 06:54:33
2026-05-31,ロフト,ロフト871,（不明）,4573694002903,1110,2,2026-05,2026-06-01 06:54:33
2026-05-31,ロフト,ロフト871,（不明）,4573694002934,1110,0,2026-05,2026-06-01 06:54:33
2026-05-31,ロフト,ロフト871,（不明）,4582784162977,1762,0,2026-05,2026-06-01 06:54:33
2026-05-31,ロフト,ロフト871,（不明）,4582784162984,1762,0,2026-05,2026-06-01 06:54:33
2026-05-31,ロフト,ロフト871,（不明）,4582784166104,1762,0,2026-05,2026-06-01 06:54:33
2026-05-31,ロフト,ロフト871,（不明）,4582784166111,1762,0,2026-05,2026-06-01 06:54:33
2026-05-31,ロフト,ロフト871,（不明）,4582784166128,1762,0,2026-05,2026-06-01 06:54:33
2026-05-31,ロフト,ロフト871,（不明）,4595988311089,1220,1,2026-05,2026-06-01 06:54:33
2026-05-31,ロフト,ロフト871,（不明）,4595988311096,1220,0,2026-05,2026-06-01 06:54:33
2026-05-31,ロフト,ロフト871,（不明）,4595988311119,1220,1,2026-05,2026-06-01 06:54:33
2026-05-31,ロフト,ロフト871,（不明）,8809317963556,1723,1,2026-05,2026-06-01 06:54:33
2026-05-31,ロフト,ロフト871,（不明）,8809317967943,1723,1,2026-05,2026-06-01 06:54:33
2026-05-31,ロフト,ロフト871,（不明）,8809541199998,1723,0,2026-05,2026-06-01 06:54:33
2026-05-31,ロフト,ロフト871,（不明）,8809823390297,1723,0,2026-05,2026-06-01 06:54:33
2026-05-31,ロフト,ロフト872,（不明）,4560440431117,1036,0,2026-05,2026-06-01 06:54:33
2026-05-31,ロフト,ロフト872,（不明）,4560440431124,1036,0,2026-05,2026-06-01 06:54:33
2026-05-31,ロフト,ロフト872,（不明）,4560440431179,1016,1,2026-05,2026-06-01 06:54:33
2026-05-31,ロフト,ロフト872,（不明）,4560440431186,1016,0,2026-05,2026-06-01 06:54:33
2026-05-31,ロフト,ロフト872,（不明）,4560440431353,1016,0,2026-05,2026-06-01 06:54:33
2026-05-31,ロフト,ロフト872,（不明）,4560440431414,1016,2,2026-05,2026-06-01 06:54:33
2026-05-31,ロフト,ロフト872,（不明）,4560440431490,1015,1,2026-05,2026-06-01 06:54:33
2026-05-31,ロフト,ロフト872,（不明）,4560440431513,1015,0,2026-05,2026-06-01 06:54:33
2026-05-31,ロフト,ロフト872,（不明）,4560449979313,1110,3,2026-05,2026-06-01 06:54:33
2026-05-31,ロフト,ロフト872,（不明）,4560449979405,1110,1,2026-05,2026-06-01 06:54:33
2026-05-31,ロフト,ロフト872,（不明）,4560449979917,1110,4,2026-05,2026-06-01 06:54:33
2026-05-31,ロフト,ロフト872,（不明）,4560449979931,1110,0,2026-05,2026-06-01 06:54:33
2026-05-31,ロフト,ロフト872,（不明）,4560449982696,1110,1,2026-05,2026-06-01 06:54:33
2026-05-31,ロフト,ロフト872,（不明）,4560449982726,1110,1,2026-05,2026-06-01 06:54:33
2026-05-31,ロフト,ロフト872,（不明）,4573587350210,1762,0,2026-05,2026-06-01 06:54:33
2026-05-31,ロフト,ロフト872,（不明）,4573587350258,1762,1,2026-05,2026-06-01 06:54:33
2026-05-31,ロフト,ロフト872,（不明）,4573587350616,1762,0,2026-05,2026-06-01 06:54:33
2026-05-31,ロフト,ロフト872,（不明）,4573587350630,1762,1,2026-05,2026-06-01 06:54:33
2026-05-31,ロフト,ロフト872,（不明）,4573587350654,1762,0,2026-05,2026-06-01 06:54:33
2026-05-31,ロフト,ロフト872,（不明）,4573587350678,1762,0,2026-05,2026-06-01 06:54:33
2026-05-31,ロフト,ロフト872,（不明）,4573694002903,1110,5,2026-05,2026-06-01 06:54:33
2026-05-31,ロフト,ロフト872,（不明）,4573694002934,1110,1,2026-05,2026-06-01 06:54:33
2026-05-31,ロフト,ロフト872,（不明）,4582784162977,1762,0,2026-05,2026-06-01 06:54:33
2026-05-31,ロフト,ロフト872,（不明）,4582784162984,1762,0,2026-05,2026-06-01 06:54:33
2026-05-31,ロフト,ロフト872,（不明）,4582784166104,1762,0,2026-05,2026-06-01 06:54:33
2026-05-31,ロフト,ロフト872,（不明）,4582784166111,1762,0,2026-05,2026-06-01 06:54:33
2026-05-31,ロフト,ロフト872,（不明）,4582784166128,1762,1,2026-05,2026-06-01 06:54:33
2026-05-31,ロフト,ロフト873,（不明）,4560440431384,1036,0,2026-05,2026-06-01 06:54:33
2026-05-31,ロフト,ロフト873,（不明）,4560440431407,1016,0,2026-05,2026-06-01 06:54:33
2026-05-31,ロフト,ロフト873,（不明）,4560440431414,1016,2,2026-05,2026-06-01 06:54:33
2026-05-31,ロフト,ロフト873,（不明）,4560440431599,1034,2,2026-05,2026-06-01 06:54:33
2026-05-31,ロフト,ロフト873,（不明）,4560440431711,1034,3,2026-05,2026-06-01 06:54:33
2026-05-31,ロフト,ロフト873,（不明）,4560449970273,1762,0,2026-05,2026-06-01 06:54:33
2026-05-31,ロフト,ロフト873,（不明）,4560449970280,1762,1,2026-05,2026-06-01 06:54:33
2026-05-31,ロフト,ロフト873,（不明）,4560449979313,1110,12,2026-05,2026-06-01 06:54:33
2026-05-31,ロフト,ロフト873,（不明）,4560449979405,1110,2,2026-05,2026-06-01 06:54:33
2026-05-31,ロフト,ロフト873,（不明）,4560449979443,1762,0,2026-05,2026-06-01 06:54:33
2026-05-31,ロフト,ロフト873,（不明）,4560449979467,1762,0,2026-05,2026-06-01 06:54:33
2026-05-31,ロフト,ロフト873,（不明）,4560449979917,1110,6,2026-05,2026-06-01 06:54:33
2026-05-31,ロフト,ロフト873,（不明）,4560449979931,1110,2,2026-05,2026-06-01 06:54:33
2026-05-31,ロフト,ロフト873,（不明）,4560449982696,1110,1,2026-05,2026-06-01 06:54:33
2026-05-31,ロフト,ロフト873,（不明）,4560449982726,1110,0,2026-05,2026-06-01 06:54:33
2026-05-31,ロフト,ロフト873,（不明）,4573473052006,1013,3,2026-05,2026-06-01 06:54:33
2026-05-31,ロフト,ロフト873,（不明）,4573473052136,1013,7,2026-05,2026-06-01 06:54:33
2026-05-31,ロフト,ロフト873,（不明）,4573473052235,1035,0,2026-05,2026-06-01 06:54:33
2026-05-31,ロフト,ロフト873,（不明）,4573473052303,1029,0,2026-05,2026-06-01 06:54:33
2026-05-31,ロフト,ロフト873,（不明）,4573587350210,1762,0,2026-05,2026-06-01 06:54:33
2026-05-31,ロフト,ロフト873,（不明）,4573587350258,1762,3,2026-05,2026-06-01 06:54:33
2026-05-31,ロフト,ロフト873,（不明）,4573587350616,1762,0,2026-05,2026-06-01 06:54:33
2026-05-31,ロフト,ロフト873,（不明）,4573587350630,1762,0,2026-05,2026-06-01 06:54:33
2026-05-31,ロフト,ロフト873,（不明）,4573587350654,1762,0,2026-05,2026-06-01 06:54:33
2026-05-31,ロフト,ロフト873,（不明）,4573587350678,1762,0,2026-05,2026-06-01 06:54:33
2026-05-31,ロフト,ロフト873,（不明）,4573694000015,1110,1,2026-05,2026-06-01 06:54:33
2026-05-31,ロフト,ロフト873,（不明）,4573694002903,1110,3,2026-05,2026-06-01 06:54:33
2026-05-31,ロフト,ロフト873,（不明）,4573694002934,1110,0,2026-05,2026-06-01 06:54:33
2026-05-31,ロフト,ロフト873,（不明）,4582784162977,1762,0,2026-05,2026-06-01 06:54:33
2026-05-31,ロフト,ロフト873,（不明）,4582784162984,1762,0,2026-05,2026-06-01 06:54:33
2026-05-31,ロフト,ロフト873,（不明）,4582784163233,1762,0,2026-05,2026-06-01 06:54:33
2026-05-31,ロフト,ロフト873,（不明）,4582784163240,1762,1,2026-05,2026-06-01 06:54:33
2026-05-31,ロフト,ロフト873,（不明）,4582784166104,1762,0,2026-05,2026-06-01 06:54:33
2026-05-31,ロフト,ロフト873,（不明）,4582784166111,1762,0,2026-05,2026-06-01 06:54:33
2026-05-31,ロフト,ロフト873,（不明）,4582784166128,1762,1,2026-05,2026-06-01 06:54:33
2026-05-31,ロフト,ロフト873,（不明）,4582784166784,1762,0,2026-05,2026-06-01 06:54:33
2026-05-31,ロフト,ロフト873,（不明）,4582784166791,1762,1,2026-05,2026-06-01 06:54:33
2026-05-31,ロフト,ロフト873,（不明）,4589814757080,1258,5,2026-05,2026-06-01 06:54:33
2026-05-31,ロフト,ロフト873,（不明）,8809317963556,1723,0,2026-05,2026-06-01 06:54:33
2026-05-31,ロフト,ロフト873,（不明）,8809317967943,1723,0,2026-05,2026-06-01 06:54:33
2026-05-31,ロフト,ロフト873,（不明）,8809541199998,1723,2,2026-05,2026-06-01 06:54:33
2026-05-31,ロフト,ロフト873,（不明）,8809823390297,1723,0,2026-05,2026-06-01 06:54:33
2026-05-31,ロフト,ロフト9999,（不明）,4560440431087,1016,28,2026-05,2026-06-01 06:54:33
2026-05-31,ロフト,ロフト9999,（不明）,4560440431094,1016,19,2026-05,2026-06-01 06:54:33
2026-05-31,ロフト,ロフト9999,（不明）,4560440431117,1036,23,2026-05,2026-06-01 06:54:33
2026-05-31,ロフト,ロフト9999,（不明）,4560440431124,1036,11,2026-05,2026-06-01 06:54:33
2026-05-31,ロフト,ロフト9999,（不明）,4560440431131,1036,3,2026-05,2026-06-01 06:54:33
2026-05-31,ロフト,ロフト9999,（不明）,4560440431148,1016,6,2026-05,2026-06-01 06:54:33
2026-05-31,ロフト,ロフト9999,（不明）,4560440431155,1015,1,2026-05,2026-06-01 06:54:33
2026-05-31,ロフト,ロフト9999,（不明）,4560440431179,1016,24,2026-05,2026-06-01 06:54:33
2026-05-31,ロフト,ロフト9999,（不明）,4560440431186,1016,13,2026-05,2026-06-01 06:54:33
2026-05-31,ロフト,ロフト9999,（不明）,4560440431193,1036,11,2026-05,2026-06-01 06:54:33
2026-05-31,ロフト,ロフト9999,（不明）,4560440431216,1015,3,2026-05,2026-06-01 06:54:33
2026-05-31,ロフト,ロフト9999,（不明）,4560440431223,1015,7,2026-05,2026-06-01 06:54:33
2026-05-31,ロフト,ロフト9999,（不明）,4560440431230,1015,6,2026-05,2026-06-01 06:54:33
2026-05-31,ロフト,ロフト9999,（不明）,4560440431247,1015,7,2026-05,2026-06-01 06:54:33
2026-05-31,ロフト,ロフト9999,（不明）,4560440431254,1015,11,2026-05,2026-06-01 06:54:33
2026-05-31,ロフト,ロフト9999,（不明）,4560440431261,1015,1,2026-05,2026-06-01 06:54:33
2026-05-31,ロフト,ロフト9999,（不明）,4560440431292,1015,3,2026-05,2026-06-01 06:54:33
2026-05-31,ロフト,ロフト9999,（不明）,4560440431339,1034,0,2026-05,2026-06-01 06:54:33
2026-05-31,ロフト,ロフト9999,（不明）,4560440431346,1016,90,2026-05,2026-06-01 06:54:33
2026-05-31,ロフト,ロフト9999,（不明）,4560440431353,1016,209,2026-05,2026-06-01 06:54:33
2026-05-31,ロフト,ロフト9999,（不明）,4560440431360,1016,2,2026-05,2026-06-01 06:54:33
2026-05-31,ロフト,ロフト9999,（不明）,4560440431377,1036,155,2026-05,2026-06-01 06:54:33
2026-05-31,ロフト,ロフト9999,（不明）,4560440431384,1036,193,2026-05,2026-06-01 06:54:33
2026-05-31,ロフト,ロフト9999,（不明）,4560440431407,1016,297,2026-05,2026-06-01 06:54:33
2026-05-31,ロフト,ロフト9999,（不明）,4560440431414,1016,412,2026-05,2026-06-01 06:54:33
2026-05-31,ロフト,ロフト9999,（不明）,4560440431421,1016,15,2026-05,2026-06-01 06:54:33
2026-05-31,ロフト,ロフト9999,（不明）,4560440431438,1016,146,2026-05,2026-06-01 06:54:33
2026-05-31,ロフト,ロフト9999,（不明）,4560440431445,1016,237,2026-05,2026-06-01 06:54:33
2026-05-31,ロフト,ロフト9999,（不明）,4560440431452,1036,119,2026-05,2026-06-01 06:54:33
2026-05-31,ロフト,ロフト9999,（不明）,4560440431469,1016,28,2026-05,2026-06-01 06:54:33
2026-05-31,ロフト,ロフト9999,（不明）,4560440431476,1015,24,2026-05,2026-06-01 06:54:33
2026-05-31,ロフト,ロフト9999,（不明）,4560440431483,1015,27,2026-05,2026-06-01 06:54:33
2026-05-31,ロフト,ロフト9999,（不明）,4560440431490,1015,39,2026-05,2026-06-01 06:54:33
2026-05-31,ロフト,ロフト9999,（不明）,4560440431506,1015,52,2026-05,2026-06-01 06:54:33
2026-05-31,ロフト,ロフト9999,（不明）,4560440431513,1015,120,2026-05,2026-06-01 06:54:33
2026-05-31,ロフト,ロフト9999,（不明）,4560440431520,1015,41,2026-05,2026-06-01 06:54:33
2026-05-31,ロフト,ロフト9999,（不明）,4560440431537,1015,22,2026-05,2026-06-01 06:54:33
2026-05-31,ロフト,ロフト9999,（不明）,4560440431599,1034,673,2026-05,2026-06-01 06:54:33
2026-05-31,ロフト,ロフト9999,（不明）,4560440431711,1034,62,2026-05,2026-06-01 06:54:33
2026-05-31,ロフト,ロフト9999,（不明）,4560440431735,1034,31,2026-05,2026-06-01 06:54:33
2026-05-31,ロフト,ロフト9999,（不明）,4560440431742,1034,32,2026-05,2026-06-01 06:54:33
2026-05-31,ロフト,ロフト9999,（不明）,4560449970273,1762,87,2026-05,2026-06-01 06:54:33
2026-05-31,ロフト,ロフト9999,（不明）,4560449970280,1762,67,2026-05,2026-06-01 06:54:33
2026-05-31,ロフト,ロフト9999,（不明）,4560449976589,1762,19,2026-05,2026-06-01 06:54:33
2026-05-31,ロフト,ロフト9999,（不明）,4560449976602,1762,21,2026-05,2026-06-01 06:54:33
2026-05-31,ロフト,ロフト9999,（不明）,4560449979313,1110,1372,2026-05,2026-06-01 06:54:33
2026-05-31,ロフト,ロフト9999,（不明）,4560449979405,1110,171,2026-05,2026-06-01 06:54:33
2026-05-31,ロフト,ロフト9999,（不明）,4560449979443,1762,75,2026-05,2026-06-01 06:54:33
2026-05-31,ロフト,ロフト9999,（不明）,4560449979467,1762,51,2026-05,2026-06-01 06:54:33
2026-05-31,ロフト,ロフト9999,（不明）,4560449979917,1110,1550,2026-05,2026-06-01 06:54:33
2026-05-31,ロフト,ロフト9999,（不明）,4560449979931,1110,245,2026-05,2026-06-01 06:54:33
2026-05-31,ロフト,ロフト9999,（不明）,4560449981668,1110,9,2026-05,2026-06-01 06:54:33
2026-05-31,ロフト,ロフト9999,（不明）,4560449982269,1110,1,2026-05,2026-06-01 06:54:33
2026-05-31,ロフト,ロフト9999,（不明）,4560449982696,1110,134,2026-05,2026-06-01 06:54:33
2026-05-31,ロフト,ロフト9999,（不明）,4560449982726,1110,25,2026-05,2026-06-01 06:54:33
2026-05-31,ロフト,ロフト9999,（不明）,4573473052006,1013,277,2026-05,2026-06-01 06:54:33
2026-05-31,ロフト,ロフト9999,（不明）,4573473052136,1013,1194,2026-05,2026-06-01 06:54:33
2026-05-31,ロフト,ロフト9999,（不明）,4573473052235,1035,132,2026-05,2026-06-01 06:54:33
2026-05-31,ロフト,ロフト9999,（不明）,4573473052280,1013,44,2026-05,2026-06-01 06:54:33
2026-05-31,ロフト,ロフト9999,（不明）,4573473052303,1029,129,2026-05,2026-06-01 06:54:33
2026-05-31,ロフト,ロフト9999,（不明）,4573587350210,1762,131,2026-05,2026-06-01 06:54:33
2026-05-31,ロフト,ロフト9999,（不明）,4573587350258,1762,133,2026-05,2026-06-01 06:54:33
2026-05-31,ロフト,ロフト9999,（不明）,4573587350593,1762,1,2026-05,2026-06-01 06:54:33
2026-05-31,ロフト,ロフト9999,（不明）,4573587350616,1762,126,2026-05,2026-06-01 06:54:33
2026-05-31,ロフト,ロフト9999,（不明）,4573587350630,1762,44,2026-05,2026-06-01 06:54:33
2026-05-31,ロフト,ロフト9999,（不明）,4573587350654,1762,90,2026-05,2026-06-01 06:54:33
2026-05-31,ロフト,ロフト9999,（不明）,4573587350678,1762,59,2026-05,2026-06-01 06:54:33
2026-05-31,ロフト,ロフト9999,（不明）,4573587350692,1762,1,2026-05,2026-06-01 06:54:33
2026-05-31,ロフト,ロフト9999,（不明）,4573587353105,1647,0,2026-05,2026-06-01 06:54:33
2026-05-31,ロフト,ロフト9999,（不明）,4573694000015,1110,186,2026-05,2026-06-01 06:54:33
2026-05-31,ロフト,ロフト9999,（不明）,4573694000091,1097,78,2026-05,2026-06-01 06:54:33
2026-05-31,ロフト,ロフト9999,（不明）,4573694002903,1110,418,2026-05,2026-06-01 06:54:33
2026-05-31,ロフト,ロフト9999,（不明）,4573694002934,1110,84,2026-05,2026-06-01 06:54:33
2026-05-31,ロフト,ロフト9999,（不明）,4573694004396,1110,8,2026-05,2026-06-01 06:54:33
2026-05-31,ロフト,ロフト9999,（不明）,4580543220418,1639,0,2026-05,2026-06-01 06:54:33
2026-05-31,ロフト,ロフト9999,（不明）,4580543220487,1060,10,2026-05,2026-06-01 06:54:33
2026-05-31,ロフト,ロフト9999,（不明）,4580886250011,1013,107,2026-05,2026-06-01 06:54:33
2026-05-31,ロフト,ロフト9999,（不明）,4582784162977,1762,35,2026-05,2026-06-01 06:54:33
2026-05-31,ロフト,ロフト9999,（不明）,4582784162984,1762,53,2026-05,2026-06-01 06:54:33
2026-05-31,ロフト,ロフト9999,（不明）,4582784163233,1762,25,2026-05,2026-06-01 06:54:33
2026-05-31,ロフト,ロフト9999,（不明）,4582784163240,1762,41,2026-05,2026-06-01 06:54:33
2026-05-31,ロフト,ロフト9999,（不明）,4582784163257,1762,3,2026-05,2026-06-01 06:54:33
2026-05-31,ロフト,ロフト9999,（不明）,4582784163264,1762,9,2026-05,2026-06-01 06:54:33
2026-05-31,ロフト,ロフト9999,（不明）,4582784163271,1762,4,2026-05,2026-06-01 06:54:33
2026-05-31,ロフト,ロフト9999,（不明）,4582784163288,1762,2,2026-05,2026-06-01 06:54:33
2026-05-31,ロフト,ロフト9999,（不明）,4582784163332,1727,6,2026-05,2026-06-01 06:54:33
2026-05-31,ロフト,ロフト9999,（不明）,4582784163349,1727,3,2026-05,2026-06-01 06:54:33
2026-05-31,ロフト,ロフト9999,（不明）,4582784166104,1762,31,2026-05,2026-06-01 06:54:33
2026-05-31,ロフト,ロフト9999,（不明）,4582784166111,1762,71,2026-05,2026-06-01 06:54:33
2026-05-31,ロフト,ロフト9999,（不明）,4582784166128,1762,166,2026-05,2026-06-01 06:54:33
2026-05-31,ロフト,ロフト9999,（不明）,4582784166784,1762,110,2026-05,2026-06-01 06:54:33
2026-05-31,ロフト,ロフト9999,（不明）,4582784166791,1762,105,2026-05,2026-06-01 06:54:33
2026-05-31,ロフト,ロフト9999,（不明）,4589814750364,1657,6,2026-05,2026-06-01 06:54:33
2026-05-31,ロフト,ロフト9999,（不明）,4589814757080,1258,127,2026-05,2026-06-01 06:54:33
2026-05-31,ロフト,ロフト9999,（不明）,4595315976011,1222,128,2026-05,2026-06-01 06:54:33
2026-05-31,ロフト,ロフト9999,（不明）,4595317659110,1013,120,2026-05,2026-06-01 06:54:33
2026-05-31,ロフト,ロフト9999,（不明）,4595317659127,1013,102,2026-05,2026-06-01 06:54:33
2026-05-31,ロフト,ロフト9999,（不明）,4595317659738,1013,223,2026-05,2026-06-01 06:54:33
2026-05-31,ロフト,ロフト9999,（不明）,4595317659745,1013,243,2026-05,2026-06-01 06:54:33
2026-05-31,ロフト,ロフト9999,（不明）,4595317659752,1013,461,2026-05,2026-06-01 06:54:33
2026-05-31,ロフト,ロフト9999,（不明）,4595988311089,1220,111,2026-05,2026-06-01 06:54:33
2026-05-31,ロフト,ロフト9999,（不明）,4595988311096,1220,31,2026-05,2026-06-01 06:54:33
2026-05-31,ロフト,ロフト9999,（不明）,4595988311119,1220,67,2026-05,2026-06-01 06:54:33
2026-05-31,ロフト,ロフト9999,（不明）,8809317963556,1723,139,2026-05,2026-06-01 06:54:33
2026-05-31,ロフト,ロフト9999,（不明）,8809317967943,1723,106,2026-05,2026-06-01 06:54:33
2026-05-31,ロフト,ロフト9999,（不明）,8809541199998,1723,141,2026-05,2026-06-01 06:54:33
2026-05-31,ロフト,ロフト9999,（不明）,8809672173799,1266,0,2026-05,2026-06-01 06:54:33
2026-05-31,ロフト,ロフト9999,（不明）,8809672174949,1266,0,2026-05,2026-06-01 06:54:33
2026-05-31,ロフト,ロフト9999,（不明）,8809672175502,1258,1,2026-05,2026-06-01 06:54:33
2026-05-31,ロフト,ロフト9999,（不明）,8809672176332,1266,41,2026-05,2026-06-01 06:54:33
2026-05-31,ロフト,ロフト9999,（不明）,8809672176684,1250,94,2026-05,2026-06-01 06:54:33
2026-05-31,ロフト,ロフト9999,（不明）,8809823390297,1723,118,2026-05,2026-06-01 06:54:33
2026-05-31,ロフト,ロフト9999,（不明）,8809849807694,1092,12,2026-05,2026-06-01 06:54:33
2026-05-31,ロフト,ロフト9999,（不明）,8809849808400,1092,17,2026-05,2026-06-01 06:54:33
2026-05-31,ロフト,ロフト9999,（不明）,8809849808417,1092,26,2026-05,2026-06-01 06:54:33
2026-05-31,ロフト,ロフト9999,（不明）,8809849808424,1092,19,2026-05,2026-06-01 06:54:33
