日付,小売店名,店舗名,ブランド名,商品名,売上数量,売上金額,年月,登録日時
2026-06-30,PLAZA,三宮店,ラフドット,ラフドット インティメイトウォッシュ SB,1,3582,2026-06,2026-07-17 08:07:29
2026-06-30,PLAZA,玉川高島屋SC店,YOU TOKYO,YOU TOKYO ヘアミルク CW,1,2680,2026-06,2026-07-17 08:07:29
2026-06-30,PLAZA,ルミネ横浜店,YOU TOKYO,YOU TOKYO ヘアミルク CW,1,2680,2026-06,2026-07-17 08:07:29
2026-06-30,PLAZA,ルミネ横浜店,YOU TOKYO,YOU TOKYO ヘアミルク RR,1,2680,2026-06,2026-07-17 08:07:29
2026-06-30,PLAZA,ルミネ横浜店,YOU TOKYO,YOU TOKYO ヘアオイル BS,1,2280,2026-06,2026-07-17 08:07:29
2026-06-30,PLAZA,ルミネ横浜店,YOU TOKYO,YOU TOKYO ヘアオイル RR,2,4560,2026-06,2026-07-17 08:07:29
2026-06-30,PLAZA,ルミネ大宮店,（不明）,ワキキュア,3,10854,2026-06,2026-07-17 08:07:29
2026-06-30,PLAZA,ルミネ大宮店,YOU TOKYO,YOU TOKYO ヘアミルク RR,1,2680,2026-06,2026-07-17 08:07:29
2026-06-30,PLAZA,ルミネ新宿店,ラフドット,ラフドット インティメイトウォッシュ PM,1,3582,2026-06,2026-07-17 08:07:29
2026-06-30,PLAZA,ルミネ新宿店,（不明）,フルーシー ビヨウエキクロミ,1,2500,2026-06,2026-07-17 08:07:29
2026-06-30,PLAZA,ルミネ新宿店,（不明）,ワキキュア,1,3618,2026-06,2026-07-17 08:07:29
2026-06-30,PLAZA,ルミネ新宿店,YOU TOKYO,YOU TOKYO ヘアミルク CW,2,5360,2026-06,2026-07-17 08:07:29
2026-06-30,PLAZA,ルミネ新宿店,YOU TOKYO,YOU TOKYO ヘアミルク RR,1,2680,2026-06,2026-07-17 08:07:29
2026-06-30,PLAZA,アミュプラザ小倉店,（不明）,フルーシー ビヨウエキクロミ,2,5000,2026-06,2026-07-17 08:07:29
2026-06-30,PLAZA,アミュプラザ小倉店,YOU TOKYO,YOU TOKYO ヘアミルク RR,1,2680,2026-06,2026-07-17 08:07:29
2026-06-30,PLAZA,汐留シオサイト店,ラフドット,ラフドット インティメイトウォッシュ PM,1,3582,2026-06,2026-07-17 08:07:29
2026-06-30,PLAZA,横浜ジョイナス店,YOU TOKYO,YOU TOKYO ヘアミルク CW,1,2680,2026-06,2026-07-17 08:07:29
2026-06-30,PLAZA,京都ポルタ店,YOU TOKYO,YOU TOKYO ヘアミルク CW,1,2680,2026-06,2026-07-17 08:07:29
2026-06-30,PLAZA,イオンモール羽生店,YOU TOKYO,YOU TOKYO ヘアミルク CW,2,5360,2026-06,2026-07-17 08:07:29
2026-06-30,PLAZA,新越谷ヴァリエ店,（不明）,フルーシー ビヨウエキクロミ,1,2500,2026-06,2026-07-17 08:07:29
2026-06-30,PLAZA,新越谷ヴァリエ店,（不明）,フルーシービタミンドロップクロミ,1,900,2026-06,2026-07-17 08:07:29
2026-06-30,PLAZA,福岡ソラリアプラザ店,（不明）,ワキキュア,1,3618,2026-06,2026-07-17 08:07:29
2026-06-30,PLAZA,柏高島屋ステーションモール店,YOU TOKYO,YOU TOKYO ヘアオイル RR,1,2280,2026-06,2026-07-17 08:07:29
2026-06-30,PLAZA,大船ルミネウイング店,ラフドット,ラフドット インティメイトウォッシュ SB,1,3582,2026-06,2026-07-17 08:07:29
2026-06-30,PLAZA,大船ルミネウイング店,ラフドット,ラフドット インティメイトウォッシュ PM,1,3582,2026-06,2026-07-17 08:07:29
2026-06-30,PLAZA,大船ルミネウイング店,YOU TOKYO,YOU TOKYO ヘアミルク CW,1,2680,2026-06,2026-07-17 08:07:29
2026-06-30,PLAZA,大船ルミネウイング店,YOU TOKYO,YOU TOKYO ヘアミルク RR,1,2680,2026-06,2026-07-17 08:07:29
2026-06-30,PLAZA,ルミネエスト新宿店,（不明）,ワキキュア,1,3618,2026-06,2026-07-17 08:07:29
2026-06-30,PLAZA,天王寺ミオ店,YOU TOKYO,YOU TOKYO ヘアミルク CW,1,2680,2026-06,2026-07-17 08:07:29
2026-06-30,PLAZA,天王寺ミオ店,YOU TOKYO,YOU TOKYO ヘアミルク RR,1,2680,2026-06,2026-07-17 08:07:29
2026-06-30,PLAZA,アトレ川越店,ラフドット,ラフドット インティメイトウォッシュ SB,1,3582,2026-06,2026-07-17 08:07:29
2026-06-30,PLAZA,アトレ川越店,YOU TOKYO,YOU TOKYO ヘアミルク CW,1,2680,2026-06,2026-07-17 08:07:29
2026-06-30,PLAZA,ルミネ立川店,ラフドット,ラフドット インティメイトウォッシュ SB,1,3582,2026-06,2026-07-17 08:07:29
2026-06-30,PLAZA,ルミネ立川店,YOU TOKYO,YOU TOKYO ヘアオイル RR,1,2280,2026-06,2026-07-17 08:07:29
2026-06-30,PLAZA,ウイング上大岡店,ラフドット,ラフドット インティメイトウォッシュ SB,1,3582,2026-06,2026-07-17 08:07:29
2026-06-30,PLAZA,アトレ恵比寿店,YOU TOKYO,YOU TOKYO ヘアミルク RR,1,2680,2026-06,2026-07-17 08:07:29
2026-06-30,PLAZA,アトレ川崎店,YOU TOKYO,YOU TOKYO ヘアミルク CW,1,2680,2026-06,2026-07-17 08:07:29
2026-06-30,PLAZA,なんばシティ店,YOU TOKYO,YOU TOKYO ヘアミルク CW,2,5360,2026-06,2026-07-17 08:07:29
2026-06-30,PLAZA,ルミネ町田店,YOU TOKYO,YOU TOKYO ヘアミルク RR,2,5360,2026-06,2026-07-17 08:07:29
2026-06-30,PLAZA,池袋パルコ店,YOU TOKYO,YOU TOKYO ヘアオイル RR,1,2280,2026-06,2026-07-17 08:07:29
2026-06-30,PLAZA,ららぽーとTOKYO-BAY店,ラフドット,ラフドット インティメイトウォッシュ PM,1,3582,2026-06,2026-07-17 08:07:29
2026-06-30,PLAZA,京橋京阪モール店,YOU TOKYO,YOU TOKYO ヘアミルク RR,1,2680,2026-06,2026-07-17 08:07:29
2026-06-30,PLAZA,ルミネ北千住店,ラフドット,ラフドット インティメイトウォッシュ PM,1,3582,2026-06,2026-07-17 08:07:29
2026-06-30,PLAZA,札幌ステラプレイス店,（不明）,フルーシービタミンドロップクロミ,4,3600,2026-06,2026-07-17 08:07:29
2026-06-30,PLAZA,ルミネ荻窪店,YOU TOKYO,YOU TOKYO ヘアミルク CW,1,2680,2026-06,2026-07-17 08:07:29
2026-06-30,PLAZA,ルミネ池袋店,YOU TOKYO,YOU TOKYO ヘアミルク RR,2,5360,2026-06,2026-07-17 08:07:29
2026-06-30,PLAZA,イオンモールむさし村山店,YOU TOKYO,YOU TOKYO ヘアミルク CW,1,2680,2026-06,2026-07-17 08:07:29
2026-06-30,PLAZA,三井アウトレットパーク入間店,ラフドット,ラフドット インティメイトウォッシュ SB,1,3582,2026-06,2026-07-17 08:07:29
2026-06-30,PLAZA,越谷イオンレイクタウン店,ラフドット,ラフドット インティメイトウォッシュ PM,1,3582,2026-06,2026-07-17 08:07:29
2026-06-30,PLAZA,越谷イオンレイクタウン店,（不明）,ワキキュア,2,7236,2026-06,2026-07-17 08:07:29
2026-06-30,PLAZA,たまプラーザテラス店,ラフドット,ラフドット インティメイトウォッシュ SB,1,3582,2026-06,2026-07-17 08:07:29
2026-06-30,PLAZA,たまプラーザテラス店,ラフドット,ラフドット インティメイトウォッシュ LV,1,3582,2026-06,2026-07-17 08:07:29
2026-06-30,PLAZA,たまプラーザテラス店,YOU TOKYO,YOU TOKYO ヘアミルク CW,1,2680,2026-06,2026-07-17 08:07:29
2026-06-30,PLAZA,アトレ吉祥寺店,YOU TOKYO,YOU TOKYO ヘアミルク CW,1,2680,2026-06,2026-07-17 08:07:29
2026-06-30,PLAZA,アトレ吉祥寺店,YOU TOKYO,YOU TOKYO ヘアミルク RR,2,5360,2026-06,2026-07-17 08:07:29
2026-06-30,PLAZA,ルクア大阪店,YOU TOKYO,YOU TOKYO ヘアミルク CW,2,5360,2026-06,2026-07-17 08:07:29
2026-06-30,PLAZA,ルクア大阪店,YOU TOKYO,YOU TOKYO ヘアミルク RR,1,2680,2026-06,2026-07-17 08:07:29
2026-06-30,PLAZA,ルクア大阪店,YOU TOKYO,YOU TOKYO ヘアオイル BS,1,2280,2026-06,2026-07-17 08:07:29
2026-06-30,PLAZA,三井アウトレットパーク木更津店,（不明）,フルーシービタミンドロップクロミ,1,900,2026-06,2026-07-17 08:07:29
2026-06-30,PLAZA,東京ソラマチ店,YOU TOKYO,YOU TOKYO ヘアミルク CW,1,2680,2026-06,2026-07-17 08:07:29
2026-06-30,PLAZA,東京ソラマチ店,YOU TOKYO,YOU TOKYO ヘアミルク RR,1,2680,2026-06,2026-07-17 08:07:29
2026-06-30,PLAZA,イオンモール幕張新都心店,ラフドット,ラフドット インティメイトウォッシュ SB,1,3582,2026-06,2026-07-17 08:07:29
2026-06-30,PLAZA,イーアスつくば店,YOU TOKYO,YOU TOKYO ヘアミルク CW,2,5360,2026-06,2026-07-17 08:07:29
2026-06-30,PLAZA,ららぽーとEXPOCITY店,YOU TOKYO,YOU TOKYO ヘアミルク CW,2,5360,2026-06,2026-07-17 08:07:29
2026-06-30,PLAZA,ららぽーとEXPOCITY店,YOU TOKYO,YOU TOKYO ヘアミルク RR,2,5360,2026-06,2026-07-17 08:07:29
2026-06-30,PLAZA,ラスカ茅ケ崎店,ラフドット,ラフドット インティメイトウォッシュ SB,2,7164,2026-06,2026-07-17 08:07:29
2026-06-30,PLAZA,ラスカ茅ケ崎店,（不明）,フルーシービタミンドロップクロミ,1,900,2026-06,2026-07-17 08:07:29
2026-06-30,PLAZA,ラスカ茅ケ崎店,YOU TOKYO,YOU TOKYO ヘアミルク RR,1,2680,2026-06,2026-07-17 08:07:29
2026-06-30,PLAZA,静岡パルシェ店,ラフドット,ラフドット インティメイトウォッシュ PM,1,3582,2026-06,2026-07-17 08:07:29
2026-06-30,PLAZA,静岡パルシェ店,YOU TOKYO,YOU TOKYO ヘアミルク CW,1,2680,2026-06,2026-07-17 08:07:29
2026-06-30,PLAZA,京都四条店,（不明）,フルーシービタミンドロップクロミ,1,900,2026-06,2026-07-17 08:07:29
2026-06-30,PLAZA,ペリエ千葉店,YOU TOKYO,YOU TOKYO ヘアミルク RR,1,2680,2026-06,2026-07-17 08:07:29
2026-06-30,PLAZA,名古屋ユニモール店,YOU TOKYO,YOU TOKYO ヘアミルク CW,2,5360,2026-06,2026-07-17 08:07:29
2026-06-30,PLAZA,船橋東武店,ラフドット,ラフドット インティメイトウォッシュ SB,1,3582,2026-06,2026-07-17 08:07:29
2026-06-30,PLAZA,船橋東武店,YOU TOKYO,YOU TOKYO ヘアミルク CW,1,2680,2026-06,2026-07-17 08:07:29
2026-06-30,PLAZA,船橋東武店,YOU TOKYO,YOU TOKYO ヘアミルク RR,1,2680,2026-06,2026-07-17 08:07:29
2026-06-30,PLAZA,錦糸町テルミナ2店,YOU TOKYO,YOU TOKYO ヘアミルク RR,1,2680,2026-06,2026-07-17 08:07:29
2026-06-30,PLAZA,プラザ天神地下街店,YOU TOKYO,YOU TOKYO ヘアミルク RR,2,5360,2026-06,2026-07-17 08:07:29
2026-06-30,PLAZA,コクーンシティさいたま新都心店,ラフドット,ラフドット インティメイトウォッシュ PM,1,3582,2026-06,2026-07-17 08:07:29
2026-06-30,PLAZA,プラザイオンモール筑紫野店,ラフドット,ラフドット インティメイトウォッシュ MV,1,3582,2026-06,2026-07-17 08:07:29
2026-06-30,PLAZA,プラザイオンモール新居浜店,ラフドット,ラフドット インティメイトFミスト PM,1,3132,2026-06,2026-07-17 08:07:29
2026-06-30,PLAZA,プラザイオンモール木曽川店,ラフドット,ラフドット インティメイトウォッシュ PM,1,3582,2026-06,2026-07-17 08:07:29
2026-06-30,PLAZA,プラザららぽーと磐田店,（不明）,フルーシービタミンドロップクロミ,1,900,2026-06,2026-07-17 08:07:29
2026-06-30,PLAZA,プラザイオンモール高知店,YOU TOKYO,YOU TOKYO ヘアミルク CW,1,2680,2026-06,2026-07-17 08:07:29
2026-06-30,PLAZA,イオンモール各務原インター店,（不明）,フルーシー ビヨウエキクロミ,1,2500,2026-06,2026-07-17 08:07:29
2026-06-30,PLAZA,プラザイオンモール四條畷店,YOU TOKYO,YOU TOKYO ヘアミルク CW,2,5360,2026-06,2026-07-17 08:07:29
2026-06-30,PLAZA,プラザイオンモール福岡店,ラフドット,ラフドット インティメイトウォッシュ SB,1,3582,2026-06,2026-07-17 08:07:29
2026-06-30,PLAZA,イオンモール沖縄ライカム店,ラフドット,ラフドット インティメイトウォッシュ SB,1,3582,2026-06,2026-07-17 08:07:29
2026-06-30,PLAZA,イオンモール沖縄ライカム店,ラフドット,ラフドット インティメイトウォッシュ MV,1,3582,2026-06,2026-07-17 08:07:29
2026-06-30,PLAZA,神戸ハーバーランドumie店,ラフドット,ラフドット インティメイトウォッシュ SB,1,3582,2026-06,2026-07-17 08:07:29
2026-06-30,PLAZA,プラザイオンモール豊川店,ラフドット,ラフドット インティメイトウォッシュ PM,1,3582,2026-06,2026-07-17 08:07:29
2026-06-30,PLAZA,プラザイオンモール豊川店,ラフドット,ラフドット インティメイトウォッシュ MV,1,3582,2026-06,2026-07-17 08:07:29
2026-06-30,PLAZA,プラザイオンモール豊川店,YOU TOKYO,YOU TOKYO ヘアミルク CW,1,2680,2026-06,2026-07-17 08:07:29
2026-06-30,PLAZA,プラザイオンモール豊川店,YOU TOKYO,YOU TOKYO ヘアミルク RR,1,2680,2026-06,2026-07-17 08:07:29
2026-06-30,PLAZA,CoCoLo新潟店,ラフドット,ラフドット インティメイトウォッシュ SB,2,7164,2026-06,2026-07-17 08:07:29
2026-06-30,PLAZA,プラザイオンモール盛岡南店,ラフドット,ラフドット インティメイトウォッシュ SB,3,10746,2026-06,2026-07-17 08:07:29
2026-06-30,PLAZA,プラザイオンモール須坂店,ラフドット,ラフドット インティメイトウォッシュ PM,1,3582,2026-06,2026-07-17 08:07:29
2026-06-30,PLAZA,プラザイオンモール八幡東店,YOU TOKYO,YOU TOKYO ヘアミルク CW,1,2680,2026-06,2026-07-17 08:07:29
2026-06-30,PLAZA,オンラインストア,ラフドット,ラフドット インティメイトウォッシュ PM,1,3582,2026-06,2026-07-17 08:07:29
2026-06-30,PLAZA,オンラインストア,（不明）,フルーシー ビヨウエキクロミ,1,2500,2026-06,2026-07-17 08:07:29
2026-06-30,PLAZA,オンラインストア,（不明）,フルーシービタミンドロップクロミ,1,900,2026-06,2026-07-17 08:07:29
2026-06-30,PLAZA,オンラインストア,（不明）,ワキキュア,1,3618,2026-06,2026-07-17 08:07:29
2026-06-30,PLAZA,オンラインストア,YOU TOKYO,YOU TOKYO ヘアミルク CW,5,13400,2026-06,2026-07-17 08:07:29
2026-06-30,PLAZA,オンラインストア,YOU TOKYO,YOU TOKYO ヘアミルク RR,12,32160,2026-06,2026-07-17 08:07:29
2026-06-30,PLAZA,オンラインストア,YOU TOKYO,YOU TOKYO ヘアオイル BS,1,2280,2026-06,2026-07-17 08:07:29
2026-06-30,PLAZA,オンラインストア,YOU TOKYO,YOU TOKYO ヘアオイル RR,4,9120,2026-06,2026-07-17 08:07:29
2026-06-29,PLAZA,三宮店,YOU TOKYO,YOU TOKYO ヘアミルク CW,1,2680,2026-06,2026-07-17 08:07:29
2026-06-29,PLAZA,玉川高島屋SC店,YOU TOKYO,YOU TOKYO ヘアミルク RR,1,2680,2026-06,2026-07-17 08:07:29
2026-06-29,PLAZA,玉川高島屋SC店,YOU TOKYO,YOU TOKYO ヘアオイル BS,2,4560,2026-06,2026-07-17 08:07:29
2026-06-29,PLAZA,玉川高島屋SC店,YOU TOKYO,YOU TOKYO ヘアオイル RR,1,2280,2026-06,2026-07-17 08:07:29
2026-06-29,PLAZA,ルミネ横浜店,ラフドット,ラフドット インティメイトウォッシュ SB,1,3582,2026-06,2026-07-17 08:07:29
2026-06-29,PLAZA,ルミネ横浜店,（不明）,フルーシー ビヨウエキクロミ,2,5000,2026-06,2026-07-17 08:07:29
2026-06-29,PLAZA,ルミネ横浜店,YOU TOKYO,YOU TOKYO ヘアミルク CW,3,8040,2026-06,2026-07-17 08:07:29
2026-06-29,PLAZA,ルミネ横浜店,YOU TOKYO,YOU TOKYO ヘアオイル BS,1,2280,2026-06,2026-07-17 08:07:29
2026-06-29,PLAZA,アトレ大井町店,YOU TOKYO,YOU TOKYO ヘアミルク CW,1,2680,2026-06,2026-07-17 08:07:29
2026-06-29,PLAZA,アトレ大井町店,YOU TOKYO,YOU TOKYO ヘアオイル RR,1,2280,2026-06,2026-07-17 08:07:29
2026-06-29,PLAZA,ルミネ大宮店,ラフドット,ラフドット インティメイトウォッシュ SB,1,3582,2026-06,2026-07-17 08:07:29
2026-06-29,PLAZA,ルミネ大宮店,YOU TOKYO,YOU TOKYO ヘアミルク CW,1,2680,2026-06,2026-07-17 08:07:29
2026-06-29,PLAZA,ルミネ大宮店,YOU TOKYO,YOU TOKYO ヘアミルク RR,1,2680,2026-06,2026-07-17 08:07:29
2026-06-29,PLAZA,ルミネ大宮店,YOU TOKYO,YOU TOKYO ヘアオイル BS,1,2280,2026-06,2026-07-17 08:07:29
2026-06-29,PLAZA,ルミネ新宿店,（不明）,フルーシービタミンドロップクロミ,1,900,2026-06,2026-07-17 08:07:29
2026-06-29,PLAZA,ルミネ新宿店,（不明）,ワキキュア,1,3618,2026-06,2026-07-17 08:07:29
2026-06-29,PLAZA,ルミネ新宿店,YOU TOKYO,YOU TOKYO ヘアミルク RR,1,2680,2026-06,2026-07-17 08:07:29
2026-06-29,PLAZA,ルミネ新宿店,YOU TOKYO,YOU TOKYO ヘアオイル RR,1,2280,2026-06,2026-07-17 08:07:29
2026-06-29,PLAZA,アミュプラザ小倉店,YOU TOKYO,YOU TOKYO ヘアミルク RR,2,5360,2026-06,2026-07-17 08:07:29
2026-06-29,PLAZA,横浜ジョイナス店,ラフドット,ラフドット インティメイトウォッシュ LV,1,3582,2026-06,2026-07-17 08:07:29
2026-06-29,PLAZA,横浜ジョイナス店,（不明）,ワキキュア,1,3618,2026-06,2026-07-17 08:07:29
2026-06-29,PLAZA,横浜ジョイナス店,YOU TOKYO,YOU TOKYO ヘアミルク RR,2,5360,2026-06,2026-07-17 08:07:29
2026-06-29,PLAZA,京都ポルタ店,ラフドット,ラフドット インティメイトウォッシュ SB,1,3582,2026-06,2026-07-17 08:07:29
2026-06-29,PLAZA,京都ポルタ店,YOU TOKYO,YOU TOKYO ヘアミルク CW,2,5360,2026-06,2026-07-17 08:07:29
2026-06-29,PLAZA,京都ポルタ店,YOU TOKYO,YOU TOKYO ヘアミルク RR,1,2680,2026-06,2026-07-17 08:07:29
2026-06-29,PLAZA,イオンモール羽生店,YOU TOKYO,YOU TOKYO ヘアミルク CW,2,5360,2026-06,2026-07-17 08:07:29
2026-06-29,PLAZA,イオンモール羽生店,YOU TOKYO,YOU TOKYO ヘアオイル BS,1,2280,2026-06,2026-07-17 08:07:29
2026-06-29,PLAZA,五反田東急スクエア店,ラフドット,ラフドット インティメイトウォッシュ SB,1,3582,2026-06,2026-07-17 08:07:29
2026-06-29,PLAZA,五反田東急スクエア店,ラフドット,ラフドット インティメイトウォッシュ PM,2,7164,2026-06,2026-07-17 08:07:29
2026-06-29,PLAZA,五反田東急スクエア店,（不明）,フルーシー ビヨウエキクロミ,1,2500,2026-06,2026-07-17 08:07:29
2026-06-29,PLAZA,新越谷ヴァリエ店,ラフドット,ラフドット インティメイトウォッシュ PM,1,3582,2026-06,2026-07-17 08:07:29
2026-06-29,PLAZA,新越谷ヴァリエ店,（不明）,フルーシー ビヨウエキクロミ,2,5000,2026-06,2026-07-17 08:07:29
2026-06-29,PLAZA,新越谷ヴァリエ店,ラフドット,ラフドット ヘアリムーバー,1,3400,2026-06,2026-07-17 08:07:29
2026-06-29,PLAZA,新越谷ヴァリエ店,ラフドット,ラフドット インティメイトウォッシュ MV,1,3582,2026-06,2026-07-17 08:07:29
2026-06-29,PLAZA,新越谷ヴァリエ店,YOU TOKYO,YOU TOKYO ヘアミルク CW,1,2680,2026-06,2026-07-17 08:07:29
2026-06-29,PLAZA,柏高島屋ステーションモール店,YOU TOKYO,YOU TOKYO ヘアミルク RR,1,2680,2026-06,2026-07-17 08:07:29
2026-06-29,PLAZA,ルミネエスト新宿店,（不明）,フルーシー ビヨウエキクロミ,1,2500,2026-06,2026-07-17 08:07:29
2026-06-29,PLAZA,ルミネエスト新宿店,YOU TOKYO,YOU TOKYO ヘアミルク RR,1,2680,2026-06,2026-07-17 08:07:29
2026-06-29,PLAZA,天王寺ミオ店,ラフドット,ラフドット インティメイトウォッシュ SB,1,3582,2026-06,2026-07-17 08:07:29
2026-06-29,PLAZA,天王寺ミオ店,ラフドット,ラフドット インティメイトミスト MV,1,3132,2026-06,2026-07-17 08:07:29
2026-06-29,PLAZA,天王寺ミオ店,（不明）,ワキキュア,1,3618,2026-06,2026-07-17 08:07:29
2026-06-29,PLAZA,天王寺ミオ店,YOU TOKYO,YOU TOKYO ヘアミルク CW,1,2680,2026-06,2026-07-17 08:07:29
2026-06-29,PLAZA,天王寺ミオ店,YOU TOKYO,YOU TOKYO ヘアミルク RR,1,2680,2026-06,2026-07-17 08:07:29
2026-06-29,PLAZA,アトレ川越店,YOU TOKYO,YOU TOKYO ヘアミルク CW,1,2680,2026-06,2026-07-17 08:07:29
2026-06-29,PLAZA,アトレ川越店,YOU TOKYO,YOU TOKYO ヘアミルク RR,1,2680,2026-06,2026-07-17 08:07:29
2026-06-29,PLAZA,ルミネ立川店,ラフドット,ラフドット インティメイトウォッシュ PM,1,3582,2026-06,2026-07-17 08:07:29
2026-06-29,PLAZA,ルミネ立川店,YOU TOKYO,YOU TOKYO ヘアミルク RR,2,5360,2026-06,2026-07-17 08:07:29
2026-06-29,PLAZA,ルミネ立川店,YOU TOKYO,YOU TOKYO ヘアオイル RR,2,4560,2026-06,2026-07-17 08:07:29
2026-06-29,PLAZA,ウイング上大岡店,YOU TOKYO,YOU TOKYO ヘアミルク CW,1,2680,2026-06,2026-07-17 08:07:29
2026-06-29,PLAZA,ウイング上大岡店,YOU TOKYO,YOU TOKYO ヘアミルク RR,1,2680,2026-06,2026-07-17 08:07:29
2026-06-29,PLAZA,アトレ川崎店,YOU TOKYO,YOU TOKYO ヘアオイル RR,1,2280,2026-06,2026-07-17 08:07:29
2026-06-29,PLAZA,なんばシティ店,YOU TOKYO,YOU TOKYO ヘアミルク CW,2,5360,2026-06,2026-07-17 08:07:29
2026-06-29,PLAZA,なんばシティ店,YOU TOKYO,YOU TOKYO ヘアミルク RR,2,5360,2026-06,2026-07-17 08:07:29
2026-06-29,PLAZA,ルミネ町田店,ラフドット,ラフドット インティメイトウォッシュ SB,1,3582,2026-06,2026-07-17 08:07:29
2026-06-29,PLAZA,池袋パルコ店,YOU TOKYO,YOU TOKYO ヘアミルク CW,1,2680,2026-06,2026-07-17 08:07:29
2026-06-29,PLAZA,ららぽーとTOKYO-BAY店,YOU TOKYO,YOU TOKYO ヘアミルク CW,1,2680,2026-06,2026-07-17 08:07:29
2026-06-29,PLAZA,京橋京阪モール店,ラフドット,ラフドット ヘアリムーバー,1,3400,2026-06,2026-07-17 08:07:29
2026-06-29,PLAZA,京橋京阪モール店,YOU TOKYO,YOU TOKYO ヘアミルク CW,2,5360,2026-06,2026-07-17 08:07:29
2026-06-29,PLAZA,京橋京阪モール店,YOU TOKYO,YOU TOKYO ヘアミルク RR,1,2680,2026-06,2026-07-17 08:07:29
2026-06-29,PLAZA,エスパル仙台店,YOU TOKYO,YOU TOKYO ヘアオイル RR,1,2280,2026-06,2026-07-17 08:07:29
2026-06-29,PLAZA,ルミネ北千住店,ラフドット,ラフドット インティメイトウォッシュ PM,1,3582,2026-06,2026-07-17 08:07:29
2026-06-29,PLAZA,ルミネ北千住店,YOU TOKYO,YOU TOKYO ヘアミルク CW,2,5360,2026-06,2026-07-17 08:07:29
2026-06-29,PLAZA,ルミネ北千住店,YOU TOKYO,YOU TOKYO ヘアミルク RR,1,2680,2026-06,2026-07-17 08:07:29
2026-06-29,PLAZA,ルミネ北千住店,YOU TOKYO,YOU TOKYO ヘアオイル BS,1,2280,2026-06,2026-07-17 08:07:29
2026-06-29,PLAZA,札幌ステラプレイス店,（不明）,フルーシービタミンドロップクロミ,1,900,2026-06,2026-07-17 08:07:29
2026-06-29,PLAZA,札幌ステラプレイス店,YOU TOKYO,YOU TOKYO ヘアミルク CW,1,2680,2026-06,2026-07-17 08:07:29
2026-06-29,PLAZA,ラスカ小田原店,ラフドット,ラフドット ヘアリムーバー,1,3400,2026-06,2026-07-17 08:07:29
2026-06-29,PLAZA,ルミネ池袋店,ラフドット,ラフドット インティメイトウォッシュ PM,1,3582,2026-06,2026-07-17 08:07:29
2026-06-29,PLAZA,ルミネ池袋店,（不明）,フルーシー ビヨウエキクロミ,1,2500,2026-06,2026-07-17 08:07:29
2026-06-29,PLAZA,ルミネ池袋店,（不明）,フルーシービタミンドロップクロミ,1,900,2026-06,2026-07-17 08:07:29
2026-06-29,PLAZA,ルミネ池袋店,YOU TOKYO,YOU TOKYO ヘアミルク RR,1,2680,2026-06,2026-07-17 08:07:29
2026-06-29,PLAZA,イオンモールむさし村山店,YOU TOKYO,YOU TOKYO ヘアミルク CW,1,2680,2026-06,2026-07-17 08:07:29
2026-06-29,PLAZA,イオンモールむさし村山店,YOU TOKYO,YOU TOKYO ヘアミルク RR,1,2680,2026-06,2026-07-17 08:07:29
2026-06-29,PLAZA,舞浜イクスピアリ店,YOU TOKYO,YOU TOKYO ヘアミルク CW,1,2680,2026-06,2026-07-17 08:07:29
2026-06-29,PLAZA,舞浜イクスピアリ店,YOU TOKYO,YOU TOKYO ヘアオイル BS,1,2280,2026-06,2026-07-17 08:07:29
2026-06-29,PLAZA,三井アウトレットパーク入間店,ラフドット,ラフドット インティメイトウォッシュ MV,1,3582,2026-06,2026-07-17 08:07:29
2026-06-29,PLAZA,越谷イオンレイクタウン店,ラフドット,ラフドット インティメイトウォッシュ SB,2,7164,2026-06,2026-07-17 08:07:29
2026-06-29,PLAZA,越谷イオンレイクタウン店,（不明）,フルーシー ビヨウエキクロミ,1,2500,2026-06,2026-07-17 08:07:29
2026-06-29,PLAZA,越谷イオンレイクタウン店,（不明）,ワキキュア,2,7236,2026-06,2026-07-17 08:07:29
2026-06-29,PLAZA,越谷イオンレイクタウン店,YOU TOKYO,YOU TOKYO ヘアミルク RR,1,2680,2026-06,2026-07-17 08:07:29
2026-06-29,PLAZA,越谷イオンレイクタウン店,YOU TOKYO,YOU TOKYO ヘアオイル RR,1,2280,2026-06,2026-07-17 08:07:29
2026-06-29,PLAZA,たまプラーザテラス店,YOU TOKYO,YOU TOKYO ヘアミルク CW,3,8040,2026-06,2026-07-17 08:07:29
2026-06-29,PLAZA,たまプラーザテラス店,YOU TOKYO,YOU TOKYO ヘアオイル RR,1,2280,2026-06,2026-07-17 08:07:29
2026-06-29,PLAZA,ルクア大阪店,（不明）,フルーシービタミンドロップクロミ,1,900,2026-06,2026-07-17 08:07:29
2026-06-29,PLAZA,ルクア大阪店,YOU TOKYO,YOU TOKYO ヘアミルク CW,2,5360,2026-06,2026-07-17 08:07:29
2026-06-29,PLAZA,ルクア大阪店,YOU TOKYO,YOU TOKYO ヘアミルク RR,2,5360,2026-06,2026-07-17 08:07:29
2026-06-29,PLAZA,ルクア大阪店,YOU TOKYO,YOU TOKYO ヘアオイル RR,1,2280,2026-06,2026-07-17 08:07:29
2026-06-29,PLAZA,東京ソラマチ店,YOU TOKYO,YOU TOKYO ヘアミルク CW,3,8040,2026-06,2026-07-17 08:07:29
2026-06-29,PLAZA,イオンモール幕張新都心店,YOU TOKYO,YOU TOKYO ヘアミルク CW,2,5360,2026-06,2026-07-17 08:07:29
2026-06-29,PLAZA,イーアスつくば店,YOU TOKYO,YOU TOKYO ヘアミルク CW,1,2680,2026-06,2026-07-17 08:07:29
2026-06-29,PLAZA,ららテラス武蔵小杉店,ラフドット,ラフドット インティメイトウォッシュ SB,1,3582,2026-06,2026-07-17 08:07:29
2026-06-29,PLAZA,ららテラス武蔵小杉店,ラフドット,ラフドット ヘアリムーバー,2,6800,2026-06,2026-07-17 08:07:29
2026-06-29,PLAZA,ららぽーと富士見店,YOU TOKYO,YOU TOKYO ヘアミルク CW,1,2680,2026-06,2026-07-17 08:07:29
2026-06-29,PLAZA,ららぽーとEXPOCITY店,ラフドット,ラフドット インティメイトウォッシュ SB,1,3582,2026-06,2026-07-17 08:07:29
2026-06-29,PLAZA,ラスカ茅ケ崎店,（不明）,フルーシービタミンドロップクロミ,1,900,2026-06,2026-07-17 08:07:29
2026-06-29,PLAZA,京都四条店,YOU TOKYO,YOU TOKYO ヘアミルク CW,1,2680,2026-06,2026-07-17 08:07:29
2026-06-29,PLAZA,ペリエ千葉店,YOU TOKYO,YOU TOKYO ヘアミルク CW,1,2680,2026-06,2026-07-17 08:07:29
2026-06-29,PLAZA,ペリエ千葉店,YOU TOKYO,YOU TOKYO ヘアミルク RR,1,2680,2026-06,2026-07-17 08:07:29
2026-06-29,PLAZA,名古屋ユニモール店,YOU TOKYO,YOU TOKYO ヘアミルク CW,1,2680,2026-06,2026-07-17 08:07:29
2026-06-29,PLAZA,アミュプラザくまもと店,ラフドット,ラフドット インティメイトウォッシュ PM,3,10746,2026-06,2026-07-17 08:07:29
2026-06-29,PLAZA,アトレ松戸店,ラフドット,ラフドット インティメイトウォッシュ SB,1,3582,2026-06,2026-07-17 08:07:29
2026-06-29,PLAZA,アトレ松戸店,YOU TOKYO,YOU TOKYO ヘアミルク CW,2,5360,2026-06,2026-07-17 08:07:29
2026-06-29,PLAZA,船橋東武店,YOU TOKYO,YOU TOKYO ヘアミルク CW,1,2680,2026-06,2026-07-17 08:07:29
2026-06-29,PLAZA,船橋東武店,YOU TOKYO,YOU TOKYO ヘアミルク RR,1,2680,2026-06,2026-07-17 08:07:29
2026-06-29,PLAZA,錦糸町テルミナ2店,YOU TOKYO,YOU TOKYO ヘアミルク RR,1,2680,2026-06,2026-07-17 08:07:29
2026-06-29,PLAZA,ららぽーと門真店,YOU TOKYO,YOU TOKYO ヘアミルク RR,1,2680,2026-06,2026-07-17 08:07:29
2026-06-29,PLAZA,ルミネ有楽町店,（不明）,ワキキュア,1,3618,2026-06,2026-07-17 08:07:29
2026-06-29,PLAZA,池袋サンシャインシティアルパ店,YOU TOKYO,YOU TOKYO ヘアミルク CW,1,2680,2026-06,2026-07-17 08:07:29
2026-06-29,PLAZA,プラザ天神地下街店,YOU TOKYO,YOU TOKYO ヘアミルク CW,1,2680,2026-06,2026-07-17 08:07:29
2026-06-29,PLAZA,プラザイオンモール筑紫野店,YOU TOKYO,YOU TOKYO ヘアミルク CW,2,5360,2026-06,2026-07-17 08:07:29
2026-06-29,PLAZA,プラザイオンモール筑紫野店,YOU TOKYO,YOU TOKYO ヘアミルク RR,1,2680,2026-06,2026-07-17 08:07:29
2026-06-29,PLAZA,プラザイオンモール日の出店,ラフドット,ラフドット インティメイトウォッシュ LV,1,3582,2026-06,2026-07-17 08:07:29
2026-06-29,PLAZA,プラザミナモア広島店,（不明）,フルーシー ビヨウエキクロミ,1,2500,2026-06,2026-07-17 08:07:29
2026-06-29,PLAZA,プラザミナモア広島店,YOU TOKYO,YOU TOKYO ヘアミルク CW,1,2680,2026-06,2026-07-17 08:07:29
2026-06-29,PLAZA,プラザイオンモール甲府昭和店,YOU TOKYO,YOU TOKYO ヘアミルク RR,3,8040,2026-06,2026-07-17 08:07:29
2026-06-29,PLAZA,プラザららぽーと磐田店,YOU TOKYO,YOU TOKYO ヘアミルク RR,1,2680,2026-06,2026-07-17 08:07:29
2026-06-29,PLAZA,プラザイオンモール浜松志都呂店,ラフドット,ラフドット インティメイトウォッシュ SB,1,3582,2026-06,2026-07-17 08:07:29
2026-06-29,PLAZA,イオンモール各務原インター店,（不明）,フルーシービタミンドロップクロミ,1,900,2026-06,2026-07-17 08:07:29
2026-06-29,PLAZA,プラザイオンモール四條畷店,YOU TOKYO,YOU TOKYO ヘアミルク CW,2,5360,2026-06,2026-07-17 08:07:29
2026-06-29,PLAZA,プラザイオンモール四條畷店,YOU TOKYO,YOU TOKYO ヘアミルク RR,1,2680,2026-06,2026-07-17 08:07:29
2026-06-29,PLAZA,プラザイオンモール川口前川店,（不明）,フルーシービタミンドロップクロミ,1,900,2026-06,2026-07-17 08:07:29
2026-06-29,PLAZA,プラザイオンモール豊川店,ラフドット,ラフドット インティメイトウォッシュ SB,1,3582,2026-06,2026-07-17 08:07:29
2026-06-29,PLAZA,CoCoLo新潟店,ラフドット,ラフドット インティメイトウォッシュ SB,1,3582,2026-06,2026-07-17 08:07:29
2026-06-29,PLAZA,CoCoLo新潟店,ラフドット,ラフドット インティメイトウォッシュ PM,1,3582,2026-06,2026-07-17 08:07:29
2026-06-29,PLAZA,プラザイオンモール浜松市野店,YOU TOKYO,YOU TOKYO ヘアミルク CW,1,2680,2026-06,2026-07-17 08:07:29
2026-06-29,PLAZA,プラザイオンモール浜松市野店,YOU TOKYO,YOU TOKYO ヘアミルク RR,1,2680,2026-06,2026-07-17 08:07:29
2026-06-29,PLAZA,ファッションクルーズひたちなか,（不明）,フルーシービタミンドロップクロミ,2,1800,2026-06,2026-07-17 08:07:29
2026-06-29,PLAZA,ファッションクルーズひたちなか,YOU TOKYO,YOU TOKYO ヘアミルク CW,2,5360,2026-06,2026-07-17 08:07:29
2026-06-29,PLAZA,ファッションクルーズひたちなか,YOU TOKYO,YOU TOKYO ヘアミルク RR,1,2680,2026-06,2026-07-17 08:07:29
2026-06-29,PLAZA,プラザイオンモール名取店,（不明）,フルーシービタミンドロップクロミ,1,900,2026-06,2026-07-17 08:07:29
2026-06-29,PLAZA,プラザイオンモール須坂店,YOU TOKYO,YOU TOKYO ヘアミルク RR,1,2680,2026-06,2026-07-17 08:07:29
2026-06-29,PLAZA,オンラインストア,（不明）,ワキキュア,1,3618,2026-06,2026-07-17 08:07:29
2026-06-29,PLAZA,オンラインストア,YOU TOKYO,YOU TOKYO ヘアミルク CW,7,18760,2026-06,2026-07-17 08:07:29
2026-06-29,PLAZA,オンラインストア,YOU TOKYO,YOU TOKYO ヘアミルク RR,8,21440,2026-06,2026-07-17 08:07:29
2026-06-29,PLAZA,オンラインストア,YOU TOKYO,YOU TOKYO ヘアオイル RR,3,6840,2026-06,2026-07-17 08:07:29
2026-06-28,PLAZA,三宮店,YOU TOKYO,YOU TOKYO ヘアミルク CW,3,8040,2026-06,2026-07-17 08:07:29
2026-06-28,PLAZA,三宮店,YOU TOKYO,YOU TOKYO ヘアミルク RR,3,8040,2026-06,2026-07-17 08:07:29
2026-06-28,PLAZA,玉川高島屋SC店,YOU TOKYO,YOU TOKYO ヘアミルク CW,1,2680,2026-06,2026-07-17 08:07:29
2026-06-28,PLAZA,渋谷109店,（不明）,フルーシー ビヨウエキクロミ,2,5000,2026-06,2026-07-17 08:07:29
2026-06-28,PLAZA,渋谷109店,YOU TOKYO,YOU TOKYO ヘアミルク CW,1,2680,2026-06,2026-07-17 08:07:29
2026-06-28,PLAZA,ルミネ横浜店,（不明）,フルーシー ビヨウエキクロミ,1,2500,2026-06,2026-07-17 08:07:29
2026-06-28,PLAZA,ルミネ横浜店,ラフドット,ラフドット ヘアリムーバー,1,3400,2026-06,2026-07-17 08:07:29
2026-06-28,PLAZA,ルミネ横浜店,YOU TOKYO,YOU TOKYO ヘアミルク RR,1,2680,2026-06,2026-07-17 08:07:29
2026-06-28,PLAZA,ルミネ横浜店,YOU TOKYO,YOU TOKYO ヘアオイル BS,1,2280,2026-06,2026-07-17 08:07:29
2026-06-28,PLAZA,ルミネ新宿店,（不明）,フルーシービタミンドロップクロミ,1,900,2026-06,2026-07-17 08:07:29
2026-06-28,PLAZA,ルミネ新宿店,（不明）,ワキキュア,2,7236,2026-06,2026-07-17 08:07:29
2026-06-28,PLAZA,ルミネ新宿店,YOU TOKYO,YOU TOKYO ヘアミルク RR,1,2680,2026-06,2026-07-17 08:07:29
2026-06-28,PLAZA,アミュプラザ小倉店,ラフドット,ラフドット インティメイトウォッシュ SB,1,3582,2026-06,2026-07-17 08:07:29
2026-06-28,PLAZA,アミュプラザ小倉店,（不明）,フルーシー ビヨウエキクロミ,1,2500,2026-06,2026-07-17 08:07:29
2026-06-28,PLAZA,アミュプラザ小倉店,YOU TOKYO,YOU TOKYO ヘアミルク CW,1,2680,2026-06,2026-07-17 08:07:29
2026-06-28,PLAZA,横浜ジョイナス店,ラフドット,ラフドット ヘアリムーバー,1,3400,2026-06,2026-07-17 08:07:29
2026-06-28,PLAZA,横浜ジョイナス店,（不明）,ワキキュア,1,3618,2026-06,2026-07-17 08:07:29
2026-06-28,PLAZA,横浜ジョイナス店,YOU TOKYO,YOU TOKYO ヘアミルク CW,1,2680,2026-06,2026-07-17 08:07:29
2026-06-28,PLAZA,京都ポルタ店,YOU TOKYO,YOU TOKYO ヘアミルク RR,1,2680,2026-06,2026-07-17 08:07:29
2026-06-28,PLAZA,イオンモール羽生店,ラフドット,ラフドット ヘアリムーバー,1,3400,2026-06,2026-07-17 08:07:29
2026-06-28,PLAZA,イオンモール羽生店,YOU TOKYO,YOU TOKYO ヘアミルク CW,4,10720,2026-06,2026-07-17 08:07:29
2026-06-28,PLAZA,イオンモール羽生店,YOU TOKYO,YOU TOKYO ヘアミルク RR,1,2680,2026-06,2026-07-17 08:07:29
2026-06-28,PLAZA,イオンモール羽生店,YOU TOKYO,YOU TOKYO ヘアオイル BS,2,4560,2026-06,2026-07-17 08:07:29
2026-06-28,PLAZA,五反田東急スクエア店,ラフドット,ラフドット インティメイトウォッシュ SB,1,3582,2026-06,2026-07-17 08:07:29
2026-06-28,PLAZA,五反田東急スクエア店,（不明）,フルーシービタミンドロップクロミ,1,900,2026-06,2026-07-17 08:07:29
2026-06-28,PLAZA,新越谷ヴァリエ店,ラフドット,ラフドット インティメイトウォッシュ SB,1,3582,2026-06,2026-07-17 08:07:29
2026-06-28,PLAZA,新越谷ヴァリエ店,ラフドット,ラフドット インティメイトミスト MV,1,3132,2026-06,2026-07-17 08:07:29
2026-06-28,PLAZA,新越谷ヴァリエ店,YOU TOKYO,YOU TOKYO ヘアミルク CW,1,2680,2026-06,2026-07-17 08:07:29
2026-06-28,PLAZA,新越谷ヴァリエ店,YOU TOKYO,YOU TOKYO ヘアミルク RR,1,2680,2026-06,2026-07-17 08:07:29
2026-06-28,PLAZA,新越谷ヴァリエ店,YOU TOKYO,YOU TOKYO ヘアオイル RR,1,2280,2026-06,2026-07-17 08:07:29
2026-06-28,PLAZA,福岡ソラリアプラザ店,ラフドット,ラフドット インティメイトウォッシュ MV,1,3582,2026-06,2026-07-17 08:07:29
2026-06-28,PLAZA,福岡ソラリアプラザ店,YOU TOKYO,YOU TOKYO ヘアミルク CW,1,2680,2026-06,2026-07-17 08:07:29
2026-06-28,PLAZA,柏高島屋ステーションモール店,YOU TOKYO,YOU TOKYO ヘアミルク CW,2,5360,2026-06,2026-07-17 08:07:29
2026-06-28,PLAZA,大船ルミネウイング店,YOU TOKYO,YOU TOKYO ヘアミルク CW,1,2680,2026-06,2026-07-17 08:07:29
2026-06-28,PLAZA,大船ルミネウイング店,YOU TOKYO,YOU TOKYO ヘアミルク RR,2,5360,2026-06,2026-07-17 08:07:29
2026-06-28,PLAZA,浜松メイワン店,YOU TOKYO,YOU TOKYO ヘアミルク RR,1,2680,2026-06,2026-07-17 08:07:29
2026-06-28,PLAZA,ルミネエスト新宿店,ラフドット,ラフドット インティメイトウォッシュ SB,1,3582,2026-06,2026-07-17 08:07:29
2026-06-28,PLAZA,ルミネエスト新宿店,（不明）,フルーシー ビヨウエキクロミ,1,2500,2026-06,2026-07-17 08:07:29
2026-06-28,PLAZA,ルミネエスト新宿店,（不明）,フルーシービタミンドロップクロミ,1,900,2026-06,2026-07-17 08:07:29
2026-06-28,PLAZA,ルミネエスト新宿店,（不明）,ワキキュア,1,3618,2026-06,2026-07-17 08:07:29
2026-06-28,PLAZA,天王寺ミオ店,ラフドット,ラフドット インティメイトウォッシュ SB,1,3582,2026-06,2026-07-17 08:07:29
2026-06-28,PLAZA,天王寺ミオ店,ラフドット,ラフドット インティメイトウォッシュ PM,1,3582,2026-06,2026-07-17 08:07:29
2026-06-28,PLAZA,天王寺ミオ店,（不明）,フルーシー ビヨウエキクロミ,1,2500,2026-06,2026-07-17 08:07:29
2026-06-28,PLAZA,天王寺ミオ店,（不明）,フルーシービタミンドロップクロミ,1,900,2026-06,2026-07-17 08:07:29
2026-06-28,PLAZA,天王寺ミオ店,YOU TOKYO,YOU TOKYO ヘアミルク CW,1,2680,2026-06,2026-07-17 08:07:29
2026-06-28,PLAZA,天王寺ミオ店,YOU TOKYO,YOU TOKYO ヘアミルク RR,1,2680,2026-06,2026-07-17 08:07:29
2026-06-28,PLAZA,アトレ川越店,（不明）,フルーシー ビヨウエキクロミ,1,2500,2026-06,2026-07-17 08:07:29
2026-06-28,PLAZA,ルミネ立川店,YOU TOKYO,YOU TOKYO ヘアミルク CW,5,13400,2026-06,2026-07-17 08:07:29
2026-06-28,PLAZA,ルミネ立川店,YOU TOKYO,YOU TOKYO ヘアミルク RR,1,2680,2026-06,2026-07-17 08:07:29
2026-06-28,PLAZA,ウイング上大岡店,YOU TOKYO,YOU TOKYO ヘアミルク CW,1,2680,2026-06,2026-07-17 08:07:29
2026-06-28,PLAZA,ウイング上大岡店,YOU TOKYO,YOU TOKYO ヘアオイル BS,1,2280,2026-06,2026-07-17 08:07:29
2026-06-28,PLAZA,アトレ恵比寿店,ラフドット,ラフドット インティメイトウォッシュ LV,1,3582,2026-06,2026-07-17 08:07:29
2026-06-28,PLAZA,アトレ恵比寿店,ラフドット,ラフドット ヘアリムーバー,1,3400,2026-06,2026-07-17 08:07:29
2026-06-28,PLAZA,アトレ恵比寿店,（不明）,ワキキュア,1,3618,2026-06,2026-07-17 08:07:29
2026-06-28,PLAZA,アトレ恵比寿店,YOU TOKYO,YOU TOKYO ヘアミルク CW,1,2680,2026-06,2026-07-17 08:07:29
2026-06-28,PLAZA,アトレ川崎店,ラフドット,ラフドット インティメイトFミスト PM,1,3132,2026-06,2026-07-17 08:07:29
2026-06-28,PLAZA,アトレ川崎店,YOU TOKYO,YOU TOKYO ヘアミルク RR,1,2680,2026-06,2026-07-17 08:07:29
2026-06-28,PLAZA,アトレ川崎店,YOU TOKYO,YOU TOKYO ヘアオイル BS,1,2280,2026-06,2026-07-17 08:07:29
2026-06-28,PLAZA,アトレ川崎店,YOU TOKYO,YOU TOKYO ヘアオイル RR,1,2280,2026-06,2026-07-17 08:07:29
2026-06-28,PLAZA,なんばシティ店,ラフドット,ラフドット インティメイトウォッシュ PM,1,3582,2026-06,2026-07-17 08:07:29
2026-06-28,PLAZA,なんばシティ店,YOU TOKYO,YOU TOKYO ヘアミルク CW,1,2680,2026-06,2026-07-17 08:07:29
2026-06-28,PLAZA,ルミネ町田店,ラフドット,ラフドット インティメイトウォッシュ PM,1,3582,2026-06,2026-07-17 08:07:29
2026-06-28,PLAZA,ルミネ町田店,YOU TOKYO,YOU TOKYO ヘアミルク CW,2,5360,2026-06,2026-07-17 08:07:29
2026-06-28,PLAZA,池袋パルコ店,YOU TOKYO,YOU TOKYO ヘアミルク RR,1,2680,2026-06,2026-07-17 08:07:29
2026-06-28,PLAZA,池袋パルコ店,YOU TOKYO,YOU TOKYO ヘアオイル RR,1,2280,2026-06,2026-07-17 08:07:29
2026-06-28,PLAZA,ららぽーとTOKYO-BAY店,ラフドット,ラフドット インティメイトFミスト SB,1,3132,2026-06,2026-07-17 08:07:29
2026-06-28,PLAZA,ららぽーとTOKYO-BAY店,YOU TOKYO,YOU TOKYO ヘアミルク CW,2,5360,2026-06,2026-07-17 08:07:29
2026-06-28,PLAZA,京橋京阪モール店,ラフドット,ラフドット インティメイトウォッシュ PM,1,3582,2026-06,2026-07-17 08:07:29
2026-06-28,PLAZA,エスパル仙台店,YOU TOKYO,YOU TOKYO ヘアミルク CW,3,8040,2026-06,2026-07-17 08:07:29
2026-06-28,PLAZA,エスパル仙台店,YOU TOKYO,YOU TOKYO ヘアミルク RR,1,2680,2026-06,2026-07-17 08:07:29
2026-06-28,PLAZA,ルミネ北千住店,（不明）,フルーシー ビヨウエキクロミ,1,2500,2026-06,2026-07-17 08:07:29
2026-06-28,PLAZA,ルミネ北千住店,YOU TOKYO,YOU TOKYO ヘアミルク CW,1,2680,2026-06,2026-07-17 08:07:29
2026-06-28,PLAZA,札幌ステラプレイス店,YOU TOKYO,YOU TOKYO ヘアミルク CW,1,2680,2026-06,2026-07-17 08:07:29
2026-06-28,PLAZA,札幌ステラプレイス店,YOU TOKYO,YOU TOKYO ヘアオイル BS,1,2280,2026-06,2026-07-17 08:07:29
2026-06-28,PLAZA,水戸エクセル店,YOU TOKYO,YOU TOKYO ヘアミルク RR,1,2680,2026-06,2026-07-17 08:07:29
2026-06-28,PLAZA,ルミネ荻窪店,YOU TOKYO,YOU TOKYO ヘアオイル BS,1,2280,2026-06,2026-07-17 08:07:29
2026-06-28,PLAZA,ルミネ荻窪店,YOU TOKYO,YOU TOKYO ヘアオイル RR,1,2280,2026-06,2026-07-17 08:07:29
2026-06-28,PLAZA,岡山一番街店,ラフドット,ラフドット インティメイトウォッシュ SB,1,3582,2026-06,2026-07-17 08:07:29
2026-06-28,PLAZA,ルミネ池袋店,ラフドット,ラフドット インティメイトウォッシュ SB,1,3582,2026-06,2026-07-17 08:07:29
2026-06-28,PLAZA,ルミネ池袋店,（不明）,フルーシービタミンドロップクロミ,2,1800,2026-06,2026-07-17 08:07:29
2026-06-28,PLAZA,ルミネ池袋店,（不明）,ワキキュア,1,3618,2026-06,2026-07-17 08:07:29
2026-06-28,PLAZA,ルミネ池袋店,YOU TOKYO,YOU TOKYO ヘアミルク CW,1,2680,2026-06,2026-07-17 08:07:29
2026-06-28,PLAZA,イオンモールむさし村山店,ラフドット,ラフドット インティメイトウォッシュ LV,1,3582,2026-06,2026-07-17 08:07:29
2026-06-28,PLAZA,イオンモールむさし村山店,ラフドット,ラフドット インティメイトウォッシュ MV,1,3582,2026-06,2026-07-17 08:07:29
2026-06-28,PLAZA,イオンモールむさし村山店,YOU TOKYO,YOU TOKYO ヘアミルク CW,1,2680,2026-06,2026-07-17 08:07:29
2026-06-28,PLAZA,イオンモールむさし村山店,YOU TOKYO,YOU TOKYO ヘアミルク RR,1,2680,2026-06,2026-07-17 08:07:29
2026-06-28,PLAZA,イオンモールむさし村山店,YOU TOKYO,YOU TOKYO ヘアオイル BS,1,2280,2026-06,2026-07-17 08:07:29
2026-06-28,PLAZA,舞浜イクスピアリ店,（不明）,フルーシー ビヨウエキクロミ,1,2500,2026-06,2026-07-17 08:07:29
2026-06-28,PLAZA,舞浜イクスピアリ店,YOU TOKYO,YOU TOKYO ヘアミルク CW,2,5360,2026-06,2026-07-17 08:07:29
2026-06-28,PLAZA,越谷イオンレイクタウン店,（不明）,フルーシービタミンドロップクロミ,1,900,2026-06,2026-07-17 08:07:29
2026-06-28,PLAZA,越谷イオンレイクタウン店,（不明）,ワキキュア,1,3618,2026-06,2026-07-17 08:07:29
2026-06-28,PLAZA,たまプラーザテラス店,YOU TOKYO,YOU TOKYO ヘアミルク CW,2,5360,2026-06,2026-07-17 08:07:29
2026-06-28,PLAZA,アトレ吉祥寺店,（不明）,フルーシービタミンドロップクロミ,1,900,2026-06,2026-07-17 08:07:29
2026-06-28,PLAZA,アトレ吉祥寺店,YOU TOKYO,YOU TOKYO ヘアミルク CW,1,2680,2026-06,2026-07-17 08:07:29
2026-06-28,PLAZA,アトレ吉祥寺店,YOU TOKYO,YOU TOKYO ヘアミルク RR,1,2680,2026-06,2026-07-17 08:07:29
2026-06-28,PLAZA,ルクア大阪店,YOU TOKYO,YOU TOKYO ヘアミルク CW,2,5360,2026-06,2026-07-17 08:07:29
2026-06-28,PLAZA,ルクア大阪店,YOU TOKYO,YOU TOKYO ヘアミルク RR,1,2680,2026-06,2026-07-17 08:07:29
2026-06-28,PLAZA,三井アウトレットパーク木更津店,YOU TOKYO,YOU TOKYO ヘアミルク RR,1,2680,2026-06,2026-07-17 08:07:29
2026-06-28,PLAZA,東京ソラマチ店,YOU TOKYO,YOU TOKYO ヘアミルク CW,2,5360,2026-06,2026-07-17 08:07:29
2026-06-28,PLAZA,東京ソラマチ店,YOU TOKYO,YOU TOKYO ヘアミルク RR,1,2680,2026-06,2026-07-17 08:07:29
2026-06-28,PLAZA,上野マルイ店,ラフドット,ラフドット インティメイトウォッシュ SB,1,3582,2026-06,2026-07-17 08:07:29
2026-06-28,PLAZA,上野マルイ店,ラフドット,ラフドット ヘアリムーバー,1,3400,2026-06,2026-07-17 08:07:29
2026-06-28,PLAZA,イオンモール幕張新都心店,ラフドット,ラフドット インティメイトウォッシュ SB,1,3582,2026-06,2026-07-17 08:07:29
2026-06-28,PLAZA,イオンモール幕張新都心店,YOU TOKYO,YOU TOKYO ヘアミルク RR,1,2680,2026-06,2026-07-17 08:07:29
2026-06-28,PLAZA,イーアスつくば店,YOU TOKYO,YOU TOKYO ヘアミルク CW,1,2680,2026-06,2026-07-17 08:07:29
2026-06-28,PLAZA,軽井沢プリンスショッピングP店,YOU TOKYO,YOU TOKYO ヘアミルク RR,1,2680,2026-06,2026-07-17 08:07:29
2026-06-28,PLAZA,ららぽーと富士見店,ラフドット,ラフドット インティメイトウォッシュ PM,1,3582,2026-06,2026-07-17 08:07:29
2026-06-28,PLAZA,ららぽーと富士見店,ラフドット,ラフドット インティメイトウォッシュ LV,1,3582,2026-06,2026-07-17 08:07:29
2026-06-28,PLAZA,ららぽーと富士見店,YOU TOKYO,YOU TOKYO ヘアミルク CW,1,2680,2026-06,2026-07-17 08:07:29
2026-06-28,PLAZA,ラスカ茅ケ崎店,YOU TOKYO,YOU TOKYO ヘアミルク CW,1,2680,2026-06,2026-07-17 08:07:29
2026-06-28,PLAZA,ラスカ茅ケ崎店,YOU TOKYO,YOU TOKYO ヘアオイル RR,1,2280,2026-06,2026-07-17 08:07:29
2026-06-28,PLAZA,金沢フォーラス店,ラフドット,ラフドット インティメイトウォッシュ LV,1,3582,2026-06,2026-07-17 08:07:29
2026-06-28,PLAZA,静岡パルシェ店,YOU TOKYO,YOU TOKYO ヘアミルク CW,1,2680,2026-06,2026-07-17 08:07:29
2026-06-28,PLAZA,静岡パルシェ店,YOU TOKYO,YOU TOKYO ヘアミルク RR,2,5360,2026-06,2026-07-17 08:07:29
2026-06-28,PLAZA,京都四条店,ラフドット,ラフドット インティメイトウォッシュ SB,1,3582,2026-06,2026-07-17 08:07:29
2026-06-28,PLAZA,京都四条店,YOU TOKYO,YOU TOKYO ヘアミルク CW,2,5360,2026-06,2026-07-17 08:07:29
2026-06-28,PLAZA,京都四条店,YOU TOKYO,YOU TOKYO ヘアミルク RR,1,2680,2026-06,2026-07-17 08:07:29
2026-06-28,PLAZA,ペリエ千葉店,ラフドット,ラフドット インティメイトウォッシュ PM,1,3582,2026-06,2026-07-17 08:07:29
2026-06-28,PLAZA,ペリエ千葉店,YOU TOKYO,YOU TOKYO ヘアミルク CW,2,5360,2026-06,2026-07-17 08:07:29
2026-06-28,PLAZA,名古屋ユニモール店,ラフドット,ラフドット インティメイトウォッシュ PM,1,3582,2026-06,2026-07-17 08:07:29
2026-06-28,PLAZA,名古屋ユニモール店,YOU TOKYO,YOU TOKYO ヘアミルク CW,2,5360,2026-06,2026-07-17 08:07:29
2026-06-28,PLAZA,名古屋ユニモール店,YOU TOKYO,YOU TOKYO ヘアミルク RR,3,8040,2026-06,2026-07-17 08:07:29
2026-06-28,PLAZA,心斎橋パルコ店,ラフドット,ラフドット インティメイトウォッシュ SB,1,3582,2026-06,2026-07-17 08:07:29
2026-06-28,PLAZA,船橋東武店,YOU TOKYO,YOU TOKYO ヘアミルク CW,1,2680,2026-06,2026-07-17 08:07:29
2026-06-28,PLAZA,錦糸町テルミナ2店,ラフドット,ラフドット インティメイトウォッシュ PM,1,3582,2026-06,2026-07-17 08:07:29
2026-06-28,PLAZA,錦糸町テルミナ2店,ラフドット,ラフドット インティメイトウォッシュ MV,1,3582,2026-06,2026-07-17 08:07:29
2026-06-28,PLAZA,ルミネ有楽町店,（不明）,ワキキュア,1,3618,2026-06,2026-07-17 08:07:29
2026-06-28,PLAZA,池袋サンシャインシティアルパ店,YOU TOKYO,YOU TOKYO ヘアミルク CW,3,8040,2026-06,2026-07-17 08:07:29
2026-06-28,PLAZA,池袋サンシャインシティアルパ店,YOU TOKYO,YOU TOKYO ヘアミルク RR,2,5360,2026-06,2026-07-17 08:07:29
2026-06-28,PLAZA,プラザ天神地下街店,YOU TOKYO,YOU TOKYO ヘアミルク CW,1,2680,2026-06,2026-07-17 08:07:29
2026-06-28,PLAZA,コクーンシティさいたま新都心店,ラフドット,ラフドット インティメイトウォッシュ MV,2,7164,2026-06,2026-07-17 08:07:29
2026-06-28,PLAZA,ららテラス川口店,ラフドット,ラフドット インティメイトウォッシュ SB,1,3582,2026-06,2026-07-17 08:07:29
2026-06-28,PLAZA,三井アウトレットパーク岡崎店,（不明）,フルーシー ビヨウエキクロミ,1,2500,2026-06,2026-07-17 08:07:29
2026-06-28,PLAZA,三井アウトレットパーク岡崎店,（不明）,フルーシービタミンドロップクロミ,1,900,2026-06,2026-07-17 08:07:29
2026-06-28,PLAZA,三井アウトレットパーク岡崎店,YOU TOKYO,YOU TOKYO ヘアミルク CW,1,2680,2026-06,2026-07-17 08:07:29
2026-06-28,PLAZA,ららぽーと和泉店,（不明）,フルーシー ビヨウエキクロミ,2,5000,2026-06,2026-07-17 08:07:29
2026-06-28,PLAZA,ららぽーと和泉店,（不明）,ワキキュア,1,3618,2026-06,2026-07-17 08:07:29
2026-06-28,PLAZA,プラザ盛岡フェザン店,ラフドット,ラフドット インティメイトウォッシュ PM,1,3582,2026-06,2026-07-17 08:07:29
2026-06-28,PLAZA,プラザイオンモール筑紫野店,YOU TOKYO,YOU TOKYO ヘアミルク CW,1,2680,2026-06,2026-07-17 08:07:29
2026-06-28,PLAZA,プラザイオンモール橿原店,（不明）,フルーシー ビヨウエキクロミ,1,2500,2026-06,2026-07-17 08:07:29
2026-06-28,PLAZA,プラザイオンモール浦和美園店,ラフドット,ラフドット インティメイトウォッシュ PM,1,3582,2026-06,2026-07-17 08:07:29
2026-06-28,PLAZA,プラザイオンモールKYOTO店,ラフドット,ラフドット インティメイトウォッシュ PM,1,3582,2026-06,2026-07-17 08:07:29
2026-06-28,PLAZA,プラザイオンモール太田店,ラフドット,ラフドット インティメイトウォッシュ PM,1,3582,2026-06,2026-07-17 08:07:29
2026-06-28,PLAZA,プラザイオンモール日の出店,ラフドット,ラフドット インティメイトFミスト SB,1,3132,2026-06,2026-07-17 08:07:29
2026-06-28,PLAZA,プラザイオンモール日の出店,ラフドット,ラフドット インティメイトウォッシュ PM,1,3582,2026-06,2026-07-17 08:07:29
2026-06-28,PLAZA,プラザイオンモール新居浜店,ラフドット,ラフドット インティメイトウォッシュ SB,1,3582,2026-06,2026-07-17 08:07:29
2026-06-28,PLAZA,プラザ高崎オーパ店,ラフドット,ラフドット インティメイトウォッシュ PM,1,3582,2026-06,2026-07-17 08:07:29
2026-06-28,PLAZA,プラザミナモア広島店,ラフドット,ラフドット インティメイトウォッシュ SB,1,3582,2026-06,2026-07-17 08:07:29
2026-06-28,PLAZA,プラザミナモア広島店,ラフドット,ラフドット インティメイトウォッシュ MV,1,3582,2026-06,2026-07-17 08:07:29
2026-06-28,PLAZA,プラザミナモア広島店,YOU TOKYO,YOU TOKYO ヘアミルク RR,1,2680,2026-06,2026-07-17 08:07:29
2026-06-28,PLAZA,プラザイオンモール甲府昭和店,YOU TOKYO,YOU TOKYO ヘアミルク RR,1,2680,2026-06,2026-07-17 08:07:29
2026-06-28,PLAZA,プラザららぽーと磐田店,ラフドット,ラフドット インティメイトウォッシュ SB,1,3582,2026-06,2026-07-17 08:07:29
2026-06-28,PLAZA,プラザららぽーと磐田店,YOU TOKYO,YOU TOKYO ヘアミルク RR,1,2680,2026-06,2026-07-17 08:07:29
2026-06-28,PLAZA,プラザイオンモール高知店,ラフドット,ラフドット インティメイトFミスト SB,1,3132,2026-06,2026-07-17 08:07:29
2026-06-28,PLAZA,プラザイオンモール高知店,YOU TOKYO,YOU TOKYO ヘアミルク CW,2,5360,2026-06,2026-07-17 08:07:29
2026-06-28,PLAZA,プラザイオンモール広島府中店,（不明）,フルーシー ビヨウエキクロミ,1,2500,2026-06,2026-07-17 08:07:29
2026-06-28,PLAZA,プラザイオンモール広島府中店,（不明）,フルーシービタミンドロップクロミ,1,900,2026-06,2026-07-17 08:07:29
2026-06-28,PLAZA,プラザイオンモール広島府中店,YOU TOKYO,YOU TOKYO ヘアミルク RR,1,2680,2026-06,2026-07-17 08:07:29
2026-06-28,PLAZA,イオンモール各務原インター店,ラフドット,ラフドット インティメイトウォッシュ PM,1,3582,2026-06,2026-07-17 08:07:29
2026-06-28,PLAZA,イオンモール各務原インター店,（不明）,フルーシー ビヨウエキクロミ,1,2500,2026-06,2026-07-17 08:07:29
2026-06-28,PLAZA,イオンモール各務原インター店,ラフドット,ラフドット インティメイトウォッシュ MV,1,3582,2026-06,2026-07-17 08:07:29
2026-06-28,PLAZA,プラザ宇都宮パセオ店,YOU TOKYO,YOU TOKYO ヘアミルク RR,1,2680,2026-06,2026-07-17 08:07:29
2026-06-28,PLAZA,プラザイオンモール岡崎店,ラフドット,ラフドット インティメイトウォッシュ SB,1,3582,2026-06,2026-07-17 08:07:29
2026-06-28,PLAZA,プラザイオンモール岡崎店,YOU TOKYO,YOU TOKYO ヘアミルク RR,1,2680,2026-06,2026-07-17 08:07:29
2026-06-28,PLAZA,プラザイオンモール四條畷店,（不明）,フルーシー ビヨウエキクロミ,1,2500,2026-06,2026-07-17 08:07:29
2026-06-28,PLAZA,プラザイオンモール四條畷店,YOU TOKYO,YOU TOKYO ヘアミルク CW,4,10720,2026-06,2026-07-17 08:07:29
2026-06-28,PLAZA,プラザイオンモール四條畷店,YOU TOKYO,YOU TOKYO ヘアミルク RR,1,2680,2026-06,2026-07-17 08:07:29
2026-06-28,PLAZA,プラザイオンモール豊川店,ラフドット,ラフドット インティメイトウォッシュ SB,1,3582,2026-06,2026-07-17 08:07:29
2026-06-28,PLAZA,プラザイオンモール豊川店,ラフドット,ラフドット インティメイトウォッシュ PM,1,3582,2026-06,2026-07-17 08:07:29
2026-06-28,PLAZA,プラザイオンモール豊川店,ラフドット,ラフドット インティメイトウォッシュ LV,1,3582,2026-06,2026-07-17 08:07:29
2026-06-28,PLAZA,プラザイオンモール豊川店,ラフドット,ラフドット インティメイトウォッシュ MV,1,3582,2026-06,2026-07-17 08:07:29
2026-06-28,PLAZA,プラザイオンモール豊川店,YOU TOKYO,YOU TOKYO ヘアミルク CW,1,2680,2026-06,2026-07-17 08:07:29
2026-06-28,PLAZA,CoCoLo新潟店,ラフドット,ラフドット インティメイトミスト MV,1,3132,2026-06,2026-07-17 08:07:29
2026-06-28,PLAZA,CoCoLo新潟店,YOU TOKYO,YOU TOKYO ヘアミルク RR,1,2680,2026-06,2026-07-17 08:07:29
2026-06-28,PLAZA,プラザイオンモール浜松市野店,ラフドット,ラフドット インティメイトウォッシュ PM,1,3582,2026-06,2026-07-17 08:07:29
2026-06-28,PLAZA,プラザイオンモール浜松市野店,YOU TOKYO,YOU TOKYO ヘアミルク CW,4,10720,2026-06,2026-07-17 08:07:29
2026-06-28,PLAZA,イーアス高尾店,ラフドット,ラフドット インティメイトウォッシュ SB,1,3582,2026-06,2026-07-17 08:07:29
2026-06-28,PLAZA,ファッションクルーズひたちなか,（不明）,フルーシー ビヨウエキクロミ,1,2500,2026-06,2026-07-17 08:07:29
2026-06-28,PLAZA,ファッションクルーズひたちなか,（不明）,フルーシービタミンドロップクロミ,1,900,2026-06,2026-07-17 08:07:29
2026-06-28,PLAZA,ファッションクルーズひたちなか,YOU TOKYO,YOU TOKYO ヘアミルク CW,4,10720,2026-06,2026-07-17 08:07:29
2026-06-28,PLAZA,ファッションクルーズひたちなか,YOU TOKYO,YOU TOKYO ヘアミルク RR,1,2680,2026-06,2026-07-17 08:07:29
2026-06-28,PLAZA,プラザイオンモール津南店,ラフドット,ラフドット インティメイトウォッシュ SB,1,3582,2026-06,2026-07-17 08:07:29
2026-06-28,PLAZA,プラザ鶴岡エスモール店,ラフドット,ラフドット インティメイトウォッシュ SB,1,3582,2026-06,2026-07-17 08:07:29
2026-06-28,PLAZA,プラザイオンモール名取店,ラフドット,ラフドット インティメイトウォッシュ PM,1,3582,2026-06,2026-07-17 08:07:29
2026-06-28,PLAZA,プラザイオンモール須坂店,YOU TOKYO,YOU TOKYO ヘアミルク CW,1,2680,2026-06,2026-07-17 08:07:29
2026-06-28,PLAZA,プラザイオンモール須坂店,YOU TOKYO,YOU TOKYO ヘアミルク RR,2,5360,2026-06,2026-07-17 08:07:29
2026-06-28,PLAZA,プラザイオンモール八幡東店,YOU TOKYO,YOU TOKYO ヘアミルク CW,5,13400,2026-06,2026-07-17 08:07:29
2026-06-27,PLAZA,梅田ヘップファイブ店,YOU TOKYO,YOU TOKYO ヘアミルク RR,1,2680,2026-06,2026-07-17 08:07:29
2026-06-27,PLAZA,玉川高島屋SC店,YOU TOKYO,YOU TOKYO ヘアミルク CW,1,2680,2026-06,2026-07-17 08:07:29
2026-06-27,PLAZA,玉川高島屋SC店,YOU TOKYO,YOU TOKYO ヘアオイル BS,1,2280,2026-06,2026-07-17 08:07:29
2026-06-27,PLAZA,玉川高島屋SC店,YOU TOKYO,YOU TOKYO ヘアオイル RR,1,2280,2026-06,2026-07-17 08:07:29
2026-06-27,PLAZA,渋谷109店,（不明）,フルーシー ビヨウエキクロミ,1,2500,2026-06,2026-07-17 08:07:29
2026-06-27,PLAZA,ルミネ横浜店,ラフドット,ラフドット ヘアリムーバー,1,3400,2026-06,2026-07-17 08:07:29
2026-06-27,PLAZA,アトレ大井町店,YOU TOKYO,YOU TOKYO ヘアミルク CW,2,5360,2026-06,2026-07-17 08:07:29
2026-06-27,PLAZA,ルミネ大宮店,YOU TOKYO,YOU TOKYO ヘアミルク CW,1,2680,2026-06,2026-07-17 08:07:29
2026-06-27,PLAZA,ルミネ新宿店,ラフドット,ラフドット インティメイトFミスト SB,1,3132,2026-06,2026-07-17 08:07:29
2026-06-27,PLAZA,ルミネ新宿店,ラフドット,ラフドット インティメイトウォッシュ PM,1,3582,2026-06,2026-07-17 08:07:29
2026-06-27,PLAZA,ルミネ新宿店,（不明）,フルーシービタミンドロップクロミ,1,900,2026-06,2026-07-17 08:07:29
2026-06-27,PLAZA,ルミネ新宿店,（不明）,ワキキュア,1,3618,2026-06,2026-07-17 08:07:29
2026-06-27,PLAZA,アミュプラザ小倉店,ラフドット,ラフドット インティメイトウォッシュ SB,2,7164,2026-06,2026-07-17 08:07:29
2026-06-27,PLAZA,アミュプラザ小倉店,（不明）,フルーシービタミンドロップクロミ,1,900,2026-06,2026-07-17 08:07:29
2026-06-27,PLAZA,アミュプラザ小倉店,YOU TOKYO,YOU TOKYO ヘアミルク CW,1,2680,2026-06,2026-07-17 08:07:29
2026-06-27,PLAZA,アミュプラザ小倉店,YOU TOKYO,YOU TOKYO ヘアオイル RR,1,2280,2026-06,2026-07-17 08:07:29
2026-06-27,PLAZA,横浜ジョイナス店,ラフドット,ラフドット インティメイトウォッシュ MV,1,3582,2026-06,2026-07-17 08:07:29
2026-06-27,PLAZA,横浜ジョイナス店,（不明）,ワキキュア,4,14472,2026-06,2026-07-17 08:07:29
2026-06-27,PLAZA,横浜ジョイナス店,YOU TOKYO,YOU TOKYO ヘアミルク RR,2,5360,2026-06,2026-07-17 08:07:29
2026-06-27,PLAZA,京都ポルタ店,YOU TOKYO,YOU TOKYO ヘアミルク CW,2,5360,2026-06,2026-07-17 08:07:29
2026-06-27,PLAZA,京都ポルタ店,YOU TOKYO,YOU TOKYO ヘアミルク RR,1,2680,2026-06,2026-07-17 08:07:29
2026-06-27,PLAZA,イオンモール羽生店,YOU TOKYO,YOU TOKYO ヘアミルク RR,1,2680,2026-06,2026-07-17 08:07:29
2026-06-27,PLAZA,五反田東急スクエア店,（不明）,フルーシー ビヨウエキクロミ,1,2500,2026-06,2026-07-17 08:07:29
2026-06-27,PLAZA,五反田東急スクエア店,ラフドット,ラフドット インティメイトウォッシュ MV,1,3582,2026-06,2026-07-17 08:07:29
2026-06-27,PLAZA,新越谷ヴァリエ店,ラフドット,ラフドット インティメイトウォッシュ SB,1,3582,2026-06,2026-07-17 08:07:29
2026-06-27,PLAZA,新越谷ヴァリエ店,（不明）,フルーシー ビヨウエキクロミ,1,2500,2026-06,2026-07-17 08:07:29
2026-06-27,PLAZA,新越谷ヴァリエ店,（不明）,フルーシービタミンドロップクロミ,1,900,2026-06,2026-07-17 08:07:29
2026-06-27,PLAZA,新越谷ヴァリエ店,YOU TOKYO,YOU TOKYO ヘアミルク CW,1,2680,2026-06,2026-07-17 08:07:29
2026-06-27,PLAZA,福岡ソラリアプラザ店,ラフドット,ラフドット インティメイトウォッシュ SB,1,3582,2026-06,2026-07-17 08:07:29
2026-06-27,PLAZA,福岡ソラリアプラザ店,YOU TOKYO,YOU TOKYO ヘアミルク CW,2,5360,2026-06,2026-07-17 08:07:29
2026-06-27,PLAZA,福岡ソラリアプラザ店,YOU TOKYO,YOU TOKYO ヘアミルク RR,2,5360,2026-06,2026-07-17 08:07:29
2026-06-27,PLAZA,イオンモール堺北花田店,ラフドット,ラフドット インティメイトウォッシュ LV,1,3582,2026-06,2026-07-17 08:07:29
2026-06-27,PLAZA,柏高島屋ステーションモール店,ラフドット,ラフドット インティメイトウォッシュ PM,1,3582,2026-06,2026-07-17 08:07:29
2026-06-27,PLAZA,柏高島屋ステーションモール店,YOU TOKYO,YOU TOKYO ヘアミルク RR,1,2680,2026-06,2026-07-17 08:07:29
2026-06-27,PLAZA,大船ルミネウイング店,YOU TOKYO,YOU TOKYO ヘアミルク CW,1,2680,2026-06,2026-07-17 08:07:29
2026-06-27,PLAZA,ルミネエスト新宿店,（不明）,フルーシー ビヨウエキクロミ,2,5000,2026-06,2026-07-17 08:07:29
2026-06-27,PLAZA,天王寺ミオ店,ラフドット,ラフドット インティメイトウォッシュ PM,1,3582,2026-06,2026-07-17 08:07:29
2026-06-27,PLAZA,天王寺ミオ店,YOU TOKYO,YOU TOKYO ヘアミルク RR,1,2680,2026-06,2026-07-17 08:07:29
2026-06-27,PLAZA,アトレ川越店,（不明）,フルーシー ビヨウエキクロミ,1,2500,2026-06,2026-07-17 08:07:29
2026-06-27,PLAZA,ルミネ立川店,ラフドット,ラフドット インティメイトウォッシュ PM,1,3582,2026-06,2026-07-17 08:07:29
2026-06-27,PLAZA,ルミネ立川店,YOU TOKYO,YOU TOKYO ヘアミルク CW,2,5360,2026-06,2026-07-17 08:07:29
2026-06-27,PLAZA,ルミネ立川店,YOU TOKYO,YOU TOKYO ヘアオイル RR,1,2280,2026-06,2026-07-17 08:07:29
2026-06-27,PLAZA,アトレ恵比寿店,ラフドット,ラフドット インティメイトウォッシュ SB,1,3582,2026-06,2026-07-17 08:07:29
2026-06-27,PLAZA,アトレ恵比寿店,YOU TOKYO,YOU TOKYO ヘアミルク RR,1,2680,2026-06,2026-07-17 08:07:29
2026-06-27,PLAZA,アトレ川崎店,YOU TOKYO,YOU TOKYO ヘアミルク CW,1,2680,2026-06,2026-07-17 08:07:29
2026-06-27,PLAZA,アトレ川崎店,YOU TOKYO,YOU TOKYO ヘアミルク RR,1,2680,2026-06,2026-07-17 08:07:29
2026-06-27,PLAZA,アトレ川崎店,YOU TOKYO,YOU TOKYO ヘアオイル BS,1,2280,2026-06,2026-07-17 08:07:29
2026-06-27,PLAZA,アトレ川崎店,YOU TOKYO,YOU TOKYO ヘアオイル RR,1,2280,2026-06,2026-07-17 08:07:29
2026-06-27,PLAZA,なんばシティ店,（不明）,フルーシー ビヨウエキクロミ,1,2500,2026-06,2026-07-17 08:07:29
2026-06-27,PLAZA,ルミネ町田店,ラフドット,ラフドット インティメイトウォッシュ PM,1,3582,2026-06,2026-07-17 08:07:29
2026-06-27,PLAZA,池袋パルコ店,ラフドット,ラフドット インティメイトウォッシュ PM,1,3582,2026-06,2026-07-17 08:07:29
2026-06-27,PLAZA,池袋パルコ店,（不明）,フルーシービタミンドロップクロミ,1,900,2026-06,2026-07-17 08:07:29
2026-06-27,PLAZA,ららぽーとTOKYO-BAY店,（不明）,ワキキュア,2,7236,2026-06,2026-07-17 08:07:29
2026-06-27,PLAZA,ららぽーとTOKYO-BAY店,YOU TOKYO,YOU TOKYO ヘアミルク CW,1,2680,2026-06,2026-07-17 08:07:29
2026-06-27,PLAZA,京橋京阪モール店,ラフドット,ラフドット インティメイトウォッシュ SB,2,7164,2026-06,2026-07-17 08:07:29
2026-06-27,PLAZA,京橋京阪モール店,（不明）,フルーシー ビヨウエキクロミ,1,2500,2026-06,2026-07-17 08:07:29
2026-06-27,PLAZA,京橋京阪モール店,YOU TOKYO,YOU TOKYO ヘアミルク CW,2,5360,2026-06,2026-07-17 08:07:29
2026-06-27,PLAZA,エスパル仙台店,（不明）,ワキキュア,2,7236,2026-06,2026-07-17 08:07:29
2026-06-27,PLAZA,ルミネ北千住店,ラフドット,ラフドット インティメイトウォッシュ PM,1,3582,2026-06,2026-07-17 08:07:29
2026-06-27,PLAZA,札幌ステラプレイス店,YOU TOKYO,YOU TOKYO ヘアミルク RR,1,2680,2026-06,2026-07-17 08:07:29
2026-06-27,PLAZA,札幌ステラプレイス店,YOU TOKYO,YOU TOKYO ヘアオイル BS,1,2280,2026-06,2026-07-17 08:07:29
2026-06-27,PLAZA,水戸エクセル店,YOU TOKYO,YOU TOKYO ヘアミルク RR,1,2680,2026-06,2026-07-17 08:07:29
2026-06-27,PLAZA,ルミネ荻窪店,YOU TOKYO,YOU TOKYO ヘアミルク RR,1,2680,2026-06,2026-07-17 08:07:29
2026-06-27,PLAZA,ルミネ池袋店,ラフドット,ラフドット インティメイトウォッシュ SB,2,7164,2026-06,2026-07-17 08:07:29
2026-06-27,PLAZA,ルミネ池袋店,（不明）,ワキキュア,1,3618,2026-06,2026-07-17 08:07:29
2026-06-27,PLAZA,ルミネ池袋店,YOU TOKYO,YOU TOKYO ヘアミルク RR,1,2680,2026-06,2026-07-17 08:07:29
2026-06-27,PLAZA,ルミネ池袋店,YOU TOKYO,YOU TOKYO ヘアオイル RR,2,4560,2026-06,2026-07-17 08:07:29
2026-06-27,PLAZA,イオンモールむさし村山店,YOU TOKYO,YOU TOKYO ヘアミルク CW,1,2680,2026-06,2026-07-17 08:07:29
2026-06-27,PLAZA,イオンモールむさし村山店,YOU TOKYO,YOU TOKYO ヘアミルク RR,1,2680,2026-06,2026-07-17 08:07:29
2026-06-27,PLAZA,イオンモールむさし村山店,YOU TOKYO,YOU TOKYO ヘアオイル RR,1,2280,2026-06,2026-07-17 08:07:29
2026-06-27,PLAZA,舞浜イクスピアリ店,YOU TOKYO,YOU TOKYO ヘアミルク CW,1,2680,2026-06,2026-07-17 08:07:29
2026-06-27,PLAZA,三井アウトレットパーク入間店,ラフドット,ラフドット インティメイトウォッシュ PM,2,7164,2026-06,2026-07-17 08:07:29
2026-06-27,PLAZA,三井アウトレットパーク入間店,（不明）,フルーシービタミンドロップクロミ,1,900,2026-06,2026-07-17 08:07:29
2026-06-27,PLAZA,越谷イオンレイクタウン店,（不明）,フルーシー ビヨウエキクロミ,1,2500,2026-06,2026-07-17 08:07:29
2026-06-27,PLAZA,越谷イオンレイクタウン店,YOU TOKYO,YOU TOKYO ヘアミルク CW,1,2680,2026-06,2026-07-17 08:07:29
2026-06-27,PLAZA,越谷イオンレイクタウン店,YOU TOKYO,YOU TOKYO ヘアミルク RR,1,2680,2026-06,2026-07-17 08:07:29
2026-06-27,PLAZA,たまプラーザテラス店,ラフドット,ラフドット インティメイトウォッシュ LV,1,3582,2026-06,2026-07-17 08:07:29
2026-06-27,PLAZA,たまプラーザテラス店,YOU TOKYO,YOU TOKYO ヘアミルク CW,3,8040,2026-06,2026-07-17 08:07:29
2026-06-27,PLAZA,アトレ吉祥寺店,ラフドット,ラフドット インティメイトウォッシュ SB,1,3582,2026-06,2026-07-17 08:07:29
2026-06-27,PLAZA,アトレ吉祥寺店,（不明）,フルーシー ビヨウエキクロミ,1,2500,2026-06,2026-07-17 08:07:29
2026-06-27,PLAZA,アトレ吉祥寺店,YOU TOKYO,YOU TOKYO ヘアミルク CW,3,8040,2026-06,2026-07-17 08:07:29
2026-06-27,PLAZA,ルクア大阪店,YOU TOKYO,YOU TOKYO ヘアミルク RR,1,2680,2026-06,2026-07-17 08:07:29
2026-06-27,PLAZA,イオンモール幕張新都心店,YOU TOKYO,YOU TOKYO ヘアミルク RR,1,2680,2026-06,2026-07-17 08:07:29
2026-06-27,PLAZA,イーアスつくば店,YOU TOKYO,YOU TOKYO ヘアミルク CW,1,2680,2026-06,2026-07-17 08:07:29
2026-06-27,PLAZA,ららぽーと富士見店,YOU TOKYO,YOU TOKYO ヘアミルク CW,2,5360,2026-06,2026-07-17 08:07:29
2026-06-27,PLAZA,ラスカ茅ケ崎店,（不明）,フルーシー ビヨウエキクロミ,1,2500,2026-06,2026-07-17 08:07:29
2026-06-27,PLAZA,金沢フォーラス店,（不明）,ワキキュア,1,3618,2026-06,2026-07-17 08:07:29
2026-06-27,PLAZA,静岡パルシェ店,ラフドット,ラフドット インティメイトウォッシュ SB,1,3582,2026-06,2026-07-17 08:07:29
2026-06-27,PLAZA,静岡パルシェ店,ラフドット,ラフドット インティメイトウォッシュ PM,1,3582,2026-06,2026-07-17 08:07:29
2026-06-27,PLAZA,静岡パルシェ店,YOU TOKYO,YOU TOKYO ヘアミルク RR,2,5360,2026-06,2026-07-17 08:07:29
2026-06-27,PLAZA,京都四条店,YOU TOKYO,YOU TOKYO ヘアミルク CW,2,5360,2026-06,2026-07-17 08:07:29
2026-06-27,PLAZA,京都四条店,YOU TOKYO,YOU TOKYO ヘアミルク RR,2,5360,2026-06,2026-07-17 08:07:29
2026-06-27,PLAZA,ペリエ千葉店,YOU TOKYO,YOU TOKYO ヘアオイル BS,1,2280,2026-06,2026-07-17 08:07:29
2026-06-27,PLAZA,名古屋ユニモール店,YOU TOKYO,YOU TOKYO ヘアミルク CW,1,2680,2026-06,2026-07-17 08:07:29
2026-06-27,PLAZA,心斎橋パルコ店,（不明）,フルーシービタミンドロップクロミ,1,900,2026-06,2026-07-17 08:07:29
2026-06-27,PLAZA,アトレ松戸店,ラフドット,ラフドット インティメイトウォッシュ SB,1,3582,2026-06,2026-07-17 08:07:29
2026-06-27,PLAZA,アトレ松戸店,ラフドット,ラフドット インティメイトウォッシュ MV,1,3582,2026-06,2026-07-17 08:07:29
2026-06-27,PLAZA,錦糸町テルミナ2店,YOU TOKYO,YOU TOKYO ヘアミルク CW,1,2680,2026-06,2026-07-17 08:07:29
2026-06-27,PLAZA,ららぽーと門真店,YOU TOKYO,YOU TOKYO ヘアミルク RR,1,2680,2026-06,2026-07-17 08:07:29
2026-06-27,PLAZA,ルミネ有楽町店,ラフドット,ラフドット インティメイトウォッシュ PM,1,3582,2026-06,2026-07-17 08:07:29
2026-06-27,PLAZA,ルミネ有楽町店,（不明）,フルーシービタミンドロップクロミ,1,900,2026-06,2026-07-17 08:07:29
2026-06-27,PLAZA,ルミネ有楽町店,YOU TOKYO,YOU TOKYO ヘアミルク RR,1,2680,2026-06,2026-07-17 08:07:29
2026-06-27,PLAZA,池袋サンシャインシティアルパ店,ラフドット,ラフドット インティメイトウォッシュ PM,1,3582,2026-06,2026-07-17 08:07:29
2026-06-27,PLAZA,コクーンシティさいたま新都心店,YOU TOKYO,YOU TOKYO ヘアミルク RR,1,2680,2026-06,2026-07-17 08:07:29
2026-06-27,PLAZA,ららテラス川口店,ラフドット,ラフドット インティメイトウォッシュ SB,1,3582,2026-06,2026-07-17 08:07:29
2026-06-27,PLAZA,三井アウトレットパーク岡崎店,YOU TOKYO,YOU TOKYO ヘアミルク CW,1,2680,2026-06,2026-07-17 08:07:29
2026-06-27,PLAZA,三井アウトレットパーク岡崎店,YOU TOKYO,YOU TOKYO ヘアミルク RR,1,2680,2026-06,2026-07-17 08:07:29
2026-06-27,PLAZA,シャポー本八幡,ラフドット,ラフドット インティメイトウォッシュ SB,1,3582,2026-06,2026-07-17 08:07:29
2026-06-27,PLAZA,プラザイオンモール筑紫野店,YOU TOKYO,YOU TOKYO ヘアミルク CW,1,2680,2026-06,2026-07-17 08:07:29
2026-06-27,PLAZA,プラザイオンモール筑紫野店,YOU TOKYO,YOU TOKYO ヘアミルク RR,1,2680,2026-06,2026-07-17 08:07:29
2026-06-27,PLAZA,プラザイオンモール浦和美園店,ラフドット,ラフドット インティメイトウォッシュ SB,1,3582,2026-06,2026-07-17 08:07:29
2026-06-27,PLAZA,プラザイオンモール浦和美園店,ラフドット,ラフドット インティメイトウォッシュ MV,1,3582,2026-06,2026-07-17 08:07:29
2026-06-27,PLAZA,プラザイオンモール太田店,ラフドット,ラフドット インティメイトウォッシュ PM,1,3582,2026-06,2026-07-17 08:07:29
2026-06-27,PLAZA,プラザミナモア広島店,ラフドット,ラフドット インティメイトウォッシュ PM,4,14328,2026-06,2026-07-17 08:07:29
2026-06-27,PLAZA,プラザミナモア広島店,（不明）,フルーシー ビヨウエキクロミ,2,5000,2026-06,2026-07-17 08:07:29
2026-06-27,PLAZA,プラザミナモア広島店,YOU TOKYO,YOU TOKYO ヘアミルク CW,1,2680,2026-06,2026-07-17 08:07:29
2026-06-27,PLAZA,プラザミナモア広島店,YOU TOKYO,YOU TOKYO ヘアミルク RR,1,2680,2026-06,2026-07-17 08:07:29
2026-06-27,PLAZA,プラザイオンモール宮崎店,ラフドット,ラフドット インティメイトウォッシュ PM,1,3582,2026-06,2026-07-17 08:07:29
2026-06-27,PLAZA,プラザイオンモール甲府昭和店,YOU TOKYO,YOU TOKYO ヘアミルク CW,1,2680,2026-06,2026-07-17 08:07:29
2026-06-27,PLAZA,プラザイオンモール甲府昭和店,YOU TOKYO,YOU TOKYO ヘアミルク RR,2,5360,2026-06,2026-07-17 08:07:29
2026-06-27,PLAZA,プラザららぽーと磐田店,YOU TOKYO,YOU TOKYO ヘアミルク CW,1,2680,2026-06,2026-07-17 08:07:29
2026-06-27,PLAZA,プラザイオンモール高知店,YOU TOKYO,YOU TOKYO ヘアミルク CW,1,2680,2026-06,2026-07-17 08:07:29
2026-06-27,PLAZA,プラザイオンモール高知店,YOU TOKYO,YOU TOKYO ヘアミルク RR,3,8040,2026-06,2026-07-17 08:07:29
2026-06-27,PLAZA,プラザイオンモール浜松志都呂店,ラフドット,ラフドット インティメイトウォッシュ PM,2,7164,2026-06,2026-07-17 08:07:29
2026-06-27,PLAZA,プラザイオンモール浜松志都呂店,ラフドット,ラフドット インティメイトFミスト PM,1,3132,2026-06,2026-07-17 08:07:29
2026-06-27,PLAZA,プラザイオンモール広島府中店,ラフドット,ラフドット インティメイトウォッシュ PM,1,3582,2026-06,2026-07-17 08:07:29
2026-06-27,PLAZA,プラザイオンモール広島府中店,（不明）,フルーシー ビヨウエキクロミ,1,2500,2026-06,2026-07-17 08:07:29
2026-06-27,PLAZA,プラザイオンモール広島府中店,YOU TOKYO,YOU TOKYO ヘアミルク CW,2,5360,2026-06,2026-07-17 08:07:29
2026-06-27,PLAZA,イオンモール各務原インター店,YOU TOKYO,YOU TOKYO ヘアミルク RR,1,2680,2026-06,2026-07-17 08:07:29
2026-06-27,PLAZA,プラザイオンモール白山店,ラフドット,ラフドット インティメイトウォッシュ SB,1,3582,2026-06,2026-07-17 08:07:29
2026-06-27,PLAZA,プラザイオンモール白山店,ラフドット,ラフドット ヤクヨウホワイトセラム,1,3237,2026-06,2026-07-17 08:07:29
2026-06-27,PLAZA,プラザイオンモール白山店,YOU TOKYO,YOU TOKYO ヘアミルク CW,1,2680,2026-06,2026-07-17 08:07:29
2026-06-27,PLAZA,プラザイオンモール白山店,YOU TOKYO,YOU TOKYO ヘアミルク RR,2,5360,2026-06,2026-07-17 08:07:29
2026-06-27,PLAZA,プラザイオンモール四條畷店,ラフドット,ラフドット インティメイトウォッシュ SB,1,3582,2026-06,2026-07-17 08:07:29
2026-06-27,PLAZA,プラザイオンモール四條畷店,YOU TOKYO,YOU TOKYO ヘアミルク RR,2,5360,2026-06,2026-07-17 08:07:29
2026-06-27,PLAZA,プラザイオンモール豊川店,YOU TOKYO,YOU TOKYO ヘアミルク CW,1,2680,2026-06,2026-07-17 08:07:29
2026-06-27,PLAZA,プラザイオンモール豊川店,YOU TOKYO,YOU TOKYO ヘアミルク RR,1,2680,2026-06,2026-07-17 08:07:29
2026-06-27,PLAZA,CoCoLo新潟店,YOU TOKYO,YOU TOKYO ヘアミルク CW,1,2680,2026-06,2026-07-17 08:07:29
2026-06-27,PLAZA,CoCoLo新潟店,YOU TOKYO,YOU TOKYO ヘアミルク RR,2,5360,2026-06,2026-07-17 08:07:29
2026-06-27,PLAZA,プラザイオンモール浜松市野店,ラフドット,ラフドット インティメイトウォッシュ PM,1,3582,2026-06,2026-07-17 08:07:29
2026-06-27,PLAZA,プラザイオンモール浜松市野店,YOU TOKYO,YOU TOKYO ヘアミルク RR,1,2680,2026-06,2026-07-17 08:07:29
2026-06-27,PLAZA,イーアス高尾店,ラフドット,ラフドット インティメイトウォッシュ PM,1,3582,2026-06,2026-07-17 08:07:29
2026-06-27,PLAZA,ファッションクルーズひたちなか,（不明）,フルーシー ビヨウエキクロミ,1,2500,2026-06,2026-07-17 08:07:29
2026-06-27,PLAZA,ファッションクルーズひたちなか,（不明）,フルーシービタミンドロップクロミ,2,1800,2026-06,2026-07-17 08:07:29
2026-06-27,PLAZA,ファッションクルーズひたちなか,YOU TOKYO,YOU TOKYO ヘアミルク CW,3,8040,2026-06,2026-07-17 08:07:29
2026-06-27,PLAZA,ファッションクルーズひたちなか,YOU TOKYO,YOU TOKYO ヘアミルク RR,1,2680,2026-06,2026-07-17 08:07:29
2026-06-27,PLAZA,プラザイオンモール津南店,YOU TOKYO,YOU TOKYO ヘアミルク CW,1,2680,2026-06,2026-07-17 08:07:29
2026-06-27,PLAZA,プラザイオンモール津南店,YOU TOKYO,YOU TOKYO ヘアミルク RR,1,2680,2026-06,2026-07-17 08:07:29
2026-06-27,PLAZA,プラザイオンモール盛岡南店,ラフドット,ラフドット インティメイトFミスト PM,1,3132,2026-06,2026-07-17 08:07:29
2026-06-27,PLAZA,プラザイオンモール須坂店,ラフドット,ラフドット インティメイトウォッシュ PM,1,3582,2026-06,2026-07-17 08:07:29
2026-06-27,PLAZA,プラザいわきラトブ店,ラフドット,ラフドット インティメイトウォッシュ PM,1,3582,2026-06,2026-07-17 08:07:29
2026-06-27,PLAZA,プラザイオンモール八幡東店,YOU TOKYO,YOU TOKYO ヘアミルク CW,1,2680,2026-06,2026-07-17 08:07:29
2026-06-27,PLAZA,プラザイオンモール八幡東店,YOU TOKYO,YOU TOKYO ヘアミルク RR,1,2680,2026-06,2026-07-17 08:07:29
2026-06-26,PLAZA,三宮店,YOU TOKYO,YOU TOKYO ヘアミルク CW,1,2680,2026-06,2026-07-17 08:07:29
2026-06-26,PLAZA,梅田ヘップファイブ店,YOU TOKYO,YOU TOKYO ヘアミルク CW,1,2680,2026-06,2026-07-17 08:07:29
2026-06-26,PLAZA,玉川高島屋SC店,YOU TOKYO,YOU TOKYO ヘアミルク CW,1,2680,2026-06,2026-07-17 08:07:29
2026-06-26,PLAZA,玉川高島屋SC店,YOU TOKYO,YOU TOKYO ヘアミルク RR,1,2680,2026-06,2026-07-17 08:07:29
2026-06-26,PLAZA,ルミネ横浜店,ラフドット,ラフドット インティメイトウォッシュ SB,1,3582,2026-06,2026-07-17 08:07:29
2026-06-26,PLAZA,ルミネ横浜店,（不明）,フルーシー ビヨウエキクロミ,1,2500,2026-06,2026-07-17 08:07:29
2026-06-26,PLAZA,ルミネ横浜店,ラフドット,ラフドット ヤクヨウホワイトセラム,1,3237,2026-06,2026-07-17 08:07:29
2026-06-26,PLAZA,アトレ大井町店,YOU TOKYO,YOU TOKYO ヘアオイル RR,1,2280,2026-06,2026-07-17 08:07:29
2026-06-26,PLAZA,ルミネ大宮店,（不明）,フルーシービタミンドロップクロミ,1,900,2026-06,2026-07-17 08:07:29
2026-06-26,PLAZA,ルミネ大宮店,（不明）,ワキキュア,2,7236,2026-06,2026-07-17 08:07:29
2026-06-26,PLAZA,ルミネ大宮店,YOU TOKYO,YOU TOKYO ヘアミルク CW,1,2680,2026-06,2026-07-17 08:07:29
2026-06-26,PLAZA,ルミネ新宿店,（不明）,フルーシー ビヨウエキクロミ,1,2500,2026-06,2026-07-17 08:07:29
2026-06-26,PLAZA,ルミネ新宿店,（不明）,フルーシービタミンドロップクロミ,1,900,2026-06,2026-07-17 08:07:29
2026-06-26,PLAZA,ルミネ新宿店,YOU TOKYO,YOU TOKYO ヘアミルク CW,1,2680,2026-06,2026-07-17 08:07:29
2026-06-26,PLAZA,ルミネ新宿店,YOU TOKYO,YOU TOKYO ヘアオイル RR,1,2280,2026-06,2026-07-17 08:07:29
2026-06-26,PLAZA,アミュプラザ小倉店,（不明）,フルーシービタミンドロップクロミ,1,900,2026-06,2026-07-17 08:07:29
2026-06-26,PLAZA,汐留シオサイト店,（不明）,フルーシービタミンドロップクロミ,2,1800,2026-06,2026-07-17 08:07:29
2026-06-26,PLAZA,横浜ジョイナス店,ラフドット,ラフドット ヘアリムーバー,1,3400,2026-06,2026-07-17 08:07:29
2026-06-26,PLAZA,横浜ジョイナス店,YOU TOKYO,YOU TOKYO ヘアミルク CW,2,5360,2026-06,2026-07-17 08:07:29
2026-06-26,PLAZA,横浜ジョイナス店,YOU TOKYO,YOU TOKYO ヘアミルク RR,2,5360,2026-06,2026-07-17 08:07:29
2026-06-26,PLAZA,イオンモール羽生店,ラフドット,ラフドット インティメイトウォッシュ PM,1,3582,2026-06,2026-07-17 08:07:29
2026-06-26,PLAZA,新越谷ヴァリエ店,YOU TOKYO,YOU TOKYO ヘアミルク RR,1,2680,2026-06,2026-07-17 08:07:29
2026-06-26,PLAZA,福岡ソラリアプラザ店,YOU TOKYO,YOU TOKYO ヘアミルク RR,1,2680,2026-06,2026-07-17 08:07:29
2026-06-26,PLAZA,イオンモール堺北花田店,ラフドット,ラフドット インティメイトウォッシュ PM,1,3582,2026-06,2026-07-17 08:07:29
2026-06-26,PLAZA,柏高島屋ステーションモール店,YOU TOKYO,YOU TOKYO ヘアミルク CW,1,2680,2026-06,2026-07-17 08:07:29
2026-06-26,PLAZA,柏高島屋ステーションモール店,YOU TOKYO,YOU TOKYO ヘアオイル RR,1,2280,2026-06,2026-07-17 08:07:29
2026-06-26,PLAZA,大船ルミネウイング店,YOU TOKYO,YOU TOKYO ヘアミルク RR,1,2680,2026-06,2026-07-17 08:07:29
2026-06-26,PLAZA,ルミネエスト新宿店,（不明）,フルーシービタミンドロップクロミ,2,1800,2026-06,2026-07-17 08:07:29
2026-06-26,PLAZA,アトレ川越店,（不明）,フルーシー ビヨウエキクロミ,1,2500,2026-06,2026-07-17 08:07:29
2026-06-26,PLAZA,アトレ川越店,YOU TOKYO,YOU TOKYO ヘアミルク CW,1,2680,2026-06,2026-07-17 08:07:29
2026-06-26,PLAZA,アトレ川越店,YOU TOKYO,YOU TOKYO ヘアオイル BS,1,2280,2026-06,2026-07-17 08:07:29
2026-06-26,PLAZA,ルミネ立川店,YOU TOKYO,YOU TOKYO ヘアミルク CW,2,5360,2026-06,2026-07-17 08:07:29
2026-06-26,PLAZA,ルミネ立川店,YOU TOKYO,YOU TOKYO ヘアミルク RR,2,5360,2026-06,2026-07-17 08:07:29
2026-06-26,PLAZA,ウイング上大岡店,YOU TOKYO,YOU TOKYO ヘアミルク CW,1,2680,2026-06,2026-07-17 08:07:29
2026-06-26,PLAZA,ウイング上大岡店,YOU TOKYO,YOU TOKYO ヘアオイル BS,1,2280,2026-06,2026-07-17 08:07:29
2026-06-26,PLAZA,アトレ恵比寿店,（不明）,フルーシー ビヨウエキクロミ,1,2500,2026-06,2026-07-17 08:07:29
2026-06-26,PLAZA,アトレ恵比寿店,YOU TOKYO,YOU TOKYO ヘアミルク RR,2,5360,2026-06,2026-07-17 08:07:29
2026-06-26,PLAZA,アトレ川崎店,（不明）,フルーシー ビヨウエキクロミ,1,2500,2026-06,2026-07-17 08:07:29
2026-06-26,PLAZA,アトレ川崎店,YOU TOKYO,YOU TOKYO ヘアミルク RR,1,2680,2026-06,2026-07-17 08:07:29
2026-06-26,PLAZA,なんばシティ店,ラフドット,ラフドット インティメイトウォッシュ PM,1,3582,2026-06,2026-07-17 08:07:29
2026-06-26,PLAZA,なんばシティ店,YOU TOKYO,YOU TOKYO ヘアミルク RR,1,2680,2026-06,2026-07-17 08:07:29
2026-06-26,PLAZA,池袋パルコ店,（不明）,フルーシー ビヨウエキクロミ,1,2500,2026-06,2026-07-17 08:07:29
2026-06-26,PLAZA,ららぽーとTOKYO-BAY店,YOU TOKYO,YOU TOKYO ヘアオイル RR,1,2280,2026-06,2026-07-17 08:07:29
2026-06-26,PLAZA,京橋京阪モール店,ラフドット,ラフドット インティメイトウォッシュ PM,2,7164,2026-06,2026-07-17 08:07:29
2026-06-26,PLAZA,京橋京阪モール店,YOU TOKYO,YOU TOKYO ヘアミルク RR,1,2680,2026-06,2026-07-17 08:07:29
2026-06-26,PLAZA,エスパル仙台店,YOU TOKYO,YOU TOKYO ヘアミルク CW,1,2680,2026-06,2026-07-17 08:07:29
2026-06-26,PLAZA,ルミネ北千住店,（不明）,フルーシー ビヨウエキクロミ,2,5000,2026-06,2026-07-17 08:07:29
2026-06-26,PLAZA,ルミネ北千住店,（不明）,フルーシービタミンドロップクロミ,1,900,2026-06,2026-07-17 08:07:29
2026-06-26,PLAZA,ルミネ北千住店,ラフドット,ラフドット ヘアリムーバー,1,3400,2026-06,2026-07-17 08:07:29
2026-06-26,PLAZA,札幌ステラプレイス店,YOU TOKYO,YOU TOKYO ヘアミルク CW,2,5360,2026-06,2026-07-17 08:07:29
2026-06-26,PLAZA,ルミネ荻窪店,ラフドット,ラフドット インティメイトウォッシュ SB,2,7164,2026-06,2026-07-17 08:07:29
2026-06-26,PLAZA,ルミネ荻窪店,YOU TOKYO,YOU TOKYO ヘアミルク CW,1,2680,2026-06,2026-07-17 08:07:29
2026-06-26,PLAZA,ルミネ荻窪店,YOU TOKYO,YOU TOKYO ヘアミルク RR,1,2680,2026-06,2026-07-17 08:07:29
2026-06-26,PLAZA,ルミネ荻窪店,YOU TOKYO,YOU TOKYO ヘアオイル BS,1,2280,2026-06,2026-07-17 08:07:29
2026-06-26,PLAZA,ルミネ池袋店,YOU TOKYO,YOU TOKYO ヘアミルク RR,1,2680,2026-06,2026-07-17 08:07:29
2026-06-26,PLAZA,イオンモールむさし村山店,YOU TOKYO,YOU TOKYO ヘアミルク CW,1,2680,2026-06,2026-07-17 08:07:29
2026-06-26,PLAZA,三井アウトレットパーク入間店,（不明）,フルーシー ビヨウエキクロミ,1,2500,2026-06,2026-07-17 08:07:29
2026-06-26,PLAZA,三井アウトレットパーク入間店,（不明）,フルーシービタミンドロップクロミ,1,900,2026-06,2026-07-17 08:07:29
2026-06-26,PLAZA,越谷イオンレイクタウン店,YOU TOKYO,YOU TOKYO ヘアミルク CW,3,8040,2026-06,2026-07-17 08:07:29
2026-06-26,PLAZA,越谷イオンレイクタウン店,YOU TOKYO,YOU TOKYO ヘアオイル RR,1,2280,2026-06,2026-07-17 08:07:29
2026-06-26,PLAZA,たまプラーザテラス店,（不明）,ワキキュア,1,3618,2026-06,2026-07-17 08:07:29
2026-06-26,PLAZA,たまプラーザテラス店,YOU TOKYO,YOU TOKYO ヘアオイル RR,1,2280,2026-06,2026-07-17 08:07:29
2026-06-26,PLAZA,アトレ吉祥寺店,YOU TOKYO,YOU TOKYO ヘアミルク CW,3,8040,2026-06,2026-07-17 08:07:29
2026-06-26,PLAZA,アトレ吉祥寺店,YOU TOKYO,YOU TOKYO ヘアミルク RR,2,5360,2026-06,2026-07-17 08:07:29
2026-06-26,PLAZA,ルクア大阪店,（不明）,フルーシー ビヨウエキクロミ,2,5000,2026-06,2026-07-17 08:07:29
2026-06-26,PLAZA,ルクア大阪店,（不明）,フルーシービタミンドロップクロミ,1,900,2026-06,2026-07-17 08:07:29
2026-06-26,PLAZA,ルクア大阪店,YOU TOKYO,YOU TOKYO ヘアミルク CW,3,8040,2026-06,2026-07-17 08:07:29
2026-06-26,PLAZA,ルクア大阪店,YOU TOKYO,YOU TOKYO ヘアミルク RR,1,2680,2026-06,2026-07-17 08:07:29
2026-06-26,PLAZA,三井アウトレットパーク木更津店,YOU TOKYO,YOU TOKYO ヘアミルク CW,3,8040,2026-06,2026-07-17 08:07:29
2026-06-26,PLAZA,シャポー市川店,YOU TOKYO,YOU TOKYO ヘアミルク RR,1,2680,2026-06,2026-07-17 08:07:29
2026-06-26,PLAZA,ららテラス武蔵小杉店,（不明）,フルーシービタミンドロップクロミ,1,900,2026-06,2026-07-17 08:07:29
2026-06-26,PLAZA,ららテラス武蔵小杉店,ラフドット,ラフドット ヘアリムーバー,1,3400,2026-06,2026-07-17 08:07:29
2026-06-26,PLAZA,ららぽーと富士見店,ラフドット,ラフドット インティメイトウォッシュ PM,1,3582,2026-06,2026-07-17 08:07:29
2026-06-26,PLAZA,ラスカ茅ケ崎店,YOU TOKYO,YOU TOKYO ヘアオイル BS,1,2280,2026-06,2026-07-17 08:07:29
2026-06-26,PLAZA,静岡パルシェ店,ラフドット,ラフドット インティメイトウォッシュ SB,1,3582,2026-06,2026-07-17 08:07:29
2026-06-26,PLAZA,静岡パルシェ店,YOU TOKYO,YOU TOKYO ヘアミルク RR,1,2680,2026-06,2026-07-17 08:07:29
2026-06-26,PLAZA,京都四条店,YOU TOKYO,YOU TOKYO ヘアミルク RR,3,8040,2026-06,2026-07-17 08:07:29
2026-06-26,PLAZA,ペリエ千葉店,ラフドット,ラフドット インティメイトウォッシュ LV,1,3582,2026-06,2026-07-17 08:07:29
2026-06-26,PLAZA,ペリエ千葉店,YOU TOKYO,YOU TOKYO ヘアミルク RR,1,2680,2026-06,2026-07-17 08:07:29
2026-06-26,PLAZA,名古屋ユニモール店,（不明）,フルーシービタミンドロップクロミ,1,900,2026-06,2026-07-17 08:07:29
2026-06-26,PLAZA,名古屋ユニモール店,YOU TOKYO,YOU TOKYO ヘアミルク CW,1,2680,2026-06,2026-07-17 08:07:29
2026-06-26,PLAZA,名古屋ユニモール店,YOU TOKYO,YOU TOKYO ヘアミルク RR,1,2680,2026-06,2026-07-17 08:07:29
2026-06-26,PLAZA,アトレ松戸店,ラフドット,ラフドット インティメイトウォッシュ SB,1,3582,2026-06,2026-07-17 08:07:29
2026-06-26,PLAZA,アトレ松戸店,YOU TOKYO,YOU TOKYO ヘアミルク RR,1,2680,2026-06,2026-07-17 08:07:29
2026-06-26,PLAZA,錦糸町テルミナ2店,YOU TOKYO,YOU TOKYO ヘアミルク CW,2,5360,2026-06,2026-07-17 08:07:29
2026-06-26,PLAZA,ルミネ有楽町店,ラフドット,ラフドット ヤクヨウホワイトセラム,1,3237,2026-06,2026-07-17 08:07:29
2026-06-26,PLAZA,プラザ天神地下街店,YOU TOKYO,YOU TOKYO ヘアミルク CW,1,2680,2026-06,2026-07-17 08:07:29
2026-06-26,PLAZA,三井アウトレットパーク岡崎店,ラフドット,ラフドット インティメイトウォッシュ SB,1,3582,2026-06,2026-07-17 08:07:29
2026-06-26,PLAZA,三井アウトレットパーク岡崎店,YOU TOKYO,YOU TOKYO ヘアミルク CW,1,2680,2026-06,2026-07-17 08:07:29
2026-06-26,PLAZA,名古屋サカエチカ店,ラフドット,ラフドット インティメイトウォッシュ SB,2,7164,2026-06,2026-07-17 08:07:29
2026-06-26,PLAZA,プラザ盛岡フェザン店,ラフドット,ラフドット インティメイトウォッシュ SB,2,7164,2026-06,2026-07-17 08:07:29
2026-06-26,PLAZA,プラザミナモア広島店,（不明）,フルーシー ビヨウエキクロミ,1,2500,2026-06,2026-07-17 08:07:29
2026-06-26,PLAZA,プラザららぽーと磐田店,ラフドット,ラフドット インティメイトFミスト SB,1,3132,2026-06,2026-07-17 08:07:29
2026-06-26,PLAZA,プラザららぽーと磐田店,YOU TOKYO,YOU TOKYO ヘアミルク CW,1,2680,2026-06,2026-07-17 08:07:29
2026-06-26,PLAZA,プラザイオンモール高知店,ラフドット,ラフドット インティメイトウォッシュ PM,1,3582,2026-06,2026-07-17 08:07:29
2026-06-26,PLAZA,プラザイオンモール高知店,（不明）,フルーシー ビヨウエキクロミ,1,2500,2026-06,2026-07-17 08:07:29
2026-06-26,PLAZA,プラザイオンモール浜松志都呂店,ラフドット,ラフドット インティメイトウォッシュ PM,1,3582,2026-06,2026-07-17 08:07:29
2026-06-26,PLAZA,プラザイオンモール広島府中店,ラフドット,ラフドット インティメイトウォッシュ SB,1,3582,2026-06,2026-07-17 08:07:29
2026-06-26,PLAZA,プラザイオンモール広島府中店,ラフドット,ラフドット インティメイトウォッシュ MV,1,3582,2026-06,2026-07-17 08:07:29
2026-06-26,PLAZA,イオンモール各務原インター店,（不明）,フルーシービタミンドロップクロミ,1,900,2026-06,2026-07-17 08:07:29
2026-06-26,PLAZA,イオンモール各務原インター店,YOU TOKYO,YOU TOKYO ヘアミルク RR,1,2680,2026-06,2026-07-17 08:07:29
2026-06-26,PLAZA,プラザイオンモール白山店,ラフドット,ラフドット インティメイトFミスト PM,1,3132,2026-06,2026-07-17 08:07:29
2026-06-26,PLAZA,プラザイオンモール白山店,YOU TOKYO,YOU TOKYO ヘアミルク RR,1,2680,2026-06,2026-07-17 08:07:29
2026-06-26,PLAZA,プラザイオンモール四條畷店,ラフドット,ラフドット インティメイトウォッシュ SB,1,3582,2026-06,2026-07-17 08:07:29
2026-06-26,PLAZA,プラザイオンモール四條畷店,YOU TOKYO,YOU TOKYO ヘアミルク CW,1,2680,2026-06,2026-07-17 08:07:29
2026-06-26,PLAZA,プラザイオンモール四條畷店,YOU TOKYO,YOU TOKYO ヘアミルク RR,2,5360,2026-06,2026-07-17 08:07:29
2026-06-26,PLAZA,プラザイオンモール川口前川店,（不明）,フルーシー ビヨウエキクロミ,1,2500,2026-06,2026-07-17 08:07:29
2026-06-26,PLAZA,プラザイオンモール川口前川店,（不明）,フルーシービタミンドロップクロミ,1,900,2026-06,2026-07-17 08:07:29
2026-06-26,PLAZA,プラザイオンモール高岡店,ラフドット,ラフドット インティメイトウォッシュ SB,1,3582,2026-06,2026-07-17 08:07:29
2026-06-26,PLAZA,プラザイオンモール豊川店,ラフドット,ラフドット インティメイトウォッシュ PM,1,3582,2026-06,2026-07-17 08:07:29
2026-06-26,PLAZA,CoCoLo新潟店,YOU TOKYO,YOU TOKYO ヘアミルク RR,1,2680,2026-06,2026-07-17 08:07:29
2026-06-26,PLAZA,プラザイオンモール浜松市野店,ラフドット,ラフドット インティメイトウォッシュ PM,2,7164,2026-06,2026-07-17 08:07:29
2026-06-26,PLAZA,プラザイオンモール浜松市野店,YOU TOKYO,YOU TOKYO ヘアミルク RR,1,2680,2026-06,2026-07-17 08:07:29
2026-06-26,PLAZA,プラザイオンモール浜松市野店,YOU TOKYO,YOU TOKYO ヘアオイル RR,1,2280,2026-06,2026-07-17 08:07:29
2026-06-26,PLAZA,プラザイオンモール津南店,ラフドット,ラフドット インティメイトFミスト PM,1,3132,2026-06,2026-07-17 08:07:29
2026-06-26,PLAZA,プラザイオンモール津南店,ラフドット,ラフドット インティメイトウォッシュ LV,1,3582,2026-06,2026-07-17 08:07:29
2026-06-26,PLAZA,プラザイオンモール津南店,（不明）,フルーシービタミンドロップクロミ,1,900,2026-06,2026-07-17 08:07:29
2026-06-26,PLAZA,プラザイオンモール津南店,YOU TOKYO,YOU TOKYO ヘアミルク RR,1,2680,2026-06,2026-07-17 08:07:29
2026-06-26,PLAZA,プラザイオンモール津南店,YOU TOKYO,YOU TOKYO ヘアオイル RR,1,2280,2026-06,2026-07-17 08:07:29
2026-06-26,PLAZA,プラザイオンモール盛岡南店,YOU TOKYO,YOU TOKYO ヘアミルク RR,1,2680,2026-06,2026-07-17 08:07:29
2026-06-26,PLAZA,プラザイオンモール須坂店,ラフドット,ラフドット インティメイトウォッシュ PM,1,3582,2026-06,2026-07-17 08:07:29
2026-06-26,PLAZA,オンラインストア,（不明）,フルーシービタミンドロップクロミ,2,1800,2026-06,2026-07-17 08:07:29
2026-06-26,PLAZA,オンラインストア,YOU TOKYO,YOU TOKYO ヘアミルク CW,1,2680,2026-06,2026-07-17 08:07:29
2026-06-26,PLAZA,オンラインストア,YOU TOKYO,YOU TOKYO ヘアミルク RR,2,5360,2026-06,2026-07-17 08:07:29
2026-06-26,PLAZA,オンラインストア,YOU TOKYO,YOU TOKYO ヘアオイル RR,2,4560,2026-06,2026-07-17 08:07:29
2026-06-25,PLAZA,梅田ヘップファイブ店,ラフドット,ラフドット インティメイトウォッシュ SB,2,7164,2026-06,2026-07-17 08:07:29
2026-06-25,PLAZA,梅田ヘップファイブ店,ラフドット,ラフドット インティメイトウォッシュ PM,1,3582,2026-06,2026-07-17 08:07:29
2026-06-25,PLAZA,玉川高島屋SC店,YOU TOKYO,YOU TOKYO ヘアオイル RR,1,2280,2026-06,2026-07-17 08:07:29
2026-06-25,PLAZA,渋谷109店,（不明）,フルーシー ビヨウエキクロミ,2,5000,2026-06,2026-07-17 08:07:29
2026-06-25,PLAZA,渋谷109店,（不明）,フルーシービタミンドロップクロミ,2,1800,2026-06,2026-07-17 08:07:29
2026-06-25,PLAZA,ルミネ横浜店,ラフドット,ラフドット ヘアリムーバー,1,3400,2026-06,2026-07-17 08:07:29
2026-06-25,PLAZA,ルミネ大宮店,ラフドット,ラフドット インティメイトウォッシュ SB,1,3582,2026-06,2026-07-17 08:07:29
2026-06-25,PLAZA,ルミネ大宮店,ラフドット,ラフドット インティメイトウォッシュ PM,2,7164,2026-06,2026-07-17 08:07:29
2026-06-25,PLAZA,ルミネ大宮店,（不明）,フルーシー ビヨウエキクロミ,1,2500,2026-06,2026-07-17 08:07:29
2026-06-25,PLAZA,ルミネ新宿店,ラフドット,ラフドット インティメイトウォッシュ SB,1,3582,2026-06,2026-07-17 08:07:29
2026-06-25,PLAZA,アミュプラザ小倉店,YOU TOKYO,YOU TOKYO ヘアミルク RR,1,2680,2026-06,2026-07-17 08:07:29
2026-06-25,PLAZA,京都ポルタ店,ラフドット,ラフドット インティメイトウォッシュ SB,1,3582,2026-06,2026-07-17 08:07:29
2026-06-25,PLAZA,五反田東急スクエア店,ラフドット,ラフドット インティメイトウォッシュ SB,1,3582,2026-06,2026-07-17 08:07:29
2026-06-25,PLAZA,新越谷ヴァリエ店,（不明）,フルーシー ビヨウエキクロミ,1,2500,2026-06,2026-07-17 08:07:29
2026-06-25,PLAZA,新越谷ヴァリエ店,YOU TOKYO,YOU TOKYO ヘアミルク CW,1,2680,2026-06,2026-07-17 08:07:29
2026-06-25,PLAZA,大船ルミネウイング店,YOU TOKYO,YOU TOKYO ヘアミルク CW,1,2680,2026-06,2026-07-17 08:07:29
2026-06-25,PLAZA,ルミネエスト新宿店,（不明）,フルーシー ビヨウエキクロミ,1,2500,2026-06,2026-07-17 08:07:29
2026-06-25,PLAZA,天王寺ミオ店,ラフドット,ラフドット インティメイトウォッシュ SB,1,3582,2026-06,2026-07-17 08:07:29
2026-06-25,PLAZA,天王寺ミオ店,（不明）,ワキキュア,1,3618,2026-06,2026-07-17 08:07:29
2026-06-25,PLAZA,アトレ川越店,（不明）,フルーシー ビヨウエキクロミ,1,2500,2026-06,2026-07-17 08:07:29
2026-06-25,PLAZA,ルミネ立川店,ラフドット,ラフドット インティメイトウォッシュ SB,1,3582,2026-06,2026-07-17 08:07:29
2026-06-25,PLAZA,ウイング上大岡店,（不明）,フルーシー ビヨウエキクロミ,1,2500,2026-06,2026-07-17 08:07:29
2026-06-25,PLAZA,ウイング上大岡店,ラフドット,ラフドット インティメイトウォッシュ MV,1,3582,2026-06,2026-07-17 08:07:29
2026-06-25,PLAZA,アトレ恵比寿店,ラフドット,ラフドット ヘアリムーバー,1,3400,2026-06,2026-07-17 08:07:29
2026-06-25,PLAZA,アトレ恵比寿店,YOU TOKYO,YOU TOKYO ヘアミルク CW,1,2680,2026-06,2026-07-17 08:07:29
2026-06-25,PLAZA,アトレ恵比寿店,YOU TOKYO,YOU TOKYO ヘアミルク RR,1,2680,2026-06,2026-07-17 08:07:29
2026-06-25,PLAZA,アトレ恵比寿店,YOU TOKYO,YOU TOKYO ヘアオイル RR,1,2280,2026-06,2026-07-17 08:07:29
2026-06-25,PLAZA,なんばシティ店,（不明）,フルーシービタミンドロップクロミ,3,2700,2026-06,2026-07-17 08:07:29
2026-06-25,PLAZA,池袋パルコ店,ラフドット,ラフドット ヘアリムーバー,1,3400,2026-06,2026-07-17 08:07:29
2026-06-25,PLAZA,ららぽーとTOKYO-BAY店,（不明）,ワキキュア,1,3618,2026-06,2026-07-17 08:07:29
2026-06-25,PLAZA,ルミネ北千住店,（不明）,フルーシー ビヨウエキクロミ,1,2500,2026-06,2026-07-17 08:07:29
2026-06-25,PLAZA,ルミネ北千住店,（不明）,フルーシービタミンドロップクロミ,1,900,2026-06,2026-07-17 08:07:29
2026-06-25,PLAZA,ルミネ北千住店,（不明）,ワキキュア,1,3618,2026-06,2026-07-17 08:07:29
2026-06-25,PLAZA,ルミネ北千住店,YOU TOKYO,YOU TOKYO ヘアミルク CW,1,2680,2026-06,2026-07-17 08:07:29
2026-06-25,PLAZA,札幌ステラプレイス店,YOU TOKYO,YOU TOKYO ヘアミルク CW,2,5360,2026-06,2026-07-17 08:07:29
2026-06-25,PLAZA,水戸エクセル店,ラフドット,ラフドット インティメイトウォッシュ PM,1,3582,2026-06,2026-07-17 08:07:29
2026-06-25,PLAZA,水戸エクセル店,（不明）,ワキキュア,1,3618,2026-06,2026-07-17 08:07:29
2026-06-25,PLAZA,岡山一番街店,ラフドット,ラフドット インティメイトウォッシュ PM,1,3582,2026-06,2026-07-17 08:07:29
2026-06-25,PLAZA,ルミネ池袋店,ラフドット,ラフドット インティメイトウォッシュ SB,1,3582,2026-06,2026-07-17 08:07:29
2026-06-25,PLAZA,イオンモールむさし村山店,YOU TOKYO,YOU TOKYO ヘアミルク CW,2,5360,2026-06,2026-07-17 08:07:29
2026-06-25,PLAZA,イオンモールむさし村山店,YOU TOKYO,YOU TOKYO ヘアオイル BS,2,4560,2026-06,2026-07-17 08:07:29
2026-06-25,PLAZA,ららぽーと横浜店,ラフドット,ラフドット インティメイトウォッシュ PM,2,7164,2026-06,2026-07-17 08:07:29
2026-06-25,PLAZA,舞浜イクスピアリ店,（不明）,フルーシー ビヨウエキクロミ,1,2500,2026-06,2026-07-17 08:07:29
2026-06-25,PLAZA,舞浜イクスピアリ店,YOU TOKYO,YOU TOKYO ヘアミルク RR,1,2680,2026-06,2026-07-17 08:07:29
2026-06-25,PLAZA,越谷イオンレイクタウン店,ラフドット,ラフドット インティメイトウォッシュ PM,1,3582,2026-06,2026-07-17 08:07:29
2026-06-25,PLAZA,越谷イオンレイクタウン店,YOU TOKYO,YOU TOKYO ヘアミルク CW,2,5360,2026-06,2026-07-17 08:07:29
2026-06-25,PLAZA,たまプラーザテラス店,ラフドット,ラフドット インティメイトウォッシュ PM,1,3582,2026-06,2026-07-17 08:07:29
2026-06-25,PLAZA,アトレ吉祥寺店,YOU TOKYO,YOU TOKYO ヘアミルク CW,1,2680,2026-06,2026-07-17 08:07:29
2026-06-25,PLAZA,ルクア大阪店,ラフドット,ラフドット インティメイトウォッシュ SB,1,3582,2026-06,2026-07-17 08:07:29
2026-06-25,PLAZA,ルクア大阪店,（不明）,フルーシー ビヨウエキクロミ,1,2500,2026-06,2026-07-17 08:07:29
2026-06-25,PLAZA,ルクア大阪店,（不明）,フルーシービタミンドロップクロミ,3,2700,2026-06,2026-07-17 08:07:29
2026-06-25,PLAZA,上野マルイ店,ラフドット,ラフドット インティメイトFミスト PM,1,3132,2026-06,2026-07-17 08:07:29
2026-06-25,PLAZA,イーアスつくば店,ラフドット,ラフドット インティメイトウォッシュ SB,1,3582,2026-06,2026-07-17 08:07:29
2026-06-25,PLAZA,ラスカ茅ケ崎店,ラフドット,ラフドット インティメイトウォッシュ SB,1,3582,2026-06,2026-07-17 08:07:29
2026-06-25,PLAZA,ペリエ千葉店,YOU TOKYO,YOU TOKYO ヘアオイル BS,1,2280,2026-06,2026-07-17 08:07:29
2026-06-25,PLAZA,心斎橋パルコ店,（不明）,フルーシー ビヨウエキクロミ,1,2500,2026-06,2026-07-17 08:07:29
2026-06-25,PLAZA,心斎橋パルコ店,（不明）,フルーシービタミンドロップクロミ,1,900,2026-06,2026-07-17 08:07:29
2026-06-25,PLAZA,アミュプラザくまもと店,ラフドット,ラフドット インティメイトウォッシュ SB,1,3582,2026-06,2026-07-17 08:07:29
2026-06-25,PLAZA,アミュプラザくまもと店,ラフドット,ラフドット インティメイトウォッシュ PM,1,3582,2026-06,2026-07-17 08:07:29
2026-06-25,PLAZA,アトレ松戸店,YOU TOKYO,YOU TOKYO ヘアミルク RR,2,5360,2026-06,2026-07-17 08:07:29
2026-06-25,PLAZA,船橋東武店,YOU TOKYO,YOU TOKYO ヘアミルク CW,1,2680,2026-06,2026-07-17 08:07:29
2026-06-25,PLAZA,ルミネ有楽町店,ラフドット,ラフドット インティメイトウォッシュ SB,1,3582,2026-06,2026-07-17 08:07:29
2026-06-25,PLAZA,ルミネ有楽町店,（不明）,ワキキュア,1,3618,2026-06,2026-07-17 08:07:29
2026-06-25,PLAZA,ルミネ有楽町店,YOU TOKYO,YOU TOKYO ヘアミルク RR,1,2680,2026-06,2026-07-17 08:07:29
2026-06-25,PLAZA,池袋サンシャインシティアルパ店,YOU TOKYO,YOU TOKYO ヘアミルク RR,2,5360,2026-06,2026-07-17 08:07:29
2026-06-25,PLAZA,プラザ盛岡フェザン店,ラフドット,ラフドット インティメイトウォッシュ SB,1,3582,2026-06,2026-07-17 08:07:29
2026-06-25,PLAZA,プラザイオンモールKYOTO店,ラフドット,ラフドット インティメイトウォッシュ PM,1,3582,2026-06,2026-07-17 08:07:29
2026-06-25,PLAZA,プラザイオンモール新小松店,ラフドット,ラフドット インティメイトFミスト PM,1,3132,2026-06,2026-07-17 08:07:29
2026-06-25,PLAZA,プラザイオンモール日の出店,（不明）,フルーシービタミンドロップクロミ,1,900,2026-06,2026-07-17 08:07:29
2026-06-25,PLAZA,プラザミナモア広島店,YOU TOKYO,YOU TOKYO ヘアミルク RR,1,2680,2026-06,2026-07-17 08:07:29
2026-06-25,PLAZA,プラザららぽーと湘南平塚店,ラフドット,ラフドット インティメイトウォッシュ SB,1,3582,2026-06,2026-07-17 08:07:29
2026-06-25,PLAZA,沖縄・浦添PARCOCITY店,ラフドット,ラフドット インティメイトウォッシュ PM,1,3582,2026-06,2026-07-17 08:07:29
2026-06-25,PLAZA,プラザイオンモール浜松志都呂店,ラフドット,ラフドット インティメイトウォッシュ SB,1,3582,2026-06,2026-07-17 08:07:29
2026-06-25,PLAZA,イオンモール各務原インター店,ラフドット,ラフドット インティメイトウォッシュ SB,1,3582,2026-06,2026-07-17 08:07:29
2026-06-25,PLAZA,イオンモール各務原インター店,ラフドット,ラフドット インティメイトウォッシュ PM,1,3582,2026-06,2026-07-17 08:07:29
2026-06-25,PLAZA,プラザイオンモール白山店,YOU TOKYO,YOU TOKYO ヘアミルク RR,1,2680,2026-06,2026-07-17 08:07:29
2026-06-25,PLAZA,プラザイオンモール四條畷店,（不明）,フルーシービタミンドロップクロミ,1,900,2026-06,2026-07-17 08:07:29
2026-06-25,PLAZA,プラザイオンモール四條畷店,YOU TOKYO,YOU TOKYO ヘアミルク RR,1,2680,2026-06,2026-07-17 08:07:29
2026-06-25,PLAZA,プラザイオンモール福岡店,ラフドット,ラフドット インティメイトウォッシュ SB,1,3582,2026-06,2026-07-17 08:07:29
2026-06-25,PLAZA,プラザイオンモール福岡店,ラフドット,ラフドット インティメイトウォッシュ MV,2,7164,2026-06,2026-07-17 08:07:29
2026-06-25,PLAZA,プラザイオンモール浜松市野店,YOU TOKYO,YOU TOKYO ヘアミルク RR,1,2680,2026-06,2026-07-17 08:07:29
2026-06-25,PLAZA,ファッションクルーズひたちなか,（不明）,フルーシービタミンドロップクロミ,1,900,2026-06,2026-07-17 08:07:29
2026-06-25,PLAZA,プラザイオンモール津南店,ラフドット,ラフドット インティメイトウォッシュ PM,1,3582,2026-06,2026-07-17 08:07:29
2026-06-25,PLAZA,プラザイオンモール盛岡南店,ラフドット,ラフドット インティメイトウォッシュ PM,1,3582,2026-06,2026-07-17 08:07:29
2026-06-25,PLAZA,プラザいわきラトブ店,ラフドット,ラフドット インティメイトウォッシュ LV,1,3582,2026-06,2026-07-17 08:07:29
2026-06-25,PLAZA,オンラインストア,ラフドット,ラフドット インティメイトウォッシュ PM,1,3582,2026-06,2026-07-17 08:07:29
2026-06-25,PLAZA,オンラインストア,（不明）,フルーシー ビヨウエキクロミ,1,2500,2026-06,2026-07-17 08:07:29
2026-06-25,PLAZA,オンラインストア,（不明）,フルーシービタミンドロップクロミ,2,1800,2026-06,2026-07-17 08:07:29
2026-06-25,PLAZA,オンラインストア,（不明）,ワキキュア,1,3618,2026-06,2026-07-17 08:07:29
2026-06-25,PLAZA,オンラインストア,YOU TOKYO,YOU TOKYO ヘアミルク CW,3,8040,2026-06,2026-07-17 08:07:29
2026-06-25,PLAZA,オンラインストア,YOU TOKYO,YOU TOKYO ヘアミルク RR,3,8040,2026-06,2026-07-17 08:07:29
2026-06-25,PLAZA,オンラインストア,YOU TOKYO,YOU TOKYO ヘアオイル RR,1,2280,2026-06,2026-07-17 08:07:29
2026-06-24,PLAZA,玉川高島屋SC店,YOU TOKYO,YOU TOKYO ヘアミルク RR,1,2680,2026-06,2026-07-17 08:07:29
2026-06-24,PLAZA,玉川高島屋SC店,YOU TOKYO,YOU TOKYO ヘアオイル RR,1,2280,2026-06,2026-07-17 08:07:29
2026-06-24,PLAZA,渋谷109店,ラフドット,ラフドット インティメイトウォッシュ LV,1,3582,2026-06,2026-07-17 08:07:29
2026-06-24,PLAZA,渋谷109店,ラフドット,ラフドット ヘアリムーバー,1,3400,2026-06,2026-07-17 08:07:29
2026-06-24,PLAZA,渋谷109店,YOU TOKYO,YOU TOKYO ヘアミルク CW,1,2680,2026-06,2026-07-17 08:07:29
2026-06-24,PLAZA,ルミネ横浜店,ラフドット,ラフドット ヘアリムーバー,2,6800,2026-06,2026-07-17 08:07:29
2026-06-24,PLAZA,ルミネ横浜店,ラフドット,ラフドット インティメイトミスト MV,1,3132,2026-06,2026-07-17 08:07:29
2026-06-24,PLAZA,ルミネ横浜店,YOU TOKYO,YOU TOKYO ヘアミルク RR,1,2680,2026-06,2026-07-17 08:07:29
2026-06-24,PLAZA,ルミネ横浜店,YOU TOKYO,YOU TOKYO ヘアオイル BS,1,2280,2026-06,2026-07-17 08:07:29
2026-06-24,PLAZA,ルミネ大宮店,ラフドット,ラフドット インティメイトウォッシュ SB,1,3582,2026-06,2026-07-17 08:07:29
2026-06-24,PLAZA,ルミネ大宮店,ラフドット,ラフドット インティメイトウォッシュ MV,1,3582,2026-06,2026-07-17 08:07:29
2026-06-24,PLAZA,ルミネ大宮店,YOU TOKYO,YOU TOKYO ヘアミルク RR,1,2680,2026-06,2026-07-17 08:07:29
2026-06-24,PLAZA,ルミネ新宿店,ラフドット,ラフドット インティメイトウォッシュ SB,1,3582,2026-06,2026-07-17 08:07:29
2026-06-24,PLAZA,ルミネ新宿店,ラフドット,ラフドット ヘアリムーバー,1,3400,2026-06,2026-07-17 08:07:29
2026-06-24,PLAZA,ルミネ新宿店,（不明）,ワキキュア,1,3618,2026-06,2026-07-17 08:07:29
2026-06-24,PLAZA,ルミネ新宿店,YOU TOKYO,YOU TOKYO ヘアミルク RR,1,2680,2026-06,2026-07-17 08:07:29
2026-06-24,PLAZA,アミュプラザ小倉店,（不明）,フルーシー ビヨウエキクロミ,1,2500,2026-06,2026-07-17 08:07:29
2026-06-24,PLAZA,アミュプラザ小倉店,（不明）,フルーシービタミンドロップクロミ,1,900,2026-06,2026-07-17 08:07:29
2026-06-24,PLAZA,アミュプラザ小倉店,YOU TOKYO,YOU TOKYO ヘアミルク RR,2,5360,2026-06,2026-07-17 08:07:29
2026-06-24,PLAZA,横浜ジョイナス店,YOU TOKYO,YOU TOKYO ヘアミルク RR,2,5360,2026-06,2026-07-17 08:07:29
2026-06-24,PLAZA,京都ポルタ店,YOU TOKYO,YOU TOKYO ヘアミルク RR,1,2680,2026-06,2026-07-17 08:07:29
2026-06-24,PLAZA,京都ポルタ店,YOU TOKYO,YOU TOKYO ヘアオイル RR,1,2280,2026-06,2026-07-17 08:07:29
2026-06-24,PLAZA,新越谷ヴァリエ店,（不明）,フルーシー ビヨウエキクロミ,1,2500,2026-06,2026-07-17 08:07:29
2026-06-24,PLAZA,大船ルミネウイング店,YOU TOKYO,YOU TOKYO ヘアミルク CW,1,2680,2026-06,2026-07-17 08:07:29
2026-06-24,PLAZA,ルミネエスト新宿店,（不明）,フルーシー ビヨウエキクロミ,1,2500,2026-06,2026-07-17 08:07:29
2026-06-24,PLAZA,ルミネエスト新宿店,（不明）,フルーシービタミンドロップクロミ,1,900,2026-06,2026-07-17 08:07:29
2026-06-24,PLAZA,天王寺ミオ店,YOU TOKYO,YOU TOKYO ヘアミルク CW,1,2680,2026-06,2026-07-17 08:07:29
2026-06-24,PLAZA,アトレ川越店,ラフドット,ラフドット インティメイトウォッシュ PM,1,3582,2026-06,2026-07-17 08:07:29
2026-06-24,PLAZA,ルミネ立川店,（不明）,フルーシー ビヨウエキクロミ,2,5000,2026-06,2026-07-17 08:07:29
2026-06-24,PLAZA,ルミネ立川店,（不明）,フルーシービタミンドロップクロミ,1,900,2026-06,2026-07-17 08:07:29
2026-06-24,PLAZA,ウイング上大岡店,（不明）,フルーシー ビヨウエキクロミ,1,2500,2026-06,2026-07-17 08:07:29
2026-06-24,PLAZA,アトレ恵比寿店,ラフドット,ラフドット インティメイトウォッシュ SB,1,3582,2026-06,2026-07-17 08:07:29
2026-06-24,PLAZA,アトレ川崎店,YOU TOKYO,YOU TOKYO ヘアオイル BS,1,2280,2026-06,2026-07-17 08:07:29
2026-06-24,PLAZA,なんばシティ店,ラフドット,ラフドット インティメイトウォッシュ PM,1,3582,2026-06,2026-07-17 08:07:29
2026-06-24,PLAZA,なんばシティ店,YOU TOKYO,YOU TOKYO ヘアミルク CW,1,2680,2026-06,2026-07-17 08:07:29
2026-06-24,PLAZA,池袋パルコ店,（不明）,フルーシービタミンドロップクロミ,3,2700,2026-06,2026-07-17 08:07:29
2026-06-24,PLAZA,池袋パルコ店,YOU TOKYO,YOU TOKYO ヘアミルク RR,1,2680,2026-06,2026-07-17 08:07:29
2026-06-24,PLAZA,ららぽーとTOKYO-BAY店,YOU TOKYO,YOU TOKYO ヘアミルク RR,1,2680,2026-06,2026-07-17 08:07:29
2026-06-24,PLAZA,ららぽーとTOKYO-BAY店,YOU TOKYO,YOU TOKYO ヘアオイル RR,1,2280,2026-06,2026-07-17 08:07:29
2026-06-24,PLAZA,京橋京阪モール店,ラフドット,ラフドット インティメイトウォッシュ PM,1,3582,2026-06,2026-07-17 08:07:29
2026-06-24,PLAZA,京橋京阪モール店,（不明）,フルーシービタミンドロップクロミ,1,900,2026-06,2026-07-17 08:07:29
2026-06-24,PLAZA,京橋京阪モール店,YOU TOKYO,YOU TOKYO ヘアミルク CW,1,2680,2026-06,2026-07-17 08:07:29
2026-06-24,PLAZA,エスパル仙台店,YOU TOKYO,YOU TOKYO ヘアミルク RR,1,2680,2026-06,2026-07-17 08:07:29
2026-06-24,PLAZA,ルミネ北千住店,（不明）,フルーシービタミンドロップクロミ,1,900,2026-06,2026-07-17 08:07:29
2026-06-24,PLAZA,ルミネ北千住店,YOU TOKYO,YOU TOKYO ヘアミルク RR,2,5360,2026-06,2026-07-17 08:07:29
2026-06-24,PLAZA,ルミネ北千住店,YOU TOKYO,YOU TOKYO ヘアオイル BS,1,2280,2026-06,2026-07-17 08:07:29
2026-06-24,PLAZA,札幌ステラプレイス店,（不明）,フルーシー ビヨウエキクロミ,1,2500,2026-06,2026-07-17 08:07:29
2026-06-24,PLAZA,札幌ステラプレイス店,YOU TOKYO,YOU TOKYO ヘアミルク CW,1,2680,2026-06,2026-07-17 08:07:29
2026-06-24,PLAZA,ルミネ池袋店,YOU TOKYO,YOU TOKYO ヘアミルク RR,1,2680,2026-06,2026-07-17 08:07:29
2026-06-24,PLAZA,イオンモールむさし村山店,YOU TOKYO,YOU TOKYO ヘアミルク RR,1,2680,2026-06,2026-07-17 08:07:29
2026-06-24,PLAZA,舞浜イクスピアリ店,ラフドット,ラフドット インティメイトウォッシュ PM,1,3582,2026-06,2026-07-17 08:07:29
2026-06-24,PLAZA,舞浜イクスピアリ店,（不明）,フルーシー ビヨウエキクロミ,3,7500,2026-06,2026-07-17 08:07:29
2026-06-24,PLAZA,越谷イオンレイクタウン店,（不明）,フルーシー ビヨウエキクロミ,1,2500,2026-06,2026-07-17 08:07:29
2026-06-24,PLAZA,越谷イオンレイクタウン店,（不明）,フルーシービタミンドロップクロミ,1,900,2026-06,2026-07-17 08:07:29
2026-06-24,PLAZA,アトレ吉祥寺店,（不明）,フルーシー ビヨウエキクロミ,1,2500,2026-06,2026-07-17 08:07:29
2026-06-24,PLAZA,ルクア大阪店,（不明）,フルーシービタミンドロップクロミ,2,1800,2026-06,2026-07-17 08:07:29
2026-06-24,PLAZA,ルクア大阪店,YOU TOKYO,YOU TOKYO ヘアミルク CW,3,8040,2026-06,2026-07-17 08:07:29
2026-06-24,PLAZA,イーアスつくば店,ラフドット,ラフドット インティメイトミスト MV,1,3132,2026-06,2026-07-17 08:07:29
2026-06-24,PLAZA,ららテラス武蔵小杉店,ラフドット,ラフドット ヤクヨウホワイトセラム,1,3237,2026-06,2026-07-17 08:07:29
2026-06-24,PLAZA,ラスカ茅ケ崎店,（不明）,フルーシー ビヨウエキクロミ,1,2500,2026-06,2026-07-17 08:07:29
2026-06-24,PLAZA,ラスカ茅ケ崎店,（不明）,フルーシービタミンドロップクロミ,1,900,2026-06,2026-07-17 08:07:29
2026-06-24,PLAZA,ラスカ茅ケ崎店,ラフドット,ラフドット ヘアリムーバー,1,3400,2026-06,2026-07-17 08:07:29
2026-06-24,PLAZA,ラスカ茅ケ崎店,YOU TOKYO,YOU TOKYO ヘアミルク RR,1,2680,2026-06,2026-07-17 08:07:29
2026-06-24,PLAZA,金沢フォーラス店,ラフドット,ラフドット インティメイトウォッシュ PM,1,3582,2026-06,2026-07-17 08:07:29
2026-06-24,PLAZA,静岡パルシェ店,ラフドット,ラフドット インティメイトウォッシュ SB,2,7164,2026-06,2026-07-17 08:07:29
2026-06-24,PLAZA,ペリエ千葉店,YOU TOKYO,YOU TOKYO ヘアミルク CW,2,5360,2026-06,2026-07-17 08:07:29
2026-06-24,PLAZA,名古屋ユニモール店,ラフドット,ラフドット インティメイトウォッシュ PM,1,3582,2026-06,2026-07-17 08:07:29
2026-06-24,PLAZA,心斎橋パルコ店,（不明）,フルーシー ビヨウエキクロミ,1,2500,2026-06,2026-07-17 08:07:29
2026-06-24,PLAZA,心斎橋パルコ店,YOU TOKYO,YOU TOKYO ヘアミルク RR,1,2680,2026-06,2026-07-17 08:07:29
2026-06-24,PLAZA,ペリエ稲毛店,ラフドット,ラフドット インティメイトウォッシュ SB,1,3582,2026-06,2026-07-17 08:07:29
2026-06-24,PLAZA,船橋東武店,YOU TOKYO,YOU TOKYO ヘアミルク CW,1,2680,2026-06,2026-07-17 08:07:29
2026-06-24,PLAZA,ルミネ有楽町店,YOU TOKYO,YOU TOKYO ヘアミルク RR,2,5360,2026-06,2026-07-17 08:07:29
2026-06-24,PLAZA,プラザイオンモール日の出店,（不明）,フルーシービタミンドロップクロミ,3,2700,2026-06,2026-07-17 08:07:29
2026-06-24,PLAZA,プラザミナモア広島店,（不明）,フルーシービタミンドロップクロミ,1,900,2026-06,2026-07-17 08:07:29
2026-06-24,PLAZA,プラザミナモア広島店,YOU TOKYO,YOU TOKYO ヘアミルク RR,2,5360,2026-06,2026-07-17 08:07:29
2026-06-24,PLAZA,プラザイオンモール宮崎店,ラフドット,ラフドット インティメイトFミスト SB,1,3132,2026-06,2026-07-17 08:07:29
2026-06-24,PLAZA,プラザららぽーと磐田店,（不明）,フルーシービタミンドロップクロミ,3,2700,2026-06,2026-07-17 08:07:29
2026-06-24,PLAZA,プラザイオンモール四條畷店,（不明）,フルーシービタミンドロップクロミ,2,1800,2026-06,2026-07-17 08:07:29
2026-06-24,PLAZA,プラザイオンモール川口前川店,ラフドット,ラフドット インティメイトウォッシュ SB,1,3582,2026-06,2026-07-17 08:07:29
2026-06-24,PLAZA,プラザイオンモール福岡店,ラフドット,ラフドット インティメイトウォッシュ SB,1,3582,2026-06,2026-07-17 08:07:29
2026-06-24,PLAZA,イオンモール沖縄ライカム店,ラフドット,ラフドット インティメイトウォッシュ PM,1,3582,2026-06,2026-07-17 08:07:29
2026-06-24,PLAZA,神戸ハーバーランドumie店,ラフドット,ラフドット インティメイトウォッシュ PM,1,3582,2026-06,2026-07-17 08:07:29
2026-06-24,PLAZA,プラザイオンモール浜松市野店,ラフドット,ラフドット インティメイトウォッシュ SB,1,3582,2026-06,2026-07-17 08:07:29
2026-06-24,PLAZA,ファッションクルーズひたちなか,ラフドット,ラフドット インティメイトウォッシュ SB,1,3582,2026-06,2026-07-17 08:07:29
2026-06-24,PLAZA,プラザイオンモール津南店,ラフドット,ラフドット インティメイトウォッシュ PM,1,3582,2026-06,2026-07-17 08:07:29
2026-06-24,PLAZA,プラザ鶴岡エスモール店,ラフドット,ラフドット インティメイトウォッシュ PM,1,3582,2026-06,2026-07-17 08:07:29
2026-06-24,PLAZA,プラザイオンモール須坂店,ラフドット,ラフドット インティメイトウォッシュ PM,1,3582,2026-06,2026-07-17 08:07:29
2026-06-24,PLAZA,オンラインストア,（不明）,ワキキュア,3,10854,2026-06,2026-07-17 08:07:29
2026-06-24,PLAZA,オンラインストア,YOU TOKYO,YOU TOKYO ヘアミルク CW,1,2680,2026-06,2026-07-17 08:07:29
2026-06-24,PLAZA,オンラインストア,YOU TOKYO,YOU TOKYO ヘアミルク RR,4,10720,2026-06,2026-07-17 08:07:29
2026-06-23,PLAZA,玉川高島屋SC店,YOU TOKYO,YOU TOKYO ヘアミルク CW,1,2680,2026-06,2026-07-17 08:07:29
2026-06-23,PLAZA,ルミネ横浜店,（不明）,フルーシービタミンドロップクロミ,1,900,2026-06,2026-07-17 08:07:29
2026-06-23,PLAZA,ルミネ大宮店,ラフドット,ラフドット インティメイトウォッシュ SB,1,3582,2026-06,2026-07-17 08:07:29
2026-06-23,PLAZA,ルミネ大宮店,ラフドット,ラフドット インティメイトウォッシュ PM,1,3582,2026-06,2026-07-17 08:07:29
2026-06-23,PLAZA,ルミネ大宮店,YOU TOKYO,YOU TOKYO ヘアミルク RR,2,5360,2026-06,2026-07-17 08:07:29
2026-06-23,PLAZA,ルミネ新宿店,ラフドット,ラフドット インティメイトFミスト SB,1,3132,2026-06,2026-07-17 08:07:29
2026-06-23,PLAZA,ルミネ新宿店,ラフドット,ラフドット インティメイトウォッシュ PM,1,3582,2026-06,2026-07-17 08:07:29
2026-06-23,PLAZA,ルミネ新宿店,（不明）,フルーシービタミンドロップクロミ,1,900,2026-06,2026-07-17 08:07:29
2026-06-23,PLAZA,ルミネ新宿店,YOU TOKYO,YOU TOKYO ヘアミルク CW,2,5360,2026-06,2026-07-17 08:07:29
2026-06-23,PLAZA,ルミネ新宿店,YOU TOKYO,YOU TOKYO ヘアミルク RR,1,2680,2026-06,2026-07-17 08:07:29
2026-06-23,PLAZA,ルミネ新宿店,YOU TOKYO,YOU TOKYO ヘアオイル RR,1,2280,2026-06,2026-07-17 08:07:29
2026-06-23,PLAZA,アミュプラザ小倉店,YOU TOKYO,YOU TOKYO ヘアミルク RR,1,2680,2026-06,2026-07-17 08:07:29
2026-06-23,PLAZA,京都ポルタ店,ラフドット,ラフドット インティメイトウォッシュ SB,2,7164,2026-06,2026-07-17 08:07:29
2026-06-23,PLAZA,京都ポルタ店,YOU TOKYO,YOU TOKYO ヘアミルク CW,1,2680,2026-06,2026-07-17 08:07:29
2026-06-23,PLAZA,イオンモール羽生店,YOU TOKYO,YOU TOKYO ヘアミルク RR,1,2680,2026-06,2026-07-17 08:07:29
2026-06-23,PLAZA,新越谷ヴァリエ店,ラフドット,ラフドット インティメイトウォッシュ SB,1,3582,2026-06,2026-07-17 08:07:29
2026-06-23,PLAZA,新越谷ヴァリエ店,ラフドット,ラフドット インティメイトウォッシュ PM,1,3582,2026-06,2026-07-17 08:07:29
2026-06-23,PLAZA,新越谷ヴァリエ店,（不明）,フルーシービタミンドロップクロミ,1,900,2026-06,2026-07-17 08:07:29
2026-06-23,PLAZA,新越谷ヴァリエ店,YOU TOKYO,YOU TOKYO ヘアミルク CW,1,2680,2026-06,2026-07-17 08:07:29
2026-06-23,PLAZA,福岡ソラリアプラザ店,ラフドット,ラフドット インティメイトウォッシュ SB,1,3582,2026-06,2026-07-17 08:07:29
2026-06-23,PLAZA,福岡ソラリアプラザ店,（不明）,ワキキュア,1,3618,2026-06,2026-07-17 08:07:29
2026-06-23,PLAZA,大船ルミネウイング店,ラフドット,ラフドット インティメイトウォッシュ PM,2,7164,2026-06,2026-07-17 08:07:29
2026-06-23,PLAZA,大船ルミネウイング店,YOU TOKYO,YOU TOKYO ヘアミルク CW,1,2680,2026-06,2026-07-17 08:07:29
2026-06-23,PLAZA,ルミネエスト新宿店,（不明）,フルーシー ビヨウエキクロミ,1,2500,2026-06,2026-07-17 08:07:29
2026-06-23,PLAZA,天王寺ミオ店,ラフドット,ラフドット インティメイトウォッシュ SB,1,3582,2026-06,2026-07-17 08:07:29
2026-06-23,PLAZA,天王寺ミオ店,（不明）,フルーシー ビヨウエキクロミ,1,2500,2026-06,2026-07-17 08:07:29
2026-06-23,PLAZA,天王寺ミオ店,YOU TOKYO,YOU TOKYO ヘアミルク CW,2,5360,2026-06,2026-07-17 08:07:29
2026-06-23,PLAZA,天王寺ミオ店,YOU TOKYO,YOU TOKYO ヘアミルク RR,1,2680,2026-06,2026-07-17 08:07:29
2026-06-23,PLAZA,アトレ川越店,YOU TOKYO,YOU TOKYO ヘアミルク CW,1,2680,2026-06,2026-07-17 08:07:29
2026-06-23,PLAZA,アトレ恵比寿店,YOU TOKYO,YOU TOKYO ヘアミルク CW,1,2680,2026-06,2026-07-17 08:07:29
2026-06-23,PLAZA,なんばシティ店,YOU TOKYO,YOU TOKYO ヘアミルク CW,2,5360,2026-06,2026-07-17 08:07:29
2026-06-23,PLAZA,ルミネ町田店,ラフドット,ラフドット インティメイトウォッシュ PM,1,3582,2026-06,2026-07-17 08:07:29
2026-06-23,PLAZA,ルミネ町田店,YOU TOKYO,YOU TOKYO ヘアミルク CW,1,2680,2026-06,2026-07-17 08:07:29
2026-06-23,PLAZA,ルミネ町田店,YOU TOKYO,YOU TOKYO ヘアミルク RR,1,2680,2026-06,2026-07-17 08:07:29
2026-06-23,PLAZA,池袋パルコ店,（不明）,フルーシー ビヨウエキクロミ,1,2500,2026-06,2026-07-17 08:07:29
2026-06-23,PLAZA,池袋パルコ店,YOU TOKYO,YOU TOKYO ヘアミルク CW,1,2680,2026-06,2026-07-17 08:07:29
2026-06-23,PLAZA,京橋京阪モール店,ラフドット,ラフドット インティメイトウォッシュ SB,1,3582,2026-06,2026-07-17 08:07:29
2026-06-23,PLAZA,京橋京阪モール店,YOU TOKYO,YOU TOKYO ヘアミルク RR,1,2680,2026-06,2026-07-17 08:07:29
2026-06-23,PLAZA,京橋京阪モール店,YOU TOKYO,YOU TOKYO ヘアオイル BS,1,2280,2026-06,2026-07-17 08:07:29
2026-06-23,PLAZA,エスパル仙台店,ラフドット,ラフドット インティメイトウォッシュ SB,1,3582,2026-06,2026-07-17 08:07:29
2026-06-23,PLAZA,ルミネ北千住店,ラフドット,ラフドット インティメイトウォッシュ SB,1,3582,2026-06,2026-07-17 08:07:29
2026-06-23,PLAZA,ルミネ北千住店,ラフドット,ラフドット インティメイトウォッシュ PM,1,3582,2026-06,2026-07-17 08:07:29
2026-06-23,PLAZA,札幌ステラプレイス店,YOU TOKYO,YOU TOKYO ヘアミルク CW,1,2680,2026-06,2026-07-17 08:07:29
2026-06-23,PLAZA,水戸エクセル店,ラフドット,ラフドット インティメイトウォッシュ SB,1,3582,2026-06,2026-07-17 08:07:29
2026-06-23,PLAZA,ルミネ池袋店,（不明）,フルーシービタミンドロップクロミ,1,900,2026-06,2026-07-17 08:07:29
2026-06-23,PLAZA,ルミネ池袋店,（不明）,ワキキュア,1,3618,2026-06,2026-07-17 08:07:29
2026-06-23,PLAZA,ルミネ池袋店,YOU TOKYO,YOU TOKYO ヘアミルク RR,1,2680,2026-06,2026-07-17 08:07:29
2026-06-23,PLAZA,舞浜イクスピアリ店,（不明）,フルーシービタミンドロップクロミ,1,900,2026-06,2026-07-17 08:07:29
2026-06-23,PLAZA,三井アウトレットパーク入間店,（不明）,フルーシー ビヨウエキクロミ,1,2500,2026-06,2026-07-17 08:07:29
2026-06-23,PLAZA,三井アウトレットパーク入間店,（不明）,フルーシービタミンドロップクロミ,1,900,2026-06,2026-07-17 08:07:29
2026-06-23,PLAZA,越谷イオンレイクタウン店,（不明）,フルーシービタミンドロップクロミ,1,900,2026-06,2026-07-17 08:07:29
2026-06-23,PLAZA,越谷イオンレイクタウン店,YOU TOKYO,YOU TOKYO ヘアミルク RR,1,2680,2026-06,2026-07-17 08:07:29
2026-06-23,PLAZA,ルクア大阪店,YOU TOKYO,YOU TOKYO ヘアミルク RR,1,2680,2026-06,2026-07-17 08:07:29
2026-06-23,PLAZA,イオンモール幕張新都心店,ラフドット,ラフドット インティメイトウォッシュ MV,1,3582,2026-06,2026-07-17 08:07:29
2026-06-23,PLAZA,イーアスつくば店,ラフドット,ラフドット インティメイトウォッシュ PM,1,3582,2026-06,2026-07-17 08:07:29
2026-06-23,PLAZA,ららテラス武蔵小杉店,ラフドット,ラフドット インティメイトウォッシュ PM,1,3582,2026-06,2026-07-17 08:07:29
2026-06-23,PLAZA,ららテラス武蔵小杉店,（不明）,フルーシー ビヨウエキクロミ,1,2500,2026-06,2026-07-17 08:07:29
2026-06-23,PLAZA,ららテラス武蔵小杉店,（不明）,フルーシービタミンドロップクロミ,2,1800,2026-06,2026-07-17 08:07:29
2026-06-23,PLAZA,軽井沢プリンスショッピングP店,YOU TOKYO,YOU TOKYO ヘアミルク CW,1,2680,2026-06,2026-07-17 08:07:29
2026-06-23,PLAZA,金沢フォーラス店,ラフドット,ラフドット インティメイトウォッシュ SB,1,3582,2026-06,2026-07-17 08:07:29
2026-06-23,PLAZA,金沢フォーラス店,（不明）,ワキキュア,1,3618,2026-06,2026-07-17 08:07:29
2026-06-23,PLAZA,静岡パルシェ店,ラフドット,ラフドット インティメイトウォッシュ SB,3,10746,2026-06,2026-07-17 08:07:29
2026-06-23,PLAZA,京都四条店,（不明）,フルーシー ビヨウエキクロミ,1,2500,2026-06,2026-07-17 08:07:29
2026-06-23,PLAZA,ペリエ千葉店,YOU TOKYO,YOU TOKYO ヘアミルク CW,1,2680,2026-06,2026-07-17 08:07:29
2026-06-23,PLAZA,名古屋ユニモール店,ラフドット,ラフドット インティメイトウォッシュ PM,1,3582,2026-06,2026-07-17 08:07:29
2026-06-23,PLAZA,名古屋ユニモール店,（不明）,フルーシー ビヨウエキクロミ,1,2500,2026-06,2026-07-17 08:07:29
2026-06-23,PLAZA,船橋東武店,ラフドット,ラフドット インティメイトウォッシュ SB,1,3582,2026-06,2026-07-17 08:07:29
2026-06-23,PLAZA,船橋東武店,ラフドット,ラフドット インティメイトウォッシュ PM,1,3582,2026-06,2026-07-17 08:07:29
2026-06-23,PLAZA,船橋東武店,YOU TOKYO,YOU TOKYO ヘアミルク CW,3,8040,2026-06,2026-07-17 08:07:29
2026-06-23,PLAZA,船橋東武店,YOU TOKYO,YOU TOKYO ヘアオイル BS,1,2280,2026-06,2026-07-17 08:07:29
2026-06-23,PLAZA,コクーンシティさいたま新都心店,（不明）,ワキキュア,1,3618,2026-06,2026-07-17 08:07:29
2026-06-23,PLAZA,コクーンシティさいたま新都心店,YOU TOKYO,YOU TOKYO ヘアミルク RR,1,2680,2026-06,2026-07-17 08:07:29
2026-06-23,PLAZA,名古屋サカエチカ店,ラフドット,ラフドット インティメイトウォッシュ PM,1,3582,2026-06,2026-07-17 08:07:29
2026-06-23,PLAZA,プラザイオンモール筑紫野店,ラフドット,ラフドット インティメイトウォッシュ PM,1,3582,2026-06,2026-07-17 08:07:29
2026-06-23,PLAZA,プラザイオンモール浦和美園店,ラフドット,ラフドット インティメイトウォッシュ PM,1,3582,2026-06,2026-07-17 08:07:29
2026-06-23,PLAZA,プラザミナモア広島店,ラフドット,ラフドット インティメイトウォッシュ PM,3,10746,2026-06,2026-07-17 08:07:29
2026-06-23,PLAZA,プラザミナモア広島店,（不明）,フルーシービタミンドロップクロミ,1,900,2026-06,2026-07-17 08:07:29
2026-06-23,PLAZA,プラザミナモア広島店,YOU TOKYO,YOU TOKYO ヘアミルク RR,2,5360,2026-06,2026-07-17 08:07:29
2026-06-23,PLAZA,プラザイオンモール木曽川店,ラフドット,ラフドット インティメイトウォッシュ SB,1,3582,2026-06,2026-07-17 08:07:29
2026-06-23,PLAZA,プラザイオンモール川口前川店,（不明）,フルーシービタミンドロップクロミ,1,900,2026-06,2026-07-17 08:07:29
2026-06-23,PLAZA,プラザイオンモール浜松市野店,ラフドット,ラフドット インティメイトウォッシュ SB,1,3582,2026-06,2026-07-17 08:07:29
2026-06-23,PLAZA,プラザシャミネ松江店,ラフドット,ラフドット インティメイトウォッシュ SB,1,3582,2026-06,2026-07-17 08:07:29
2026-06-23,PLAZA,プラザシャミネ鳥取店,ラフドット,ラフドット インティメイトウォッシュ PM,1,3582,2026-06,2026-07-17 08:07:29
2026-06-23,PLAZA,プラザイオンモール津南店,（不明）,フルーシー ビヨウエキクロミ,2,5000,2026-06,2026-07-17 08:07:29
2026-06-23,PLAZA,オンラインストア,ラフドット,ラフドット インティメイトウォッシュ PM,1,3582,2026-06,2026-07-17 08:07:29
2026-06-23,PLAZA,オンラインストア,（不明）,フルーシー ビヨウエキクロミ,2,5000,2026-06,2026-07-17 08:07:29
2026-06-23,PLAZA,オンラインストア,ラフドット,ラフドット ヘアリムーバー,2,6800,2026-06,2026-07-17 08:07:29
2026-06-23,PLAZA,オンラインストア,（不明）,ワキキュア,1,3618,2026-06,2026-07-17 08:07:29
2026-06-23,PLAZA,オンラインストア,YOU TOKYO,YOU TOKYO ヘアミルク CW,2,5360,2026-06,2026-07-17 08:07:29
2026-06-23,PLAZA,オンラインストア,YOU TOKYO,YOU TOKYO ヘアミルク RR,12,32160,2026-06,2026-07-17 08:07:29
2026-06-23,PLAZA,オンラインストア,YOU TOKYO,YOU TOKYO ヘアオイル RR,2,4560,2026-06,2026-07-17 08:07:29
2026-06-22,PLAZA,玉川高島屋SC店,YOU TOKYO,YOU TOKYO ヘアオイル BS,2,4560,2026-06,2026-07-17 08:07:29
2026-06-22,PLAZA,ルミネ横浜店,ラフドット,ラフドット インティメイトウォッシュ PM,1,3582,2026-06,2026-07-17 08:07:29
2026-06-22,PLAZA,ルミネ横浜店,（不明）,フルーシービタミンドロップクロミ,1,900,2026-06,2026-07-17 08:07:29
2026-06-22,PLAZA,ルミネ横浜店,YOU TOKYO,YOU TOKYO ヘアミルク RR,1,2680,2026-06,2026-07-17 08:07:29
2026-06-22,PLAZA,ルミネ横浜店,YOU TOKYO,YOU TOKYO ヘアオイル RR,1,2280,2026-06,2026-07-17 08:07:29
2026-06-22,PLAZA,アトレ大井町店,YOU TOKYO,YOU TOKYO ヘアミルク RR,1,2680,2026-06,2026-07-17 08:07:29
2026-06-22,PLAZA,ルミネ大宮店,ラフドット,ラフドット インティメイトウォッシュ PM,1,3582,2026-06,2026-07-17 08:07:29
2026-06-22,PLAZA,ルミネ大宮店,（不明）,フルーシー ビヨウエキクロミ,2,5000,2026-06,2026-07-17 08:07:29
2026-06-22,PLAZA,ルミネ大宮店,（不明）,フルーシービタミンドロップクロミ,2,1800,2026-06,2026-07-17 08:07:29
2026-06-22,PLAZA,ルミネ大宮店,YOU TOKYO,YOU TOKYO ヘアミルク RR,1,2680,2026-06,2026-07-17 08:07:29
2026-06-22,PLAZA,ルミネ新宿店,（不明）,フルーシービタミンドロップクロミ,2,1800,2026-06,2026-07-17 08:07:29
2026-06-22,PLAZA,ルミネ新宿店,YOU TOKYO,YOU TOKYO ヘアミルク CW,1,2680,2026-06,2026-07-17 08:07:29
2026-06-22,PLAZA,アミュプラザ小倉店,YOU TOKYO,YOU TOKYO ヘアミルク RR,1,2680,2026-06,2026-07-17 08:07:29
2026-06-22,PLAZA,汐留シオサイト店,ラフドット,ラフドット インティメイトウォッシュ SB,1,3582,2026-06,2026-07-17 08:07:29
2026-06-22,PLAZA,汐留シオサイト店,ラフドット,ラフドット インティメイトFミスト SB,1,3132,2026-06,2026-07-17 08:07:29
2026-06-22,PLAZA,京都ポルタ店,YOU TOKYO,YOU TOKYO ヘアミルク RR,1,2680,2026-06,2026-07-17 08:07:29
2026-06-22,PLAZA,イオンモール羽生店,YOU TOKYO,YOU TOKYO ヘアミルク RR,1,2680,2026-06,2026-07-17 08:07:29
2026-06-22,PLAZA,五反田東急スクエア店,ラフドット,ラフドット インティメイトウォッシュ PM,1,3582,2026-06,2026-07-17 08:07:29
2026-06-22,PLAZA,五反田東急スクエア店,（不明）,フルーシービタミンドロップクロミ,1,900,2026-06,2026-07-17 08:07:29
2026-06-22,PLAZA,イオンモール堺北花田店,ラフドット,ラフドット インティメイトウォッシュ PM,1,3582,2026-06,2026-07-17 08:07:29
2026-06-22,PLAZA,柏高島屋ステーションモール店,ラフドット,ラフドット インティメイトウォッシュ PM,1,3582,2026-06,2026-07-17 08:07:29
2026-06-22,PLAZA,大船ルミネウイング店,YOU TOKYO,YOU TOKYO ヘアミルク RR,1,2680,2026-06,2026-07-17 08:07:29
2026-06-22,PLAZA,ルミネエスト新宿店,ラフドット,ラフドット インティメイトウォッシュ LV,1,3582,2026-06,2026-07-17 08:07:29
2026-06-22,PLAZA,ルミネエスト新宿店,ラフドット,ラフドット インティメイトウォッシュ MV,1,3582,2026-06,2026-07-17 08:07:29
2026-06-22,PLAZA,ルミネエスト新宿店,YOU TOKYO,YOU TOKYO ヘアオイル RR,1,2280,2026-06,2026-07-17 08:07:29
2026-06-22,PLAZA,アトレ川越店,（不明）,フルーシー ビヨウエキクロミ,2,5000,2026-06,2026-07-17 08:07:29
2026-06-22,PLAZA,アトレ川越店,（不明）,フルーシービタミンドロップクロミ,1,900,2026-06,2026-07-17 08:07:29
2026-06-22,PLAZA,ウイング上大岡店,YOU TOKYO,YOU TOKYO ヘアミルク RR,1,2680,2026-06,2026-07-17 08:07:29
2026-06-22,PLAZA,アトレ恵比寿店,ラフドット,ラフドット インティメイトウォッシュ PM,1,3582,2026-06,2026-07-17 08:07:29
2026-06-22,PLAZA,アトレ恵比寿店,（不明）,フルーシー ビヨウエキクロミ,1,2500,2026-06,2026-07-17 08:07:29
2026-06-22,PLAZA,アトレ川崎店,YOU TOKYO,YOU TOKYO ヘアミルク RR,1,2680,2026-06,2026-07-17 08:07:29
2026-06-22,PLAZA,ルミネ町田店,YOU TOKYO,YOU TOKYO ヘアミルク RR,1,2680,2026-06,2026-07-17 08:07:29
2026-06-22,PLAZA,ららぽーとTOKYO-BAY店,YOU TOKYO,YOU TOKYO ヘアミルク RR,1,2680,2026-06,2026-07-17 08:07:29
2026-06-22,PLAZA,京橋京阪モール店,ラフドット,ラフドット インティメイトウォッシュ SB,1,3582,2026-06,2026-07-17 08:07:29
2026-06-22,PLAZA,京橋京阪モール店,（不明）,フルーシー ビヨウエキクロミ,1,2500,2026-06,2026-07-17 08:07:29
2026-06-22,PLAZA,京橋京阪モール店,（不明）,フルーシービタミンドロップクロミ,1,900,2026-06,2026-07-17 08:07:29
2026-06-22,PLAZA,エスパル仙台店,ラフドット,ラフドット インティメイトウォッシュ SB,1,3582,2026-06,2026-07-17 08:07:29
2026-06-22,PLAZA,エスパル仙台店,YOU TOKYO,YOU TOKYO ヘアオイル RR,1,2280,2026-06,2026-07-17 08:07:29
2026-06-22,PLAZA,ルミネ北千住店,（不明）,フルーシー ビヨウエキクロミ,1,2500,2026-06,2026-07-17 08:07:29
2026-06-22,PLAZA,ルミネ池袋店,ラフドット,ラフドット インティメイトウォッシュ SB,1,3582,2026-06,2026-07-17 08:07:29
2026-06-22,PLAZA,イオンモールむさし村山店,ラフドット,ラフドット インティメイトウォッシュ PM,1,3582,2026-06,2026-07-17 08:07:29
2026-06-22,PLAZA,三井アウトレットパーク入間店,ラフドット,ラフドット インティメイトウォッシュ PM,1,3582,2026-06,2026-07-17 08:07:29
2026-06-22,PLAZA,三井アウトレットパーク入間店,ラフドット,ラフドット インティメイトウォッシュ LV,1,3582,2026-06,2026-07-17 08:07:29
2026-06-22,PLAZA,越谷イオンレイクタウン店,（不明）,フルーシー ビヨウエキクロミ,5,12500,2026-06,2026-07-17 08:07:29
2026-06-22,PLAZA,越谷イオンレイクタウン店,YOU TOKYO,YOU TOKYO ヘアミルク CW,1,2680,2026-06,2026-07-17 08:07:29
2026-06-22,PLAZA,越谷イオンレイクタウン店,YOU TOKYO,YOU TOKYO ヘアオイル BS,2,4560,2026-06,2026-07-17 08:07:29
2026-06-22,PLAZA,阪急西宮ガーデンズ店,ラフドット,ラフドット インティメイトウォッシュ PM,1,3582,2026-06,2026-07-17 08:07:29
2026-06-22,PLAZA,たまプラーザテラス店,ラフドット,ラフドット インティメイトウォッシュ PM,1,3582,2026-06,2026-07-17 08:07:29
2026-06-22,PLAZA,ルクア大阪店,ラフドット,ラフドット インティメイトウォッシュ PM,1,3582,2026-06,2026-07-17 08:07:29
2026-06-22,PLAZA,ルクア大阪店,（不明）,フルーシービタミンドロップクロミ,1,900,2026-06,2026-07-17 08:07:29
2026-06-22,PLAZA,ルクア大阪店,YOU TOKYO,YOU TOKYO ヘアミルク RR,2,5360,2026-06,2026-07-17 08:07:29
2026-06-22,PLAZA,ルクア大阪店,YOU TOKYO,YOU TOKYO ヘアオイル RR,1,2280,2026-06,2026-07-17 08:07:29
2026-06-22,PLAZA,上野マルイ店,ラフドット,ラフドット インティメイトウォッシュ PM,1,3582,2026-06,2026-07-17 08:07:29
2026-06-22,PLAZA,イーアスつくば店,ラフドット,ラフドット インティメイトウォッシュ LV,1,3582,2026-06,2026-07-17 08:07:29
2026-06-22,PLAZA,軽井沢プリンスショッピングP店,YOU TOKYO,YOU TOKYO ヘアミルク RR,1,2680,2026-06,2026-07-17 08:07:29
2026-06-22,PLAZA,ラスカ茅ケ崎店,ラフドット,ラフドット インティメイトウォッシュ PM,1,3582,2026-06,2026-07-17 08:07:29
2026-06-22,PLAZA,ラスカ茅ケ崎店,（不明）,フルーシー ビヨウエキクロミ,1,2500,2026-06,2026-07-17 08:07:29
2026-06-22,PLAZA,ラスカ茅ケ崎店,ラフドット,ラフドット ヘアリムーバー,1,3400,2026-06,2026-07-17 08:07:29
2026-06-22,PLAZA,ラスカ茅ケ崎店,YOU TOKYO,YOU TOKYO ヘアミルク CW,1,2680,2026-06,2026-07-17 08:07:29
2026-06-22,PLAZA,金沢フォーラス店,ラフドット,ラフドット インティメイトウォッシュ PM,1,3582,2026-06,2026-07-17 08:07:29
2026-06-22,PLAZA,京都四条店,（不明）,フルーシー ビヨウエキクロミ,1,2500,2026-06,2026-07-17 08:07:29
2026-06-22,PLAZA,京都四条店,（不明）,フルーシービタミンドロップクロミ,1,900,2026-06,2026-07-17 08:07:29
2026-06-22,PLAZA,ペリエ千葉店,ラフドット,ラフドット インティメイトウォッシュ SB,1,3582,2026-06,2026-07-17 08:07:29
2026-06-22,PLAZA,ペリエ千葉店,YOU TOKYO,YOU TOKYO ヘアミルク CW,1,2680,2026-06,2026-07-17 08:07:29
2026-06-22,PLAZA,名古屋ユニモール店,ラフドット,ラフドット インティメイトウォッシュ LV,1,3582,2026-06,2026-07-17 08:07:29
2026-06-22,PLAZA,ペリエ稲毛店,ラフドット,ラフドット インティメイトウォッシュ SB,1,3582,2026-06,2026-07-17 08:07:29
2026-06-22,PLAZA,錦糸町テルミナ2店,ラフドット,ラフドット インティメイトミスト MV,1,3132,2026-06,2026-07-17 08:07:29
2026-06-22,PLAZA,ルミネ有楽町店,（不明）,ワキキュア,1,3618,2026-06,2026-07-17 08:07:29
2026-06-22,PLAZA,池袋サンシャインシティアルパ店,ラフドット,ラフドット インティメイトウォッシュ PM,1,3582,2026-06,2026-07-17 08:07:29
2026-06-22,PLAZA,コクーンシティさいたま新都心店,ラフドット,ラフドット インティメイトウォッシュ SB,1,3582,2026-06,2026-07-17 08:07:29
2026-06-22,PLAZA,三井アウトレットパーク岡崎店,ラフドット,ラフドット インティメイトウォッシュ SB,1,3582,2026-06,2026-07-17 08:07:29
2026-06-22,PLAZA,三井アウトレットパーク岡崎店,（不明）,フルーシー ビヨウエキクロミ,1,2500,2026-06,2026-07-17 08:07:29
2026-06-22,PLAZA,プラザイオンモール新居浜店,ラフドット,ラフドット インティメイトウォッシュ PM,1,3582,2026-06,2026-07-17 08:07:29
2026-06-22,PLAZA,プラザららぽーと磐田店,ラフドット,ラフドット インティメイトウォッシュ PM,1,3582,2026-06,2026-07-17 08:07:29
2026-06-22,PLAZA,プラザイオンモール浜松志都呂店,ラフドット,ラフドット インティメイトウォッシュ SB,1,3582,2026-06,2026-07-17 08:07:29
2026-06-22,PLAZA,イオンモール各務原インター店,（不明）,フルーシー ビヨウエキクロミ,1,2500,2026-06,2026-07-17 08:07:29
2026-06-22,PLAZA,プラザイオンモール四條畷店,（不明）,フルーシービタミンドロップクロミ,2,1800,2026-06,2026-07-17 08:07:29
2026-06-22,PLAZA,プラザイオンモール川口前川店,（不明）,フルーシー ビヨウエキクロミ,1,2500,2026-06,2026-07-17 08:07:29
2026-06-22,PLAZA,イオンモール沖縄ライカム店,ラフドット,ラフドット インティメイトウォッシュ PM,1,3582,2026-06,2026-07-17 08:07:29
2026-06-22,PLAZA,プラザイオンモール豊川店,ラフドット,ラフドット インティメイトウォッシュ SB,1,3582,2026-06,2026-07-17 08:07:29
2026-06-22,PLAZA,プラザイオンモール浜松市野店,ラフドット,ラフドット インティメイトウォッシュ SB,1,3582,2026-06,2026-07-17 08:07:29
2026-06-22,PLAZA,プラザイオンモール浜松市野店,YOU TOKYO,YOU TOKYO ヘアミルク RR,1,2680,2026-06,2026-07-17 08:07:29
2026-06-22,PLAZA,プラザシャミネ松江店,ラフドット,ラフドット インティメイトウォッシュ PM,1,3582,2026-06,2026-07-17 08:07:29
2026-06-22,PLAZA,プラザイオンモール津南店,ラフドット,ラフドット インティメイトウォッシュ SB,1,3582,2026-06,2026-07-17 08:07:29
2026-06-22,PLAZA,プラザ鶴岡エスモール店,ラフドット,ラフドット インティメイトウォッシュ PM,1,3582,2026-06,2026-07-17 08:07:29
2026-06-22,PLAZA,オンラインストア,ラフドット,ラフドット インティメイトウォッシュ SB,1,3582,2026-06,2026-07-17 08:07:29
2026-06-22,PLAZA,オンラインストア,ラフドット,ラフドット インティメイトウォッシュ PM,1,3582,2026-06,2026-07-17 08:07:29
2026-06-22,PLAZA,オンラインストア,（不明）,フルーシービタミンドロップクロミ,3,2700,2026-06,2026-07-17 08:07:29
2026-06-22,PLAZA,オンラインストア,（不明）,ワキキュア,1,3618,2026-06,2026-07-17 08:07:29
2026-06-22,PLAZA,オンラインストア,YOU TOKYO,YOU TOKYO ヘアミルク CW,2,5360,2026-06,2026-07-17 08:07:29
2026-06-22,PLAZA,オンラインストア,YOU TOKYO,YOU TOKYO ヘアミルク RR,16,42880,2026-06,2026-07-17 08:07:29
2026-06-21,PLAZA,梅田ヘップファイブ店,YOU TOKYO,YOU TOKYO ヘアミルク CW,1,2680,2026-06,2026-07-17 08:07:29
2026-06-21,PLAZA,玉川高島屋SC店,YOU TOKYO,YOU TOKYO ヘアミルク RR,2,5360,2026-06,2026-07-17 08:07:29
2026-06-21,PLAZA,玉川高島屋SC店,YOU TOKYO,YOU TOKYO ヘアオイル BS,1,2280,2026-06,2026-07-17 08:07:29
2026-06-21,PLAZA,玉川高島屋SC店,YOU TOKYO,YOU TOKYO ヘアオイル RR,2,4560,2026-06,2026-07-17 08:07:29
2026-06-21,PLAZA,渋谷109店,（不明）,フルーシービタミンドロップクロミ,1,900,2026-06,2026-07-17 08:07:29
2026-06-21,PLAZA,渋谷109店,（不明）,ワキキュア,1,3618,2026-06,2026-07-17 08:07:29
2026-06-21,PLAZA,ルミネ横浜店,ラフドット,ラフドット インティメイトウォッシュ SB,1,3582,2026-06,2026-07-17 08:07:29
2026-06-21,PLAZA,ルミネ横浜店,ラフドット,ラフドット インティメイトFミスト PM,1,3132,2026-06,2026-07-17 08:07:29
2026-06-21,PLAZA,ルミネ横浜店,（不明）,フルーシー ビヨウエキクロミ,1,2500,2026-06,2026-07-17 08:07:29
2026-06-21,PLAZA,ルミネ横浜店,YOU TOKYO,YOU TOKYO ヘアミルク RR,2,5360,2026-06,2026-07-17 08:07:29
2026-06-21,PLAZA,ルミネ大宮店,ラフドット,ラフドット インティメイトウォッシュ MV,2,7164,2026-06,2026-07-17 08:07:29
2026-06-21,PLAZA,ルミネ大宮店,（不明）,ワキキュア,1,3618,2026-06,2026-07-17 08:07:29
2026-06-21,PLAZA,ルミネ新宿店,（不明）,フルーシー ビヨウエキクロミ,3,7500,2026-06,2026-07-17 08:07:29
2026-06-21,PLAZA,ルミネ新宿店,YOU TOKYO,YOU TOKYO ヘアミルク CW,2,5360,2026-06,2026-07-17 08:07:29
2026-06-21,PLAZA,アミュプラザ小倉店,ラフドット,ラフドット インティメイトウォッシュ SB,1,3582,2026-06,2026-07-17 08:07:29
2026-06-21,PLAZA,アミュプラザ小倉店,（不明）,フルーシー ビヨウエキクロミ,1,2500,2026-06,2026-07-17 08:07:29
2026-06-21,PLAZA,アミュプラザ小倉店,（不明）,フルーシービタミンドロップクロミ,1,900,2026-06,2026-07-17 08:07:29
2026-06-21,PLAZA,アミュプラザ小倉店,YOU TOKYO,YOU TOKYO ヘアミルク CW,1,2680,2026-06,2026-07-17 08:07:29
2026-06-21,PLAZA,横浜ジョイナス店,YOU TOKYO,YOU TOKYO ヘアミルク RR,1,2680,2026-06,2026-07-17 08:07:29
2026-06-21,PLAZA,京都ポルタ店,ラフドット,ラフドット インティメイトウォッシュ SB,1,3582,2026-06,2026-07-17 08:07:29
2026-06-21,PLAZA,京都ポルタ店,YOU TOKYO,YOU TOKYO ヘアミルク RR,1,2680,2026-06,2026-07-17 08:07:29
2026-06-21,PLAZA,イオンモール羽生店,ラフドット,ラフドット インティメイトウォッシュ PM,2,7164,2026-06,2026-07-17 08:07:29
2026-06-21,PLAZA,イオンモール羽生店,YOU TOKYO,YOU TOKYO ヘアミルク RR,4,10720,2026-06,2026-07-17 08:07:29
2026-06-21,PLAZA,イオンモール羽生店,YOU TOKYO,YOU TOKYO ヘアオイル RR,1,2280,2026-06,2026-07-17 08:07:29
2026-06-21,PLAZA,新越谷ヴァリエ店,YOU TOKYO,YOU TOKYO ヘアミルク CW,1,2680,2026-06,2026-07-17 08:07:29
2026-06-21,PLAZA,新越谷ヴァリエ店,YOU TOKYO,YOU TOKYO ヘアオイル RR,1,2280,2026-06,2026-07-17 08:07:29
2026-06-21,PLAZA,福岡ソラリアプラザ店,（不明）,ワキキュア,2,7236,2026-06,2026-07-17 08:07:29
2026-06-21,PLAZA,ルミネエスト新宿店,ラフドット,ラフドット インティメイトウォッシュ SB,1,3582,2026-06,2026-07-17 08:07:29
2026-06-21,PLAZA,ルミネエスト新宿店,（不明）,フルーシー ビヨウエキクロミ,1,2500,2026-06,2026-07-17 08:07:29
2026-06-21,PLAZA,天王寺ミオ店,ラフドット,ラフドット インティメイトウォッシュ SB,1,3582,2026-06,2026-07-17 08:07:29
2026-06-21,PLAZA,天王寺ミオ店,ラフドット,ラフドット インティメイトウォッシュ PM,1,3582,2026-06,2026-07-17 08:07:29
2026-06-21,PLAZA,天王寺ミオ店,YOU TOKYO,YOU TOKYO ヘアミルク CW,2,5360,2026-06,2026-07-17 08:07:29
2026-06-21,PLAZA,アトレ川越店,（不明）,フルーシービタミンドロップクロミ,1,900,2026-06,2026-07-17 08:07:29
2026-06-21,PLAZA,ルミネ立川店,（不明）,フルーシー ビヨウエキクロミ,3,7500,2026-06,2026-07-17 08:07:29
2026-06-21,PLAZA,ルミネ立川店,（不明）,フルーシービタミンドロップクロミ,2,1800,2026-06,2026-07-17 08:07:29
2026-06-21,PLAZA,ルミネ立川店,ラフドット,ラフドット インティメイトウォッシュ MV,1,3582,2026-06,2026-07-17 08:07:29
2026-06-21,PLAZA,ウイング上大岡店,（不明）,フルーシー ビヨウエキクロミ,1,2500,2026-06,2026-07-17 08:07:29
2026-06-21,PLAZA,ウイング上大岡店,YOU TOKYO,YOU TOKYO ヘアミルク CW,1,2680,2026-06,2026-07-17 08:07:29
2026-06-21,PLAZA,アトレ恵比寿店,ラフドット,ラフドット インティメイトウォッシュ SB,1,3582,2026-06,2026-07-17 08:07:29
2026-06-21,PLAZA,アトレ恵比寿店,（不明）,フルーシービタミンドロップクロミ,1,900,2026-06,2026-07-17 08:07:29
2026-06-21,PLAZA,アトレ恵比寿店,YOU TOKYO,YOU TOKYO ヘアミルク CW,2,5360,2026-06,2026-07-17 08:07:29
2026-06-21,PLAZA,アトレ川崎店,YOU TOKYO,YOU TOKYO ヘアオイル BS,1,2280,2026-06,2026-07-17 08:07:29
2026-06-21,PLAZA,なんばシティ店,YOU TOKYO,YOU TOKYO ヘアミルク CW,2,5360,2026-06,2026-07-17 08:07:29
2026-06-21,PLAZA,ルミネ町田店,YOU TOKYO,YOU TOKYO ヘアミルク CW,1,2680,2026-06,2026-07-17 08:07:29
2026-06-21,PLAZA,ルミネ町田店,YOU TOKYO,YOU TOKYO ヘアオイル BS,1,2280,2026-06,2026-07-17 08:07:29
2026-06-21,PLAZA,池袋パルコ店,（不明）,フルーシー ビヨウエキクロミ,1,2500,2026-06,2026-07-17 08:07:29
2026-06-21,PLAZA,ららぽーとTOKYO-BAY店,ラフドット,ラフドット インティメイトウォッシュ PM,1,3582,2026-06,2026-07-17 08:07:29
2026-06-21,PLAZA,ららぽーとTOKYO-BAY店,ラフドット,ラフドット インティメイトFミスト PM,2,6264,2026-06,2026-07-17 08:07:29
2026-06-21,PLAZA,ららぽーとTOKYO-BAY店,（不明）,ワキキュア,2,7236,2026-06,2026-07-17 08:07:29
2026-06-21,PLAZA,ららぽーとTOKYO-BAY店,YOU TOKYO,YOU TOKYO ヘアミルク RR,2,5360,2026-06,2026-07-17 08:07:29
2026-06-21,PLAZA,京橋京阪モール店,ラフドット,ラフドット インティメイトウォッシュ MV,1,3582,2026-06,2026-07-17 08:07:29
2026-06-21,PLAZA,エスパル仙台店,YOU TOKYO,YOU TOKYO ヘアミルク RR,1,2680,2026-06,2026-07-17 08:07:29
2026-06-21,PLAZA,札幌ステラプレイス店,（不明）,フルーシービタミンドロップクロミ,1,900,2026-06,2026-07-17 08:07:29
2026-06-21,PLAZA,札幌ステラプレイス店,YOU TOKYO,YOU TOKYO ヘアミルク CW,2,5360,2026-06,2026-07-17 08:07:29
2026-06-21,PLAZA,ルミネ池袋店,ラフドット,ラフドット インティメイトウォッシュ PM,1,3582,2026-06,2026-07-17 08:07:29
2026-06-21,PLAZA,ルミネ池袋店,（不明）,フルーシー ビヨウエキクロミ,1,2500,2026-06,2026-07-17 08:07:29
2026-06-21,PLAZA,ルミネ池袋店,（不明）,フルーシービタミンドロップクロミ,1,900,2026-06,2026-07-17 08:07:29
2026-06-21,PLAZA,ルミネ池袋店,YOU TOKYO,YOU TOKYO ヘアミルク RR,1,2680,2026-06,2026-07-17 08:07:29
2026-06-21,PLAZA,イオンモールむさし村山店,YOU TOKYO,YOU TOKYO ヘアミルク RR,1,2680,2026-06,2026-07-17 08:07:29
2026-06-21,PLAZA,舞浜イクスピアリ店,（不明）,フルーシー ビヨウエキクロミ,1,2500,2026-06,2026-07-17 08:07:29
2026-06-21,PLAZA,三井アウトレットパーク入間店,（不明）,フルーシー ビヨウエキクロミ,1,2500,2026-06,2026-07-17 08:07:29
2026-06-21,PLAZA,越谷イオンレイクタウン店,（不明）,フルーシービタミンドロップクロミ,1,900,2026-06,2026-07-17 08:07:29
2026-06-21,PLAZA,越谷イオンレイクタウン店,（不明）,ワキキュア,1,3618,2026-06,2026-07-17 08:07:29
2026-06-21,PLAZA,越谷イオンレイクタウン店,YOU TOKYO,YOU TOKYO ヘアミルク CW,1,2680,2026-06,2026-07-17 08:07:29
2026-06-21,PLAZA,阪急西宮ガーデンズ店,（不明）,ワキキュア,1,3618,2026-06,2026-07-17 08:07:29
2026-06-21,PLAZA,たまプラーザテラス店,YOU TOKYO,YOU TOKYO ヘアオイル RR,1,2280,2026-06,2026-07-17 08:07:29
2026-06-21,PLAZA,アトレ吉祥寺店,ラフドット,ラフドット インティメイトウォッシュ SB,2,7164,2026-06,2026-07-17 08:07:29
2026-06-21,PLAZA,ルクア大阪店,YOU TOKYO,YOU TOKYO ヘアミルク CW,1,2680,2026-06,2026-07-17 08:07:29
2026-06-21,PLAZA,三井アウトレットパーク木更津店,（不明）,フルーシービタミンドロップクロミ,1,900,2026-06,2026-07-17 08:07:29
2026-06-21,PLAZA,三井アウトレットパーク木更津店,YOU TOKYO,YOU TOKYO ヘアオイル RR,1,2280,2026-06,2026-07-17 08:07:29
2026-06-21,PLAZA,イーアスつくば店,ラフドット,ラフドット インティメイトウォッシュ SB,1,3582,2026-06,2026-07-17 08:07:29
2026-06-21,PLAZA,イーアスつくば店,ラフドット,ラフドット インティメイトFミスト SB,1,3132,2026-06,2026-07-17 08:07:29
2026-06-21,PLAZA,ラスカ茅ケ崎店,（不明）,フルーシー ビヨウエキクロミ,1,2500,2026-06,2026-07-17 08:07:29
2026-06-21,PLAZA,ラスカ茅ケ崎店,YOU TOKYO,YOU TOKYO ヘアミルク CW,2,5360,2026-06,2026-07-17 08:07:29
2026-06-21,PLAZA,金沢フォーラス店,（不明）,ワキキュア,1,3618,2026-06,2026-07-17 08:07:29
2026-06-21,PLAZA,ペリエ千葉店,YOU TOKYO,YOU TOKYO ヘアミルク CW,1,2680,2026-06,2026-07-17 08:07:29
2026-06-21,PLAZA,ペリエ千葉店,YOU TOKYO,YOU TOKYO ヘアミルク RR,1,2680,2026-06,2026-07-17 08:07:29
2026-06-21,PLAZA,ペリエ千葉店,YOU TOKYO,YOU TOKYO ヘアオイル BS,1,2280,2026-06,2026-07-17 08:07:29
2026-06-21,PLAZA,名古屋ユニモール店,（不明）,フルーシービタミンドロップクロミ,1,900,2026-06,2026-07-17 08:07:29
2026-06-21,PLAZA,心斎橋パルコ店,ラフドット,ラフドット インティメイトウォッシュ SB,1,3582,2026-06,2026-07-17 08:07:29
2026-06-21,PLAZA,心斎橋パルコ店,YOU TOKYO,YOU TOKYO ヘアミルク RR,1,2680,2026-06,2026-07-17 08:07:29
2026-06-21,PLAZA,アミュプラザくまもと店,ラフドット,ラフドット インティメイトウォッシュ SB,1,3582,2026-06,2026-07-17 08:07:29
2026-06-21,PLAZA,アトレ松戸店,YOU TOKYO,YOU TOKYO ヘアミルク RR,1,2680,2026-06,2026-07-17 08:07:29
2026-06-21,PLAZA,船橋東武店,YOU TOKYO,YOU TOKYO ヘアミルク CW,1,2680,2026-06,2026-07-17 08:07:29
2026-06-21,PLAZA,錦糸町テルミナ2店,ラフドット,ラフドット インティメイトウォッシュ SB,1,3582,2026-06,2026-07-17 08:07:29
2026-06-21,PLAZA,ルミネ有楽町店,ラフドット,ラフドット インティメイトウォッシュ LV,1,3582,2026-06,2026-07-17 08:07:29
2026-06-21,PLAZA,ルミネ有楽町店,ラフドット,ラフドット インティメイトウォッシュ MV,1,3582,2026-06,2026-07-17 08:07:29
2026-06-21,PLAZA,ルミネ有楽町店,（不明）,ワキキュア,1,3618,2026-06,2026-07-17 08:07:29
2026-06-21,PLAZA,ルミネ有楽町店,YOU TOKYO,YOU TOKYO ヘアミルク RR,1,2680,2026-06,2026-07-17 08:07:29
2026-06-21,PLAZA,ルミネ有楽町店,YOU TOKYO,YOU TOKYO ヘアオイル RR,1,2280,2026-06,2026-07-17 08:07:29
2026-06-21,PLAZA,池袋サンシャインシティアルパ店,ラフドット,ラフドット インティメイトウォッシュ LV,1,3582,2026-06,2026-07-17 08:07:29
2026-06-21,PLAZA,池袋サンシャインシティアルパ店,YOU TOKYO,YOU TOKYO ヘアミルク RR,1,2680,2026-06,2026-07-17 08:07:29
2026-06-21,PLAZA,コクーンシティさいたま新都心店,YOU TOKYO,YOU TOKYO ヘアミルク RR,1,2680,2026-06,2026-07-17 08:07:29
2026-06-21,PLAZA,プラザイオンモール太田店,ラフドット,ラフドット インティメイトウォッシュ SB,1,3582,2026-06,2026-07-17 08:07:29
2026-06-21,PLAZA,プラザイオンモール日の出店,ラフドット,ラフドット インティメイトウォッシュ PM,1,3582,2026-06,2026-07-17 08:07:29
2026-06-21,PLAZA,プラザイオンモール日の出店,（不明）,フルーシービタミンドロップクロミ,2,1800,2026-06,2026-07-17 08:07:29
2026-06-21,PLAZA,プラザミナモア広島店,（不明）,フルーシービタミンドロップクロミ,1,900,2026-06,2026-07-17 08:07:29
2026-06-21,PLAZA,プラザミナモア広島店,YOU TOKYO,YOU TOKYO ヘアミルク RR,3,8040,2026-06,2026-07-17 08:07:29
2026-06-21,PLAZA,プラザイオンモール甲府昭和店,ラフドット,ラフドット インティメイトウォッシュ PM,1,3582,2026-06,2026-07-17 08:07:29
2026-06-21,PLAZA,プラザイオンモール高知店,（不明）,フルーシー ビヨウエキクロミ,2,5000,2026-06,2026-07-17 08:07:29
2026-06-21,PLAZA,プラザイオンモール高知店,（不明）,フルーシービタミンドロップクロミ,1,900,2026-06,2026-07-17 08:07:29
2026-06-21,PLAZA,プラザイオンモール浜松志都呂店,ラフドット,ラフドット インティメイトウォッシュ PM,1,3582,2026-06,2026-07-17 08:07:29
2026-06-21,PLAZA,プラザイオンモール川口前川店,（不明）,フルーシー ビヨウエキクロミ,1,2500,2026-06,2026-07-17 08:07:29
2026-06-21,PLAZA,プラザイオンモール川口前川店,（不明）,フルーシービタミンドロップクロミ,2,1800,2026-06,2026-07-17 08:07:29
2026-06-21,PLAZA,プラザイオンモール福岡店,ラフドット,ラフドット インティメイトウォッシュ PM,1,3582,2026-06,2026-07-17 08:07:29
2026-06-21,PLAZA,プラザイオンモール浜松市野店,ラフドット,ラフドット インティメイトウォッシュ PM,1,3582,2026-06,2026-07-17 08:07:29
2026-06-21,PLAZA,プラザイオンモール浜松市野店,YOU TOKYO,YOU TOKYO ヘアミルク RR,2,5360,2026-06,2026-07-17 08:07:29
2026-06-21,PLAZA,プラザ鶴岡エスモール店,ラフドット,ラフドット インティメイトウォッシュ PM,1,3582,2026-06,2026-07-17 08:07:29
2026-06-21,PLAZA,プラザイオンモール盛岡南店,ラフドット,ラフドット インティメイトウォッシュ SB,1,3582,2026-06,2026-07-17 08:07:29
2026-06-21,PLAZA,プラザイオンモール盛岡南店,ラフドット,ラフドット インティメイトFミスト SB,1,3132,2026-06,2026-07-17 08:07:29
2026-06-21,PLAZA,プラザイオンモール盛岡南店,ラフドット,ラフドット インティメイトウォッシュ PM,1,3582,2026-06,2026-07-17 08:07:29
2026-06-21,PLAZA,プラザイオンモール須坂店,ラフドット,ラフドット インティメイトウォッシュ SB,1,3582,2026-06,2026-07-17 08:07:29
2026-06-20,PLAZA,梅田ヘップファイブ店,ラフドット,ラフドット インティメイトウォッシュ PM,1,3582,2026-06,2026-07-17 08:07:29
2026-06-20,PLAZA,玉川高島屋SC店,YOU TOKYO,YOU TOKYO ヘアミルク CW,3,8040,2026-06,2026-07-17 08:07:29
2026-06-20,PLAZA,玉川高島屋SC店,YOU TOKYO,YOU TOKYO ヘアミルク RR,1,2680,2026-06,2026-07-17 08:07:29
2026-06-20,PLAZA,玉川高島屋SC店,YOU TOKYO,YOU TOKYO ヘアオイル BS,1,2280,2026-06,2026-07-17 08:07:29
2026-06-20,PLAZA,玉川高島屋SC店,YOU TOKYO,YOU TOKYO ヘアオイル RR,2,4560,2026-06,2026-07-17 08:07:29
2026-06-20,PLAZA,ルミネ横浜店,ラフドット,ラフドット インティメイトウォッシュ LV,1,3582,2026-06,2026-07-17 08:07:29
2026-06-20,PLAZA,ルミネ横浜店,（不明）,フルーシービタミンドロップクロミ,1,900,2026-06,2026-07-17 08:07:29
2026-06-20,PLAZA,ルミネ横浜店,YOU TOKYO,YOU TOKYO ヘアオイル RR,1,2280,2026-06,2026-07-17 08:07:29
2026-06-20,PLAZA,ルミネ大宮店,（不明）,フルーシー ビヨウエキクロミ,1,2500,2026-06,2026-07-17 08:07:29
2026-06-20,PLAZA,ルミネ大宮店,（不明）,フルーシービタミンドロップクロミ,1,900,2026-06,2026-07-17 08:07:29
2026-06-20,PLAZA,ルミネ大宮店,YOU TOKYO,YOU TOKYO ヘアミルク RR,1,2680,2026-06,2026-07-17 08:07:29
2026-06-20,PLAZA,ルミネ新宿店,（不明）,フルーシービタミンドロップクロミ,1,900,2026-06,2026-07-17 08:07:29
2026-06-20,PLAZA,ルミネ新宿店,（不明）,ワキキュア,2,7236,2026-06,2026-07-17 08:07:29
2026-06-20,PLAZA,アミュプラザ小倉店,ラフドット,ラフドット インティメイトウォッシュ SB,1,3582,2026-06,2026-07-17 08:07:29
2026-06-20,PLAZA,アミュプラザ小倉店,（不明）,フルーシー ビヨウエキクロミ,1,2500,2026-06,2026-07-17 08:07:29
2026-06-20,PLAZA,アミュプラザ小倉店,YOU TOKYO,YOU TOKYO ヘアミルク CW,4,10720,2026-06,2026-07-17 08:07:29
2026-06-20,PLAZA,汐留シオサイト店,（不明）,フルーシービタミンドロップクロミ,1,900,2026-06,2026-07-17 08:07:29
2026-06-20,PLAZA,横浜ジョイナス店,ラフドット,ラフドット インティメイトウォッシュ SB,2,7164,2026-06,2026-07-17 08:07:29
2026-06-20,PLAZA,横浜ジョイナス店,YOU TOKYO,YOU TOKYO ヘアミルク RR,2,5360,2026-06,2026-07-17 08:07:29
2026-06-20,PLAZA,京都ポルタ店,YOU TOKYO,YOU TOKYO ヘアミルク CW,2,5360,2026-06,2026-07-17 08:07:29
2026-06-20,PLAZA,京都ポルタ店,YOU TOKYO,YOU TOKYO ヘアオイル BS,2,4560,2026-06,2026-07-17 08:07:29
2026-06-20,PLAZA,イオンモール羽生店,YOU TOKYO,YOU TOKYO ヘアミルク RR,3,8040,2026-06,2026-07-17 08:07:29
2026-06-20,PLAZA,イオンモール羽生店,YOU TOKYO,YOU TOKYO ヘアオイル RR,1,2280,2026-06,2026-07-17 08:07:29
2026-06-20,PLAZA,五反田東急スクエア店,ラフドット,ラフドット インティメイトウォッシュ PM,1,3582,2026-06,2026-07-17 08:07:29
2026-06-20,PLAZA,新越谷ヴァリエ店,ラフドット,ラフドット インティメイトウォッシュ PM,1,3582,2026-06,2026-07-17 08:07:29
2026-06-20,PLAZA,柏高島屋ステーションモール店,ラフドット,ラフドット インティメイトウォッシュ PM,1,3582,2026-06,2026-07-17 08:07:29
2026-06-20,PLAZA,大船ルミネウイング店,ラフドット,ラフドット ヤクヨウホワイトセラム,1,3237,2026-06,2026-07-17 08:07:29
2026-06-20,PLAZA,大船ルミネウイング店,YOU TOKYO,YOU TOKYO ヘアミルク RR,1,2680,2026-06,2026-07-17 08:07:29
2026-06-20,PLAZA,浜松メイワン店,YOU TOKYO,YOU TOKYO ヘアミルク RR,1,2680,2026-06,2026-07-17 08:07:29
2026-06-20,PLAZA,ルミネエスト新宿店,ラフドット,ラフドット インティメイトウォッシュ SB,1,3582,2026-06,2026-07-17 08:07:29
2026-06-20,PLAZA,天王寺ミオ店,ラフドット,ラフドット インティメイトウォッシュ PM,2,7164,2026-06,2026-07-17 08:07:29
2026-06-20,PLAZA,アトレ川越店,ラフドット,ラフドット インティメイトウォッシュ PM,1,3582,2026-06,2026-07-17 08:07:29
2026-06-20,PLAZA,アトレ川越店,ラフドット,ラフドット インティメイトウォッシュ MV,1,3582,2026-06,2026-07-17 08:07:29
2026-06-20,PLAZA,ウイング上大岡店,YOU TOKYO,YOU TOKYO ヘアミルク CW,1,2680,2026-06,2026-07-17 08:07:29
2026-06-20,PLAZA,アトレ川崎店,YOU TOKYO,YOU TOKYO ヘアミルク CW,1,2680,2026-06,2026-07-17 08:07:29
2026-06-20,PLAZA,アトレ川崎店,YOU TOKYO,YOU TOKYO ヘアオイル BS,1,2280,2026-06,2026-07-17 08:07:29
2026-06-20,PLAZA,なんばシティ店,YOU TOKYO,YOU TOKYO ヘアミルク CW,3,8040,2026-06,2026-07-17 08:07:29
2026-06-20,PLAZA,ルミネ町田店,（不明）,フルーシー ビヨウエキクロミ,1,2500,2026-06,2026-07-17 08:07:29
2026-06-20,PLAZA,ルミネ町田店,（不明）,フルーシービタミンドロップクロミ,2,1800,2026-06,2026-07-17 08:07:29
2026-06-20,PLAZA,ルミネ町田店,YOU TOKYO,YOU TOKYO ヘアミルク CW,1,2680,2026-06,2026-07-17 08:07:29
2026-06-20,PLAZA,ルミネ町田店,YOU TOKYO,YOU TOKYO ヘアミルク RR,1,2680,2026-06,2026-07-17 08:07:29
2026-06-20,PLAZA,ルミネ町田店,YOU TOKYO,YOU TOKYO ヘアオイル RR,1,2280,2026-06,2026-07-17 08:07:29
2026-06-20,PLAZA,池袋パルコ店,ラフドット,ラフドット インティメイトウォッシュ PM,1,3582,2026-06,2026-07-17 08:07:29
2026-06-20,PLAZA,池袋パルコ店,（不明）,フルーシー ビヨウエキクロミ,1,2500,2026-06,2026-07-17 08:07:29
2026-06-20,PLAZA,池袋パルコ店,（不明）,フルーシービタミンドロップクロミ,2,1800,2026-06,2026-07-17 08:07:29
2026-06-20,PLAZA,池袋パルコ店,YOU TOKYO,YOU TOKYO ヘアオイル RR,1,2280,2026-06,2026-07-17 08:07:29
2026-06-20,PLAZA,京橋京阪モール店,（不明）,フルーシー ビヨウエキクロミ,1,2500,2026-06,2026-07-17 08:07:29
2026-06-20,PLAZA,京橋京阪モール店,（不明）,フルーシービタミンドロップクロミ,1,900,2026-06,2026-07-17 08:07:29
2026-06-20,PLAZA,京橋京阪モール店,ラフドット,ラフドット ヘアリムーバー,1,3400,2026-06,2026-07-17 08:07:29
2026-06-20,PLAZA,エスパル仙台店,ラフドット,ラフドット インティメイトウォッシュ SB,1,3582,2026-06,2026-07-17 08:07:29
2026-06-20,PLAZA,エスパル仙台店,YOU TOKYO,YOU TOKYO ヘアミルク RR,1,2680,2026-06,2026-07-17 08:07:29
2026-06-20,PLAZA,ルミネ北千住店,（不明）,フルーシービタミンドロップクロミ,1,900,2026-06,2026-07-17 08:07:29
2026-06-20,PLAZA,ルミネ北千住店,YOU TOKYO,YOU TOKYO ヘアミルク CW,3,8040,2026-06,2026-07-17 08:07:29
2026-06-20,PLAZA,札幌ステラプレイス店,ラフドット,ラフドット インティメイトウォッシュ SB,1,3582,2026-06,2026-07-17 08:07:29
2026-06-20,PLAZA,札幌ステラプレイス店,ラフドット,ラフドット インティメイトウォッシュ PM,1,3582,2026-06,2026-07-17 08:07:29
2026-06-20,PLAZA,札幌ステラプレイス店,（不明）,フルーシービタミンドロップクロミ,1,900,2026-06,2026-07-17 08:07:29
2026-06-20,PLAZA,札幌ステラプレイス店,YOU TOKYO,YOU TOKYO ヘアミルク CW,3,8040,2026-06,2026-07-17 08:07:29
2026-06-20,PLAZA,札幌ステラプレイス店,YOU TOKYO,YOU TOKYO ヘアミルク RR,1,2680,2026-06,2026-07-17 08:07:29
2026-06-20,PLAZA,札幌ステラプレイス店,YOU TOKYO,YOU TOKYO ヘアオイル BS,1,2280,2026-06,2026-07-17 08:07:29
2026-06-20,PLAZA,水戸エクセル店,ラフドット,ラフドット インティメイトウォッシュ LV,1,3582,2026-06,2026-07-17 08:07:29
2026-06-20,PLAZA,ラスカ小田原店,ラフドット,ラフドット インティメイトウォッシュ PM,1,3582,2026-06,2026-07-17 08:07:29
2026-06-20,PLAZA,ルミネ池袋店,（不明）,フルーシー ビヨウエキクロミ,2,5000,2026-06,2026-07-17 08:07:29
2026-06-20,PLAZA,ルミネ池袋店,（不明）,ワキキュア,1,3618,2026-06,2026-07-17 08:07:29
2026-06-20,PLAZA,舞浜イクスピアリ店,（不明）,フルーシー ビヨウエキクロミ,1,2500,2026-06,2026-07-17 08:07:29
2026-06-20,PLAZA,越谷イオンレイクタウン店,ラフドット,ラフドット インティメイトウォッシュ SB,1,3582,2026-06,2026-07-17 08:07:29
2026-06-20,PLAZA,越谷イオンレイクタウン店,YOU TOKYO,YOU TOKYO ヘアオイル BS,1,2280,2026-06,2026-07-17 08:07:29
2026-06-20,PLAZA,たまプラーザテラス店,ラフドット,ラフドット インティメイトウォッシュ SB,3,10746,2026-06,2026-07-17 08:07:29
2026-06-20,PLAZA,たまプラーザテラス店,（不明）,ワキキュア,1,3618,2026-06,2026-07-17 08:07:29
2026-06-20,PLAZA,アトレ吉祥寺店,ラフドット,ラフドット インティメイトウォッシュ PM,1,3582,2026-06,2026-07-17 08:07:29
2026-06-20,PLAZA,ルクア大阪店,（不明）,フルーシー ビヨウエキクロミ,1,2500,2026-06,2026-07-17 08:07:29
2026-06-20,PLAZA,ルクア大阪店,（不明）,フルーシービタミンドロップクロミ,2,1800,2026-06,2026-07-17 08:07:29
2026-06-20,PLAZA,ルクア大阪店,YOU TOKYO,YOU TOKYO ヘアミルク CW,2,5360,2026-06,2026-07-17 08:07:29
2026-06-20,PLAZA,ルクア大阪店,YOU TOKYO,YOU TOKYO ヘアミルク RR,1,2680,2026-06,2026-07-17 08:07:29
2026-06-20,PLAZA,三井アウトレットパーク木更津店,（不明）,フルーシービタミンドロップクロミ,1,900,2026-06,2026-07-17 08:07:29
2026-06-20,PLAZA,三井アウトレットパーク木更津店,YOU TOKYO,YOU TOKYO ヘアミルク CW,2,5360,2026-06,2026-07-17 08:07:29
2026-06-20,PLAZA,三井アウトレットパーク木更津店,YOU TOKYO,YOU TOKYO ヘアミルク RR,1,2680,2026-06,2026-07-17 08:07:29
2026-06-20,PLAZA,ラスカ茅ケ崎店,ラフドット,ラフドット インティメイトウォッシュ PM,1,3582,2026-06,2026-07-17 08:07:29
2026-06-20,PLAZA,静岡パルシェ店,ラフドット,ラフドット インティメイトウォッシュ PM,1,3582,2026-06,2026-07-17 08:07:29
2026-06-20,PLAZA,京都四条店,ラフドット,ラフドット インティメイトウォッシュ SB,1,3582,2026-06,2026-07-17 08:07:29
2026-06-20,PLAZA,京都四条店,（不明）,フルーシービタミンドロップクロミ,1,900,2026-06,2026-07-17 08:07:29
2026-06-20,PLAZA,ペリエ千葉店,YOU TOKYO,YOU TOKYO ヘアオイル BS,1,2280,2026-06,2026-07-17 08:07:29
2026-06-20,PLAZA,東京店,ラフドット,ラフドット インティメイトウォッシュ PM,2,7164,2026-06,2026-07-17 08:07:29
2026-06-20,PLAZA,心斎橋パルコ店,ラフドット,ラフドット インティメイトウォッシュ PM,2,7164,2026-06,2026-07-17 08:07:29
2026-06-20,PLAZA,心斎橋パルコ店,（不明）,フルーシービタミンドロップクロミ,1,900,2026-06,2026-07-17 08:07:29
2026-06-20,PLAZA,心斎橋パルコ店,YOU TOKYO,YOU TOKYO ヘアミルク CW,1,2680,2026-06,2026-07-17 08:07:29
2026-06-20,PLAZA,アトレ松戸店,YOU TOKYO,YOU TOKYO ヘアミルク RR,1,2680,2026-06,2026-07-17 08:07:29
2026-06-20,PLAZA,船橋東武店,YOU TOKYO,YOU TOKYO ヘアミルク CW,1,2680,2026-06,2026-07-17 08:07:29
2026-06-20,PLAZA,船橋東武店,YOU TOKYO,YOU TOKYO ヘアオイル BS,1,2280,2026-06,2026-07-17 08:07:29
2026-06-20,PLAZA,錦糸町テルミナ2店,ラフドット,ラフドット インティメイトウォッシュ LV,1,3582,2026-06,2026-07-17 08:07:29
2026-06-20,PLAZA,錦糸町テルミナ2店,ラフドット,ラフドット インティメイトウォッシュ MV,1,3582,2026-06,2026-07-17 08:07:29
2026-06-20,PLAZA,ららぽーと門真店,YOU TOKYO,YOU TOKYO ヘアミルク RR,1,2680,2026-06,2026-07-17 08:07:29
2026-06-20,PLAZA,ルミネ有楽町店,（不明）,フルーシー ビヨウエキクロミ,2,5000,2026-06,2026-07-17 08:07:29
2026-06-20,PLAZA,ルミネ有楽町店,ラフドット,ラフドット インティメイトウォッシュ MV,1,3582,2026-06,2026-07-17 08:07:29
2026-06-20,PLAZA,ルミネ有楽町店,YOU TOKYO,YOU TOKYO ヘアオイル RR,1,2280,2026-06,2026-07-17 08:07:29
2026-06-20,PLAZA,プラザ盛岡フェザン店,ラフドット,ラフドット インティメイトウォッシュ SB,1,3582,2026-06,2026-07-17 08:07:29
2026-06-20,PLAZA,プラザ盛岡フェザン店,ラフドット,ラフドット インティメイトウォッシュ PM,1,3582,2026-06,2026-07-17 08:07:29
2026-06-20,PLAZA,プラザイオンモール浦和美園店,ラフドット,ラフドット インティメイトウォッシュ PM,1,3582,2026-06,2026-07-17 08:07:29
2026-06-20,PLAZA,プラザイオンモール倉敷店,ラフドット,ラフドット インティメイトウォッシュ SB,1,3582,2026-06,2026-07-17 08:07:29
2026-06-20,PLAZA,プラザイオンモール日の出店,（不明）,フルーシー ビヨウエキクロミ,1,2500,2026-06,2026-07-17 08:07:29
2026-06-20,PLAZA,プラザ高崎オーパ店,ラフドット,ラフドット インティメイトウォッシュ SB,1,3582,2026-06,2026-07-17 08:07:29
2026-06-20,PLAZA,プラザ高崎オーパ店,ラフドット,ラフドット インティメイトウォッシュ PM,2,7164,2026-06,2026-07-17 08:07:29
2026-06-20,PLAZA,プラザミナモア広島店,ラフドット,ラフドット インティメイトウォッシュ MV,1,3582,2026-06,2026-07-17 08:07:29
2026-06-20,PLAZA,プラザミナモア広島店,YOU TOKYO,YOU TOKYO ヘアミルク RR,1,2680,2026-06,2026-07-17 08:07:29
2026-06-20,PLAZA,プラザイオンモール浜松志都呂店,ラフドット,ラフドット インティメイトウォッシュ SB,2,7164,2026-06,2026-07-17 08:07:29
2026-06-20,PLAZA,プラザイオンモール広島府中店,ラフドット,ラフドット インティメイトウォッシュ PM,1,3582,2026-06,2026-07-17 08:07:29
2026-06-20,PLAZA,イオンモール各務原インター店,ラフドット,ラフドット インティメイトウォッシュ PM,1,3582,2026-06,2026-07-17 08:07:29
2026-06-20,PLAZA,イオンモール各務原インター店,（不明）,フルーシー ビヨウエキクロミ,2,5000,2026-06,2026-07-17 08:07:29
2026-06-20,PLAZA,プラザイオンモール白山店,YOU TOKYO,YOU TOKYO ヘアミルク RR,1,2680,2026-06,2026-07-17 08:07:29
2026-06-20,PLAZA,プラザイオンモール岡崎店,ラフドット,ラフドット インティメイトウォッシュ SB,1,3582,2026-06,2026-07-17 08:07:29
2026-06-20,PLAZA,プラザイオンモール四條畷店,ラフドット,ラフドット インティメイトFミスト LV,1,3132,2026-06,2026-07-17 08:07:29
2026-06-20,PLAZA,プラザイオンモール川口前川店,（不明）,フルーシービタミンドロップクロミ,2,1800,2026-06,2026-07-17 08:07:29
2026-06-20,PLAZA,イオンモール沖縄ライカム店,ラフドット,ラフドット インティメイトウォッシュ SB,1,3582,2026-06,2026-07-17 08:07:29
2026-06-20,PLAZA,イオンモール沖縄ライカム店,ラフドット,ラフドット インティメイトFミスト SB,1,3132,2026-06,2026-07-17 08:07:29
2026-06-20,PLAZA,プラザイオンモール浜松市野店,YOU TOKYO,YOU TOKYO ヘアミルク RR,1,2680,2026-06,2026-07-17 08:07:29
2026-06-20,PLAZA,ファッションクルーズひたちなか,（不明）,フルーシー ビヨウエキクロミ,1,2500,2026-06,2026-07-17 08:07:29
2026-06-20,PLAZA,プラザイオンモール津南店,（不明）,フルーシービタミンドロップクロミ,1,900,2026-06,2026-07-17 08:07:29
2026-06-20,PLAZA,プラザイオンモール名取店,（不明）,フルーシービタミンドロップクロミ,1,900,2026-06,2026-07-17 08:07:29
2026-06-20,PLAZA,プラザイオンモール盛岡南店,ラフドット,ラフドット インティメイトウォッシュ SB,1,3582,2026-06,2026-07-17 08:07:29
2026-06-20,PLAZA,プラザイオンモール須坂店,YOU TOKYO,YOU TOKYO ヘアミルク RR,1,2680,2026-06,2026-07-17 08:07:29
2026-06-20,PLAZA,プラザイオンモール八幡東店,ラフドット,ラフドット インティメイトウォッシュ PM,1,3582,2026-06,2026-07-17 08:07:29
2026-06-19,PLAZA,梅田ヘップファイブ店,YOU TOKYO,YOU TOKYO ヘアミルク RR,1,2680,2026-06,2026-07-17 08:07:29
2026-06-19,PLAZA,玉川高島屋SC店,YOU TOKYO,YOU TOKYO ヘアオイル BS,2,4560,2026-06,2026-07-17 08:07:29
2026-06-19,PLAZA,玉川高島屋SC店,YOU TOKYO,YOU TOKYO ヘアオイル RR,1,2280,2026-06,2026-07-17 08:07:29
2026-06-19,PLAZA,ルミネ横浜店,ラフドット,ラフドット インティメイトウォッシュ LV,1,3582,2026-06,2026-07-17 08:07:29
2026-06-19,PLAZA,ルミネ横浜店,（不明）,フルーシー ビヨウエキクロミ,2,5000,2026-06,2026-07-17 08:07:29
2026-06-19,PLAZA,ルミネ横浜店,ラフドット,ラフドット インティメイトウォッシュ MV,1,3582,2026-06,2026-07-17 08:07:29
2026-06-19,PLAZA,ルミネ横浜店,ラフドット,ラフドット インティメイトミスト MV,1,3132,2026-06,2026-07-17 08:07:29
2026-06-19,PLAZA,ルミネ横浜店,YOU TOKYO,YOU TOKYO ヘアミルク CW,2,5360,2026-06,2026-07-17 08:07:29
2026-06-19,PLAZA,ルミネ大宮店,YOU TOKYO,YOU TOKYO ヘアミルク CW,1,2680,2026-06,2026-07-17 08:07:29
2026-06-19,PLAZA,ルミネ新宿店,ラフドット,ラフドット インティメイトウォッシュ PM,1,3582,2026-06,2026-07-17 08:07:29
2026-06-19,PLAZA,ルミネ新宿店,（不明）,フルーシー ビヨウエキクロミ,1,2500,2026-06,2026-07-17 08:07:29
2026-06-19,PLAZA,ルミネ新宿店,（不明）,フルーシービタミンドロップクロミ,2,1800,2026-06,2026-07-17 08:07:29
2026-06-19,PLAZA,ルミネ新宿店,（不明）,ワキキュア,1,3618,2026-06,2026-07-17 08:07:29
2026-06-19,PLAZA,ルミネ新宿店,YOU TOKYO,YOU TOKYO ヘアミルク CW,1,2680,2026-06,2026-07-17 08:07:29
2026-06-19,PLAZA,アミュプラザ小倉店,（不明）,フルーシー ビヨウエキクロミ,2,5000,2026-06,2026-07-17 08:07:29
2026-06-19,PLAZA,アミュプラザ小倉店,（不明）,フルーシービタミンドロップクロミ,4,3600,2026-06,2026-07-17 08:07:29
2026-06-19,PLAZA,アミュプラザ小倉店,YOU TOKYO,YOU TOKYO ヘアミルク CW,1,2680,2026-06,2026-07-17 08:07:29
2026-06-19,PLAZA,横浜ジョイナス店,YOU TOKYO,YOU TOKYO ヘアミルク RR,1,2680,2026-06,2026-07-17 08:07:29
2026-06-19,PLAZA,京都ポルタ店,YOU TOKYO,YOU TOKYO ヘアミルク RR,1,2680,2026-06,2026-07-17 08:07:29
2026-06-19,PLAZA,五反田東急スクエア店,ラフドット,ラフドット インティメイトウォッシュ PM,1,3582,2026-06,2026-07-17 08:07:29
2026-06-19,PLAZA,五反田東急スクエア店,ラフドット,ラフドット インティメイトウォッシュ MV,1,3582,2026-06,2026-07-17 08:07:29
2026-06-19,PLAZA,イオンモール堺北花田店,ラフドット,ラフドット インティメイトウォッシュ PM,1,3582,2026-06,2026-07-17 08:07:29
2026-06-19,PLAZA,柏高島屋ステーションモール店,ラフドット,ラフドット インティメイトウォッシュ PM,1,3582,2026-06,2026-07-17 08:07:29
2026-06-19,PLAZA,柏高島屋ステーションモール店,YOU TOKYO,YOU TOKYO ヘアミルク RR,1,2680,2026-06,2026-07-17 08:07:29
2026-06-19,PLAZA,柏高島屋ステーションモール店,YOU TOKYO,YOU TOKYO ヘアオイル RR,1,2280,2026-06,2026-07-17 08:07:29
2026-06-19,PLAZA,大船ルミネウイング店,ラフドット,ラフドット インティメイトウォッシュ SB,1,3582,2026-06,2026-07-17 08:07:29
2026-06-19,PLAZA,ルミネエスト新宿店,（不明）,フルーシー ビヨウエキクロミ,1,2500,2026-06,2026-07-17 08:07:29
2026-06-19,PLAZA,ルミネエスト新宿店,（不明）,フルーシービタミンドロップクロミ,1,900,2026-06,2026-07-17 08:07:29
2026-06-19,PLAZA,ルミネエスト新宿店,YOU TOKYO,YOU TOKYO ヘアミルク RR,1,2680,2026-06,2026-07-17 08:07:29
2026-06-19,PLAZA,天王寺ミオ店,YOU TOKYO,YOU TOKYO ヘアミルク CW,1,2680,2026-06,2026-07-17 08:07:29
2026-06-19,PLAZA,天王寺ミオ店,YOU TOKYO,YOU TOKYO ヘアオイル RR,1,2280,2026-06,2026-07-17 08:07:29
2026-06-19,PLAZA,アトレ川越店,（不明）,フルーシービタミンドロップクロミ,1,900,2026-06,2026-07-17 08:07:29
2026-06-19,PLAZA,ルミネ立川店,ラフドット,ラフドット インティメイトウォッシュ PM,1,3582,2026-06,2026-07-17 08:07:29
2026-06-19,PLAZA,ルミネ立川店,ラフドット,ラフドット インティメイトFミスト LV,1,3132,2026-06,2026-07-17 08:07:29
2026-06-19,PLAZA,ルミネ立川店,（不明）,フルーシー ビヨウエキクロミ,1,2500,2026-06,2026-07-17 08:07:29
2026-06-19,PLAZA,ルミネ立川店,ラフドット,ラフドット インティメイトウォッシュ MV,1,3582,2026-06,2026-07-17 08:07:29
2026-06-19,PLAZA,アトレ恵比寿店,ラフドット,ラフドット インティメイトウォッシュ PM,1,3582,2026-06,2026-07-17 08:07:29
2026-06-19,PLAZA,なんばシティ店,YOU TOKYO,YOU TOKYO ヘアミルク CW,1,2680,2026-06,2026-07-17 08:07:29
2026-06-19,PLAZA,ルミネ町田店,YOU TOKYO,YOU TOKYO ヘアオイル RR,1,2280,2026-06,2026-07-17 08:07:29
2026-06-19,PLAZA,池袋パルコ店,（不明）,フルーシー ビヨウエキクロミ,1,2500,2026-06,2026-07-17 08:07:29
2026-06-19,PLAZA,ららぽーとTOKYO-BAY店,ラフドット,ラフドット ヤクヨウホワイトセラム,1,3237,2026-06,2026-07-17 08:07:29
2026-06-19,PLAZA,京橋京阪モール店,（不明）,フルーシー ビヨウエキクロミ,1,2500,2026-06,2026-07-17 08:07:29
2026-06-19,PLAZA,エスパル仙台店,TEABLESS,TEABLESS ボディローションPG,1,1500,2026-06,2026-07-17 08:07:29
2026-06-19,PLAZA,ルミネ北千住店,ラフドット,ラフドット インティメイトウォッシュ PM,1,3582,2026-06,2026-07-17 08:07:29
2026-06-19,PLAZA,ルミネ北千住店,YOU TOKYO,YOU TOKYO ヘアオイル BS,1,2280,2026-06,2026-07-17 08:07:29
2026-06-19,PLAZA,札幌ステラプレイス店,（不明）,フルーシー ビヨウエキクロミ,2,5000,2026-06,2026-07-17 08:07:29
2026-06-19,PLAZA,札幌ステラプレイス店,（不明）,フルーシービタミンドロップクロミ,1,900,2026-06,2026-07-17 08:07:29
2026-06-19,PLAZA,札幌ステラプレイス店,YOU TOKYO,YOU TOKYO ヘアミルク CW,2,5360,2026-06,2026-07-17 08:07:29
2026-06-19,PLAZA,水戸エクセル店,ラフドット,ラフドット インティメイトウォッシュ LV,1,3582,2026-06,2026-07-17 08:07:29
2026-06-19,PLAZA,ルミネ荻窪店,YOU TOKYO,YOU TOKYO ヘアオイル BS,1,2280,2026-06,2026-07-17 08:07:29
2026-06-19,PLAZA,岡山一番街店,ラフドット,ラフドット インティメイトウォッシュ SB,1,3582,2026-06,2026-07-17 08:07:29
2026-06-19,PLAZA,ルミネ池袋店,YOU TOKYO,YOU TOKYO ヘアミルク RR,2,5360,2026-06,2026-07-17 08:07:29
2026-06-19,PLAZA,イオンモールむさし村山店,YOU TOKYO,YOU TOKYO ヘアミルク RR,1,2680,2026-06,2026-07-17 08:07:29
2026-06-19,PLAZA,舞浜イクスピアリ店,ラフドット,ラフドット インティメイトウォッシュ SB,1,3582,2026-06,2026-07-17 08:07:29
2026-06-19,PLAZA,舞浜イクスピアリ店,（不明）,フルーシービタミンドロップクロミ,2,1800,2026-06,2026-07-17 08:07:29
2026-06-19,PLAZA,たまプラーザテラス店,YOU TOKYO,YOU TOKYO ヘアミルク RR,2,5360,2026-06,2026-07-17 08:07:29
2026-06-19,PLAZA,たまプラーザテラス店,YOU TOKYO,YOU TOKYO ヘアオイル RR,1,2280,2026-06,2026-07-17 08:07:29
2026-06-19,PLAZA,ルクア大阪店,YOU TOKYO,YOU TOKYO ヘアミルク CW,2,5360,2026-06,2026-07-17 08:07:29
2026-06-19,PLAZA,ルクア大阪店,YOU TOKYO,YOU TOKYO ヘアミルク RR,1,2680,2026-06,2026-07-17 08:07:29
2026-06-19,PLAZA,ルクア大阪店,YOU TOKYO,YOU TOKYO ヘアオイル RR,1,2280,2026-06,2026-07-17 08:07:29
2026-06-19,PLAZA,イオンモール幕張新都心店,ラフドット,ラフドット インティメイトFミスト PM,1,3132,2026-06,2026-07-17 08:07:29
2026-06-19,PLAZA,軽井沢プリンスショッピングP店,YOU TOKYO,YOU TOKYO ヘアミルク RR,1,2680,2026-06,2026-07-17 08:07:29
2026-06-19,PLAZA,金沢フォーラス店,ラフドット,ラフドット インティメイトウォッシュ PM,1,3582,2026-06,2026-07-17 08:07:29
2026-06-19,PLAZA,静岡パルシェ店,ラフドット,ラフドット インティメイトウォッシュ PM,1,3582,2026-06,2026-07-17 08:07:29
2026-06-19,PLAZA,京都四条店,（不明）,フルーシー ビヨウエキクロミ,1,2500,2026-06,2026-07-17 08:07:29
2026-06-19,PLAZA,ペリエ千葉店,ラフドット,ラフドット インティメイトウォッシュ LV,1,3582,2026-06,2026-07-17 08:07:29
2026-06-19,PLAZA,ペリエ千葉店,YOU TOKYO,YOU TOKYO ヘアミルク CW,1,2680,2026-06,2026-07-17 08:07:29
2026-06-19,PLAZA,心斎橋パルコ店,（不明）,フルーシー ビヨウエキクロミ,1,2500,2026-06,2026-07-17 08:07:29
2026-06-19,PLAZA,アミュプラザくまもと店,ラフドット,ラフドット インティメイトウォッシュ PM,1,3582,2026-06,2026-07-17 08:07:29
2026-06-19,PLAZA,アトレ松戸店,ラフドット,ラフドット インティメイトウォッシュ SB,1,3582,2026-06,2026-07-17 08:07:29
2026-06-19,PLAZA,船橋東武店,ラフドット,ラフドット インティメイトウォッシュ PM,1,3582,2026-06,2026-07-17 08:07:29
2026-06-19,PLAZA,錦糸町テルミナ2店,ラフドット,ラフドット インティメイトミスト MV,1,3132,2026-06,2026-07-17 08:07:29
2026-06-19,PLAZA,ららぽーと門真店,YOU TOKYO,YOU TOKYO ヘアミルク RR,1,2680,2026-06,2026-07-17 08:07:29
2026-06-19,PLAZA,ルミネ有楽町店,（不明）,フルーシー ビヨウエキクロミ,1,2500,2026-06,2026-07-17 08:07:29
2026-06-19,PLAZA,ルミネ有楽町店,（不明）,フルーシービタミンドロップクロミ,1,900,2026-06,2026-07-17 08:07:29
2026-06-19,PLAZA,ららテラス川口店,ラフドット,ラフドット インティメイトウォッシュ SB,2,7164,2026-06,2026-07-17 08:07:29
2026-06-19,PLAZA,ららぽーと和泉店,YOU TOKYO,YOU TOKYO ヘアミルク CW,1,2680,2026-06,2026-07-17 08:07:29
2026-06-19,PLAZA,プラザ盛岡フェザン店,ラフドット,ラフドット インティメイトウォッシュ PM,1,3582,2026-06,2026-07-17 08:07:29
2026-06-19,PLAZA,プラザ盛岡フェザン店,ラフドット,ラフドット インティメイトFミスト PM,1,3132,2026-06,2026-07-17 08:07:29
2026-06-19,PLAZA,プラザイオンモール橿原店,（不明）,フルーシー ビヨウエキクロミ,1,2500,2026-06,2026-07-17 08:07:29
2026-06-19,PLAZA,プラザイオンモール浦和美園店,ラフドット,ラフドット インティメイトウォッシュ PM,1,3582,2026-06,2026-07-17 08:07:29
2026-06-19,PLAZA,プラザイオンモール倉敷店,ラフドット,ラフドット インティメイトFミスト SB,1,3132,2026-06,2026-07-17 08:07:29
2026-06-19,PLAZA,プラザイオンモール太田店,ラフドット,ラフドット インティメイトウォッシュ SB,1,3582,2026-06,2026-07-17 08:07:29
2026-06-19,PLAZA,プラザイオンモール新小松店,ラフドット,ラフドット インティメイトウォッシュ SB,1,3582,2026-06,2026-07-17 08:07:29
2026-06-19,PLAZA,プラザミナモア広島店,YOU TOKYO,YOU TOKYO ヘアミルク RR,1,2680,2026-06,2026-07-17 08:07:29
2026-06-19,PLAZA,プラザららぽーと磐田店,ラフドット,ラフドット インティメイトウォッシュ SB,1,3582,2026-06,2026-07-17 08:07:29
2026-06-19,PLAZA,プラザイオンモール白山店,ラフドット,ラフドット インティメイトウォッシュ SB,1,3582,2026-06,2026-07-17 08:07:29
2026-06-19,PLAZA,プラザイオンモール白山店,ラフドット,ラフドット インティメイトFミスト SB,1,3132,2026-06,2026-07-17 08:07:29
2026-06-19,PLAZA,イオンモール沖縄ライカム店,ラフドット,ラフドット インティメイトFミスト SB,1,3132,2026-06,2026-07-17 08:07:29
2026-06-19,PLAZA,イーアス高尾店,ラフドット,ラフドット インティメイトウォッシュ SB,1,3582,2026-06,2026-07-17 08:07:29
2026-06-19,PLAZA,プラザいわきラトブ店,ラフドット,ラフドット インティメイトウォッシュ PM,1,3582,2026-06,2026-07-17 08:07:29
2026-06-19,PLAZA,オンラインストア,（不明）,フルーシー ビヨウエキクロミ,4,10000,2026-06,2026-07-17 08:07:29
2026-06-19,PLAZA,オンラインストア,（不明）,フルーシービタミンドロップクロミ,3,2700,2026-06,2026-07-17 08:07:29
2026-06-19,PLAZA,オンラインストア,YOU TOKYO,YOU TOKYO ヘアミルク CW,1,2680,2026-06,2026-07-17 08:07:29
2026-06-19,PLAZA,オンラインストア,YOU TOKYO,YOU TOKYO ヘアミルク RR,1,2680,2026-06,2026-07-17 08:07:29
2026-06-18,PLAZA,玉川高島屋SC店,YOU TOKYO,YOU TOKYO ヘアミルク RR,1,2680,2026-06,2026-07-17 08:07:29
2026-06-18,PLAZA,玉川高島屋SC店,YOU TOKYO,YOU TOKYO ヘアオイル BS,2,4560,2026-06,2026-07-17 08:07:29
2026-06-18,PLAZA,玉川高島屋SC店,YOU TOKYO,YOU TOKYO ヘアオイル RR,1,2280,2026-06,2026-07-17 08:07:29
2026-06-18,PLAZA,ルミネ横浜店,YOU TOKYO,YOU TOKYO ヘアミルク CW,1,2680,2026-06,2026-07-17 08:07:29
2026-06-18,PLAZA,ルミネ大宮店,ラフドット,ラフドット インティメイトウォッシュ PM,1,3582,2026-06,2026-07-17 08:07:29
2026-06-18,PLAZA,ルミネ大宮店,（不明）,フルーシービタミンドロップクロミ,1,900,2026-06,2026-07-17 08:07:29
2026-06-18,PLAZA,ルミネ大宮店,ラフドット,ラフドット インティメイトウォッシュ MV,1,3582,2026-06,2026-07-17 08:07:29
2026-06-18,PLAZA,ルミネ新宿店,ラフドット,ラフドット インティメイトウォッシュ PM,1,3582,2026-06,2026-07-17 08:07:29
2026-06-18,PLAZA,アミュプラザ小倉店,ラフドット,ラフドット インティメイトウォッシュ SB,1,3582,2026-06,2026-07-17 08:07:29
2026-06-18,PLAZA,アミュプラザ小倉店,ラフドット,ラフドット インティメイトウォッシュ PM,1,3582,2026-06,2026-07-17 08:07:29
2026-06-18,PLAZA,アミュプラザ小倉店,YOU TOKYO,YOU TOKYO ヘアミルク CW,1,2680,2026-06,2026-07-17 08:07:29
2026-06-18,PLAZA,アミュプラザ小倉店,YOU TOKYO,YOU TOKYO ヘアミルク RR,3,8040,2026-06,2026-07-17 08:07:29
2026-06-18,PLAZA,アミュプラザ小倉店,YOU TOKYO,YOU TOKYO ヘアオイル RR,1,2280,2026-06,2026-07-17 08:07:29
2026-06-18,PLAZA,横浜ジョイナス店,YOU TOKYO,YOU TOKYO ヘアミルク RR,2,5360,2026-06,2026-07-17 08:07:29
2026-06-18,PLAZA,京都ポルタ店,ラフドット,ラフドット インティメイトウォッシュ MV,1,3582,2026-06,2026-07-17 08:07:29
2026-06-18,PLAZA,京都ポルタ店,YOU TOKYO,YOU TOKYO ヘアミルク CW,1,2680,2026-06,2026-07-17 08:07:29
2026-06-18,PLAZA,京都ポルタ店,YOU TOKYO,YOU TOKYO ヘアミルク RR,1,2680,2026-06,2026-07-17 08:07:29
2026-06-18,PLAZA,イオンモール羽生店,ラフドット,ラフドット インティメイトウォッシュ SB,1,3582,2026-06,2026-07-17 08:07:29
2026-06-18,PLAZA,イオンモール羽生店,ラフドット,ラフドット インティメイトウォッシュ LV,1,3582,2026-06,2026-07-17 08:07:29
2026-06-18,PLAZA,五反田東急スクエア店,（不明）,フルーシービタミンドロップクロミ,1,900,2026-06,2026-07-17 08:07:29
2026-06-18,PLAZA,新越谷ヴァリエ店,（不明）,フルーシー ビヨウエキクロミ,2,5000,2026-06,2026-07-17 08:07:29
2026-06-18,PLAZA,新越谷ヴァリエ店,YOU TOKYO,YOU TOKYO ヘアミルク CW,1,2680,2026-06,2026-07-17 08:07:29
2026-06-18,PLAZA,新越谷ヴァリエ店,YOU TOKYO,YOU TOKYO ヘアミルク RR,1,2680,2026-06,2026-07-17 08:07:29
2026-06-18,PLAZA,福岡ソラリアプラザ店,ラフドット,ラフドット インティメイトウォッシュ LV,1,3582,2026-06,2026-07-17 08:07:29
2026-06-18,PLAZA,柏高島屋ステーションモール店,YOU TOKYO,YOU TOKYO ヘアミルク RR,1,2680,2026-06,2026-07-17 08:07:29
2026-06-18,PLAZA,柏高島屋ステーションモール店,YOU TOKYO,YOU TOKYO ヘアオイル RR,2,4560,2026-06,2026-07-17 08:07:29
2026-06-18,PLAZA,ルミネエスト新宿店,ラフドット,ラフドット インティメイトウォッシュ SB,1,3582,2026-06,2026-07-17 08:07:29
2026-06-18,PLAZA,ルミネエスト新宿店,（不明）,フルーシービタミンドロップクロミ,1,900,2026-06,2026-07-17 08:07:29
2026-06-18,PLAZA,ルミネエスト新宿店,ラフドット,ラフドット インティメイトウォッシュ MV,1,3582,2026-06,2026-07-17 08:07:29
2026-06-18,PLAZA,天王寺ミオ店,ラフドット,ラフドット インティメイトウォッシュ PM,1,3582,2026-06,2026-07-17 08:07:29
2026-06-18,PLAZA,天王寺ミオ店,YOU TOKYO,YOU TOKYO ヘアミルク CW,1,2680,2026-06,2026-07-17 08:07:29
2026-06-18,PLAZA,アトレ川越店,ラフドット,ラフドット インティメイトウォッシュ SB,1,3582,2026-06,2026-07-17 08:07:29
2026-06-18,PLAZA,アトレ川越店,（不明）,フルーシー ビヨウエキクロミ,1,2500,2026-06,2026-07-17 08:07:29
2026-06-18,PLAZA,ルミネ立川店,（不明）,フルーシービタミンドロップクロミ,2,1800,2026-06,2026-07-17 08:07:29
2026-06-18,PLAZA,ウイング上大岡店,ラフドット,ラフドット インティメイトFミスト SB,1,3132,2026-06,2026-07-17 08:07:29
2026-06-18,PLAZA,ウイング上大岡店,（不明）,フルーシー ビヨウエキクロミ,1,2500,2026-06,2026-07-17 08:07:29
2026-06-18,PLAZA,ウイング上大岡店,YOU TOKYO,YOU TOKYO ヘアミルク CW,1,2680,2026-06,2026-07-17 08:07:29
2026-06-18,PLAZA,ウイング上大岡店,YOU TOKYO,YOU TOKYO ヘアミルク RR,1,2680,2026-06,2026-07-17 08:07:29
2026-06-18,PLAZA,アトレ恵比寿店,（不明）,フルーシー ビヨウエキクロミ,2,5000,2026-06,2026-07-17 08:07:29
2026-06-18,PLAZA,アトレ恵比寿店,YOU TOKYO,YOU TOKYO ヘアミルク CW,1,2680,2026-06,2026-07-17 08:07:29
2026-06-18,PLAZA,アトレ川崎店,ラフドット,ラフドット インティメイトウォッシュ SB,1,3582,2026-06,2026-07-17 08:07:29
2026-06-18,PLAZA,アトレ川崎店,YOU TOKYO,YOU TOKYO ヘアミルク CW,1,2680,2026-06,2026-07-17 08:07:29
2026-06-18,PLAZA,アトレ川崎店,YOU TOKYO,YOU TOKYO ヘアミルク RR,1,2680,2026-06,2026-07-17 08:07:29
2026-06-18,PLAZA,なんばシティ店,（不明）,フルーシービタミンドロップクロミ,1,900,2026-06,2026-07-17 08:07:29
2026-06-18,PLAZA,ルミネ町田店,ラフドット,ラフドット インティメイトウォッシュ SB,1,3582,2026-06,2026-07-17 08:07:29
2026-06-18,PLAZA,ららぽーとTOKYO-BAY店,ラフドット,ラフドット インティメイトウォッシュ SB,1,3582,2026-06,2026-07-17 08:07:29
2026-06-18,PLAZA,京橋京阪モール店,ラフドット,ラフドット インティメイトウォッシュ PM,1,3582,2026-06,2026-07-17 08:07:29
2026-06-18,PLAZA,京橋京阪モール店,YOU TOKYO,YOU TOKYO ヘアミルク CW,1,2680,2026-06,2026-07-17 08:07:29
2026-06-18,PLAZA,京橋京阪モール店,YOU TOKYO,YOU TOKYO ヘアミルク RR,2,5360,2026-06,2026-07-17 08:07:29
2026-06-18,PLAZA,京橋京阪モール店,YOU TOKYO,YOU TOKYO ヘアオイル BS,1,2280,2026-06,2026-07-17 08:07:29
2026-06-18,PLAZA,京橋京阪モール店,TEABLESS,TEABLESS ボディローションPG,1,1500,2026-06,2026-07-17 08:07:29
2026-06-18,PLAZA,ルミネ北千住店,ラフドット,ラフドット インティメイトウォッシュ SB,1,3582,2026-06,2026-07-17 08:07:29
2026-06-18,PLAZA,ルミネ北千住店,ラフドット,ラフドット インティメイトウォッシュ PM,1,3582,2026-06,2026-07-17 08:07:29
2026-06-18,PLAZA,札幌ステラプレイス店,YOU TOKYO,YOU TOKYO ヘアミルク CW,3,8040,2026-06,2026-07-17 08:07:29
2026-06-18,PLAZA,水戸エクセル店,ラフドット,ラフドット インティメイトウォッシュ PM,2,7164,2026-06,2026-07-17 08:07:29
2026-06-18,PLAZA,ルミネ池袋店,ラフドット,ラフドット インティメイトウォッシュ PM,1,3582,2026-06,2026-07-17 08:07:29
2026-06-18,PLAZA,ルミネ池袋店,（不明）,フルーシー ビヨウエキクロミ,1,2500,2026-06,2026-07-17 08:07:29
2026-06-18,PLAZA,ルミネ池袋店,（不明）,フルーシービタミンドロップクロミ,1,900,2026-06,2026-07-17 08:07:29
2026-06-18,PLAZA,ルミネ池袋店,YOU TOKYO,YOU TOKYO ヘアミルク RR,1,2680,2026-06,2026-07-17 08:07:29
2026-06-18,PLAZA,イオンモールむさし村山店,YOU TOKYO,YOU TOKYO ヘアミルク RR,1,2680,2026-06,2026-07-17 08:07:29
2026-06-18,PLAZA,イオンモールむさし村山店,YOU TOKYO,YOU TOKYO ヘアオイル RR,1,2280,2026-06,2026-07-17 08:07:29
2026-06-18,PLAZA,三井アウトレットパーク入間店,（不明）,フルーシービタミンドロップクロミ,1,900,2026-06,2026-07-17 08:07:29
2026-06-18,PLAZA,越谷イオンレイクタウン店,（不明）,フルーシー ビヨウエキクロミ,1,2500,2026-06,2026-07-17 08:07:29
2026-06-18,PLAZA,越谷イオンレイクタウン店,YOU TOKYO,YOU TOKYO ヘアミルク CW,2,5360,2026-06,2026-07-17 08:07:29
2026-06-18,PLAZA,たまプラーザテラス店,YOU TOKYO,YOU TOKYO ヘアミルク CW,1,2680,2026-06,2026-07-17 08:07:29
2026-06-18,PLAZA,ルクア大阪店,YOU TOKYO,YOU TOKYO ヘアミルク CW,2,5360,2026-06,2026-07-17 08:07:29
2026-06-18,PLAZA,ルクア大阪店,YOU TOKYO,YOU TOKYO ヘアオイル BS,1,2280,2026-06,2026-07-17 08:07:29
2026-06-18,PLAZA,三井アウトレットパーク木更津店,YOU TOKYO,YOU TOKYO ヘアミルク CW,1,2680,2026-06,2026-07-17 08:07:29
2026-06-18,PLAZA,イーアスつくば店,ラフドット,ラフドット インティメイトウォッシュ SB,1,3582,2026-06,2026-07-17 08:07:29
2026-06-18,PLAZA,ららテラス武蔵小杉店,ラフドット,ラフドット インティメイトウォッシュ PM,1,3582,2026-06,2026-07-17 08:07:29
2026-06-18,PLAZA,ラスカ茅ケ崎店,ラフドット,ラフドット インティメイトウォッシュ SB,1,3582,2026-06,2026-07-17 08:07:29
2026-06-18,PLAZA,静岡パルシェ店,ラフドット,ラフドット インティメイトウォッシュ SB,2,7164,2026-06,2026-07-17 08:07:29
2026-06-18,PLAZA,京都四条店,（不明）,フルーシー ビヨウエキクロミ,1,2500,2026-06,2026-07-17 08:07:29
2026-06-18,PLAZA,ペリエ千葉店,YOU TOKYO,YOU TOKYO ヘアミルク CW,1,2680,2026-06,2026-07-17 08:07:29
2026-06-18,PLAZA,ペリエ千葉店,YOU TOKYO,YOU TOKYO ヘアミルク RR,1,2680,2026-06,2026-07-17 08:07:29
2026-06-18,PLAZA,ペリエ千葉店,YOU TOKYO,YOU TOKYO ヘアオイル RR,1,2280,2026-06,2026-07-17 08:07:29
2026-06-18,PLAZA,名古屋ユニモール店,（不明）,フルーシービタミンドロップクロミ,1,900,2026-06,2026-07-17 08:07:29
2026-06-18,PLAZA,アトレ松戸店,YOU TOKYO,YOU TOKYO ヘアミルク RR,1,2680,2026-06,2026-07-17 08:07:29
2026-06-18,PLAZA,船橋東武店,ラフドット,ラフドット インティメイトウォッシュ SB,1,3582,2026-06,2026-07-17 08:07:29
2026-06-18,PLAZA,船橋東武店,YOU TOKYO,YOU TOKYO ヘアミルク CW,3,8040,2026-06,2026-07-17 08:07:29
2026-06-18,PLAZA,船橋東武店,YOU TOKYO,YOU TOKYO ヘアミルク RR,1,2680,2026-06,2026-07-17 08:07:29
2026-06-18,PLAZA,コクーンシティさいたま新都心店,YOU TOKYO,YOU TOKYO ヘアミルク RR,1,2680,2026-06,2026-07-17 08:07:29
2026-06-18,PLAZA,三井アウトレットパーク岡崎店,（不明）,フルーシー ビヨウエキクロミ,1,2500,2026-06,2026-07-17 08:07:29
2026-06-18,PLAZA,三井アウトレットパーク岡崎店,（不明）,フルーシービタミンドロップクロミ,1,900,2026-06,2026-07-17 08:07:29
2026-06-18,PLAZA,浦和コルソ店,YOU TOKYO,YOU TOKYO ヘアミルク CW,1,2680,2026-06,2026-07-17 08:07:29
2026-06-18,PLAZA,プラザ盛岡フェザン店,ラフドット,ラフドット インティメイトウォッシュ SB,1,3582,2026-06,2026-07-17 08:07:29
2026-06-18,PLAZA,プラザイオンモール太田店,ラフドット,ラフドット インティメイトウォッシュ PM,1,3582,2026-06,2026-07-17 08:07:29
2026-06-18,PLAZA,プラザミナモア広島店,YOU TOKYO,YOU TOKYO ヘアミルク RR,1,2680,2026-06,2026-07-17 08:07:29
2026-06-18,PLAZA,沖縄・浦添PARCOCITY店,ラフドット,ラフドット インティメイトウォッシュ LV,1,3582,2026-06,2026-07-17 08:07:29
2026-06-18,PLAZA,プラザイオンモール広島府中店,（不明）,フルーシー ビヨウエキクロミ,1,2500,2026-06,2026-07-17 08:07:29
2026-06-18,PLAZA,プラザイオンモール広島府中店,（不明）,フルーシービタミンドロップクロミ,1,900,2026-06,2026-07-17 08:07:29
2026-06-18,PLAZA,イオンモール各務原インター店,（不明）,フルーシー ビヨウエキクロミ,1,2500,2026-06,2026-07-17 08:07:29
2026-06-18,PLAZA,プラザイオンモール福岡店,ラフドット,ラフドット インティメイトFミスト PM,1,3132,2026-06,2026-07-17 08:07:29
2026-06-18,PLAZA,イオンモール沖縄ライカム店,ラフドット,ラフドット インティメイトウォッシュ MV,2,7164,2026-06,2026-07-17 08:07:29
2026-06-18,PLAZA,神戸ハーバーランドumie店,ラフドット,ラフドット インティメイトウォッシュ PM,1,3582,2026-06,2026-07-17 08:07:29
2026-06-18,PLAZA,プラザイオンモール浜松市野店,ラフドット,ラフドット インティメイトウォッシュ PM,1,3582,2026-06,2026-07-17 08:07:29
2026-06-18,PLAZA,プラザイオンモール浜松市野店,YOU TOKYO,YOU TOKYO ヘアミルク RR,1,2680,2026-06,2026-07-17 08:07:29
2026-06-18,PLAZA,ファッションクルーズひたちなか,ラフドット,ラフドット インティメイトウォッシュ PM,1,3582,2026-06,2026-07-17 08:07:29
2026-06-18,PLAZA,プラザイオンモール須坂店,YOU TOKYO,YOU TOKYO ヘアミルク RR,1,2680,2026-06,2026-07-17 08:07:29
2026-06-18,PLAZA,オンラインストア,ラフドット,ラフドット インティメイトウォッシュ SB,1,3582,2026-06,2026-07-17 08:07:29
2026-06-18,PLAZA,オンラインストア,ラフドット,ラフドット インティメイトFミスト LV,1,3132,2026-06,2026-07-17 08:07:29
2026-06-18,PLAZA,オンラインストア,ラフドット,ラフドット ヘアリムーバー,1,3400,2026-06,2026-07-17 08:07:29
2026-06-18,PLAZA,オンラインストア,YOU TOKYO,YOU TOKYO ヘアミルク CW,3,8040,2026-06,2026-07-17 08:07:29
2026-06-18,PLAZA,オンラインストア,YOU TOKYO,YOU TOKYO ヘアミルク RR,2,5360,2026-06,2026-07-17 08:07:29
2026-06-18,PLAZA,オンラインストア,YOU TOKYO,YOU TOKYO ヘアオイル RR,2,4560,2026-06,2026-07-17 08:07:29
2026-06-17,PLAZA,玉川高島屋SC店,ラフドット,ラフドット インティメイトウォッシュ PM,1,3582,2026-06,2026-07-17 08:07:29
2026-06-17,PLAZA,渋谷109店,（不明）,フルーシービタミンドロップクロミ,1,900,2026-06,2026-07-17 08:07:29
2026-06-17,PLAZA,渋谷109店,YOU TOKYO,YOU TOKYO ヘアミルク CW,1,2680,2026-06,2026-07-17 08:07:29
2026-06-17,PLAZA,ルミネ横浜店,ラフドット,ラフドット インティメイトFミスト PM,1,3132,2026-06,2026-07-17 08:07:29
2026-06-17,PLAZA,ルミネ横浜店,（不明）,フルーシー ビヨウエキクロミ,1,2500,2026-06,2026-07-17 08:07:29
2026-06-17,PLAZA,ルミネ横浜店,（不明）,フルーシービタミンドロップクロミ,1,900,2026-06,2026-07-17 08:07:29
2026-06-17,PLAZA,ルミネ横浜店,YOU TOKYO,YOU TOKYO ヘアオイル BS,1,2280,2026-06,2026-07-17 08:07:29
2026-06-17,PLAZA,アトレ大井町店,YOU TOKYO,YOU TOKYO ヘアミルク RR,2,5360,2026-06,2026-07-17 08:07:29
2026-06-17,PLAZA,ルミネ大宮店,ラフドット,ラフドット インティメイトウォッシュ SB,1,3582,2026-06,2026-07-17 08:07:29
2026-06-17,PLAZA,ルミネ大宮店,（不明）,フルーシービタミンドロップクロミ,1,900,2026-06,2026-07-17 08:07:29
2026-06-17,PLAZA,ルミネ大宮店,YOU TOKYO,YOU TOKYO ヘアミルク RR,2,5360,2026-06,2026-07-17 08:07:29
2026-06-17,PLAZA,ルミネ大宮店,YOU TOKYO,YOU TOKYO ヘアオイル RR,1,2280,2026-06,2026-07-17 08:07:29
2026-06-17,PLAZA,横浜ジョイナス店,YOU TOKYO,YOU TOKYO ヘアオイル RR,1,2280,2026-06,2026-07-17 08:07:29
2026-06-17,PLAZA,イオンモール羽生店,YOU TOKYO,YOU TOKYO ヘアミルク RR,1,2680,2026-06,2026-07-17 08:07:29
2026-06-17,PLAZA,五反田東急スクエア店,ラフドット,ラフドット インティメイトウォッシュ MV,1,3582,2026-06,2026-07-17 08:07:29
2026-06-17,PLAZA,新越谷ヴァリエ店,（不明）,フルーシー ビヨウエキクロミ,1,2500,2026-06,2026-07-17 08:07:29
2026-06-17,PLAZA,新越谷ヴァリエ店,（不明）,フルーシービタミンドロップクロミ,1,900,2026-06,2026-07-17 08:07:29
2026-06-17,PLAZA,大船ルミネウイング店,YOU TOKYO,YOU TOKYO ヘアミルク RR,1,2680,2026-06,2026-07-17 08:07:29
2026-06-17,PLAZA,ルミネエスト新宿店,（不明）,フルーシー ビヨウエキクロミ,1,2500,2026-06,2026-07-17 08:07:29
2026-06-17,PLAZA,天王寺ミオ店,ラフドット,ラフドット インティメイトウォッシュ SB,1,3582,2026-06,2026-07-17 08:07:29
2026-06-17,PLAZA,天王寺ミオ店,ラフドット,ラフドット インティメイトウォッシュ PM,1,3582,2026-06,2026-07-17 08:07:29
2026-06-17,PLAZA,天王寺ミオ店,（不明）,フルーシー ビヨウエキクロミ,1,2500,2026-06,2026-07-17 08:07:29
2026-06-17,PLAZA,アトレ川越店,（不明）,フルーシービタミンドロップクロミ,2,1800,2026-06,2026-07-17 08:07:29
2026-06-17,PLAZA,アトレ川越店,YOU TOKYO,YOU TOKYO ヘアミルク CW,2,5360,2026-06,2026-07-17 08:07:29
2026-06-17,PLAZA,アトレ恵比寿店,ラフドット,ラフドット インティメイトウォッシュ PM,1,3582,2026-06,2026-07-17 08:07:29
2026-06-17,PLAZA,アトレ恵比寿店,（不明）,フルーシービタミンドロップクロミ,1,900,2026-06,2026-07-17 08:07:29
2026-06-17,PLAZA,アトレ川崎店,ラフドット,ラフドット インティメイトウォッシュ PM,1,3582,2026-06,2026-07-17 08:07:29
2026-06-17,PLAZA,アトレ川崎店,YOU TOKYO,YOU TOKYO ヘアミルク CW,1,2680,2026-06,2026-07-17 08:07:29
2026-06-17,PLAZA,アトレ川崎店,YOU TOKYO,YOU TOKYO ヘアミルク RR,1,2680,2026-06,2026-07-17 08:07:29
2026-06-17,PLAZA,なんばシティ店,（不明）,フルーシービタミンドロップクロミ,1,900,2026-06,2026-07-17 08:07:29
2026-06-17,PLAZA,ルミネ町田店,（不明）,フルーシービタミンドロップクロミ,1,900,2026-06,2026-07-17 08:07:29
2026-06-17,PLAZA,京橋京阪モール店,ラフドット,ラフドット インティメイトウォッシュ PM,1,3582,2026-06,2026-07-17 08:07:29
2026-06-17,PLAZA,京橋京阪モール店,YOU TOKYO,YOU TOKYO ヘアミルク CW,1,2680,2026-06,2026-07-17 08:07:29
2026-06-17,PLAZA,エスパル仙台店,YOU TOKYO,YOU TOKYO ヘアミルク RR,3,8040,2026-06,2026-07-17 08:07:29
2026-06-17,PLAZA,水戸エクセル店,ラフドット,ラフドット インティメイトウォッシュ PM,1,3582,2026-06,2026-07-17 08:07:29
2026-06-17,PLAZA,ルミネ荻窪店,ラフドット,ラフドット インティメイトウォッシュ PM,1,3582,2026-06,2026-07-17 08:07:29
2026-06-17,PLAZA,ルミネ荻窪店,YOU TOKYO,YOU TOKYO ヘアミルク CW,2,5360,2026-06,2026-07-17 08:07:29
2026-06-17,PLAZA,ルミネ荻窪店,YOU TOKYO,YOU TOKYO ヘアオイル BS,1,2280,2026-06,2026-07-17 08:07:29
2026-06-17,PLAZA,ルミネ池袋店,（不明）,フルーシー ビヨウエキクロミ,1,2500,2026-06,2026-07-17 08:07:29
2026-06-17,PLAZA,イオンモールむさし村山店,ラフドット,ラフドット インティメイトウォッシュ PM,1,3582,2026-06,2026-07-17 08:07:29
2026-06-17,PLAZA,舞浜イクスピアリ店,（不明）,フルーシービタミンドロップクロミ,2,1800,2026-06,2026-07-17 08:07:29
2026-06-17,PLAZA,舞浜イクスピアリ店,YOU TOKYO,YOU TOKYO ヘアオイル BS,1,2280,2026-06,2026-07-17 08:07:29
2026-06-17,PLAZA,たまプラーザテラス店,YOU TOKYO,YOU TOKYO ヘアミルク CW,2,5360,2026-06,2026-07-17 08:07:29
2026-06-17,PLAZA,ルクア大阪店,（不明）,フルーシー ビヨウエキクロミ,1,2500,2026-06,2026-07-17 08:07:29
2026-06-17,PLAZA,ルクア大阪店,（不明）,フルーシービタミンドロップクロミ,2,1800,2026-06,2026-07-17 08:07:29
2026-06-17,PLAZA,ルクア大阪店,YOU TOKYO,YOU TOKYO ヘアミルク CW,1,2680,2026-06,2026-07-17 08:07:29
2026-06-17,PLAZA,ルクア大阪店,YOU TOKYO,YOU TOKYO ヘアミルク RR,1,2680,2026-06,2026-07-17 08:07:29
2026-06-17,PLAZA,三井アウトレットパーク木更津店,（不明）,フルーシー ビヨウエキクロミ,2,5000,2026-06,2026-07-17 08:07:29
2026-06-17,PLAZA,三井アウトレットパーク木更津店,（不明）,フルーシービタミンドロップクロミ,1,900,2026-06,2026-07-17 08:07:29
2026-06-17,PLAZA,三井アウトレットパーク木更津店,YOU TOKYO,YOU TOKYO ヘアミルク RR,1,2680,2026-06,2026-07-17 08:07:29
2026-06-17,PLAZA,上野マルイ店,ラフドット,ラフドット インティメイトウォッシュ PM,1,3582,2026-06,2026-07-17 08:07:29
2026-06-17,PLAZA,軽井沢プリンスショッピングP店,YOU TOKYO,YOU TOKYO ヘアミルク CW,1,2680,2026-06,2026-07-17 08:07:29
2026-06-17,PLAZA,金沢フォーラス店,ラフドット,ラフドット インティメイトウォッシュ SB,1,3582,2026-06,2026-07-17 08:07:29
2026-06-17,PLAZA,ペリエ千葉店,ラフドット,ラフドット インティメイトウォッシュ SB,1,3582,2026-06,2026-07-17 08:07:29
2026-06-17,PLAZA,ペリエ千葉店,ラフドット,ラフドット インティメイトウォッシュ PM,1,3582,2026-06,2026-07-17 08:07:29
2026-06-17,PLAZA,名古屋ユニモール店,（不明）,フルーシー ビヨウエキクロミ,1,2500,2026-06,2026-07-17 08:07:29
2026-06-17,PLAZA,名古屋ユニモール店,YOU TOKYO,YOU TOKYO ヘアミルク CW,1,2680,2026-06,2026-07-17 08:07:29
2026-06-17,PLAZA,心斎橋パルコ店,（不明）,フルーシー ビヨウエキクロミ,3,7500,2026-06,2026-07-17 08:07:29
2026-06-17,PLAZA,心斎橋パルコ店,（不明）,フルーシービタミンドロップクロミ,1,900,2026-06,2026-07-17 08:07:29
2026-06-17,PLAZA,錦糸町テルミナ2店,ラフドット,ラフドット インティメイトウォッシュ PM,1,3582,2026-06,2026-07-17 08:07:29
2026-06-17,PLAZA,ルミネ有楽町店,ラフドット,ラフドット インティメイトウォッシュ SB,1,3582,2026-06,2026-07-17 08:07:29
2026-06-17,PLAZA,ルミネ有楽町店,YOU TOKYO,YOU TOKYO ヘアミルク RR,1,2680,2026-06,2026-07-17 08:07:29
2026-06-17,PLAZA,名古屋サカエチカ店,ラフドット,ラフドット インティメイトウォッシュ PM,1,3582,2026-06,2026-07-17 08:07:29
2026-06-17,PLAZA,プラザ盛岡フェザン店,ラフドット,ラフドット インティメイトFミスト SB,1,3132,2026-06,2026-07-17 08:07:29
2026-06-17,PLAZA,プラザイオンモール太田店,ラフドット,ラフドット インティメイトウォッシュ PM,1,3582,2026-06,2026-07-17 08:07:29
2026-06-17,PLAZA,プラザイオンモール新居浜店,ラフドット,ラフドット インティメイトウォッシュ PM,1,3582,2026-06,2026-07-17 08:07:29
2026-06-17,PLAZA,沖縄・浦添PARCOCITY店,ラフドット,ラフドット インティメイトウォッシュ PM,1,3582,2026-06,2026-07-17 08:07:29
2026-06-17,PLAZA,プラザイオンモール白山店,YOU TOKYO,YOU TOKYO ヘアミルク RR,1,2680,2026-06,2026-07-17 08:07:29
2026-06-17,PLAZA,プラザイオンモール白山店,YOU TOKYO,YOU TOKYO ヘアオイル RR,1,2280,2026-06,2026-07-17 08:07:29
2026-06-17,PLAZA,イオンモール沖縄ライカム店,ラフドット,ラフドット インティメイトウォッシュ SB,1,3582,2026-06,2026-07-17 08:07:29
2026-06-17,PLAZA,プラザイオンモール豊川店,ラフドット,ラフドット インティメイトウォッシュ PM,2,7164,2026-06,2026-07-17 08:07:29
2026-06-17,PLAZA,CoCoLo新潟店,ラフドット,ラフドット インティメイトウォッシュ SB,1,3582,2026-06,2026-07-17 08:07:29
2026-06-17,PLAZA,プラザイオンモール浜松市野店,YOU TOKYO,YOU TOKYO ヘアミルク RR,1,2680,2026-06,2026-07-17 08:07:29
2026-06-17,PLAZA,プラザイオンモール津南店,ラフドット,ラフドット インティメイトウォッシュ SB,2,7164,2026-06,2026-07-17 08:07:29
2026-06-17,PLAZA,プラザイオンモール須坂店,ラフドット,ラフドット インティメイトウォッシュ SB,1,3582,2026-06,2026-07-17 08:07:29
2026-06-17,PLAZA,オンラインストア,YOU TOKYO,YOU TOKYO ヘアミルク CW,1,2680,2026-06,2026-07-17 08:07:29
2026-06-16,PLAZA,三宮店,ラフドット,ラフドット インティメイトウォッシュ PM,1,3582,2026-06,2026-07-17 08:07:29
2026-06-16,PLAZA,玉川高島屋SC店,YOU TOKYO,YOU TOKYO ヘアオイル BS,1,2280,2026-06,2026-07-17 08:07:29
2026-06-16,PLAZA,玉川高島屋SC店,YOU TOKYO,YOU TOKYO ヘアオイル RR,1,2280,2026-06,2026-07-17 08:07:29
2026-06-16,PLAZA,ルミネ横浜店,ラフドット,ラフドット インティメイトウォッシュ SB,2,7164,2026-06,2026-07-17 08:07:29
2026-06-16,PLAZA,ルミネ横浜店,YOU TOKYO,YOU TOKYO ヘアミルク RR,2,5360,2026-06,2026-07-17 08:07:29
2026-06-16,PLAZA,ルミネ大宮店,YOU TOKYO,YOU TOKYO ヘアミルク CW,1,2680,2026-06,2026-07-17 08:07:29
2026-06-16,PLAZA,ルミネ大宮店,YOU TOKYO,YOU TOKYO ヘアミルク RR,1,2680,2026-06,2026-07-17 08:07:29
2026-06-16,PLAZA,ルミネ新宿店,ラフドット,ラフドット インティメイトウォッシュ PM,1,3582,2026-06,2026-07-17 08:07:29
2026-06-16,PLAZA,ルミネ新宿店,ラフドット,ラフドット ヘアリムーバー,1,3400,2026-06,2026-07-17 08:07:29
2026-06-16,PLAZA,ルミネ新宿店,YOU TOKYO,YOU TOKYO ヘアミルク CW,2,5360,2026-06,2026-07-17 08:07:29
2026-06-16,PLAZA,ルミネ新宿店,YOU TOKYO,YOU TOKYO ヘアミルク RR,1,2680,2026-06,2026-07-17 08:07:29
2026-06-16,PLAZA,アミュプラザ小倉店,ラフドット,ラフドット ヤクヨウホワイトセラム,1,3237,2026-06,2026-07-17 08:07:29
2026-06-16,PLAZA,汐留シオサイト店,ラフドット,ラフドット インティメイトウォッシュ PM,1,3582,2026-06,2026-07-17 08:07:29
2026-06-16,PLAZA,横浜ジョイナス店,YOU TOKYO,YOU TOKYO ヘアオイル RR,1,2280,2026-06,2026-07-17 08:07:29
2026-06-16,PLAZA,京都ポルタ店,YOU TOKYO,YOU TOKYO ヘアミルク CW,2,5360,2026-06,2026-07-17 08:07:29
2026-06-16,PLAZA,京都ポルタ店,YOU TOKYO,YOU TOKYO ヘアミルク RR,1,2680,2026-06,2026-07-17 08:07:29
2026-06-16,PLAZA,イオンモール羽生店,ラフドット,ラフドット インティメイトウォッシュ LV,1,3582,2026-06,2026-07-17 08:07:29
2026-06-16,PLAZA,イオンモール羽生店,YOU TOKYO,YOU TOKYO ヘアオイル RR,1,2280,2026-06,2026-07-17 08:07:29
2026-06-16,PLAZA,新越谷ヴァリエ店,ラフドット,ラフドット インティメイトウォッシュ SB,1,3582,2026-06,2026-07-17 08:07:29
2026-06-16,PLAZA,新越谷ヴァリエ店,ラフドット,ラフドット インティメイトウォッシュ MV,1,3582,2026-06,2026-07-17 08:07:29
2026-06-16,PLAZA,新越谷ヴァリエ店,YOU TOKYO,YOU TOKYO ヘアミルク RR,1,2680,2026-06,2026-07-17 08:07:29
2026-06-16,PLAZA,柏高島屋ステーションモール店,YOU TOKYO,YOU TOKYO ヘアミルク RR,1,2680,2026-06,2026-07-17 08:07:29
2026-06-16,PLAZA,大船ルミネウイング店,ラフドット,ラフドット インティメイトウォッシュ SB,1,3582,2026-06,2026-07-17 08:07:29
2026-06-16,PLAZA,大船ルミネウイング店,ラフドット,ラフドット インティメイトウォッシュ MV,1,3582,2026-06,2026-07-17 08:07:29
2026-06-16,PLAZA,大船ルミネウイング店,YOU TOKYO,YOU TOKYO ヘアミルク CW,1,2680,2026-06,2026-07-17 08:07:29
2026-06-16,PLAZA,大船ルミネウイング店,YOU TOKYO,YOU TOKYO ヘアミルク RR,1,2680,2026-06,2026-07-17 08:07:29
2026-06-16,PLAZA,大船ルミネウイング店,YOU TOKYO,YOU TOKYO ヘアオイル RR,2,4560,2026-06,2026-07-17 08:07:29
2026-06-16,PLAZA,アトレ川越店,YOU TOKYO,YOU TOKYO ヘアミルク CW,1,2680,2026-06,2026-07-17 08:07:29
2026-06-16,PLAZA,ウイング上大岡店,ラフドット,ラフドット インティメイトウォッシュ SB,1,3582,2026-06,2026-07-17 08:07:29
2026-06-16,PLAZA,アトレ川崎店,ラフドット,ラフドット インティメイトウォッシュ MV,1,3582,2026-06,2026-07-17 08:07:29
2026-06-16,PLAZA,アトレ川崎店,YOU TOKYO,YOU TOKYO ヘアミルク CW,2,5360,2026-06,2026-07-17 08:07:29
2026-06-16,PLAZA,なんばシティ店,YOU TOKYO,YOU TOKYO ヘアミルク CW,1,2680,2026-06,2026-07-17 08:07:29
2026-06-16,PLAZA,ららぽーとTOKYO-BAY店,YOU TOKYO,YOU TOKYO ヘアミルク RR,1,2680,2026-06,2026-07-17 08:07:29
2026-06-16,PLAZA,京橋京阪モール店,ラフドット,ラフドット インティメイトウォッシュ PM,1,3582,2026-06,2026-07-17 08:07:29
2026-06-16,PLAZA,京橋京阪モール店,YOU TOKYO,YOU TOKYO ヘアミルク RR,1,2680,2026-06,2026-07-17 08:07:29
2026-06-16,PLAZA,京橋京阪モール店,YOU TOKYO,YOU TOKYO ヘアオイル RR,1,2280,2026-06,2026-07-17 08:07:29
2026-06-16,PLAZA,ルミネ北千住店,YOU TOKYO,YOU TOKYO ヘアミルク RR,2,5360,2026-06,2026-07-17 08:07:29
2026-06-16,PLAZA,札幌ステラプレイス店,YOU TOKYO,YOU TOKYO ヘアミルク CW,2,5360,2026-06,2026-07-17 08:07:29
2026-06-16,PLAZA,札幌ステラプレイス店,YOU TOKYO,YOU TOKYO ヘアミルク RR,1,2680,2026-06,2026-07-17 08:07:29
2026-06-16,PLAZA,ルミネ荻窪店,YOU TOKYO,YOU TOKYO ヘアミルク CW,1,2680,2026-06,2026-07-17 08:07:29
2026-06-16,PLAZA,ルミネ池袋店,YOU TOKYO,YOU TOKYO ヘアミルク RR,1,2680,2026-06,2026-07-17 08:07:29
2026-06-16,PLAZA,イオンモールむさし村山店,YOU TOKYO,YOU TOKYO ヘアミルク CW,1,2680,2026-06,2026-07-17 08:07:29
2026-06-16,PLAZA,たまプラーザテラス店,YOU TOKYO,YOU TOKYO ヘアミルク CW,2,5360,2026-06,2026-07-17 08:07:29
2026-06-16,PLAZA,たまプラーザテラス店,YOU TOKYO,YOU TOKYO ヘアミルク RR,1,2680,2026-06,2026-07-17 08:07:29
2026-06-16,PLAZA,ルクア大阪店,ラフドット,ラフドット インティメイトウォッシュ LV,1,3582,2026-06,2026-07-17 08:07:29
2026-06-16,PLAZA,三井アウトレットパーク木更津店,YOU TOKYO,YOU TOKYO ヘアミルク CW,1,2680,2026-06,2026-07-17 08:07:29
2026-06-16,PLAZA,ららテラス武蔵小杉店,ラフドット,ラフドット インティメイトウォッシュ MV,1,3582,2026-06,2026-07-17 08:07:29
2026-06-16,PLAZA,静岡パルシェ店,ラフドット,ラフドット インティメイトウォッシュ SB,1,3582,2026-06,2026-07-17 08:07:29
2026-06-16,PLAZA,静岡パルシェ店,ラフドット,ラフドット インティメイトウォッシュ MV,1,3582,2026-06,2026-07-17 08:07:29
2026-06-16,PLAZA,ペリエ千葉店,YOU TOKYO,YOU TOKYO ヘアミルク CW,1,2680,2026-06,2026-07-17 08:07:29
2026-06-16,PLAZA,ペリエ千葉店,YOU TOKYO,YOU TOKYO ヘアミルク RR,1,2680,2026-06,2026-07-17 08:07:29
2026-06-16,PLAZA,名古屋ユニモール店,ラフドット,ラフドット インティメイトウォッシュ PM,1,3582,2026-06,2026-07-17 08:07:29
2026-06-16,PLAZA,アトレ松戸店,ラフドット,ラフドット インティメイトウォッシュ SB,1,3582,2026-06,2026-07-17 08:07:29
2026-06-16,PLAZA,アトレ松戸店,YOU TOKYO,YOU TOKYO ヘアミルク RR,1,2680,2026-06,2026-07-17 08:07:29
2026-06-16,PLAZA,ペリエ稲毛店,ラフドット,ラフドット インティメイトウォッシュ SB,1,3582,2026-06,2026-07-17 08:07:29
2026-06-16,PLAZA,ららぽーと門真店,YOU TOKYO,YOU TOKYO ヘアミルク RR,1,2680,2026-06,2026-07-17 08:07:29
2026-06-16,PLAZA,池袋サンシャインシティアルパ店,YOU TOKYO,YOU TOKYO ヘアミルク RR,1,2680,2026-06,2026-07-17 08:07:29
2026-06-16,PLAZA,ららテラス川口店,ラフドット,ラフドット インティメイトウォッシュ SB,1,3582,2026-06,2026-07-17 08:07:29
2026-06-16,PLAZA,ららテラス川口店,ラフドット,ラフドット インティメイトウォッシュ PM,1,3582,2026-06,2026-07-17 08:07:29
2026-06-16,PLAZA,プラザららぽーと磐田店,ラフドット,ラフドット インティメイトウォッシュ SB,1,3582,2026-06,2026-07-17 08:07:29
2026-06-16,PLAZA,プラザイオンモール高知店,ラフドット,ラフドット インティメイトウォッシュ SB,1,3582,2026-06,2026-07-17 08:07:29
2026-06-16,PLAZA,プラザイオンモール広島府中店,ラフドット,ラフドット インティメイトウォッシュ SB,1,3582,2026-06,2026-07-17 08:07:29
2026-06-16,PLAZA,プラザイオンモール広島府中店,ラフドット,ラフドット インティメイトFミスト PM,1,3132,2026-06,2026-07-17 08:07:29
2026-06-16,PLAZA,イオンモール各務原インター店,ラフドット,ラフドット インティメイトウォッシュ PM,1,3582,2026-06,2026-07-17 08:07:29
2026-06-16,PLAZA,プラザイオンモール福岡店,ラフドット,ラフドット インティメイトウォッシュ SB,1,3582,2026-06,2026-07-17 08:07:29
2026-06-16,PLAZA,プラザイオンモール津南店,ラフドット,ラフドット インティメイトFミスト SB,1,3132,2026-06,2026-07-17 08:07:29
2026-06-16,PLAZA,オンラインストア,ラフドット,ラフドット インティメイトウォッシュ PM,1,3582,2026-06,2026-07-17 08:07:29
2026-06-16,PLAZA,オンラインストア,TEABLESS,TEABLESS ボディローションAE,1,1500,2026-06,2026-07-17 08:07:29
2026-06-15,PLAZA,三宮店,ラフドット,ラフドット インティメイトウォッシュ SB,1,3582,2026-06,2026-07-17 08:07:29
2026-06-15,PLAZA,三宮店,ラフドット,ラフドット インティメイトウォッシュ MV,1,3582,2026-06,2026-07-17 08:07:29
2026-06-15,PLAZA,梅田ヘップファイブ店,ラフドット,ラフドット インティメイトウォッシュ PM,1,3582,2026-06,2026-07-17 08:07:29
2026-06-15,PLAZA,梅田ヘップファイブ店,YOU TOKYO,YOU TOKYO ヘアミルク CW,2,5360,2026-06,2026-07-17 08:07:29
2026-06-15,PLAZA,玉川高島屋SC店,YOU TOKYO,YOU TOKYO ヘアミルク RR,1,2680,2026-06,2026-07-17 08:07:29
2026-06-15,PLAZA,ルミネ横浜店,YOU TOKYO,YOU TOKYO ヘアミルク CW,1,2680,2026-06,2026-07-17 08:07:29
2026-06-15,PLAZA,ルミネ大宮店,ラフドット,ラフドット インティメイトウォッシュ PM,1,3582,2026-06,2026-07-17 08:07:29
2026-06-15,PLAZA,ルミネ大宮店,YOU TOKYO,YOU TOKYO ヘアミルク CW,2,5360,2026-06,2026-07-17 08:07:29
2026-06-15,PLAZA,ルミネ大宮店,YOU TOKYO,YOU TOKYO ヘアミルク RR,1,2680,2026-06,2026-07-17 08:07:29
2026-06-15,PLAZA,アミュプラザ小倉店,ラフドット,ラフドット インティメイトウォッシュ PM,1,3582,2026-06,2026-07-17 08:07:29
2026-06-15,PLAZA,アミュプラザ小倉店,YOU TOKYO,YOU TOKYO ヘアミルク CW,2,5360,2026-06,2026-07-17 08:07:29
2026-06-15,PLAZA,京都ポルタ店,ラフドット,ラフドット インティメイトウォッシュ SB,1,3582,2026-06,2026-07-17 08:07:29
2026-06-15,PLAZA,京都ポルタ店,YOU TOKYO,YOU TOKYO ヘアミルク CW,1,2680,2026-06,2026-07-17 08:07:29
2026-06-15,PLAZA,京都ポルタ店,YOU TOKYO,YOU TOKYO ヘアミルク RR,1,2680,2026-06,2026-07-17 08:07:29
2026-06-15,PLAZA,京都ポルタ店,YOU TOKYO,YOU TOKYO ヘアオイル RR,1,2280,2026-06,2026-07-17 08:07:29
2026-06-15,PLAZA,五反田東急スクエア店,ラフドット,ラフドット インティメイトウォッシュ MV,1,3582,2026-06,2026-07-17 08:07:29
2026-06-15,PLAZA,新越谷ヴァリエ店,YOU TOKYO,YOU TOKYO ヘアミルク CW,1,2680,2026-06,2026-07-17 08:07:29
2026-06-15,PLAZA,大船ルミネウイング店,ラフドット,ラフドット インティメイトウォッシュ LV,1,3582,2026-06,2026-07-17 08:07:29
2026-06-15,PLAZA,大船ルミネウイング店,ラフドット,ラフドット インティメイトFミスト LV,1,3132,2026-06,2026-07-17 08:07:29
2026-06-15,PLAZA,大船ルミネウイング店,YOU TOKYO,YOU TOKYO ヘアミルク CW,1,2680,2026-06,2026-07-17 08:07:29
2026-06-15,PLAZA,大船ルミネウイング店,YOU TOKYO,YOU TOKYO ヘアオイル BS,1,2280,2026-06,2026-07-17 08:07:29
2026-06-15,PLAZA,大船ルミネウイング店,TEABLESS,TEABLESS ボディローションMR,2,3000,2026-06,2026-07-17 08:07:29
2026-06-15,PLAZA,天王寺ミオ店,YOU TOKYO,YOU TOKYO ヘアミルク CW,1,2680,2026-06,2026-07-17 08:07:29
2026-06-15,PLAZA,天王寺ミオ店,YOU TOKYO,YOU TOKYO ヘアミルク RR,1,2680,2026-06,2026-07-17 08:07:29
2026-06-15,PLAZA,アトレ恵比寿店,YOU TOKYO,YOU TOKYO ヘアミルク CW,1,2680,2026-06,2026-07-17 08:07:29
2026-06-15,PLAZA,アトレ恵比寿店,TEABLESS,TEABLESS ボディローションMR,1,1500,2026-06,2026-07-17 08:07:29
2026-06-15,PLAZA,池袋パルコ店,YOU TOKYO,YOU TOKYO ヘアミルク CW,1,2680,2026-06,2026-07-17 08:07:29
2026-06-15,PLAZA,ららぽーとTOKYO-BAY店,ラフドット,ラフドット インティメイトウォッシュ SB,1,3582,2026-06,2026-07-17 08:07:29
2026-06-15,PLAZA,京橋京阪モール店,YOU TOKYO,YOU TOKYO ヘアミルク CW,1,2680,2026-06,2026-07-17 08:07:29
2026-06-15,PLAZA,京橋京阪モール店,YOU TOKYO,YOU TOKYO ヘアミルク RR,1,2680,2026-06,2026-07-17 08:07:29
2026-06-15,PLAZA,エスパル仙台店,YOU TOKYO,YOU TOKYO ヘアミルク RR,3,8040,2026-06,2026-07-17 08:07:29
2026-06-15,PLAZA,ルミネ北千住店,YOU TOKYO,YOU TOKYO ヘアミルク CW,1,2680,2026-06,2026-07-17 08:07:29
2026-06-15,PLAZA,ルミネ荻窪店,YOU TOKYO,YOU TOKYO ヘアミルク CW,2,5360,2026-06,2026-07-17 08:07:29
2026-06-15,PLAZA,岡山一番街店,ラフドット,ラフドット インティメイトFミスト PM,1,3132,2026-06,2026-07-17 08:07:29
2026-06-15,PLAZA,ルミネ池袋店,YOU TOKYO,YOU TOKYO ヘアミルク RR,3,8040,2026-06,2026-07-17 08:07:29
2026-06-15,PLAZA,越谷イオンレイクタウン店,YOU TOKYO,YOU TOKYO ヘアミルク CW,1,2680,2026-06,2026-07-17 08:07:29
2026-06-15,PLAZA,越谷イオンレイクタウン店,YOU TOKYO,YOU TOKYO ヘアミルク RR,2,5360,2026-06,2026-07-17 08:07:29
2026-06-15,PLAZA,たまプラーザテラス店,YOU TOKYO,YOU TOKYO ヘアミルク CW,1,2680,2026-06,2026-07-17 08:07:29
2026-06-15,PLAZA,たまプラーザテラス店,YOU TOKYO,YOU TOKYO ヘアミルク RR,2,5360,2026-06,2026-07-17 08:07:29
2026-06-15,PLAZA,アトレ吉祥寺店,ラフドット,ラフドット インティメイトウォッシュ PM,2,7164,2026-06,2026-07-17 08:07:29
2026-06-15,PLAZA,ルクア大阪店,YOU TOKYO,YOU TOKYO ヘアミルク CW,1,2680,2026-06,2026-07-17 08:07:29
2026-06-15,PLAZA,ルクア大阪店,YOU TOKYO,YOU TOKYO ヘアミルク RR,1,2680,2026-06,2026-07-17 08:07:29
2026-06-15,PLAZA,三井アウトレットパーク木更津店,YOU TOKYO,YOU TOKYO ヘアミルク CW,1,2680,2026-06,2026-07-17 08:07:29
2026-06-15,PLAZA,三井アウトレットパーク木更津店,YOU TOKYO,YOU TOKYO ヘアミルク RR,1,2680,2026-06,2026-07-17 08:07:29
2026-06-15,PLAZA,シャポー市川店,ラフドット,ラフドット インティメイトウォッシュ PM,1,3582,2026-06,2026-07-17 08:07:29
2026-06-15,PLAZA,シャポー市川店,ラフドット,ラフドット インティメイトウォッシュ LV,1,3582,2026-06,2026-07-17 08:07:29
2026-06-15,PLAZA,イオンモール幕張新都心店,ラフドット,ラフドット インティメイトウォッシュ SB,1,3582,2026-06,2026-07-17 08:07:29
2026-06-15,PLAZA,ららぽーと富士見店,ラフドット,ラフドット インティメイトウォッシュ PM,1,3582,2026-06,2026-07-17 08:07:29
2026-06-15,PLAZA,静岡パルシェ店,ラフドット,ラフドット インティメイトウォッシュ SB,2,7164,2026-06,2026-07-17 08:07:29
2026-06-15,PLAZA,京都四条店,ラフドット,ラフドット インティメイトウォッシュ SB,1,3582,2026-06,2026-07-17 08:07:29
2026-06-15,PLAZA,ペリエ千葉店,YOU TOKYO,YOU TOKYO ヘアミルク CW,1,2680,2026-06,2026-07-17 08:07:29
2026-06-15,PLAZA,名古屋ユニモール店,ラフドット,ラフドット インティメイトウォッシュ SB,1,3582,2026-06,2026-07-17 08:07:29
2026-06-15,PLAZA,心斎橋パルコ店,YOU TOKYO,YOU TOKYO ヘアミルク RR,1,2680,2026-06,2026-07-17 08:07:29
2026-06-15,PLAZA,船橋東武店,ラフドット,ラフドット インティメイトウォッシュ SB,1,3582,2026-06,2026-07-17 08:07:29
2026-06-15,PLAZA,錦糸町テルミナ2店,ラフドット,ラフドット インティメイトウォッシュ PM,1,3582,2026-06,2026-07-17 08:07:29
2026-06-15,PLAZA,錦糸町テルミナ2店,ラフドット,ラフドット インティメイトウォッシュ MV,1,3582,2026-06,2026-07-17 08:07:29
2026-06-15,PLAZA,錦糸町テルミナ2店,ラフドット,ラフドット インティメイトミスト MV,1,3132,2026-06,2026-07-17 08:07:29
2026-06-15,PLAZA,プラザイオンモール太田店,ラフドット,ラフドット インティメイトウォッシュ PM,1,3582,2026-06,2026-07-17 08:07:29
2026-06-15,PLAZA,プラザ宇都宮パセオ店,ラフドット,ラフドット インティメイトウォッシュ PM,1,3582,2026-06,2026-07-17 08:07:29
2026-06-15,PLAZA,プラザイオンモール岡崎店,ラフドット,ラフドット インティメイトウォッシュ PM,1,3582,2026-06,2026-07-17 08:07:29
2026-06-15,PLAZA,プラザイオンモール川口前川店,ラフドット,ラフドット インティメイトミスト MV,1,3132,2026-06,2026-07-17 08:07:29
2026-06-15,PLAZA,プラザイオンモール豊川店,ラフドット,ラフドット インティメイトウォッシュ MV,1,3582,2026-06,2026-07-17 08:07:29
2026-06-15,PLAZA,ファッションクルーズひたちなか,ラフドット,ラフドット インティメイトウォッシュ SB,1,3582,2026-06,2026-07-17 08:07:29
2026-06-15,PLAZA,プラザいわきラトブ店,ラフドット,ラフドット インティメイトウォッシュ SB,1,3582,2026-06,2026-07-17 08:07:29
2026-06-15,PLAZA,オンラインストア,YOU TOKYO,YOU TOKYO ヘアミルク CW,2,5360,2026-06,2026-07-17 08:07:29
2026-06-15,PLAZA,オンラインストア,YOU TOKYO,YOU TOKYO ヘアオイル BS,1,2280,2026-06,2026-07-17 08:07:29
2026-06-14,PLAZA,梅田ヘップファイブ店,ラフドット,ラフドット インティメイトウォッシュ SB,1,3582,2026-06,2026-07-17 08:07:29
2026-06-14,PLAZA,梅田ヘップファイブ店,YOU TOKYO,YOU TOKYO ヘアミルク CW,1,2680,2026-06,2026-07-17 08:07:29
2026-06-14,PLAZA,玉川高島屋SC店,YOU TOKYO,YOU TOKYO ヘアミルク CW,2,5360,2026-06,2026-07-17 08:07:29
2026-06-14,PLAZA,玉川高島屋SC店,YOU TOKYO,YOU TOKYO ヘアオイル RR,1,2280,2026-06,2026-07-17 08:07:29
2026-06-14,PLAZA,ルミネ横浜店,YOU TOKYO,YOU TOKYO ヘアミルク CW,2,5360,2026-06,2026-07-17 08:07:29
2026-06-14,PLAZA,ルミネ大宮店,ラフドット,ラフドット インティメイトウォッシュ SB,2,7164,2026-06,2026-07-17 08:07:29
2026-06-14,PLAZA,ルミネ大宮店,YOU TOKYO,YOU TOKYO ヘアミルク CW,1,2680,2026-06,2026-07-17 08:07:29
2026-06-14,PLAZA,アミュプラザ小倉店,YOU TOKYO,YOU TOKYO ヘアミルク RR,1,2680,2026-06,2026-07-17 08:07:29
2026-06-14,PLAZA,横浜ジョイナス店,YOU TOKYO,YOU TOKYO ヘアミルク RR,2,5360,2026-06,2026-07-17 08:07:29
2026-06-14,PLAZA,京都ポルタ店,YOU TOKYO,YOU TOKYO ヘアミルク CW,1,2680,2026-06,2026-07-17 08:07:29
2026-06-14,PLAZA,京都ポルタ店,YOU TOKYO,YOU TOKYO ヘアミルク RR,1,2680,2026-06,2026-07-17 08:07:29
2026-06-14,PLAZA,京都ポルタ店,YOU TOKYO,YOU TOKYO ヘアオイル RR,1,2280,2026-06,2026-07-17 08:07:29
2026-06-14,PLAZA,イオンモール羽生店,ラフドット,ラフドット インティメイトウォッシュ SB,1,3582,2026-06,2026-07-17 08:07:29
2026-06-14,PLAZA,イオンモール羽生店,YOU TOKYO,YOU TOKYO ヘアミルク RR,3,8040,2026-06,2026-07-17 08:07:29
2026-06-14,PLAZA,五反田東急スクエア店,ラフドット,ラフドット インティメイトウォッシュ PM,1,3582,2026-06,2026-07-17 08:07:29
2026-06-14,PLAZA,新越谷ヴァリエ店,YOU TOKYO,YOU TOKYO ヘアミルク CW,1,2680,2026-06,2026-07-17 08:07:29
2026-06-14,PLAZA,新越谷ヴァリエ店,YOU TOKYO,YOU TOKYO ヘアミルク RR,1,2680,2026-06,2026-07-17 08:07:29
2026-06-14,PLAZA,福岡ソラリアプラザ店,ラフドット,ラフドット インティメイトウォッシュ SB,1,3582,2026-06,2026-07-17 08:07:29
2026-06-14,PLAZA,福岡ソラリアプラザ店,ラフドット,ラフドット インティメイトウォッシュ PM,1,3582,2026-06,2026-07-17 08:07:29
2026-06-14,PLAZA,イオンモール堺北花田店,ラフドット,ラフドット インティメイトウォッシュ SB,1,3582,2026-06,2026-07-17 08:07:29
2026-06-14,PLAZA,大船ルミネウイング店,YOU TOKYO,YOU TOKYO ヘアミルク CW,4,10720,2026-06,2026-07-17 08:07:29
2026-06-14,PLAZA,大船ルミネウイング店,YOU TOKYO,YOU TOKYO ヘアオイル BS,1,2280,2026-06,2026-07-17 08:07:29
2026-06-14,PLAZA,ルミネエスト新宿店,YOU TOKYO,YOU TOKYO ヘアミルク RR,2,5360,2026-06,2026-07-17 08:07:29
2026-06-14,PLAZA,アトレ川越店,YOU TOKYO,YOU TOKYO ヘアミルク RR,1,2680,2026-06,2026-07-17 08:07:29
2026-06-14,PLAZA,ルミネ立川店,ラフドット,ラフドット インティメイトウォッシュ PM,1,3582,2026-06,2026-07-17 08:07:29
2026-06-14,PLAZA,ウイング上大岡店,YOU TOKYO,YOU TOKYO ヘアオイル BS,1,2280,2026-06,2026-07-17 08:07:29
2026-06-14,PLAZA,アトレ恵比寿店,YOU TOKYO,YOU TOKYO ヘアミルク CW,1,2680,2026-06,2026-07-17 08:07:29
2026-06-14,PLAZA,なんばシティ店,ラフドット,ラフドット インティメイトウォッシュ LV,1,3582,2026-06,2026-07-17 08:07:29
2026-06-14,PLAZA,なんばシティ店,YOU TOKYO,YOU TOKYO ヘアミルク CW,1,2680,2026-06,2026-07-17 08:07:29
2026-06-14,PLAZA,ルミネ町田店,ラフドット,ラフドット インティメイトウォッシュ PM,1,3582,2026-06,2026-07-17 08:07:29
2026-06-14,PLAZA,ルミネ町田店,YOU TOKYO,YOU TOKYO ヘアミルク RR,1,2680,2026-06,2026-07-17 08:07:29
2026-06-14,PLAZA,ららぽーとTOKYO-BAY店,ラフドット,ラフドット インティメイトFミスト SB,1,3132,2026-06,2026-07-17 08:07:29
2026-06-14,PLAZA,ららぽーとTOKYO-BAY店,ラフドット,ラフドット インティメイトウォッシュ PM,1,3582,2026-06,2026-07-17 08:07:29
2026-06-14,PLAZA,京橋京阪モール店,YOU TOKYO,YOU TOKYO ヘアミルク CW,1,2680,2026-06,2026-07-17 08:07:29
2026-06-14,PLAZA,エスパル仙台店,ラフドット,ラフドット インティメイトウォッシュ PM,1,3582,2026-06,2026-07-17 08:07:29
2026-06-14,PLAZA,ルミネ北千住店,ラフドット,ラフドット インティメイトウォッシュ SB,1,3582,2026-06,2026-07-17 08:07:29
2026-06-14,PLAZA,ルミネ北千住店,YOU TOKYO,YOU TOKYO ヘアミルク RR,3,8040,2026-06,2026-07-17 08:07:29
2026-06-14,PLAZA,ルミネ北千住店,YOU TOKYO,YOU TOKYO ヘアオイル BS,1,2280,2026-06,2026-07-17 08:07:29
2026-06-14,PLAZA,札幌ステラプレイス店,ラフドット,ラフドット インティメイトウォッシュ PM,1,3582,2026-06,2026-07-17 08:07:29
2026-06-14,PLAZA,札幌ステラプレイス店,YOU TOKYO,YOU TOKYO ヘアミルク CW,2,5360,2026-06,2026-07-17 08:07:29
2026-06-14,PLAZA,札幌ステラプレイス店,YOU TOKYO,YOU TOKYO ヘアオイル BS,2,4560,2026-06,2026-07-17 08:07:29
2026-06-14,PLAZA,水戸エクセル店,ラフドット,ラフドット インティメイトウォッシュ PM,1,3582,2026-06,2026-07-17 08:07:29
2026-06-14,PLAZA,ラスカ小田原店,ラフドット,ラフドット インティメイトウォッシュ SB,1,3582,2026-06,2026-07-17 08:07:29
2026-06-14,PLAZA,イオンモールむさし村山店,ラフドット,ラフドット インティメイトウォッシュ LV,1,3582,2026-06,2026-07-17 08:07:29
2026-06-14,PLAZA,イオンモールむさし村山店,YOU TOKYO,YOU TOKYO ヘアミルク CW,3,8040,2026-06,2026-07-17 08:07:29
2026-06-14,PLAZA,イオンモールむさし村山店,YOU TOKYO,YOU TOKYO ヘアミルク RR,1,2680,2026-06,2026-07-17 08:07:29
2026-06-14,PLAZA,神戸三田プレミアムアウトレット,TEABLESS,TEABLESS ボディローションPG,1,1500,2026-06,2026-07-17 08:07:29
2026-06-14,PLAZA,越谷イオンレイクタウン店,YOU TOKYO,YOU TOKYO ヘアミルク CW,1,2680,2026-06,2026-07-17 08:07:29
2026-06-14,PLAZA,たまプラーザテラス店,YOU TOKYO,YOU TOKYO ヘアミルク CW,1,2680,2026-06,2026-07-17 08:07:29
2026-06-14,PLAZA,ルクア大阪店,ラフドット,ラフドット インティメイトウォッシュ PM,1,3582,2026-06,2026-07-17 08:07:29
2026-06-14,PLAZA,ルクア大阪店,ラフドット,ラフドット インティメイトウォッシュ MV,2,7164,2026-06,2026-07-17 08:07:29
2026-06-14,PLAZA,ルクア大阪店,YOU TOKYO,YOU TOKYO ヘアミルク CW,3,8040,2026-06,2026-07-17 08:07:29
2026-06-14,PLAZA,ルクア大阪店,YOU TOKYO,YOU TOKYO ヘアミルク RR,1,2680,2026-06,2026-07-17 08:07:29
2026-06-14,PLAZA,三井アウトレットパーク木更津店,ラフドット,ラフドット インティメイトウォッシュ PM,1,3582,2026-06,2026-07-17 08:07:29
2026-06-14,PLAZA,イーアスつくば店,ラフドット,ラフドット インティメイトウォッシュ PM,1,3582,2026-06,2026-07-17 08:07:29
2026-06-14,PLAZA,ららぽーと富士見店,ラフドット,ラフドット インティメイトウォッシュ SB,1,3582,2026-06,2026-07-17 08:07:29
2026-06-14,PLAZA,ラスカ茅ケ崎店,ラフドット,ラフドット インティメイトウォッシュ SB,1,3582,2026-06,2026-07-17 08:07:29
2026-06-14,PLAZA,ラスカ茅ケ崎店,ラフドット,ラフドット インティメイトウォッシュ PM,1,3582,2026-06,2026-07-17 08:07:29
2026-06-14,PLAZA,静岡パルシェ店,ラフドット,ラフドット インティメイトウォッシュ PM,1,3582,2026-06,2026-07-17 08:07:29
2026-06-14,PLAZA,京都四条店,ラフドット,ラフドット インティメイトウォッシュ PM,1,3582,2026-06,2026-07-17 08:07:29
2026-06-14,PLAZA,ペリエ千葉店,YOU TOKYO,YOU TOKYO ヘアミルク CW,1,2680,2026-06,2026-07-17 08:07:29
2026-06-14,PLAZA,心斎橋パルコ店,ラフドット,ラフドット インティメイトウォッシュ SB,1,3582,2026-06,2026-07-17 08:07:29
2026-06-14,PLAZA,アトレ松戸店,ラフドット,ラフドット インティメイトウォッシュ PM,1,3582,2026-06,2026-07-17 08:07:29
2026-06-14,PLAZA,ペリエ稲毛店,ラフドット,ラフドット インティメイトウォッシュ PM,1,3582,2026-06,2026-07-17 08:07:29
2026-06-14,PLAZA,船橋東武店,ラフドット,ラフドット インティメイトウォッシュ SB,2,7164,2026-06,2026-07-17 08:07:29
2026-06-14,PLAZA,船橋東武店,YOU TOKYO,YOU TOKYO ヘアミルク CW,2,5360,2026-06,2026-07-17 08:07:29
2026-06-14,PLAZA,ららぽーと門真店,YOU TOKYO,YOU TOKYO ヘアミルク RR,1,2680,2026-06,2026-07-17 08:07:29
2026-06-14,PLAZA,ルミネ有楽町店,ラフドット,ラフドット インティメイトウォッシュ MV,2,7164,2026-06,2026-07-17 08:07:29
2026-06-14,PLAZA,ルミネ有楽町店,YOU TOKYO,YOU TOKYO ヘアミルク RR,2,5360,2026-06,2026-07-17 08:07:29
2026-06-14,PLAZA,コクーンシティさいたま新都心店,ラフドット,ラフドット インティメイトウォッシュ SB,1,3582,2026-06,2026-07-17 08:07:29
2026-06-14,PLAZA,プラザイオンモール筑紫野店,ラフドット,ラフドット インティメイトウォッシュ PM,1,3582,2026-06,2026-07-17 08:07:29
2026-06-14,PLAZA,プラザイオンモール太田店,ラフドット,ラフドット インティメイトウォッシュ SB,1,3582,2026-06,2026-07-17 08:07:29
2026-06-14,PLAZA,プラザイオンモール太田店,ラフドット,ラフドット インティメイトウォッシュ PM,1,3582,2026-06,2026-07-17 08:07:29
2026-06-14,PLAZA,プラザイオンモール新小松店,ラフドット,ラフドット インティメイトウォッシュ PM,1,3582,2026-06,2026-07-17 08:07:29
2026-06-14,PLAZA,プラザイオンモール日の出店,ラフドット,ラフドット インティメイトウォッシュ PM,1,3582,2026-06,2026-07-17 08:07:29
2026-06-14,PLAZA,プラザイオンモール新居浜店,ラフドット,ラフドット インティメイトウォッシュ PM,1,3582,2026-06,2026-07-17 08:07:29
2026-06-14,PLAZA,プラザイオンモール高知店,ラフドット,ラフドット インティメイトウォッシュ SB,1,3582,2026-06,2026-07-17 08:07:29
2026-06-14,PLAZA,プラザイオンモール広島府中店,ラフドット,ラフドット インティメイトウォッシュ PM,1,3582,2026-06,2026-07-17 08:07:29
2026-06-14,PLAZA,プラザイオンモール白山店,YOU TOKYO,YOU TOKYO ヘアミルク RR,1,2680,2026-06,2026-07-17 08:07:29
2026-06-14,PLAZA,プラザイオンモール川口前川店,ラフドット,ラフドット インティメイトウォッシュ PM,1,3582,2026-06,2026-07-17 08:07:29
2026-06-14,PLAZA,プラザイオンモール豊川店,ラフドット,ラフドット インティメイトウォッシュ PM,1,3582,2026-06,2026-07-17 08:07:29
2026-06-14,PLAZA,プラザイオンモール浜松市野店,ラフドット,ラフドット インティメイトウォッシュ SB,1,3582,2026-06,2026-07-17 08:07:29
2026-06-14,PLAZA,プラザイオンモール浜松市野店,ラフドット,ラフドット インティメイトウォッシュ PM,1,3582,2026-06,2026-07-17 08:07:29
2026-06-14,PLAZA,プラザイオンモール浜松市野店,YOU TOKYO,YOU TOKYO ヘアミルク RR,1,2680,2026-06,2026-07-17 08:07:29
2026-06-14,PLAZA,イーアス高尾店,ラフドット,ラフドット インティメイトウォッシュ PM,1,3582,2026-06,2026-07-17 08:07:29
2026-06-14,PLAZA,プラザシャミネ松江店,ラフドット,ラフドット インティメイトウォッシュ SB,1,3582,2026-06,2026-07-17 08:07:29
2026-06-14,PLAZA,プラザイオンモール津南店,ラフドット,ラフドット インティメイトウォッシュ PM,1,3582,2026-06,2026-07-17 08:07:29
2026-06-14,PLAZA,プラザイオンモール須坂店,ラフドット,ラフドット インティメイトウォッシュ SB,1,3582,2026-06,2026-07-17 08:07:29
2026-06-14,PLAZA,プラザイオンモール須坂店,YOU TOKYO,YOU TOKYO ヘアミルク RR,1,2680,2026-06,2026-07-17 08:07:29
2026-06-13,PLAZA,梅田ヘップファイブ店,YOU TOKYO,YOU TOKYO ヘアミルク RR,1,2680,2026-06,2026-07-17 08:07:29
2026-06-13,PLAZA,玉川高島屋SC店,YOU TOKYO,YOU TOKYO ヘアミルク CW,3,8040,2026-06,2026-07-17 08:07:29
2026-06-13,PLAZA,玉川高島屋SC店,YOU TOKYO,YOU TOKYO ヘアミルク RR,1,2680,2026-06,2026-07-17 08:07:29
2026-06-13,PLAZA,ルミネ横浜店,YOU TOKYO,YOU TOKYO ヘアミルク RR,1,2680,2026-06,2026-07-17 08:07:29
2026-06-13,PLAZA,アトレ大井町店,YOU TOKYO,YOU TOKYO ヘアミルク RR,1,2680,2026-06,2026-07-17 08:07:29
2026-06-13,PLAZA,アトレ大井町店,YOU TOKYO,YOU TOKYO ヘアオイル RR,1,2280,2026-06,2026-07-17 08:07:29
2026-06-13,PLAZA,ルミネ大宮店,YOU TOKYO,YOU TOKYO ヘアミルク CW,1,2680,2026-06,2026-07-17 08:07:29
2026-06-13,PLAZA,ルミネ大宮店,YOU TOKYO,YOU TOKYO ヘアミルク RR,1,2680,2026-06,2026-07-17 08:07:29
2026-06-13,PLAZA,ルミネ新宿店,ラフドット,ラフドット インティメイトウォッシュ PM,1,3582,2026-06,2026-07-17 08:07:29
2026-06-13,PLAZA,ルミネ新宿店,YOU TOKYO,YOU TOKYO ヘアミルク CW,5,13400,2026-06,2026-07-17 08:07:29
2026-06-13,PLAZA,ルミネ新宿店,YOU TOKYO,YOU TOKYO ヘアミルク RR,1,2680,2026-06,2026-07-17 08:07:29
2026-06-13,PLAZA,横浜ジョイナス店,ラフドット,ラフドット インティメイトウォッシュ LV,1,3582,2026-06,2026-07-17 08:07:29
2026-06-13,PLAZA,京都ポルタ店,ラフドット,ラフドット インティメイトウォッシュ SB,1,3582,2026-06,2026-07-17 08:07:29
2026-06-13,PLAZA,京都ポルタ店,YOU TOKYO,YOU TOKYO ヘアミルク CW,2,5360,2026-06,2026-07-17 08:07:29
2026-06-13,PLAZA,京都ポルタ店,YOU TOKYO,YOU TOKYO ヘアオイル BS,2,4560,2026-06,2026-07-17 08:07:29
2026-06-13,PLAZA,イオンモール羽生店,ラフドット,ラフドット インティメイトウォッシュ SB,1,3582,2026-06,2026-07-17 08:07:29
2026-06-13,PLAZA,イオンモール羽生店,YOU TOKYO,YOU TOKYO ヘアミルク RR,2,5360,2026-06,2026-07-17 08:07:29
2026-06-13,PLAZA,五反田東急スクエア店,ラフドット,ラフドット インティメイトウォッシュ SB,2,7164,2026-06,2026-07-17 08:07:29
2026-06-13,PLAZA,柏高島屋ステーションモール店,YOU TOKYO,YOU TOKYO ヘアミルク RR,1,2680,2026-06,2026-07-17 08:07:29
2026-06-13,PLAZA,柏高島屋ステーションモール店,YOU TOKYO,YOU TOKYO ヘアオイル RR,1,2280,2026-06,2026-07-17 08:07:29
2026-06-13,PLAZA,大船ルミネウイング店,YOU TOKYO,YOU TOKYO ヘアミルク CW,1,2680,2026-06,2026-07-17 08:07:29
2026-06-13,PLAZA,大船ルミネウイング店,YOU TOKYO,YOU TOKYO ヘアミルク RR,1,2680,2026-06,2026-07-17 08:07:29
2026-06-13,PLAZA,大船ルミネウイング店,YOU TOKYO,YOU TOKYO ヘアオイル BS,1,2280,2026-06,2026-07-17 08:07:29
2026-06-13,PLAZA,大船ルミネウイング店,YOU TOKYO,YOU TOKYO ヘアオイル RR,1,2280,2026-06,2026-07-17 08:07:29
2026-06-13,PLAZA,浜松メイワン店,ラフドット,ラフドット インティメイトウォッシュ PM,1,3582,2026-06,2026-07-17 08:07:29
2026-06-13,PLAZA,浜松メイワン店,YOU TOKYO,YOU TOKYO ヘアミルク RR,1,2680,2026-06,2026-07-17 08:07:29
2026-06-13,PLAZA,天王寺ミオ店,YOU TOKYO,YOU TOKYO ヘアミルク CW,2,5360,2026-06,2026-07-17 08:07:29
2026-06-13,PLAZA,天王寺ミオ店,YOU TOKYO,YOU TOKYO ヘアミルク RR,3,8040,2026-06,2026-07-17 08:07:29
2026-06-13,PLAZA,アトレ川越店,YOU TOKYO,YOU TOKYO ヘアミルク RR,1,2680,2026-06,2026-07-17 08:07:29
2026-06-13,PLAZA,ルミネ立川店,ラフドット,ラフドット インティメイトウォッシュ SB,1,3582,2026-06,2026-07-17 08:07:29
2026-06-13,PLAZA,ウイング上大岡店,YOU TOKYO,YOU TOKYO ヘアミルク RR,3,8040,2026-06,2026-07-17 08:07:29
2026-06-13,PLAZA,アトレ川崎店,YOU TOKYO,YOU TOKYO ヘアミルク CW,1,2680,2026-06,2026-07-17 08:07:29
2026-06-13,PLAZA,なんばシティ店,YOU TOKYO,YOU TOKYO ヘアミルク CW,2,5360,2026-06,2026-07-17 08:07:29
2026-06-13,PLAZA,ルミネ町田店,YOU TOKYO,YOU TOKYO ヘアミルク CW,1,2680,2026-06,2026-07-17 08:07:29
2026-06-13,PLAZA,ルミネ町田店,YOU TOKYO,YOU TOKYO ヘアミルク RR,2,5360,2026-06,2026-07-17 08:07:29
2026-06-13,PLAZA,ららぽーとTOKYO-BAY店,ラフドット,ラフドット インティメイトウォッシュ PM,1,3582,2026-06,2026-07-17 08:07:29
2026-06-13,PLAZA,ららぽーとTOKYO-BAY店,YOU TOKYO,YOU TOKYO ヘアミルク RR,6,16080,2026-06,2026-07-17 08:07:29
2026-06-13,PLAZA,エスパル仙台店,ラフドット,ラフドット インティメイトウォッシュ SB,1,3582,2026-06,2026-07-17 08:07:29
2026-06-13,PLAZA,エスパル仙台店,YOU TOKYO,YOU TOKYO ヘアミルク RR,2,5360,2026-06,2026-07-17 08:07:29
2026-06-13,PLAZA,ルミネ北千住店,YOU TOKYO,YOU TOKYO ヘアミルク CW,1,2680,2026-06,2026-07-17 08:07:29
2026-06-13,PLAZA,ルミネ北千住店,YOU TOKYO,YOU TOKYO ヘアミルク RR,1,2680,2026-06,2026-07-17 08:07:29
2026-06-13,PLAZA,札幌ステラプレイス店,ラフドット,ラフドット インティメイトFミスト SB,1,3132,2026-06,2026-07-17 08:07:29
2026-06-13,PLAZA,札幌ステラプレイス店,ラフドット,ラフドット インティメイトウォッシュ PM,3,10746,2026-06,2026-07-17 08:07:29
2026-06-13,PLAZA,札幌ステラプレイス店,YOU TOKYO,YOU TOKYO ヘアミルク CW,1,2680,2026-06,2026-07-17 08:07:29
2026-06-13,PLAZA,札幌ステラプレイス店,YOU TOKYO,YOU TOKYO ヘアミルク RR,2,5360,2026-06,2026-07-17 08:07:29
2026-06-13,PLAZA,水戸エクセル店,ラフドット,ラフドット インティメイトウォッシュ SB,1,3582,2026-06,2026-07-17 08:07:29
2026-06-13,PLAZA,ルミネ池袋店,YOU TOKYO,YOU TOKYO ヘアミルク RR,2,5360,2026-06,2026-07-17 08:07:29
2026-06-13,PLAZA,イオンモールむさし村山店,ラフドット,ラフドット インティメイトウォッシュ SB,1,3582,2026-06,2026-07-17 08:07:29
2026-06-13,PLAZA,イオンモールむさし村山店,ラフドット,ラフドット インティメイトウォッシュ PM,2,7164,2026-06,2026-07-17 08:07:29
2026-06-13,PLAZA,イオンモールむさし村山店,YOU TOKYO,YOU TOKYO ヘアミルク CW,1,2680,2026-06,2026-07-17 08:07:29
2026-06-13,PLAZA,イオンモールむさし村山店,YOU TOKYO,YOU TOKYO ヘアミルク RR,3,8040,2026-06,2026-07-17 08:07:29
2026-06-13,PLAZA,イオンモールむさし村山店,YOU TOKYO,YOU TOKYO ヘアオイル RR,1,2280,2026-06,2026-07-17 08:07:29
2026-06-13,PLAZA,三井アウトレットパーク入間店,ラフドット,ラフドット インティメイトウォッシュ MV,1,3582,2026-06,2026-07-17 08:07:29
2026-06-13,PLAZA,越谷イオンレイクタウン店,YOU TOKYO,YOU TOKYO ヘアミルク CW,1,2680,2026-06,2026-07-17 08:07:29
2026-06-13,PLAZA,越谷イオンレイクタウン店,YOU TOKYO,YOU TOKYO ヘアオイル BS,1,2280,2026-06,2026-07-17 08:07:29
2026-06-13,PLAZA,たまプラーザテラス店,YOU TOKYO,YOU TOKYO ヘアミルク CW,1,2680,2026-06,2026-07-17 08:07:29
2026-06-13,PLAZA,ルクア大阪店,ラフドット,ラフドット インティメイトウォッシュ SB,1,3582,2026-06,2026-07-17 08:07:29
2026-06-13,PLAZA,ルクア大阪店,YOU TOKYO,YOU TOKYO ヘアミルク RR,1,2680,2026-06,2026-07-17 08:07:29
2026-06-13,PLAZA,三井アウトレットパーク木更津店,YOU TOKYO,YOU TOKYO ヘアミルク CW,1,2680,2026-06,2026-07-17 08:07:29
2026-06-13,PLAZA,上野マルイ店,ラフドット,ラフドット インティメイトウォッシュ SB,2,7164,2026-06,2026-07-17 08:07:29
2026-06-13,PLAZA,ららテラス武蔵小杉店,ラフドット,ラフドット インティメイトウォッシュ PM,1,3582,2026-06,2026-07-17 08:07:29
2026-06-13,PLAZA,軽井沢プリンスショッピングP店,YOU TOKYO,YOU TOKYO ヘアミルク CW,1,2680,2026-06,2026-07-17 08:07:29
2026-06-13,PLAZA,ららぽーと富士見店,ラフドット,ラフドット インティメイトウォッシュ SB,1,3582,2026-06,2026-07-17 08:07:29
2026-06-13,PLAZA,ラスカ茅ケ崎店,YOU TOKYO,YOU TOKYO ヘアミルク CW,1,2680,2026-06,2026-07-17 08:07:29
2026-06-13,PLAZA,ラスカ茅ケ崎店,YOU TOKYO,YOU TOKYO ヘアミルク RR,1,2680,2026-06,2026-07-17 08:07:29
2026-06-13,PLAZA,静岡パルシェ店,ラフドット,ラフドット インティメイトウォッシュ PM,1,3582,2026-06,2026-07-17 08:07:29
2026-06-13,PLAZA,ペリエ千葉店,ラフドット,ラフドット インティメイトウォッシュ PM,2,7164,2026-06,2026-07-17 08:07:29
2026-06-13,PLAZA,ペリエ千葉店,YOU TOKYO,YOU TOKYO ヘアミルク CW,1,2680,2026-06,2026-07-17 08:07:29
2026-06-13,PLAZA,心斎橋パルコ店,ラフドット,ラフドット インティメイトウォッシュ PM,1,3582,2026-06,2026-07-17 08:07:29
2026-06-13,PLAZA,アミュプラザくまもと店,ラフドット,ラフドット インティメイトウォッシュ SB,1,3582,2026-06,2026-07-17 08:07:29
2026-06-13,PLAZA,船橋東武店,YOU TOKYO,YOU TOKYO ヘアオイル BS,1,2280,2026-06,2026-07-17 08:07:29
2026-06-13,PLAZA,池袋サンシャインシティアルパ店,YOU TOKYO,YOU TOKYO ヘアオイル RR,1,2280,2026-06,2026-07-17 08:07:29
2026-06-13,PLAZA,ららぽーと和泉店,YOU TOKYO,YOU TOKYO ヘアミルク CW,1,2680,2026-06,2026-07-17 08:07:29
2026-06-13,PLAZA,プラザイオンモール太田店,ラフドット,ラフドット インティメイトウォッシュ SB,1,3582,2026-06,2026-07-17 08:07:29
2026-06-13,PLAZA,プラザ高崎オーパ店,ラフドット,ラフドット インティメイトウォッシュ SB,1,3582,2026-06,2026-07-17 08:07:29
2026-06-13,PLAZA,プラザミナモア広島店,YOU TOKYO,YOU TOKYO ヘアミルク RR,1,2680,2026-06,2026-07-17 08:07:29
2026-06-13,PLAZA,プラザイオンモール高知店,ラフドット,ラフドット インティメイトウォッシュ SB,2,7164,2026-06,2026-07-17 08:07:29
2026-06-13,PLAZA,プラザイオンモール高知店,ラフドット,ラフドット インティメイトウォッシュ LV,1,3582,2026-06,2026-07-17 08:07:29
2026-06-13,PLAZA,プラザイオンモール高岡店,ラフドット,ラフドット インティメイトウォッシュ SB,1,3582,2026-06,2026-07-17 08:07:29
2026-06-13,PLAZA,プラザイオンモール福岡店,ラフドット,ラフドット インティメイトFミスト SB,1,3132,2026-06,2026-07-17 08:07:29
2026-06-13,PLAZA,プラザイオンモール豊川店,ラフドット,ラフドット インティメイトウォッシュ PM,1,3582,2026-06,2026-07-17 08:07:29
2026-06-13,PLAZA,CoCoLo新潟店,ラフドット,ラフドット インティメイトウォッシュ PM,1,3582,2026-06,2026-07-17 08:07:29
2026-06-13,PLAZA,プラザイオンモール浜松市野店,ラフドット,ラフドット インティメイトウォッシュ SB,3,10746,2026-06,2026-07-17 08:07:29
2026-06-13,PLAZA,プラザイオンモール浜松市野店,ラフドット,ラフドット インティメイトウォッシュ PM,1,3582,2026-06,2026-07-17 08:07:29
2026-06-13,PLAZA,プラザイオンモール浜松市野店,YOU TOKYO,YOU TOKYO ヘアミルク RR,1,2680,2026-06,2026-07-17 08:07:29
2026-06-13,PLAZA,ファッションクルーズひたちなか,ラフドット,ラフドット インティメイトウォッシュ SB,1,3582,2026-06,2026-07-17 08:07:29
2026-06-13,PLAZA,プラザイオンモール津南店,ラフドット,ラフドット インティメイトウォッシュ SB,1,3582,2026-06,2026-07-17 08:07:29
2026-06-13,PLAZA,プラザイオンモール津南店,YOU TOKYO,YOU TOKYO ヘアミルク RR,1,2680,2026-06,2026-07-17 08:07:29
2026-06-13,PLAZA,プラザイオンモール盛岡南店,ラフドット,ラフドット インティメイトウォッシュ SB,1,3582,2026-06,2026-07-17 08:07:29
2026-06-13,PLAZA,プラザイオンモール須坂店,YOU TOKYO,YOU TOKYO ヘアミルク RR,1,2680,2026-06,2026-07-17 08:07:29
2026-06-13,PLAZA,プラザイオンモール八幡東店,ラフドット,ラフドット インティメイトウォッシュ SB,1,3582,2026-06,2026-07-17 08:07:29
2026-06-12,PLAZA,ルミネ横浜店,YOU TOKYO,YOU TOKYO ヘアオイル RR,1,2280,2026-06,2026-07-17 08:07:29
2026-06-12,PLAZA,アトレ大井町店,YOU TOKYO,YOU TOKYO ヘアミルク RR,1,2680,2026-06,2026-07-17 08:07:29
2026-06-12,PLAZA,ルミネ大宮店,ラフドット,ラフドット インティメイトウォッシュ PM,2,7164,2026-06,2026-07-17 08:07:29
2026-06-12,PLAZA,ルミネ大宮店,YOU TOKYO,YOU TOKYO ヘアミルク CW,1,2680,2026-06,2026-07-17 08:07:29
2026-06-12,PLAZA,ルミネ大宮店,YOU TOKYO,YOU TOKYO ヘアミルク RR,1,2680,2026-06,2026-07-17 08:07:29
2026-06-12,PLAZA,ルミネ大宮店,YOU TOKYO,YOU TOKYO ヘアオイル RR,1,2280,2026-06,2026-07-17 08:07:29
2026-06-12,PLAZA,ルミネ新宿店,ラフドット,ラフドット インティメイトウォッシュ SB,1,3582,2026-06,2026-07-17 08:07:29
2026-06-12,PLAZA,ルミネ新宿店,ラフドット,ラフドット インティメイトFミスト SB,1,3132,2026-06,2026-07-17 08:07:29
2026-06-12,PLAZA,ルミネ新宿店,YOU TOKYO,YOU TOKYO ヘアミルク RR,1,2680,2026-06,2026-07-17 08:07:29
2026-06-12,PLAZA,ルミネ新宿店,YOU TOKYO,YOU TOKYO ヘアオイル RR,1,2280,2026-06,2026-07-17 08:07:29
2026-06-12,PLAZA,アミュプラザ小倉店,YOU TOKYO,YOU TOKYO ヘアミルク CW,1,2680,2026-06,2026-07-17 08:07:29
2026-06-12,PLAZA,横浜ジョイナス店,YOU TOKYO,YOU TOKYO ヘアミルク RR,2,5360,2026-06,2026-07-17 08:07:29
2026-06-12,PLAZA,京都ポルタ店,YOU TOKYO,YOU TOKYO ヘアミルク CW,1,2680,2026-06,2026-07-17 08:07:29
2026-06-12,PLAZA,新越谷ヴァリエ店,ラフドット,ラフドット インティメイトウォッシュ SB,1,3582,2026-06,2026-07-17 08:07:29
2026-06-12,PLAZA,新越谷ヴァリエ店,ラフドット,ラフドット インティメイトウォッシュ MV,1,3582,2026-06,2026-07-17 08:07:29
2026-06-12,PLAZA,東急プラザ戸塚店,YOU TOKYO,YOU TOKYO ヘアミルク CW,1,2680,2026-06,2026-07-17 08:07:29
2026-06-12,PLAZA,柏高島屋ステーションモール店,YOU TOKYO,YOU TOKYO ヘアミルク RR,1,2680,2026-06,2026-07-17 08:07:29
2026-06-12,PLAZA,大船ルミネウイング店,YOU TOKYO,YOU TOKYO ヘアミルク CW,1,2680,2026-06,2026-07-17 08:07:29
2026-06-12,PLAZA,大船ルミネウイング店,YOU TOKYO,YOU TOKYO ヘアオイル BS,1,2280,2026-06,2026-07-17 08:07:29
2026-06-12,PLAZA,ルミネエスト新宿店,ラフドット,ラフドット インティメイトウォッシュ SB,1,3582,2026-06,2026-07-17 08:07:29
2026-06-12,PLAZA,天王寺ミオ店,YOU TOKYO,YOU TOKYO ヘアミルク CW,1,2680,2026-06,2026-07-17 08:07:29
2026-06-12,PLAZA,天王寺ミオ店,YOU TOKYO,YOU TOKYO ヘアオイル RR,1,2280,2026-06,2026-07-17 08:07:29
2026-06-12,PLAZA,アトレ川越店,YOU TOKYO,YOU TOKYO ヘアミルク CW,1,2680,2026-06,2026-07-17 08:07:29
2026-06-12,PLAZA,アトレ恵比寿店,YOU TOKYO,YOU TOKYO ヘアミルク CW,1,2680,2026-06,2026-07-17 08:07:29
2026-06-12,PLAZA,アトレ恵比寿店,YOU TOKYO,YOU TOKYO ヘアミルク RR,1,2680,2026-06,2026-07-17 08:07:29
2026-06-12,PLAZA,アトレ川崎店,ラフドット,ラフドット インティメイトウォッシュ SB,1,3582,2026-06,2026-07-17 08:07:29
2026-06-12,PLAZA,アトレ川崎店,YOU TOKYO,YOU TOKYO ヘアミルク CW,1,2680,2026-06,2026-07-17 08:07:29
2026-06-12,PLAZA,なんばシティ店,ラフドット,ラフドット インティメイトウォッシュ LV,1,3582,2026-06,2026-07-17 08:07:29
2026-06-12,PLAZA,なんばシティ店,YOU TOKYO,YOU TOKYO ヘアミルク CW,1,2680,2026-06,2026-07-17 08:07:29
2026-06-12,PLAZA,ルミネ町田店,YOU TOKYO,YOU TOKYO ヘアミルク CW,1,2680,2026-06,2026-07-17 08:07:29
2026-06-12,PLAZA,京橋京阪モール店,ラフドット,ラフドット インティメイトウォッシュ SB,1,3582,2026-06,2026-07-17 08:07:29
2026-06-12,PLAZA,京橋京阪モール店,ラフドット,ラフドット インティメイトウォッシュ PM,1,3582,2026-06,2026-07-17 08:07:29
2026-06-12,PLAZA,京橋京阪モール店,YOU TOKYO,YOU TOKYO ヘアミルク RR,1,2680,2026-06,2026-07-17 08:07:29
2026-06-12,PLAZA,ルミネ北千住店,YOU TOKYO,YOU TOKYO ヘアミルク CW,1,2680,2026-06,2026-07-17 08:07:29
2026-06-12,PLAZA,札幌ステラプレイス店,YOU TOKYO,YOU TOKYO ヘアミルク CW,2,5360,2026-06,2026-07-17 08:07:29
2026-06-12,PLAZA,ルミネ池袋店,ラフドット,ラフドット インティメイトウォッシュ SB,1,3582,2026-06,2026-07-17 08:07:29
2026-06-12,PLAZA,ルミネ池袋店,YOU TOKYO,YOU TOKYO ヘアミルク RR,1,2680,2026-06,2026-07-17 08:07:29
2026-06-12,PLAZA,イオンモールむさし村山店,YOU TOKYO,YOU TOKYO ヘアミルク CW,1,2680,2026-06,2026-07-17 08:07:29
2026-06-12,PLAZA,越谷イオンレイクタウン店,ラフドット,ラフドット インティメイトウォッシュ SB,1,3582,2026-06,2026-07-17 08:07:29
2026-06-12,PLAZA,越谷イオンレイクタウン店,YOU TOKYO,YOU TOKYO ヘアミルク RR,1,2680,2026-06,2026-07-17 08:07:29
2026-06-12,PLAZA,たまプラーザテラス店,YOU TOKYO,YOU TOKYO ヘアオイル RR,1,2280,2026-06,2026-07-17 08:07:29
2026-06-12,PLAZA,ルクア大阪店,ラフドット,ラフドット インティメイトウォッシュ MV,2,7164,2026-06,2026-07-17 08:07:29
2026-06-12,PLAZA,ルクア大阪店,ラフドット,ラフドット インティメイトミスト MV,1,3132,2026-06,2026-07-17 08:07:29
2026-06-12,PLAZA,ルクア大阪店,YOU TOKYO,YOU TOKYO ヘアミルク CW,1,2680,2026-06,2026-07-17 08:07:29
2026-06-12,PLAZA,ルクア大阪店,YOU TOKYO,YOU TOKYO ヘアミルク RR,1,2680,2026-06,2026-07-17 08:07:29
2026-06-12,PLAZA,ルクア大阪店,YOU TOKYO,YOU TOKYO ヘアオイル BS,1,2280,2026-06,2026-07-17 08:07:29
2026-06-12,PLAZA,三井アウトレットパーク木更津店,ラフドット,ラフドット インティメイトウォッシュ SB,1,3582,2026-06,2026-07-17 08:07:29
2026-06-12,PLAZA,三井アウトレットパーク木更津店,YOU TOKYO,YOU TOKYO ヘアミルク CW,1,2680,2026-06,2026-07-17 08:07:29
2026-06-12,PLAZA,ららテラス武蔵小杉店,ラフドット,ラフドット インティメイトウォッシュ SB,1,3582,2026-06,2026-07-17 08:07:29
2026-06-12,PLAZA,ららテラス武蔵小杉店,ラフドット,ラフドット インティメイトウォッシュ MV,1,3582,2026-06,2026-07-17 08:07:29
2026-06-12,PLAZA,軽井沢プリンスショッピングP店,YOU TOKYO,YOU TOKYO ヘアオイル BS,1,2280,2026-06,2026-07-17 08:07:29
2026-06-12,PLAZA,金沢フォーラス店,ラフドット,ラフドット インティメイトウォッシュ MV,2,7164,2026-06,2026-07-17 08:07:29
2026-06-12,PLAZA,金沢フォーラス店,ラフドット,ラフドット インティメイトミスト MV,1,3132,2026-06,2026-07-17 08:07:29
2026-06-12,PLAZA,静岡パルシェ店,ラフドット,ラフドット インティメイトウォッシュ SB,1,3582,2026-06,2026-07-17 08:07:29
2026-06-12,PLAZA,静岡パルシェ店,ラフドット,ラフドット インティメイトウォッシュ PM,1,3582,2026-06,2026-07-17 08:07:29
2026-06-12,PLAZA,京都四条店,ラフドット,ラフドット インティメイトウォッシュ PM,1,3582,2026-06,2026-07-17 08:07:29
2026-06-12,PLAZA,名古屋ユニモール店,ラフドット,ラフドット インティメイトウォッシュ PM,1,3582,2026-06,2026-07-17 08:07:29
2026-06-12,PLAZA,アトレ松戸店,ラフドット,ラフドット インティメイトミスト MV,1,3132,2026-06,2026-07-17 08:07:29
2026-06-12,PLAZA,アトレ松戸店,YOU TOKYO,YOU TOKYO ヘアミルク RR,1,2680,2026-06,2026-07-17 08:07:29
2026-06-12,PLAZA,池袋サンシャインシティアルパ店,YOU TOKYO,YOU TOKYO ヘアミルク RR,1,2680,2026-06,2026-07-17 08:07:29
2026-06-12,PLAZA,三井アウトレットパーク岡崎店,ラフドット,ラフドット インティメイトウォッシュ SB,1,3582,2026-06,2026-07-17 08:07:29
2026-06-12,PLAZA,プラザイオンモール浦和美園店,ラフドット,ラフドット インティメイトウォッシュ SB,1,3582,2026-06,2026-07-17 08:07:29
2026-06-12,PLAZA,プラザミナモア広島店,ラフドット,ラフドット インティメイトウォッシュ SB,1,3582,2026-06,2026-07-17 08:07:29
2026-06-12,PLAZA,プラザイオンモール高知店,ラフドット,ラフドット インティメイトウォッシュ PM,1,3582,2026-06,2026-07-17 08:07:29
2026-06-12,PLAZA,プラザイオンモール浜松志都呂店,ラフドット,ラフドット インティメイトウォッシュ SB,1,3582,2026-06,2026-07-17 08:07:29
2026-06-12,PLAZA,プラザイオンモール浜松志都呂店,ラフドット,ラフドット インティメイトウォッシュ MV,1,3582,2026-06,2026-07-17 08:07:29
2026-06-12,PLAZA,プラザイオンモール広島府中店,ラフドット,ラフドット インティメイトウォッシュ SB,1,3582,2026-06,2026-07-17 08:07:29
2026-06-12,PLAZA,イオンモール各務原インター店,ラフドット,ラフドット インティメイトFミスト PM,1,3132,2026-06,2026-07-17 08:07:29
2026-06-12,PLAZA,CoCoLo新潟店,ラフドット,ラフドット インティメイトFミスト PM,1,3132,2026-06,2026-07-17 08:07:29
2026-06-12,PLAZA,プラザシャミネ鳥取店,ラフドット,ラフドット インティメイトウォッシュ SB,1,3582,2026-06,2026-07-17 08:07:29
2026-06-12,PLAZA,プラザ鶴岡エスモール店,ラフドット,ラフドット インティメイトウォッシュ PM,1,3582,2026-06,2026-07-17 08:07:29
2026-06-12,PLAZA,オンラインストア,YOU TOKYO,YOU TOKYO ヘアミルク CW,3,8040,2026-06,2026-07-17 08:07:29
2026-06-11,PLAZA,三宮店,ラフドット,ラフドット インティメイトウォッシュ SB,1,3582,2026-06,2026-07-17 08:07:29
2026-06-11,PLAZA,三宮店,ラフドット,ラフドット インティメイトウォッシュ PM,1,3582,2026-06,2026-07-17 08:07:29
2026-06-11,PLAZA,玉川高島屋SC店,YOU TOKYO,YOU TOKYO ヘアオイル BS,1,2280,2026-06,2026-07-17 08:07:29
2026-06-11,PLAZA,アトレ大井町店,YOU TOKYO,YOU TOKYO ヘアミルク RR,1,2680,2026-06,2026-07-17 08:07:29
2026-06-11,PLAZA,ルミネ大宮店,ラフドット,ラフドット インティメイトウォッシュ MV,1,3582,2026-06,2026-07-17 08:07:29
2026-06-11,PLAZA,ルミネ大宮店,YOU TOKYO,YOU TOKYO ヘアミルク CW,2,5360,2026-06,2026-07-17 08:07:29
2026-06-11,PLAZA,ルミネ大宮店,YOU TOKYO,YOU TOKYO ヘアミルク RR,1,2680,2026-06,2026-07-17 08:07:29
2026-06-11,PLAZA,ルミネ大宮店,YOU TOKYO,YOU TOKYO ヘアオイル RR,1,2280,2026-06,2026-07-17 08:07:29
2026-06-11,PLAZA,ルミネ新宿店,ラフドット,ラフドット インティメイトウォッシュ SB,1,3582,2026-06,2026-07-17 08:07:29
2026-06-11,PLAZA,ルミネ新宿店,ラフドット,ラフドット インティメイトウォッシュ PM,1,3582,2026-06,2026-07-17 08:07:29
2026-06-11,PLAZA,ルミネ新宿店,YOU TOKYO,YOU TOKYO ヘアミルク CW,1,2680,2026-06,2026-07-17 08:07:29
2026-06-11,PLAZA,アミュプラザ小倉店,YOU TOKYO,YOU TOKYO ヘアミルク RR,2,5360,2026-06,2026-07-17 08:07:29
2026-06-11,PLAZA,横浜ジョイナス店,ラフドット,ラフドット インティメイトウォッシュ PM,1,3582,2026-06,2026-07-17 08:07:29
2026-06-11,PLAZA,横浜ジョイナス店,YOU TOKYO,YOU TOKYO ヘアミルク RR,1,2680,2026-06,2026-07-17 08:07:29
2026-06-11,PLAZA,京都ポルタ店,ラフドット,ラフドット インティメイトウォッシュ PM,1,3582,2026-06,2026-07-17 08:07:29
2026-06-11,PLAZA,京都ポルタ店,YOU TOKYO,YOU TOKYO ヘアミルク CW,2,5360,2026-06,2026-07-17 08:07:29
2026-06-11,PLAZA,京都ポルタ店,YOU TOKYO,YOU TOKYO ヘアオイル RR,1,2280,2026-06,2026-07-17 08:07:29
2026-06-11,PLAZA,イオンモール羽生店,ラフドット,ラフドット インティメイトFミスト SB,1,3132,2026-06,2026-07-17 08:07:29
2026-06-11,PLAZA,イオンモール羽生店,ラフドット,ラフドット インティメイトウォッシュ PM,1,3582,2026-06,2026-07-17 08:07:29
2026-06-11,PLAZA,五反田東急スクエア店,ラフドット,ラフドット インティメイトウォッシュ MV,1,3582,2026-06,2026-07-17 08:07:29
2026-06-11,PLAZA,柏高島屋ステーションモール店,YOU TOKYO,YOU TOKYO ヘアオイル RR,1,2280,2026-06,2026-07-17 08:07:29
2026-06-11,PLAZA,大船ルミネウイング店,YOU TOKYO,YOU TOKYO ヘアミルク CW,1,2680,2026-06,2026-07-17 08:07:29
2026-06-11,PLAZA,ルミネエスト新宿店,ラフドット,ラフドット インティメイトウォッシュ MV,1,3582,2026-06,2026-07-17 08:07:29
2026-06-11,PLAZA,ルミネエスト新宿店,ラフドット,ラフドット インティメイトミスト MV,1,3132,2026-06,2026-07-17 08:07:29
2026-06-11,PLAZA,天王寺ミオ店,YOU TOKYO,YOU TOKYO ヘアミルク CW,1,2680,2026-06,2026-07-17 08:07:29
2026-06-11,PLAZA,天王寺ミオ店,YOU TOKYO,YOU TOKYO ヘアミルク RR,1,2680,2026-06,2026-07-17 08:07:29
2026-06-11,PLAZA,アトレ川越店,ラフドット,ラフドット インティメイトウォッシュ SB,1,3582,2026-06,2026-07-17 08:07:29
2026-06-11,PLAZA,アトレ恵比寿店,YOU TOKYO,YOU TOKYO ヘアミルク CW,1,2680,2026-06,2026-07-17 08:07:29
2026-06-11,PLAZA,アトレ恵比寿店,TEABLESS,TEABLESS ボディローションMR,1,1500,2026-06,2026-07-17 08:07:29
2026-06-11,PLAZA,アトレ川崎店,ラフドット,ラフドット インティメイトウォッシュ PM,1,3582,2026-06,2026-07-17 08:07:29
2026-06-11,PLAZA,アトレ川崎店,YOU TOKYO,YOU TOKYO ヘアミルク CW,1,2680,2026-06,2026-07-17 08:07:29
2026-06-11,PLAZA,なんばシティ店,YOU TOKYO,YOU TOKYO ヘアミルク CW,1,2680,2026-06,2026-07-17 08:07:29
2026-06-11,PLAZA,ルミネ町田店,ラフドット,ラフドット インティメイトウォッシュ PM,2,7164,2026-06,2026-07-17 08:07:29
2026-06-11,PLAZA,ルミネ町田店,YOU TOKYO,YOU TOKYO ヘアミルク CW,3,8040,2026-06,2026-07-17 08:07:29
2026-06-11,PLAZA,ルミネ町田店,YOU TOKYO,YOU TOKYO ヘアミルク RR,1,2680,2026-06,2026-07-17 08:07:29
2026-06-11,PLAZA,ららぽーとTOKYO-BAY店,YOU TOKYO,YOU TOKYO ヘアミルク RR,2,5360,2026-06,2026-07-17 08:07:29
2026-06-11,PLAZA,札幌ステラプレイス店,ラフドット,ラフドット インティメイトウォッシュ SB,2,7164,2026-06,2026-07-17 08:07:29
2026-06-11,PLAZA,札幌ステラプレイス店,ラフドット,ラフドット インティメイトFミスト SB,1,3132,2026-06,2026-07-17 08:07:29
2026-06-11,PLAZA,札幌ステラプレイス店,YOU TOKYO,YOU TOKYO ヘアミルク RR,1,2680,2026-06,2026-07-17 08:07:29
2026-06-11,PLAZA,ルミネ荻窪店,YOU TOKYO,YOU TOKYO ヘアミルク CW,1,2680,2026-06,2026-07-17 08:07:29
2026-06-11,PLAZA,ルミネ池袋店,ラフドット,ラフドット インティメイトウォッシュ PM,2,7164,2026-06,2026-07-17 08:07:29
2026-06-11,PLAZA,ルミネ池袋店,YOU TOKYO,YOU TOKYO ヘアオイル RR,1,2280,2026-06,2026-07-17 08:07:29
2026-06-11,PLAZA,越谷イオンレイクタウン店,ラフドット,ラフドット インティメイトウォッシュ SB,1,3582,2026-06,2026-07-17 08:07:29
2026-06-11,PLAZA,越谷イオンレイクタウン店,YOU TOKYO,YOU TOKYO ヘアミルク CW,3,8040,2026-06,2026-07-17 08:07:29
2026-06-11,PLAZA,越谷イオンレイクタウン店,YOU TOKYO,YOU TOKYO ヘアミルク RR,1,2680,2026-06,2026-07-17 08:07:29
2026-06-11,PLAZA,ルクア大阪店,YOU TOKYO,YOU TOKYO ヘアミルク CW,2,5360,2026-06,2026-07-17 08:07:29
2026-06-11,PLAZA,軽井沢プリンスショッピングP店,YOU TOKYO,YOU TOKYO ヘアオイル RR,1,2280,2026-06,2026-07-17 08:07:29
2026-06-11,PLAZA,ららぽーと富士見店,ラフドット,ラフドット インティメイトウォッシュ PM,1,3582,2026-06,2026-07-17 08:07:29
2026-06-11,PLAZA,ラスカ茅ケ崎店,YOU TOKYO,YOU TOKYO ヘアミルク CW,2,5360,2026-06,2026-07-17 08:07:29
2026-06-11,PLAZA,静岡パルシェ店,ラフドット,ラフドット インティメイトウォッシュ PM,2,7164,2026-06,2026-07-17 08:07:29
2026-06-11,PLAZA,静岡パルシェ店,ラフドット,ラフドット インティメイトウォッシュ MV,1,3582,2026-06,2026-07-17 08:07:29
2026-06-11,PLAZA,京都四条店,ラフドット,ラフドット インティメイトウォッシュ SB,1,3582,2026-06,2026-07-17 08:07:29
2026-06-11,PLAZA,ペリエ千葉店,YOU TOKYO,YOU TOKYO ヘアミルク RR,1,2680,2026-06,2026-07-17 08:07:29
2026-06-11,PLAZA,ペリエ千葉店,YOU TOKYO,YOU TOKYO ヘアオイル BS,1,2280,2026-06,2026-07-17 08:07:29
2026-06-11,PLAZA,アミュプラザくまもと店,ラフドット,ラフドット インティメイトウォッシュ LV,1,3582,2026-06,2026-07-17 08:07:29
2026-06-11,PLAZA,船橋東武店,YOU TOKYO,YOU TOKYO ヘアミルク CW,1,2680,2026-06,2026-07-17 08:07:29
2026-06-11,PLAZA,船橋東武店,YOU TOKYO,YOU TOKYO ヘアオイル BS,1,2280,2026-06,2026-07-17 08:07:29
2026-06-11,PLAZA,ルミネ有楽町店,YOU TOKYO,YOU TOKYO ヘアミルク RR,1,2680,2026-06,2026-07-17 08:07:29
2026-06-11,PLAZA,コクーンシティさいたま新都心店,ラフドット,ラフドット インティメイトウォッシュ PM,1,3582,2026-06,2026-07-17 08:07:29
2026-06-11,PLAZA,名古屋サカエチカ店,ラフドット,ラフドット インティメイトウォッシュ SB,1,3582,2026-06,2026-07-17 08:07:29
2026-06-11,PLAZA,沖縄・浦添PARCOCITY店,ラフドット,ラフドット インティメイトウォッシュ SB,1,3582,2026-06,2026-07-17 08:07:29
2026-06-11,PLAZA,沖縄・浦添PARCOCITY店,ラフドット,ラフドット インティメイトウォッシュ LV,1,3582,2026-06,2026-07-17 08:07:29
2026-06-11,PLAZA,プラザイオンモール浜松志都呂店,ラフドット,ラフドット インティメイトウォッシュ PM,1,3582,2026-06,2026-07-17 08:07:29
2026-06-11,PLAZA,プラザイオンモール川口前川店,ラフドット,ラフドット インティメイトウォッシュ SB,1,3582,2026-06,2026-07-17 08:07:29
2026-06-11,PLAZA,プラザイオンモール福岡店,ラフドット,ラフドット インティメイトウォッシュ SB,1,3582,2026-06,2026-07-17 08:07:29
2026-06-11,PLAZA,イオンモール沖縄ライカム店,ラフドット,ラフドット インティメイトウォッシュ MV,1,3582,2026-06,2026-07-17 08:07:29
2026-06-11,PLAZA,プラザイオンモール豊川店,ラフドット,ラフドット インティメイトウォッシュ SB,2,7164,2026-06,2026-07-17 08:07:29
2026-06-11,PLAZA,プラザイオンモール豊川店,ラフドット,ラフドット インティメイトウォッシュ PM,1,3582,2026-06,2026-07-17 08:07:29
2026-06-11,PLAZA,CoCoLo新潟店,ラフドット,ラフドット インティメイトウォッシュ PM,1,3582,2026-06,2026-07-17 08:07:29
2026-06-11,PLAZA,プラザイオンモール浜松市野店,ラフドット,ラフドット インティメイトウォッシュ PM,2,7164,2026-06,2026-07-17 08:07:29
2026-06-11,PLAZA,プラザイオンモール浜松市野店,YOU TOKYO,YOU TOKYO ヘアミルク RR,1,2680,2026-06,2026-07-17 08:07:29
2026-06-11,PLAZA,プラザ鶴岡エスモール店,ラフドット,ラフドット インティメイトウォッシュ PM,1,3582,2026-06,2026-07-17 08:07:29
2026-06-11,PLAZA,プラザ鶴岡エスモール店,ラフドット,ラフドット インティメイトウォッシュ MV,1,3582,2026-06,2026-07-17 08:07:29
2026-06-11,PLAZA,プラザイオンモール盛岡南店,ラフドット,ラフドット インティメイトFミスト PM,1,3132,2026-06,2026-07-17 08:07:29
2026-06-11,PLAZA,プラザイオンモール須坂店,YOU TOKYO,YOU TOKYO ヘアミルク RR,2,5360,2026-06,2026-07-17 08:07:29
2026-06-11,PLAZA,プラザイオンモール須坂店,YOU TOKYO,YOU TOKYO ヘアオイル RR,1,2280,2026-06,2026-07-17 08:07:29
2026-06-11,PLAZA,オンラインストア,YOU TOKYO,YOU TOKYO ヘアミルク CW,1,2680,2026-06,2026-07-17 08:07:29
2026-06-11,PLAZA,オンラインストア,YOU TOKYO,YOU TOKYO ヘアミルク RR,1,2680,2026-06,2026-07-17 08:07:29
2026-06-11,PLAZA,オンラインストア,YOU TOKYO,YOU TOKYO ヘアオイル RR,2,4560,2026-06,2026-07-17 08:07:29
2026-06-10,PLAZA,梅田ヘップファイブ店,ラフドット,ラフドット インティメイトウォッシュ SB,1,3582,2026-06,2026-07-17 08:07:29
2026-06-10,PLAZA,梅田ヘップファイブ店,ラフドット,ラフドット インティメイトミスト MV,1,3132,2026-06,2026-07-17 08:07:29
2026-06-10,PLAZA,玉川高島屋SC店,YOU TOKYO,YOU TOKYO ヘアミルク CW,3,8040,2026-06,2026-07-17 08:07:29
2026-06-10,PLAZA,ルミネ横浜店,ラフドット,ラフドット インティメイトウォッシュ PM,1,3582,2026-06,2026-07-17 08:07:29
2026-06-10,PLAZA,ルミネ横浜店,YOU TOKYO,YOU TOKYO ヘアミルク CW,1,2680,2026-06,2026-07-17 08:07:29
2026-06-10,PLAZA,アトレ大井町店,YOU TOKYO,YOU TOKYO ヘアミルク RR,1,2680,2026-06,2026-07-17 08:07:29
2026-06-10,PLAZA,ルミネ大宮店,YOU TOKYO,YOU TOKYO ヘアミルク CW,1,2680,2026-06,2026-07-17 08:07:29
2026-06-10,PLAZA,ルミネ大宮店,YOU TOKYO,YOU TOKYO ヘアミルク RR,2,5360,2026-06,2026-07-17 08:07:29
2026-06-10,PLAZA,ルミネ新宿店,ラフドット,ラフドット インティメイトウォッシュ SB,1,3582,2026-06,2026-07-17 08:07:29
2026-06-10,PLAZA,ルミネ新宿店,ラフドット,ラフドット インティメイトウォッシュ PM,1,3582,2026-06,2026-07-17 08:07:29
2026-06-10,PLAZA,ルミネ新宿店,ラフドット,ラフドット インティメイトウォッシュ MV,1,3582,2026-06,2026-07-17 08:07:29
2026-06-10,PLAZA,ルミネ新宿店,YOU TOKYO,YOU TOKYO ヘアミルク RR,1,2680,2026-06,2026-07-17 08:07:29
2026-06-10,PLAZA,アミュプラザ小倉店,ラフドット,ラフドット ヤクヨウホワイトセラム,1,3237,2026-06,2026-07-17 08:07:29
2026-06-10,PLAZA,アミュプラザ小倉店,YOU TOKYO,YOU TOKYO ヘアミルク CW,1,2680,2026-06,2026-07-17 08:07:29
2026-06-10,PLAZA,アミュプラザ小倉店,YOU TOKYO,YOU TOKYO ヘアオイル RR,1,2280,2026-06,2026-07-17 08:07:29
2026-06-10,PLAZA,横浜ジョイナス店,ラフドット,ラフドット インティメイトウォッシュ SB,1,3582,2026-06,2026-07-17 08:07:29
2026-06-10,PLAZA,京都ポルタ店,YOU TOKYO,YOU TOKYO ヘアミルク CW,1,2680,2026-06,2026-07-17 08:07:29
2026-06-10,PLAZA,京都ポルタ店,YOU TOKYO,YOU TOKYO ヘアオイル BS,1,2280,2026-06,2026-07-17 08:07:29
2026-06-10,PLAZA,五反田東急スクエア店,ラフドット,ラフドット インティメイトウォッシュ SB,1,3582,2026-06,2026-07-17 08:07:29
2026-06-10,PLAZA,五反田東急スクエア店,ラフドット,ラフドット インティメイトウォッシュ MV,1,3582,2026-06,2026-07-17 08:07:29
2026-06-10,PLAZA,新越谷ヴァリエ店,ラフドット,ラフドット インティメイトウォッシュ SB,1,3582,2026-06,2026-07-17 08:07:29
2026-06-10,PLAZA,新越谷ヴァリエ店,ラフドット,ラフドット インティメイトウォッシュ PM,1,3582,2026-06,2026-07-17 08:07:29
2026-06-10,PLAZA,新越谷ヴァリエ店,ラフドット,ラフドット インティメイトウォッシュ MV,1,3582,2026-06,2026-07-17 08:07:29
2026-06-10,PLAZA,福岡ソラリアプラザ店,ラフドット,ラフドット インティメイトウォッシュ SB,1,3582,2026-06,2026-07-17 08:07:29
2026-06-10,PLAZA,福岡ソラリアプラザ店,ラフドット,ラフドット インティメイトFミスト LV,1,3132,2026-06,2026-07-17 08:07:29
2026-06-10,PLAZA,イオンモール堺北花田店,TEABLESS,TEABLESS ボディローションPG,1,1500,2026-06,2026-07-17 08:07:29
2026-06-10,PLAZA,ルミネエスト新宿店,YOU TOKYO,YOU TOKYO ヘアオイル RR,1,2280,2026-06,2026-07-17 08:07:29
2026-06-10,PLAZA,アトレ恵比寿店,ラフドット,ラフドット インティメイトウォッシュ SB,1,3582,2026-06,2026-07-17 08:07:29
2026-06-10,PLAZA,アトレ恵比寿店,ラフドット,ラフドット インティメイトウォッシュ PM,1,3582,2026-06,2026-07-17 08:07:29
2026-06-10,PLAZA,アトレ恵比寿店,ラフドット,ラフドット インティメイトウォッシュ MV,1,3582,2026-06,2026-07-17 08:07:29
2026-06-10,PLAZA,なんばシティ店,YOU TOKYO,YOU TOKYO ヘアミルク CW,1,2680,2026-06,2026-07-17 08:07:29
2026-06-10,PLAZA,ルミネ町田店,YOU TOKYO,YOU TOKYO ヘアミルク CW,1,2680,2026-06,2026-07-17 08:07:29
2026-06-10,PLAZA,ららぽーとTOKYO-BAY店,YOU TOKYO,YOU TOKYO ヘアミルク RR,2,5360,2026-06,2026-07-17 08:07:29
2026-06-10,PLAZA,京橋京阪モール店,YOU TOKYO,YOU TOKYO ヘアミルク CW,1,2680,2026-06,2026-07-17 08:07:29
2026-06-10,PLAZA,ルミネ北千住店,YOU TOKYO,YOU TOKYO ヘアミルク CW,2,5360,2026-06,2026-07-17 08:07:29
2026-06-10,PLAZA,札幌ステラプレイス店,YOU TOKYO,YOU TOKYO ヘアミルク RR,4,10720,2026-06,2026-07-17 08:07:29
2026-06-10,PLAZA,札幌ステラプレイス店,YOU TOKYO,YOU TOKYO ヘアオイル BS,1,2280,2026-06,2026-07-17 08:07:29
2026-06-10,PLAZA,ルミネ荻窪店,ラフドット,ラフドット インティメイトウォッシュ PM,1,3582,2026-06,2026-07-17 08:07:29
2026-06-10,PLAZA,ルミネ荻窪店,YOU TOKYO,YOU TOKYO ヘアミルク CW,1,2680,2026-06,2026-07-17 08:07:29
2026-06-10,PLAZA,ルミネ池袋店,ラフドット,ラフドット インティメイトウォッシュ SB,1,3582,2026-06,2026-07-17 08:07:29
2026-06-10,PLAZA,舞浜イクスピアリ店,ラフドット,ラフドット インティメイトウォッシュ SB,1,3582,2026-06,2026-07-17 08:07:29
2026-06-10,PLAZA,三井アウトレットパーク入間店,ラフドット,ラフドット インティメイトウォッシュ SB,1,3582,2026-06,2026-07-17 08:07:29
2026-06-10,PLAZA,越谷イオンレイクタウン店,ラフドット,ラフドット インティメイトウォッシュ SB,1,3582,2026-06,2026-07-17 08:07:29
2026-06-10,PLAZA,たまプラーザテラス店,ラフドット,ラフドット インティメイトウォッシュ LV,1,3582,2026-06,2026-07-17 08:07:29
2026-06-10,PLAZA,ルクア大阪店,YOU TOKYO,YOU TOKYO ヘアミルク CW,1,2680,2026-06,2026-07-17 08:07:29
2026-06-10,PLAZA,三井アウトレットパーク木更津店,ラフドット,ラフドット インティメイトウォッシュ LV,1,3582,2026-06,2026-07-17 08:07:29
2026-06-10,PLAZA,静岡パルシェ店,ラフドット,ラフドット インティメイトウォッシュ PM,1,3582,2026-06,2026-07-17 08:07:29
2026-06-10,PLAZA,ペリエ千葉店,YOU TOKYO,YOU TOKYO ヘアミルク CW,3,8040,2026-06,2026-07-17 08:07:29
2026-06-10,PLAZA,ペリエ千葉店,YOU TOKYO,YOU TOKYO ヘアオイル BS,1,2280,2026-06,2026-07-17 08:07:29
2026-06-10,PLAZA,名古屋ユニモール店,ラフドット,ラフドット インティメイトウォッシュ PM,1,3582,2026-06,2026-07-17 08:07:29
2026-06-10,PLAZA,船橋東武店,ラフドット,ラフドット インティメイトウォッシュ SB,1,3582,2026-06,2026-07-17 08:07:29
2026-06-10,PLAZA,船橋東武店,YOU TOKYO,YOU TOKYO ヘアオイル BS,1,2280,2026-06,2026-07-17 08:07:29
2026-06-10,PLAZA,錦糸町テルミナ2店,ラフドット,ラフドット インティメイトウォッシュ PM,2,7164,2026-06,2026-07-17 08:07:29
2026-06-10,PLAZA,コクーンシティさいたま新都心店,YOU TOKYO,YOU TOKYO ヘアミルク RR,1,2680,2026-06,2026-07-17 08:07:29
2026-06-10,PLAZA,名古屋サカエチカ店,ラフドット,ラフドット インティメイトウォッシュ PM,1,3582,2026-06,2026-07-17 08:07:29
2026-06-10,PLAZA,プラザイオンモール新居浜店,YOU TOKYO,YOU TOKYO ヘアミルク CW,1,2680,2026-06,2026-07-17 08:07:29
2026-06-10,PLAZA,プラザミナモア広島店,ラフドット,ラフドット インティメイトウォッシュ PM,2,7164,2026-06,2026-07-17 08:07:29
2026-06-10,PLAZA,プラザミナモア広島店,YOU TOKYO,YOU TOKYO ヘアミルク RR,2,5360,2026-06,2026-07-17 08:07:29
2026-06-10,PLAZA,プラザららぽーと磐田店,ラフドット,ラフドット インティメイトウォッシュ SB,1,3582,2026-06,2026-07-17 08:07:29
2026-06-10,PLAZA,プラザイオンモール高知店,ラフドット,ラフドット インティメイトウォッシュ SB,1,3582,2026-06,2026-07-17 08:07:29
2026-06-10,PLAZA,プラザイオンモール浜松志都呂店,ラフドット,ラフドット インティメイトウォッシュ PM,2,7164,2026-06,2026-07-17 08:07:29
2026-06-10,PLAZA,プラザイオンモール浜松志都呂店,ラフドット,ラフドット インティメイトFミスト PM,1,3132,2026-06,2026-07-17 08:07:29
2026-06-10,PLAZA,プラザイオンモール白山店,ラフドット,ラフドット インティメイトウォッシュ SB,1,3582,2026-06,2026-07-17 08:07:29
2026-06-10,PLAZA,プラザイオンモール白山店,YOU TOKYO,YOU TOKYO ヘアミルク RR,2,5360,2026-06,2026-07-17 08:07:29
2026-06-10,PLAZA,CoCoLo新潟店,ラフドット,ラフドット インティメイトウォッシュ SB,2,7164,2026-06,2026-07-17 08:07:29
2026-06-10,PLAZA,CoCoLo新潟店,ラフドット,ラフドット インティメイトウォッシュ PM,1,3582,2026-06,2026-07-17 08:07:29
2026-06-10,PLAZA,プラザシャミネ松江店,ラフドット,ラフドット インティメイトウォッシュ SB,2,7164,2026-06,2026-07-17 08:07:29
2026-06-10,PLAZA,プラザシャミネ鳥取店,ラフドット,ラフドット インティメイトウォッシュ PM,2,7164,2026-06,2026-07-17 08:07:29
2026-06-10,PLAZA,プラザイオンモール須坂店,ラフドット,ラフドット インティメイトウォッシュ SB,1,3582,2026-06,2026-07-17 08:07:29
2026-06-10,PLAZA,プラザイオンモール須坂店,ラフドット,ラフドット インティメイトFミスト SB,1,3132,2026-06,2026-07-17 08:07:29
2026-06-10,PLAZA,プラザイオンモール須坂店,ラフドット,ラフドット インティメイトミスト MV,1,3132,2026-06,2026-07-17 08:07:29
2026-06-10,PLAZA,プラザイオンモール須坂店,YOU TOKYO,YOU TOKYO ヘアミルク RR,1,2680,2026-06,2026-07-17 08:07:29
2026-06-10,PLAZA,オンラインストア,ラフドット,ラフドット インティメイトウォッシュ PM,1,3582,2026-06,2026-07-17 08:07:29
2026-06-10,PLAZA,オンラインストア,YOU TOKYO,YOU TOKYO ヘアミルク CW,1,2680,2026-06,2026-07-17 08:07:29
2026-06-10,PLAZA,オンラインストア,YOU TOKYO,YOU TOKYO ヘアミルク RR,1,2680,2026-06,2026-07-17 08:07:29
2026-06-10,PLAZA,オンラインストア,YOU TOKYO,YOU TOKYO ヘアオイル RR,1,2280,2026-06,2026-07-17 08:07:29
